month,scheme_id,hhi_nav,hhi_equity_normalized,effective_stocks
2023-08,absl:ABSLBCF,0.04609454169781646,0.0476711616102353,20.97704285404477
2023-08,absl:ABSLESG,0.038954053364585274,0.04111072564130934,24.32455239844195
2023-08,absl:ABSLMAAF,0.01298585268683197,0.030328740649553612,32.97202516764303
2023-08,absl:ABSLMCF,0.019618248594745178,0.020938880014617904,47.75804624229555
2023-08,absl:ABSLSO,0.021838496451487086,0.023539584547234874,42.481633352253326
2023-08,absl:ADVG,0.018953849590307457,0.019385246778374474,51.585621345587725
2023-08,absl:BDYP,0.022869715625919787,0.028653374998453093,34.899902718405315
2023-08,absl:BINFRA,0.025987063673462773,0.028001812052352172,35.711974572588396
2023-08,absl:BSL95F,0.015481140504581005,0.027031446720370663,36.99395042909075
2023-08,absl:BSLBKFS,0.06738027505931232,0.07251563284070846,13.790129946140732
2023-08,absl:BSLDAAF,0.012854048790877927,0.030552852997704293,32.73016762379405
2023-08,absl:BSLEQTY,0.03353618235477347,0.03440615454057385,29.064567469193296
2023-08,absl:BSLFEF,0.037468989705226476,0.03859001900210452,25.91343632003562
2023-08,absl:BSLMFG,0.02782101034567061,0.032763372602533085,30.5218883333972
2023-08,absl:BSLNMF,0.08649010878556875,0.10411397757289555,9.604858284276466
2023-08,absl:BSLPHF,0.05508941081869842,0.05792894812915015,17.262526462081482
2023-08,absl:BSLR96,0.03196031171367813,0.03349061673927154,29.859109725721677
2023-08,absl:BSLTA1,0.011308192473629556,0.013169280884834234,75.93429047075772
2023-08,absl:BTOP100,0.04908114582407976,0.05061611937939674,19.75655210752979
2023-08,absl:GENNEXT,0.020638883642858784,0.023170403803033427,43.158505501275805
2023-08,absl:MIDCAP,0.016578934579074292,0.017913829066807316,55.82279457231778
2023-08,absl:MNC,0.029428930059871197,0.030034059352896412,33.295532523596826
2023-08,absl:PSUEQ,0.044652210962034256,0.04673324688840833,21.398042434069332
2023-08,absl:PURE,0.020448134682350797,0.02093285794892877,47.7717855077297
2023-08,axis:AXISBCF,0.024746010000000002,0.028203573828785408,35.45649945183082
2023-08,axis:AXISDEF,0.02572523,0.04471447089000989,22.364124635620367
2023-08,axis:AXISEHF,0.021045409999999997,0.03937348197791381,25.397804556908145
2023-08,axis:AXISEQF,0.04558490000000001,0.05017102098741454,19.931824792859032
2023-08,axis:AXISESG,0.024781030000000006,0.04643857802289134,21.533820426350307
2023-08,axis:AXISF25,0.04691669,0.06353861459986083,15.738460876076298
2023-08,axis:AXISGOF,0.024659719999999993,0.04369955178565555,22.88352990220489
2023-08,axis:AXISMCF,0.020566059999999997,0.024182481417782082,41.35224928839068
2023-08,axis:AXISMLC,0.025585650000000005,0.02720956905125585,36.751776484083834
2023-08,axis:AXISMLF,0.03859567999999999,0.041896448090504385,23.868371797050855
2023-08,axis:AXISQUA,0.031979289999999994,0.03456280394907931,28.932837783452985
2023-08,axis:AXISSCF,0.016759770000000004,0.020927581321158108,47.783830565693926
2023-08,axis:AXISSSF,0.02176089,0.039238639954203756,25.485083100920956
2023-08,axis:AXISTAF,0.023380919999999996,0.04196800591391736,23.82767487335827
2023-08,axis:AXISTSF,0.04563781000000002,0.047451773131918146,21.074028092057873
2023-08,axis:AXISVAL,0.02256208,0.025190087238985092,39.69815548921021
2023-08,dsp:DAAF,0.010939810000000005,0.025507024451099244,39.204886556530674
2023-08,dsp:EQUITYOPPOR,0.018964490000000004,0.020833074949752377,48.000595323153966
2023-08,dsp:FOCUS,0.036149270000000004,0.039298117747387284,25.44651136800272
2023-08,dsp:Flexi Cap,0.028451480000000005,0.0303511188963341,32.9477144949929
2023-08,dsp:HEALTHCARE,0.05852307000000001,0.07691222146130315,13.001834831973095
2023-08,dsp:MIDCAP,0.022512620000000004,0.024965750665912455,40.05487411060995
2023-08,dsp:NRNEF,0.04184933,0.08070545448977412,12.390736243567108
2023-08,dsp:QUANT,0.029942920000000005,0.030501567183530566,32.78520064175436
2023-08,dsp:SMALLCAP,0.016226329999999994,0.018089586134271952,55.280424470598135
2023-08,dsp:TAX,0.02434589,0.025375626582824364,39.40789389913452
2023-08,dsp:TIGER,0.019779550000000003,0.021395272867596973,46.739296394508465
2023-08,dsp:TOP100,0.04509921,0.05224491347760619,19.14061931461771
2023-08,dsp:VALUE,0.013144589999999998,0.028943838855760295,34.549667201487466
2023-08,hdfc:HDFCBKGFSF,0.11519689999999996,0.11786899482749918,8.483995315846174
2023-08,hdfc:HDFCBUSICY,0.04241040999999998,0.04688350885036788,21.329461563800027
2023-08,hdfc:HDFCCB,0.03756337000000002,0.038148596556683095,26.213284111622556
2023-08,hdfc:HDFCCS,0.039480440000000006,0.0560063311983451,17.855124208342154
2023-08,hdfc:HDFCDFNFND,0.09960957999999999,0.10687755743805054,9.356501252188798
2023-08,hdfc:HDFCDIVYLD,0.02250647,0.023535232430559314,42.48948902248998
2023-08,hdfc:HDFCEQ,0.04117713,0.050802089258780526,19.684229813976835
2023-08,hdfc:HDFCGR,0.0158476,0.035578783625695345,28.10663822913244
2023-08,hdfc:HDFCHOF117,0.049891200000000004,0.05368709216439113,18.62645115771919
2023-08,hdfc:HDFCLARGEF,0.012283630000000004,0.013482637590240711,74.16946374972218
2023-08,hdfc:HDFCMNCFND,0.03826215,0.045176286181665824,22.13550702195251
2023-08,hdfc:HDFCMULCAP,0.010933010000000007,0.012055692905691598,82.94836371685375
2023-08,hdfc:HDFCNCCFND,0.027452869999999997,0.031981358389962286,31.268215308636215
2023-08,hdfc:HDFCPM,0.02509534,0.05771586360483038,17.326258978758617
2023-08,hdfc:HDFCSMALLF,0.016943809999999997,0.019335997548098626,51.71701110907171
2023-08,hdfc:HDFCT2,0.04140007,0.04658585399979783,21.465743656955173
2023-08,hdfc:HDFCTRALFD,0.03137729,0.0629336627721111,15.889747329995666
2023-08,hdfc:HDFCTS,0.04459538000000001,0.048917589498626596,20.442544496761762
2023-08,hdfc:HDINFG,0.03414483999999999,0.040376359333946475,24.766968010393366
2023-08,hdfc:MIDCAP,0.019116530000000003,0.022868181115710217,43.72888228146006
2023-08,hdfc:MY2005,0.013297820000000002,0.03062031265470975,32.658059742123136
2023-08,icici:BAF,0.014051562829727948,0.031776830325428725,31.469469728696367
2023-08,icici:BANFIN SERVICES,0.1191936288457545,0.13004553660632515,7.689614162054694
2023-08,icici:BCYCLE,0.02941515391561522,0.04214701517219144,23.726472584464275
2023-08,icici:BHACON,0.04072591059004992,0.05014963765289017,19.94032353576475
2023-08,icici:BLUECHIP,0.037290831897396993,0.048335071584577324,20.688911120162246
2023-08,icici:COMFUND,0.04841878899108468,0.052395192056361194,19.085720669261143
2023-08,icici:DISCO,0.033783639174068084,0.04492981992037459,22.256933185403756
2023-08,icici:DIVYLD,0.03256045013728993,0.041111279270373884,24.324224829477206
2023-08,icici:E&DF,0.02481872748236147,0.05697684914221871,17.55098807770014
2023-08,icici:ESGFUND,0.028196796662611042,0.04469280584596052,22.374965748327103
2023-08,icici:EXPORTS,0.04008665017175569,0.05451921293398268,18.342157675880244
2023-08,icici:FLEXCAP,0.04101390824738284,0.043920487342357026,22.768417668161835
2023-08,icici:FMCG,0.13694917944788462,0.17591657851111236,5.6845125596666355
2023-08,icici:FOCUSED,0.041457208385036956,0.04479563470371786,22.32360377554833
2023-08,icici:HOUSING,0.04632952651573539,0.055617066676190374,17.98009243856975
2023-08,icici:INDOPP,0.030856732047336622,0.042001546633356576,23.808647065530323
2023-08,icici:INFRA,0.030137883103834896,0.03314486240438219,30.17058836448169
2023-08,icici:INNOVA,0.02209395865397933,0.029269655277374827,34.16507610094714
2023-08,icici:LARGE & MIDCAP,0.022379755561104126,0.024111621412474693,41.473776603120825
2023-08,icici:LTEF,0.03335822281694159,0.03937233551297252,25.398544103905568
2023-08,icici:MGFINDIA,0.02818450061534147,0.04284451350414596,23.34021134125452
2023-08,icici:MIDCAP,0.019075880607536608,0.020956411031269363,47.718094405949834
2023-08,icici:MNCFUND,0.029681769731185192,0.03942347248646906,25.365599145108803
2023-08,icici:MULTI,0.018370649251782917,0.04385486317706104,22.802488197547618
2023-08,icici:MULTICAP,0.014856627142762827,0.017122783934723853,58.40171807413088
2023-08,icici:PHARMA,0.05316725433447237,0.05688840416579935,17.578274776095554
2023-08,icici:PSUEQU,0.07665213708174447,0.09167076818542594,10.908602816300853
2023-08,icici:QUANT,0.02566692574397688,0.030336516691385484,32.96357357613062
2023-08,icici:SMALL,0.0168762021957528,0.0201026224475753,49.744753581670935
2023-08,icici:TECH,0.11635291898654104,0.13357764273472733,7.486282730605646
2023-08,icici:TRANSPO,0.04472882438528512,0.05988014141493932,16.7000273608324
2023-08,kotak:BAL,0.013009869999999995,0.026497733138031606,37.73907733128772
2023-08,kotak:BFS,0.09397275999999999,0.1015434321255527,9.848002761651356
2023-08,kotak:CON,0.020837529999999996,0.02166575797983159,46.155781899294205
2023-08,kotak:ELS,0.02540851000000001,0.026140474390086963,38.254852803253705
2023-08,kotak:EME,0.018378870000000002,0.021263421291910015,47.02912039749995
2023-08,kotak:ESG,0.0337953,0.035347299536308635,28.290704328708426
2023-08,kotak:K30,0.03100592,0.033048799834949565,30.25828486947009
2023-08,kotak:KBA,0.014222589999999997,0.030676938967092816,32.59777649499844
2023-08,kotak:KBC,0.023142109999999997,0.023731694279762853,42.1377415456067
2023-08,kotak:KFE,0.037652729999999995,0.04120705210900184,24.26769081551325
2023-08,kotak:KIE,0.027850289999999996,0.02954477722149188,33.84692978062348
2023-08,kotak:KMI,0.025285389999999998,0.026779671855636563,37.34175703835299
2023-08,kotak:KOP,0.02145447,0.022471898461253317,44.50002307211508
2023-08,kotak:KPF,0.02073893,0.03567029078204783,28.034534568562606
2023-08,kotak:KQT,0.030402900000000004,0.030957629767809365,32.30221459137123
2023-08,kotak:MID,0.01645675,0.019130055724675066,52.273763045558795
2023-08,kotak:MUC,0.020434289999999994,0.02176715354171778,45.940779444747
2023-08,kotak:SEF,0.03326231,0.0337261248217372,29.650604843740567
2023-08,mirae:MABAF,0.011330516094840648,0.02536011410256167,39.43199923926952
2023-08,mirae:MABFF,0.09977423734682349,0.10229914138035043,9.775253110697951
2023-08,mirae:MAEBF,0.020607946894694567,0.021220675104906737,47.123854215588814
2023-08,mirae:MAFCF,0.025891033259039818,0.026858325345903683,37.232403253783495
2023-08,mirae:MAFF,0.0440776266558932,0.051149047615461955,19.55070615425707
2023-08,mirae:MAHCF,0.06938697304987293,0.06980860813116659,14.324880939053452
2023-08,mirae:MAIPF,0.016671369039613543,0.03321205399663955,30.109549987519042
2023-08,mirae:MAMCF,0.017361738735032745,0.018927321025960075,52.833678819545234
2023-08,mirae:MAMPF,0.015199802986075065,0.021946752972026497,45.56482689145897
2023-08,mirae:MATSF,0.03130854696971926,0.032995414300884346,30.307241814908743
2023-08,mirae:MICCF,0.034155778440168705,0.0349886651808112,28.58068448259721
2023-08,mirae:MIIOF,0.04729981450615949,0.047906365812389023,20.87405260328453
2023-08,nippon:BF,0.07477331000000001,0.08051242137963369,12.420443738547885
2023-08,nippon:EA,0.03519415,0.03554160436889426,28.136039938455685
2023-08,nippon:EO,0.020728179999999995,0.020996069693056493,47.627961547998915
2023-08,nippon:GF,0.014809300000000003,0.015604084033639658,64.08578663407452
2023-08,nippon:GS,0.021758279999999998,0.022729593729880218,43.99550699779577
2023-08,nippon:IT,0.012393010000000001,0.0501924975702647,19.923296277498356
2023-08,nippon:LC,0.02490264999999999,0.025249896423069657,39.604122854395015
2023-08,nippon:LE,0.0392739,0.04222694149808677,23.6815635829393
2023-08,nippon:ME,0.03277827,0.03472965094487807,28.79383963827255
2023-08,nippon:MF,0.008414859999999998,0.030858382640336277,32.406105389751
2023-08,nippon:NE,0.017416430000000004,0.03837302564519942,26.059972680968485
2023-08,nippon:PH,0.05133671000000001,0.05484361650274756,18.233662616868127
2023-08,nippon:PS,0.036339790000000004,0.04012197238415401,24.923999010451077
2023-08,nippon:QP,0.039416839999999995,0.04013603765880817,24.915264643233716
2023-08,nippon:SC,0.007878770000000002,0.00824902509936786,121.22644651385922
2023-08,nippon:SE,0.023402139999999995,0.025605884875965053,39.05352245563868
2023-08,nippon:SH,0.020504999999999992,0.039032233600865426,25.619850768105362
2023-08,nippon:TS,0.031093680000000002,0.03212613561075891,31.127304326795663
2023-08,ppfas:PPFCF,0.03302820999999999,0.07259741037618948,13.77459601958447
2023-08,ppfas:PPTSF,0.03872419999999999,0.05728323148418304,17.45711570542452
2023-08,sbi:SBAF,0.015372349999999995,0.03571085007845315,28.002693797630144
2023-08,sbi:SBFS,0.09096183999999999,0.0991124515670695,10.089549639717053
2023-08,sbi:SBLUECHIP,0.03704850999999999,0.0416715327589494,23.9971974581434
2023-08,sbi:SCF,0.011006370000000001,0.017480354915827195,57.207076447548125
2023-08,sbi:SCOF,0.03347174,0.03796182692711185,26.34225170248097
2023-08,sbi:SDYF,0.031618799999999996,0.03910504473727538,25.572148215618547
2023-08,sbi:SEHF,0.027078700000000004,0.045957656913218785,21.75915978241202
2023-08,sbi:SEMVF,0.045020750000000005,0.04521043444666007,22.11878767012988
2023-08,sbi:SFEF,0.040168060000000005,0.061800966843356925,16.18097662670291
2023-08,sbi:SFLEXI,0.027034689999999986,0.032045206365612894,31.20591543679622
2023-08,sbi:SHOF,0.058181779999999995,0.06255652278776884,15.98554324051275
2023-08,sbi:SIF,0.03392008,0.03706774056786681,26.97763566595363
2023-08,sbi:SLMF,0.018899519999999993,0.020228197847844895,49.43594123025347
2023-08,sbi:SLTEF,0.02176627000000001,0.024881819965838752,40.18998615748125
2023-08,sbi:SMAAF,0.006150770000000001,0.02860587889303436,34.957849179858755
2023-08,sbi:SMCF,0.029020679999999997,0.033324076607110675,30.00833336779152
2023-08,sbi:SMCOMMA,0.04672222000000001,0.05647062139485093,17.708322934997515
2023-08,sbi:SMEEF,0.03815770000000001,0.04159417587138621,24.04182746863673
2023-08,sbi:SMGLF,0.03839930999999999,0.05828171577594036,17.158039818944662
2023-08,sbi:SMIDCAP,0.020883319999999997,0.02408316763795893,41.522777029706
2023-08,sbi:SPSU,0.048489060000000014,0.057488372635639655,17.394821842287715
2023-08,sbi:SSCF,0.016606249999999993,0.022626325885665398,44.1963050056455
2023-08,sbi:STAF-III,0.044952019999999995,0.05087372114078767,19.65651376734572
2023-08,sbi:STOF,0.10437253,0.13026960511593047,7.676387743020122
2023-08,uti:002,0.00490008,0.031726200881844475,31.519689474457575
2023-08,uti:017,0.03956041999999999,0.04216692818553795,23.7152679369936
2023-08,uti:042,0.02856753,0.03139547040355108,31.851728518356325
2023-08,uti:049,0.02436989999999999,0.02832254445669861,35.307562197629046
2023-08,uti:066,0.017862170000000007,0.03772516106802968,26.507507766413582
2023-08,uti:101,0.03902422,0.04168142056452969,23.991504762939535
2023-08,uti:118,0.050899549999999995,0.05281488771253263,18.93405521266888
2023-08,uti:125,0.030453200000000003,0.03163135932290204,31.61419620926535
2023-08,uti:160,0.014711789999999997,0.015840971005946912,63.127443363452066
2023-08,uti:161,0.04245784,0.04641718097682985,21.543746926362715
2023-08,uti:162,0.06533512,0.07528140803478313,13.283492247354866
2023-08,uti:163,0.08764860000000002,0.0926947384166636,10.788098840141194
2023-08,uti:190,0.026778269999999996,0.02900187853988873,34.48052506752677
2023-08,uti:193,0.03015813,0.03162713946718704,31.618414338024273
2023-08,uti:251,0.03818476,0.03894432862778313,25.677679786385987
2023-08,uti:322,0.014257519999999996,0.033090767843064736,30.219909212822422
2023-08,uti:751,0.013205950000000001,0.01438025781528211,69.53978244654873
2023-08,uti:753,0.042830969999999996,0.044715566111145834,22.363576869727684
2023-08,uti:773,0.016060790000000005,0.037424129281097576,26.720728556938973
2023-09,absl:ABSLBCF,0.03787825490823057,0.041141496883937693,24.30635916872573
2023-09,absl:ABSLESG,0.0407279740427884,0.04105779649928223,24.355910089268477
2023-09,absl:ABSLMAAF,0.011109272868519657,0.026317121611910722,37.998076489771414
2023-09,absl:ABSLMCF,0.017813544700986263,0.019396904122702917,51.55461890588817
2023-09,absl:ABSLSO,0.02182730785501575,0.024006775859189408,41.65490634250313
2023-09,absl:ADVG,0.01883466513134736,0.019574127071091015,51.08784654192308
2023-09,absl:BDYP,0.022477955635850352,0.02809912061407561,35.58830234349302
2023-09,absl:BINFRA,0.025479237552108434,0.028870021362655946,34.63800692899811
2023-09,absl:BSL95F,0.014838455842301021,0.02673731246517889,37.400916838681574
2023-09,absl:BSLBKFS,0.06259573595326977,0.06953572445724858,14.381097023225987
2023-09,absl:BSLDAAF,0.012674579239531896,0.02957264203422292,33.81503752159684
2023-09,absl:BSLEQTY,0.03303799499451193,0.03406387370853227,29.35661424054427
2023-09,absl:BSLFEF,0.035191179617053404,0.03798461008346463,26.32645162876945
2023-09,absl:BSLMFG,0.027889196631181494,0.032729737066831424,30.553254917938464
2023-09,absl:BSLNMF,0.08375999792374404,0.10384898170352648,9.629367410215465
2023-09,absl:BSLPHF,0.05331221425803704,0.05927397753313291,16.87080978226948
2023-09,absl:BSLR96,0.0296139144280238,0.0314977491484536,31.748300340029076
2023-09,absl:BSLTA1,0.011241971050789787,0.012759469804433762,78.37316246890698
2023-09,absl:BTOP100,0.0468052818659285,0.04878724607686433,20.49716022963255
2023-09,absl:GENNEXT,0.020371207176681994,0.022580725676888933,44.28555637711354
2023-09,absl:MIDCAP,0.016735344458051957,0.017959484310946235,55.680886081484196
2023-09,absl:MNC,0.029697745628048257,0.029956691662814526,33.38152327552604
2023-09,absl:PSUEQ,0.04238325582970916,0.04639634425524568,21.5534222803974
2023-09,absl:PURE,0.01958615042020994,0.020687449887089055,48.33848567406539
2023-09,axis:AXISBCF,0.02382469,0.027258185259014075,36.6862280264717
2023-09,axis:AXISDEF,0.02320118000000001,0.04450775393067888,22.467995162315013
2023-09,axis:AXISEHF,0.01863864,0.03486116165267729,28.685217376375103
2023-09,axis:AXISEQF,0.04457671999999999,0.048692915207883575,20.53686857175674
2023-09,axis:AXISESG,0.02351073,0.04075778345911194,24.535190953237098
2023-09,axis:AXISF25,0.045042679999999995,0.06329232953849259,15.799702859598941
2023-09,axis:AXISGOF,0.024327289999999998,0.04049284196389957,24.695722787042858
2023-09,axis:AXISMCF,0.020445619999999998,0.023926568154374665,41.79454377025495
2023-09,axis:AXISMLC,0.02378535,0.025431195696281723,39.32178462793274
2023-09,axis:AXISMLF,0.03815686999999999,0.041342540546506754,24.18816034963036
2023-09,axis:AXISQUA,0.032384439999999994,0.034347721407957416,29.11401277897659
2023-09,axis:AXISSCF,0.016615260000000003,0.02091976424581546,47.8016859200518
2023-09,axis:AXISSSF,0.022234199999999996,0.03954855641774769,25.285372983961636
2023-09,axis:AXISTAF,0.020345749999999992,0.04034917677723835,24.783653097084173
2023-09,axis:AXISTSF,0.046393580000000004,0.047973066344474666,20.845029851113026
2023-09,axis:AXISVAL,0.020720509999999998,0.02334567487682219,42.83448669941041
2023-09,dsp:DAAF,0.00979973,0.022517550329088122,44.409804147665305
2023-09,dsp:EQUITYOPPOR,0.018589159999999993,0.020528201347046575,48.71347387402119
2023-09,dsp:FOCUS,0.03667653000000001,0.0382590461970681,26.137609255837454
2023-09,dsp:Flexi Cap,0.02881172000000001,0.030208958018199283,33.102763736423924
2023-09,dsp:HEALTHCARE,0.05784694,0.07611086559617947,13.138728513556636
2023-09,dsp:MIDCAP,0.022862790000000008,0.025073412210189463,39.88288437237971
2023-09,dsp:Multi Asset,0.00485193,0.1056501661749537,9.465200446008085
2023-09,dsp:NRNEF,0.042358309999999996,0.0802983342416544,12.453558463498666
2023-09,dsp:QUANT,0.029851979999999997,0.030092236415541696,33.231162556051544
2023-09,dsp:SMALLCAP,0.01634639,0.017979618049473563,55.618534122824684
2023-09,dsp:TAX,0.023554599999999995,0.024737403097152375,40.42461514948245
2023-09,dsp:TIGER,0.01943893999999999,0.021952972452260397,45.55191795437408
2023-09,dsp:TOP100,0.04452852000000001,0.04815588308171904,20.765894756888397
2023-09,dsp:VALUE,0.013135259999999998,0.028794965402443237,34.72829315902392
2023-09,hdfc:HDFCBKGFSF,0.10646617,0.10917857522832879,9.159306190877347
2023-09,hdfc:HDFCBUSICY,0.0415101335298682,0.04590169898026079,21.785685981471673
2023-09,hdfc:HDFCCB,0.03643042999999999,0.0366279539334565,27.301552301194352
2023-09,hdfc:HDFCCS,0.03743434999999999,0.05357493417224344,18.665445239465896
2023-09,hdfc:HDFCDFNFND,0.10006581,0.10738932257745294,9.311912730232235
2023-09,hdfc:HDFCDIVYLD,0.02235962495610235,0.023284948255990832,42.946198076378224
2023-09,hdfc:HDFCEQ,0.04072661,0.05092274429194233,19.637590509006273
2023-09,hdfc:HDFCGR,0.016879480000000013,0.0354947856385356,28.17315225350539
2023-09,hdfc:HDFCHOF117,0.05165795,0.05344926966889863,18.709329541725914
2023-09,hdfc:HDFCLARGEF,0.011892950000000008,0.012950502401134293,77.21708154831222
2023-09,hdfc:HDFCMNCFND,0.037910799999999995,0.046575476159387896,21.470526604555968
2023-09,hdfc:HDFCMULCAP,0.012208089999999993,0.013156022323648264,76.0108165978463
2023-09,hdfc:HDFCNCCFND,0.02755804610153763,0.028606681860013597,34.95686794062612
2023-09,hdfc:HDFCPM,0.02352426,0.05540562005184578,18.048710565178236
2023-09,hdfc:HDFCSMALLF,0.01717156,0.01954992933063663,51.15108004165024
2023-09,hdfc:HDFCT2,0.04250860000000001,0.04534679998076404,22.052272716579708
2023-09,hdfc:HDFCTECHFD,0.09991325999999998,0.16669278229621917,5.9990599846306685
2023-09,hdfc:HDFCTRALFD,0.041300989999999996,0.0524116729342799,19.079719154431896
2023-09,hdfc:HDFCTS,0.04556835999999998,0.049734530072650565,20.10675477458484
2023-09,hdfc:HDINFG,0.03336903,0.040005220371451766,24.996737693603926
2023-09,hdfc:MIDCAP,0.01933907,0.02278418210201351,43.890098644867614
2023-09,hdfc:MY2005,0.013737629999999999,0.03156594874832174,31.679706761646653
2023-09,icici:BAF,0.013668382556340454,0.030885880920286157,32.37725362539975
2023-09,icici:BANFIN SERVICES,0.1121460294928652,0.12362142781557418,8.089212506846787
2023-09,icici:BCYCLE,0.02961176223631494,0.04299811371954629,23.25683416073704
2023-09,icici:BHACON,0.04086549490140059,0.052506151270367,19.045387555655253
2023-09,icici:BLUECHIP,0.03551262797957221,0.04741393337814379,21.090846693199385
2023-09,icici:COMFUND,0.04568003229423224,0.0507553245810514,19.70236636755412
2023-09,icici:DISCO,0.03239457900277005,0.04543753248426404,22.00823736073962
2023-09,icici:DIVYLD,0.03282957783440477,0.04175552391543012,23.94892714136117
2023-09,icici:E&DF,0.024566191522576674,0.05814189732388732,17.19930112409928
2023-09,icici:ESGFUND,0.03206831823871274,0.04520034076196489,22.123727014940524
2023-09,icici:EXPORTS,0.04330153444275965,0.0550917255259674,18.15154617962822
2023-09,icici:FLEXCAP,0.04101867882469874,0.04393901888033678,22.758814954958215
2023-09,icici:FMCG,0.1397687601257101,0.18424915981748657,5.427433161652294
2023-09,icici:FOCUSED,0.04146150494155731,0.04534873458956442,22.05133195117022
2023-09,icici:HOUSING,0.04536118915851409,0.05922976178756313,16.883404049245673
2023-09,icici:INDOPP,0.030302310099492004,0.03889237326239165,25.711981967605592
2023-09,icici:INFRA,0.027324641176186052,0.03214066412797924,31.113233877749135
2023-09,icici:INNOVA,0.021916222998512435,0.028011558588528485,35.69954870021149
2023-09,icici:LARGE & MIDCAP,0.022552490281576347,0.024670467469470492,40.534294748873
2023-09,icici:LTEF,0.0332991225834083,0.03913373846368172,25.55339814845585
2023-09,icici:MGFINDIA,0.030243314685201063,0.04578569180143576,21.840884360485774
2023-09,icici:MIDCAP,0.01864955589940371,0.02063159908789796,48.46934043937379
2023-09,icici:MNCFUND,0.031170099030030773,0.04212704634887838,23.737719272279925
2023-09,icici:MULTI,0.0185869922917762,0.0451007159655113,22.172597010759297
2023-09,icici:MULTICAP,0.015110478996591459,0.018032882445322026,55.454251589124816
2023-09,icici:PHARMA,0.05395209475089319,0.05821493037052587,17.177723886899955
2023-09,icici:PSUEQU,0.07432184745265477,0.08914355304524961,11.217861144623617
2023-09,icici:QUANT,0.027798729577983648,0.0320882427237117,31.164062445247186
2023-09,icici:SMALL,0.01645864595856742,0.020431030069394777,48.945158252102885
2023-09,icici:TECH,0.12123339841082448,0.13534418590769698,7.38857006153177
2023-09,icici:TRANSPO,0.05025717805439431,0.061482301047427426,16.264843425892604
2023-09,kotak:BAL,0.012969469999999997,0.02617582017877343,38.20319642976929
2023-09,kotak:BFS,0.08704113999999999,0.09397521798855593,10.641103275991098
2023-09,kotak:CON,0.020123690000000003,0.02089796612323537,47.85154660999051
2023-09,kotak:ELS,0.025863089999999995,0.026749048166725412,37.38450780629847
2023-09,kotak:EME,0.018434200000000005,0.020730076727665712,48.2390882164672
2023-09,kotak:ESG,0.03379170000000001,0.03514198289982921,28.455992447849603
2023-09,kotak:K30,0.02998686,0.0323488487134792,30.913001227871135
2023-09,kotak:KBA,0.014075070000000002,0.02984808471359629,33.50298719651126
2023-09,kotak:KBC,0.023335579999999998,0.023751771847300637,42.102122167094194
2023-09,kotak:KFE,0.037024810000000005,0.04106793825413504,24.349895380962113
2023-09,kotak:KIE,0.02665361,0.029979526363118576,33.35609735416702
2023-09,kotak:KMI,0.025116280000000005,0.027038430098815566,36.9843957783557
2023-09,kotak:KOP,0.021367709999999998,0.022537598657783833,44.37029939099696
2023-09,kotak:KPF,0.02148827,0.035915408975981625,27.843202361102126
2023-09,kotak:KQT,0.030061669999999995,0.031003107574322182,32.254831152095015
2023-09,kotak:MAF,0.0028055700000000007,0.07946347419632868,12.584398179336102
2023-09,kotak:MID,0.01694108,0.018614198629625246,53.722430919398256
2023-09,kotak:MUC,0.020862239999999997,0.02244951016683598,44.544401751681484
2023-09,kotak:SEF,0.03309872,0.03359407266400824,29.767155950441587
2023-09,mirae:MABAF,0.011366716804926522,0.025005376209491975,39.991399914247346
2023-09,mirae:MABFF,0.10556940991654902,0.10568552745572592,9.462033488160646
2023-09,mirae:MAEBF,0.020329116255472138,0.02061105422209283,48.51765412989442
2023-09,mirae:MAFCF,0.025237295509696587,0.02578104766727033,38.78818319976672
2023-09,mirae:MAFF,0.04616382315222634,0.05042150879755325,19.83280595618602
2023-09,mirae:MAHCF,0.0675887605634239,0.06857317729425841,14.582961435618492
2023-09,mirae:MAIPF,0.017133481080080223,0.032548703011777105,30.72319040295307
2023-09,mirae:MAMCF,0.017350337482155427,0.018256627177382793,54.77463007180478
2023-09,mirae:MAMPF,0.017136467633262015,0.018839960954113062,53.07866626876868
2023-09,mirae:MATSF,0.031169327749991198,0.03200937061473489,31.24085168796382
2023-09,mirae:MICCF,0.03378119041695039,0.03482335921421142,28.716356565391308
2023-09,mirae:MIIOF,0.04595164355669458,0.04628482638107949,21.60535272978326
2023-09,nippon:BF,0.07287514000000002,0.07907458767361111,12.646287883632196
2023-09,nippon:EA,0.03624706000000002,0.03633420978221523,27.522271875291402
2023-09,nippon:EO,0.020014030000000006,0.02064080688417217,48.44771842552445
2023-09,nippon:GF,0.015219860000000005,0.01580223624672631,63.28218262191633
2023-09,nippon:GS,0.020419809999999997,0.021977978097826183,45.50009084315672
2023-09,nippon:IT,0.024989779999999996,0.03664482699823405,27.288981335569982
2023-09,nippon:LC,0.02379115000000002,0.025031985258967198,39.94888897762395
2023-09,nippon:LE,0.03893086999999999,0.04321854704534561,23.138214224341773
2023-09,nippon:ME,0.03410816,0.03806495242305031,26.270885324802034
2023-09,nippon:MF,0.007697959999999999,0.029994752254839337,33.33916518142471
2023-09,nippon:NE,0.01697460000000001,0.037299831969910914,26.809772247946896
2023-09,nippon:PH,0.051145859999999994,0.05542750386463383,18.041584597463025
2023-09,nippon:PS,0.03507312,0.038553140848443634,25.93822391620706
2023-09,nippon:QP,0.039107340000000004,0.04012804333064524,24.920228274283026
2023-09,nippon:SC,0.007664079999999995,0.008138763967434409,122.86878007536457
2023-09,nippon:SE,0.02256052999999999,0.023640087453275352,42.301027945708775
2023-09,nippon:SH,0.01954045,0.03842675293097044,26.02353630545868
2023-09,nippon:TS,0.030169899999999996,0.031633003601078694,31.612552908693747
2023-09,ppfas:PPFCF,0.034040520000000005,0.0714158517607473,14.002493498924222
2023-09,ppfas:PPTSF,0.04104484000000001,0.0567293503668646,17.627559517834637
2023-09,sbi:SBAF,0.014927510000000007,0.03471978310401471,28.802023244332084
2023-09,sbi:SBFS,0.08182996,0.09938361481957496,10.062020805093884
2023-09,sbi:SBLUECHIP,0.03595622,0.03994152816444807,25.03659839660565
2023-09,sbi:SCF,0.01079704,0.017902345644614362,55.85860198721134
2023-09,sbi:SCOF,0.02904447,0.032379622612708985,30.883621219461048
2023-09,sbi:SDYF,0.03302420000000001,0.03996727505533834,25.020469837270834
2023-09,sbi:SEHF,0.028145290000000003,0.04627302453829344,21.610863131984072
2023-09,sbi:SEMVF,0.043913089999999995,0.04381664037304446,22.822379613914663
2023-09,sbi:SFEF,0.04559627999999998,0.06465136092859633,15.467578495438664
2023-09,sbi:SFLEXI,0.026628519999999992,0.031474599945411054,31.771650846535966
2023-09,sbi:SHOF,0.056753040000000005,0.059602915246652954,16.777702833187437
2023-09,sbi:SIF,0.03387297,0.03713261949875228,26.93049974655307
2023-09,sbi:SLMF,0.017023959999999994,0.01912796843194648,52.27946729198146
2023-09,sbi:SLTEF,0.020757909999999997,0.024255278341509468,41.22813953813269
2023-09,sbi:SMAAF,0.005323969999999997,0.02789147681644135,35.85324673129263
2023-09,sbi:SMCF,0.027913410000000007,0.03171864474277236,31.527198217630882
2023-09,sbi:SMCOMMA,0.05374931,0.06432584138891699,15.545851844423675
2023-09,sbi:SMEEF,0.038105819999999985,0.041278634547535664,24.22560753186784
2023-09,sbi:SMGLF,0.038857829999999996,0.05944543308974796,16.822150130359827
2023-09,sbi:SMIDCAP,0.020473129999999996,0.023204680839396825,43.0947534646632
2023-09,sbi:SPSU,0.05137497000000001,0.059566309016231986,16.78801350151639
2023-09,sbi:SSCF,0.016088709999999996,0.023202997554231025,43.0978798175864
2023-09,sbi:STAF-III,0.046825309999999995,0.052070189728503885,19.204846481528897
2023-09,sbi:STOF,0.10109607000000004,0.1323158992528259,7.557670738338293
2023-09,uti:002,0.004777299999999998,0.03183195276933256,31.414974985870703
2023-09,uti:017,0.037878110000000006,0.04051587107142368,24.681685807449213
2023-09,uti:042,0.028390129999999993,0.031109127129555995,32.14490705044325
2023-09,uti:049,0.024669920000000005,0.028782823083511638,34.74294363338022
2023-09,uti:066,0.01804536,0.037596705673399504,26.598075073038167
2023-09,uti:101,0.039171370000000004,0.041726393490032536,23.965646593417585
2023-09,uti:118,0.04955030999999997,0.051352085740263745,19.473405716331552
2023-09,uti:125,0.030469900000000008,0.03167452527350582,31.57111247493426
2023-09,uti:160,0.014391260000000001,0.015746463647345107,63.506322587459344
2023-09,uti:161,0.04427096000000001,0.04835892146061008,20.67870766750935
2023-09,uti:162,0.06695187,0.0756589698085522,13.217203492598491
2023-09,uti:163,0.08588370000000002,0.08762748699112335,11.411944292106652
2023-09,uti:190,0.02556817,0.028170030343288348,35.49871930607469
2023-09,uti:193,0.02985769999999999,0.031139636631477216,32.11341262053004
2023-09,uti:251,0.038470080000000004,0.03920364448223965,25.50783258054052
2023-09,uti:322,0.014659839999999993,0.0336747676576467,29.695824783899432
2023-09,uti:751,0.013032970000000003,0.014033295737050085,71.25909827153748
2023-09,uti:753,0.042744040000000004,0.04443392250292069,22.505327994265393
2023-09,uti:773,0.015323140000000002,0.03640207055879318,27.470964828357623
2023-10,absl:ABSLBCF,0.03915933162976695,0.04011853867432973,24.926132233222653
2023-10,absl:ABSLESG,0.04016399397113579,0.041168675726807956,24.29031253363407
2023-10,absl:ABSLMAAF,0.010934010313699307,0.02495280695434059,40.0756516823871
2023-10,absl:ABSLMCF,0.01779352917525614,0.01939634353435492,51.556108924797805
2023-10,absl:ABSLSO,0.0218920382465211,0.023573248575560802,42.4209670039595
2023-10,absl:ADVG,0.018964959087654637,0.019842447257912316,50.397009350811956
2023-10,absl:BDYP,0.022276068476854444,0.028879728350637096,34.626364481643044
2023-10,absl:BINFRA,0.024382689863320643,0.029761997797757452,33.59989496657208
2023-10,absl:BSL95F,0.0144090294968232,0.026974368696004825,37.07222998505652
2023-10,absl:BSLBKFS,0.06539250686283753,0.07431183898966526,13.456805989407322
2023-10,absl:BSLDAAF,0.01222561870865867,0.027994718625818597,35.72102343181736
2023-10,absl:BSLEQTY,0.032876010410647465,0.034120290232392776,29.308074262821776
2023-10,absl:BSLFEF,0.03436180142441722,0.03818577158755009,26.18776466798003
2023-10,absl:BSLMFG,0.02788434477883144,0.03284223014770536,30.448602165643994
2023-10,absl:BSLNMF,0.08445811024570872,0.10521889999816475,9.503995955265092
2023-10,absl:BSLPHF,0.05809337290569065,0.06100878884474276,16.391081005473392
2023-10,absl:BSLR96,0.02931212087932511,0.032592244651791426,30.68214572772714
2023-10,absl:BSLTA1,0.011179066738099088,0.013091187401638322,76.3872649072958
2023-10,absl:BTOP100,0.04536192864096434,0.04834932452748184,20.682812216571882
2023-10,absl:GENNEXT,0.020472348740498282,0.022310380023609244,44.82218585885951
2023-10,absl:MIDCAP,0.0165255014957855,0.017674858602657474,56.57753889186116
2023-10,absl:MNC,0.028642310908088806,0.029160674627603834,34.29275943614104
2023-10,absl:PSUEQ,0.04258936065956219,0.04897471996882853,20.418697659455344
2023-10,absl:PURE,0.018864748497952527,0.021201876079331654,47.16563743030437
2023-10,axis:AXISBCF,0.022362530000000002,0.025574362822395367,39.10165844383439
2023-10,axis:AXISDEF,0.02128939,0.04193662542320714,23.84550473263912
2023-10,axis:AXISEHF,0.01749264,0.03280739149819264,30.480935982218828
2023-10,axis:AXISEQF,0.042167650000000015,0.04769210882563668,20.96782936682503
2023-10,axis:AXISESG,0.022675349999999986,0.03821502988166969,26.167714721051734
2023-10,axis:AXISF25,0.0430826,0.06253824938307447,15.990214146778515
2023-10,axis:AXISGOF,0.020443929999999996,0.034615980822640356,28.88839132202074
2023-10,axis:AXISMCF,0.02034813,0.023962593721046813,41.73170949861244
2023-10,axis:AXISMLC,0.023554839999999997,0.025708384026470847,38.897816329892294
2023-10,axis:AXISMLF,0.035238,0.03929264759831804,25.450053919064644
2023-10,axis:AXISQUA,0.03196571000000001,0.035233386377883875,28.3821710827008
2023-10,axis:AXISSCF,0.016133490000000004,0.020790986875116796,48.09776495972043
2023-10,axis:AXISSSF,0.021580899999999997,0.03836604444444445,26.06471463191989
2023-10,axis:AXISTAF,0.020273759999999995,0.038464585752339325,25.997940194616092
2023-10,axis:AXISTSF,0.04526345000000001,0.047216473984553156,21.17904865846504
2023-10,axis:AXISVAL,0.020300379999999993,0.02261712543811225,44.21428367350761
2023-10,dsp:DAAF,0.010192400000000002,0.023555304399224226,42.45328283819309
2023-10,dsp:EQUITYOPPOR,0.017939900000000005,0.02021706988338497,49.463151968517046
2023-10,dsp:FOCUS,0.03758162,0.03799081296794769,26.322153222772194
2023-10,dsp:Flexi Cap,0.02906352999999999,0.030157183579812067,33.15959520402375
2023-10,dsp:HEALTHCARE,0.05811540999999999,0.074452313671156,13.431416039222643
2023-10,dsp:MIDCAP,0.022765550000000006,0.024935424397187135,40.10358853618734
2023-10,dsp:Multi Asset,0.006896779999999999,0.05528470325988951,18.08818608104072
2023-10,dsp:NRNEF,0.04266264,0.07774022246686786,12.863353979031773
2023-10,dsp:QUANT,0.030184620000000002,0.030501005712212554,32.785804161192026
2023-10,dsp:SMALLCAP,0.016200489999999998,0.017984741651616086,55.602689177919956
2023-10,dsp:TAX,0.022571070000000006,0.024303478056932455,41.14637409746193
2023-10,dsp:TIGER,0.019101280000000005,0.021672864160958264,46.1406481659868
2023-10,dsp:TOP100,0.04481312999999999,0.046899881607263154,21.322015445026942
2023-10,dsp:VALUE,0.012195130000000005,0.02509552402898077,39.847743320489414
2023-10,hdfc:HDFCBKGFSF,0.10379675999999999,0.1065490279407372,9.38535075661321
2023-10,hdfc:HDFCBUSICY,0.041788290000000006,0.045618391441923374,21.920983366392846
2023-10,hdfc:HDFCCB,0.035722140000000006,0.03600964097353272,27.770340746662963
2023-10,hdfc:HDFCCS,0.03917209999999999,0.05431964006355261,18.409547611693032
2023-10,hdfc:HDFCDFNFND,0.09885334,0.10057580526398317,9.94274912714128
2023-10,hdfc:HDFCDIVYLD,0.02383007999999999,0.02425509129247793,41.22845747895096
2023-10,hdfc:HDFCEQ,0.04021665,0.05122009957522622,19.52358562933511
2023-10,hdfc:HDFCGR,0.01612247,0.035312115769900114,28.318892204482278
2023-10,hdfc:HDFCHOF117,0.05238268000000002,0.05331692908897735,18.75576889154965
2023-10,hdfc:HDFCLARGEF,0.01158069,0.01283989760226316,77.88224104090519
2023-10,hdfc:HDFCMNCFND,0.040463320000000004,0.049099962087164,20.366614504197873
2023-10,hdfc:HDFCMULCAP,0.012015429999999999,0.012590387548018967,79.42567265591002
2023-10,hdfc:HDFCNCCFND,0.027545850000000007,0.02773968800485593,36.049432128614654
2023-10,hdfc:HDFCPHARHC,0.03712458,0.050784282343285136,19.69113185926951
2023-10,hdfc:HDFCPM,0.022933600000000002,0.05451529226496903,18.343476820036965
2023-10,hdfc:HDFCSMALLF,0.016918189999999996,0.019372928988958715,51.61842076486904
2023-10,hdfc:HDFCT2,0.04210967999999998,0.04490269210906016,22.27037963717607
2023-10,hdfc:HDFCTECHFD,0.10392226,0.14242605614326195,7.021187183573566
2023-10,hdfc:HDFCTRALFD,0.04474705999999999,0.051536995213505236,19.40353712623802
2023-10,hdfc:HDFCTS,0.044043349999999995,0.04875016637606775,20.51275050603553
2023-10,hdfc:HDINFG,0.03173178,0.03825149299027974,26.142770433930895
2023-10,hdfc:MIDCAP,0.01958497,0.022707640998985142,44.03803988466668
2023-10,hdfc:MY2005,0.01295357,0.02951329583481664,33.883033789140775
2023-10,icici:BAF,0.013776538234154633,0.03082270612657141,32.44361464868029
2023-10,icici:BANFIN SERVICES,0.10364575803108887,0.12126135010985294,8.246650718420018
2023-10,icici:BCYCLE,0.028027968091875088,0.041283379527140326,24.2228231180198
2023-10,icici:BHACON,0.04149992349125911,0.05012184016179156,19.951382406791822
2023-10,icici:BLUECHIP,0.03455334762899677,0.04382817562668041,22.816372931371795
2023-10,icici:COMFUND,0.04257172793989394,0.049789332775120654,20.084623437647117
2023-10,icici:DISCO,0.03517646352515136,0.044766899093293115,22.337933166110627
2023-10,icici:DIVYLD,0.035234475702151484,0.041711523947668756,23.974189992544968
2023-10,icici:E&DF,0.02474916617357165,0.055870479679045765,17.8985397251753
2023-10,icici:ESGFUND,0.03268884580955291,0.04370044226331358,22.883063607790938
2023-10,icici:EXPORTS,0.04270140464097581,0.0533288676341569,18.75157010383443
2023-10,icici:FLEXCAP,0.041276668784357776,0.0442874027158074,22.579784288028982
2023-10,icici:FMCG,0.13692976956579736,0.18218212391563882,5.489012744538315
2023-10,icici:FOCUSED,0.038353898843313465,0.04269325756990769,23.422902278247545
2023-10,icici:HOUSING,0.04604222184163773,0.059452152586141976,16.82024883036944
2023-10,icici:INDOPP,0.03289213715692072,0.03908484889870611,25.585361800723366
2023-10,icici:INFRA,0.02829722758720718,0.031515240016100655,31.73068012457196
2023-10,icici:INNOVA,0.016871539392452766,0.023032616199889607,43.41669184783242
2023-10,icici:LARGE & MIDCAP,0.023364087942575527,0.025312329658317777,39.50643869997933
2023-10,icici:LTEF,0.03316761829967284,0.037174806784952205,26.899938062483347
2023-10,icici:MGFINDIA,0.02771449596030795,0.0403164449529756,24.803774270434374
2023-10,icici:MIDCAP,0.01880795009941157,0.02099368384178473,47.63337428229972
2023-10,icici:MNCFUND,0.03307612411597411,0.04301848777556879,23.24581945365182
2023-10,icici:MULTI,0.017696989140363124,0.040877724864056955,24.4632010055746
2023-10,icici:MULTICAP,0.015799880079671706,0.017273290544519357,57.89284892896623
2023-10,icici:PHARMA,0.055523190958834824,0.0591252419395832,16.913250029857714
2023-10,icici:PSUEQU,0.07350565352512703,0.0875669746578593,11.41983040874929
2023-10,icici:QUANT,0.028770285855475326,0.03377884746728932,29.604325635099826
2023-10,icici:SMALL,0.013755438430625103,0.018096488191219624,55.25934034456463
2023-10,icici:TECH,0.11406537273709515,0.13212696189717466,7.568477967261757
2023-10,icici:TRANSPO,0.054408908867523136,0.05968892851607899,16.753525735189235
2023-10,kotak:BAL,0.012401659999999998,0.025868169756581405,38.65754745735651
2023-10,kotak:BFS,0.08511649999999998,0.09407410037058231,10.62991828846346
2023-10,kotak:CON,0.01956427999999999,0.020767455845585724,48.15226320621057
2023-10,kotak:ELS,0.025567120000000002,0.026181354473784387,38.195120920932816
2023-10,kotak:EME,0.018532809999999997,0.020889674818720495,47.8705393299775
2023-10,kotak:ESG,0.033939340000000005,0.0355124803788161,28.159114467164052
2023-10,kotak:K30,0.02932405,0.031574772738527254,31.670853446232694
2023-10,kotak:KBA,0.013548890000000006,0.0301734160403574,33.141756261952075
2023-10,kotak:KBC,0.023682290000000005,0.02421692189921541,41.29343952801857
2023-10,kotak:KFE,0.036530980000000005,0.04029071446700267,24.81961447516601
2023-10,kotak:KIE,0.02566753,0.02793829146948383,35.79316942456093
2023-10,kotak:KMI,0.02453392,0.02616118327159726,38.224570716787206
2023-10,kotak:KOP,0.020727369999999995,0.0221891406611929,45.06709003602484
2023-10,kotak:KPF,0.021225400000000002,0.03668962232717033,27.255663497507705
2023-10,kotak:KQT,0.029283270000000004,0.031413405149860775,31.833543521608068
2023-10,kotak:MAF,0.015257620000000003,0.03521851488378249,28.394155838197552
2023-10,kotak:MID,0.017399869999999998,0.018931304842645453,52.82256074326995
2023-10,kotak:MUC,0.020379240000000003,0.02187526674222323,45.713728284273614
2023-10,kotak:SEF,0.032724359999999994,0.03329456403545373,30.034932997925715
2023-10,mirae:MABAF,0.01091662429004278,0.023919147710488645,41.80750970326154
2023-10,mirae:MABFF,0.10316223632267525,0.10396418830559725,9.618696748351006
2023-10,mirae:MAEBF,0.020565734977556472,0.020704507502999518,48.29866152841971
2023-10,mirae:MAFCF,0.025737609767547798,0.026451778600505137,37.80464123425347
2023-10,mirae:MAFF,0.04779854885462108,0.04813351974451807,20.7755428089983
2023-10,mirae:MAHCF,0.06651407456418384,0.06741222724230618,14.834104151545162
2023-10,mirae:MAIPF,0.01682880569206245,0.0327087829853124,30.572828113141398
2023-10,mirae:MAMCF,0.017714575481284044,0.018577046832639273,53.829869139535795
2023-10,mirae:MAMPF,0.016908098835176497,0.017768732568455205,56.27863417649146
2023-10,mirae:MATSF,0.030697716979099267,0.030862376790092422,32.40191145359305
2023-10,mirae:MICCF,0.032819959585339134,0.03429544061967514,29.158394874982434
2023-10,mirae:MIIOF,0.043235709555626486,0.04383088589154811,22.814962090301474
2023-10,nippon:BF,0.07389640000000001,0.07719521718172212,12.954170433201071
2023-10,nippon:EA,0.03635928,0.038452570247764675,26.00606392645839
2023-10,nippon:EO,0.019818189999999996,0.020639561794789835,48.45064105248765
2023-10,nippon:GF,0.014610190000000002,0.01589609351673148,62.908537808200926
2023-10,nippon:GS,0.019575110000000003,0.021262496398566103,47.03116610838969
2023-10,nippon:IT,0.027962909999999997,0.03493232485195375,28.62678061761098
2023-10,nippon:LC,0.02397088,0.02493890452793149,40.09799223057305
2023-10,nippon:LE,0.03980698000000001,0.04522393761808706,22.112183340710597
2023-10,nippon:ME,0.03528254000000001,0.03855663192113299,25.935875364982216
2023-10,nippon:MF,0.006194149999999997,0.02651844950543259,37.70959534399397
2023-10,nippon:NE,0.016109759999999994,0.036782017339451974,27.187198319528044
2023-10,nippon:PH,0.050218759999999994,0.05440013734044832,18.382306532459186
2023-10,nippon:PS,0.035138829999999996,0.038568738250425796,25.927734361104232
2023-10,nippon:QP,0.038186000000000005,0.03875748846927673,25.80146545854501
2023-10,nippon:SC,0.00768781,0.008295082272514685,120.55335524681256
2023-10,nippon:SE,0.02154974999999999,0.02278573363908512,43.88711005928143
2023-10,nippon:SH,0.019055879999999997,0.03795130491890726,26.349555097954013
2023-10,nippon:TS,0.02902253,0.030674496091398395,32.600372538162596
2023-10,ppfas:PPFCF,0.03252012999999999,0.06952917328326108,14.382452038168369
2023-10,ppfas:PPTSF,0.03921731000000001,0.05653170408607677,17.68918903412803
2023-10,sbi:SBAF,0.015229289999999996,0.03327699142744301,30.050793569496662
2023-10,sbi:SBFS,0.09357862,0.0978760807370966,10.217000849125583
2023-10,sbi:SBLUECHIP,0.03518409,0.03947392645785321,25.3331778653363
2023-10,sbi:SCF,0.009981910000000004,0.017816813765585058,56.12675830577514
2023-10,sbi:SCOF,0.02958904,0.031893187575192335,31.35465834646882
2023-10,sbi:SDYF,0.03329313,0.039309342751607114,25.439244973362374
2023-10,sbi:SEHF,0.027539150000000002,0.04680007683334722,21.367486287703137
2023-10,sbi:SEMVF,0.044866259999999984,0.04488421188938728,22.27954904197497
2023-10,sbi:SFEF,0.04556772999999999,0.0630250263865612,15.866712912844248
2023-10,sbi:SFLEXI,0.02593104999999999,0.031128916284960718,32.12447201328139
2023-10,sbi:SHOF,0.05609755999999999,0.0593028330565536,16.862600797610448
2023-10,sbi:SIF,0.03228794,0.03687009493107876,27.122251837683066
2023-10,sbi:SLMF,0.0167798,0.01898218870276169,52.6809640162576
2023-10,sbi:SLTEF,0.020358399999999995,0.023742238849833685,42.119027035523445
2023-10,sbi:SMAAF,0.00473815,0.029421884482210788,33.98830556229752
2023-10,sbi:SMCF,0.02911685,0.031196094332152487,32.055294786352235
2023-10,sbi:SMCOMMA,0.05414274999999999,0.05684989599905946,17.590181695610212
2023-10,sbi:SMEEF,0.037699840000000005,0.0411638163059631,24.293180024106203
2023-10,sbi:SMGLF,0.03898224000000001,0.05688738188958111,17.57859066077269
2023-10,sbi:SMIDCAP,0.019421380000000002,0.022678853492825425,44.09393977153013
2023-10,sbi:SPSU,0.05153132000000001,0.053964026970054396,18.53086317214462
2023-10,sbi:SSCF,0.015449300000000001,0.023899934407564178,41.84111901510099
2023-10,sbi:STAF-III,0.04740662,0.0524618223116993,19.06148044302674
2023-10,sbi:STOF,0.09560117000000001,0.1343034314851352,7.445826133717817
2023-10,uti:002,0.004636769999999998,0.03216135661208768,31.093215751482173
2023-10,uti:017,0.03660994999999999,0.0393545247149924,25.410038800927065
2023-10,uti:042,0.02812204,0.031055459171350268,32.20045771928352
2023-10,uti:049,0.02422786,0.02766616570078136,36.14523280223676
2023-10,uti:066,0.01767602,0.03710518270398318,26.950413045470647
2023-10,uti:101,0.035859989999999994,0.03950916340160505,25.310584024145022
2023-10,uti:118,0.04965900000000001,0.05095510213061056,19.62512011921303
2023-10,uti:125,0.030105649999999994,0.031048464890503186,32.207711509301404
2023-10,uti:160,0.013740830000000002,0.014869456063676562,67.25195566788904
2023-10,uti:161,0.044931270000000016,0.04998508110431448,20.005969339393243
2023-10,uti:162,0.06602651,0.07538057529070862,13.266017089196447
2023-10,uti:163,0.08215375,0.08604970098124964,11.621190876861982
2023-10,uti:190,0.026597370000000002,0.028484902403162912,35.10631652678444
2023-10,uti:193,0.029954579999999995,0.03037838890359403,32.9181380610244
2023-10,uti:251,0.038982569999999994,0.04000812179065163,24.99492491131293
2023-10,uti:322,0.012641249999999996,0.029456071231531863,33.94885869672698
2023-10,uti:751,0.013022509999999996,0.013946676923102298,71.7016681116006
2023-10,uti:753,0.042046160000000006,0.043336504419078055,23.075234456606736
2023-10,uti:773,0.015412839999999999,0.035969190841863743,27.80157063850661
2023-10,uti:775,0.01507851,0.05309663369643215,18.833585679221606
2023-11,absl:ABSLBCF,0.02946080568003937,0.03619210818109823,27.63033297193398
2023-11,absl:ABSLESG,0.03941332569132832,0.040389405505915806,24.758968038128977
2023-11,absl:ABSLMAAF,0.010908325841081312,0.02554482759188039,39.14686824184545
2023-11,absl:ABSLMCF,0.016874004414236404,0.01881695333095231,53.14356593291241
2023-11,absl:ABSLSO,0.02253785557510732,0.024198871618155274,41.324240889387056
2023-11,absl:ABSLTNLF,0.026775301862123388,0.13088540027005213,7.640271550048579
2023-11,absl:ADVG,0.018003186966941594,0.019216977983285963,52.03731829581913
2023-11,absl:BDYP,0.021898033902440227,0.028935194267352287,34.559989152321144
2023-11,absl:BINFRA,0.025557582184202912,0.030189052309615903,33.124590654390204
2023-11,absl:BSL95F,0.01493200248508147,0.02723003015833945,36.72416057511198
2023-11,absl:BSLBKFS,0.06989515999136785,0.07637982094930203,13.092463265444957
2023-11,absl:BSLDAAF,0.013114682205285548,0.02818219686803135,35.48339416840694
2023-11,absl:BSLEQTY,0.030887772651539858,0.03274588698930322,30.538186378236155
2023-11,absl:BSLFEF,0.03436412473214912,0.037124112296834696,26.936671024057397
2023-11,absl:BSLMFG,0.02835210529422914,0.032706208349914674,30.575234808672306
2023-11,absl:BSLNMF,0.08517039492376462,0.1040446035472429,9.6112625345911
2023-11,absl:BSLPHF,0.05608910055542785,0.06140796925915704,16.28453134119692
2023-11,absl:BSLR96,0.02861525163374435,0.03179827882845418,31.448243013240265
2023-11,absl:BSLTA1,0.011491772639454195,0.013451207148424519,74.34277005518614
2023-11,absl:BTOP100,0.045286038832982496,0.04962004735414516,20.15314481388664
2023-11,absl:GENNEXT,0.020013692006751082,0.021939378239256315,45.58014311502646
2023-11,absl:MIDCAP,0.016168591100167436,0.017825658440727477,56.0989095199554
2023-11,absl:MNC,0.028659586201780992,0.029065839045768704,34.404649335095534
2023-11,absl:PSUEQ,0.040987893678774416,0.04460333185757237,22.41984978147386
2023-11,absl:PURE,0.019129335586852553,0.02113466214394242,47.31563689967092
2023-11,axis:AXISBCF,0.022207940000000002,0.024857694686151975,40.2289919731411
2023-11,axis:AXISDEF,0.021079959999999995,0.03968743711750877,25.19689031667992
2023-11,axis:AXISEHF,0.017737330000000003,0.03057175249168418,32.70993379499621
2023-11,axis:AXISEQF,0.04373407,0.046090647471809174,21.696375617453384
2023-11,axis:AXISESG,0.02432764,0.03939815927158579,25.38189647660028
2023-11,axis:AXISF25,0.046742349999999995,0.059263432632459506,16.87381165046259
2023-11,axis:AXISGOF,0.01997848000000001,0.03321137392907614,30.110166539196157
2023-11,axis:AXISMCF,0.020623619999999985,0.023722495247591763,42.15408158218588
2023-11,axis:AXISMLC,0.023757020000000004,0.02591821672171197,38.582901390831
2023-11,axis:AXISMLF,0.03471901000000001,0.03782210122339139,26.439567545272755
2023-11,axis:AXISQUA,0.03132524,0.03399006076388889,29.420365175175032
2023-11,axis:AXISSCF,0.016266420000000007,0.020957533295282826,47.715539129076916
2023-11,axis:AXISSSF,0.02096403,0.03733905370712207,26.781610692219
2023-11,axis:AXISTAF,0.02110592999999999,0.037531661109066215,26.644171093147758
2023-11,axis:AXISTSF,0.04227271,0.043863421817176285,22.798038971241738
2023-11,axis:AXISVAL,0.01974140999999999,0.020652229278733492,48.42092282162216
2023-11,dsp:DAAF,0.011803860000000003,0.02640531212102318,37.87116756721946
2023-11,dsp:EQUITYOPPOR,0.019292149999999997,0.021016430195355512,47.5818200667111
2023-11,dsp:FOCUS,0.036102459999999996,0.03830692224492046,26.1049424332857
2023-11,dsp:Flexi Cap,0.028009980000000004,0.029598225516955942,33.785809200863405
2023-11,dsp:HEALTHCARE,0.059599410000000005,0.0774364975780261,12.913807200440411
2023-11,dsp:MIDCAP,0.022786400000000002,0.025646071339801717,38.9923270020714
2023-11,dsp:Multi Asset,0.00865029,0.05452680545595203,18.339603643346067
2023-11,dsp:NRNEF,0.04243926999999999,0.07722890989864364,12.948518907134837
2023-11,dsp:QUANT,0.029831490000000002,0.030077620886461882,33.24731047627859
2023-11,dsp:SMALLCAP,0.016808970000000003,0.018802605567690877,53.1841183606134
2023-11,dsp:TAX,0.024178589999999986,0.025450073375324622,39.29261755958473
2023-11,dsp:TIGER,0.019339750000000006,0.02117423280651695,47.227212864695744
2023-11,dsp:TOP100,0.04590900000000001,0.04726029664835977,21.15941013744581
2023-11,dsp:VALUE,0.012277490000000002,0.025366794016237534,39.42161549306902
2023-11,hdfc:HDFCBKGFSF,0.09870423000000002,0.09995975551681545,10.004026068588951
2023-11,hdfc:HDFCBUSICY,0.04204503999999999,0.044192570912690854,22.628237718408645
2023-11,hdfc:HDFCCB,0.034743830000000024,0.035143322065007226,28.454908108864192
2023-11,hdfc:HDFCCS,0.03958164,0.05729051357037058,17.454896765267932
2023-11,hdfc:HDFCDFNFND,0.10461718,0.10800311658609607,9.258992069944918
2023-11,hdfc:HDFCDIVYLD,0.022824909999999986,0.023936716629843834,41.77682409262511
2023-11,hdfc:HDFCEQ,0.04029583,0.05148349848917347,19.42369942497772
2023-11,hdfc:HDFCGR,0.014965150000000005,0.03344711645945719,29.897943555527327
2023-11,hdfc:HDFCHOF117,0.05339257000000001,0.054006489307265225,18.516293371905494
2023-11,hdfc:HDFCLARGEF,0.012153280000000008,0.013517413582306365,73.97864938518647
2023-11,hdfc:HDFCMNCFND,0.04365403,0.04739727274668787,21.09826034389036
2023-11,hdfc:HDFCMULCAP,0.011086890000000005,0.01209800113220606,82.6582828908738
2023-11,hdfc:HDFCNCCFND,0.025671869999999996,0.02857146164188953,34.999959488732216
2023-11,hdfc:HDFCPHARHC,0.04338069,0.04692430817357501,21.31091621640872
2023-11,hdfc:HDFCPM,0.023554569999999997,0.053666517621929505,18.63359212246286
2023-11,hdfc:HDFCSMALLF,0.017339200000000006,0.02021247532367216,49.47439558918517
2023-11,hdfc:HDFCT2,0.04200948000000001,0.04496283889353188,22.240588552869486
2023-11,hdfc:HDFCTECHFD,0.10887219000000001,0.13337076590483601,7.497895008817221
2023-11,hdfc:HDFCTRALFD,0.04322257,0.05109968386876656,19.569592691966257
2023-11,hdfc:HDFCTS,0.04425206000000001,0.04980565107665915,20.078042920487764
2023-11,hdfc:HDINFG,0.030206979999999998,0.03769356037282747,26.52973054572154
2023-11,hdfc:MIDCAP,0.019711699999999995,0.022327395460619195,44.788027415189944
2023-11,hdfc:MY2005,0.012959909999999998,0.029350264205167943,34.07124355030241
2023-11,icici:BAF,0.013987015742354449,0.03086149498776255,32.402837270084554
2023-11,icici:BANFIN SERVICES,0.10187445064556457,0.11967722837567438,8.355808482303223
2023-11,icici:BCYCLE,0.028034606027411806,0.039442604999645955,25.353294996843545
2023-11,icici:BHACON,0.034363154496367315,0.04822535767920817,20.735978914908888
2023-11,icici:BLUECHIP,0.03352340366686869,0.04153871422236466,24.073927629218595
2023-11,icici:COMFUND,0.04757435016495613,0.05219113266837683,19.160342933233768
2023-11,icici:DISCO,0.0313770695646835,0.046465858500237996,21.52117774806373
2023-11,icici:DIVYLD,0.03339665322351803,0.0404715406538569,24.708720840472896
2023-11,icici:E&DF,0.023631003642731074,0.053181660808955256,18.80347444567978
2023-11,icici:ESGFUND,0.032601087915661395,0.04242547417340823,23.57074421637903
2023-11,icici:EXPORTS,0.035292643490182456,0.049409930729260636,20.238846427036144
2023-11,icici:FLEXCAP,0.041130166810086875,0.044410292127966176,22.517302906239546
2023-11,icici:FMCG,0.12222152763318281,0.1756373211282717,5.693550741813458
2023-11,icici:FOCUSED,0.038161476080927584,0.042171652614933545,23.712611149743907
2023-11,icici:HOUSING,0.04602409569348449,0.06021313213593522,16.60767285353023
2023-11,icici:INDOPP,0.024777025398851057,0.03651113803490414,27.388902505422152
2023-11,icici:INFRA,0.0252998442257244,0.030435987449074806,32.85584217279594
2023-11,icici:INNOVA,0.01582079371945326,0.02202479756459108,45.4033685016785
2023-11,icici:LARGE & MIDCAP,0.021505890565288528,0.0250282586146225,39.954837266055755
2023-11,icici:LTEF,0.03242746853118955,0.03637149976789886,27.49405458618428
2023-11,icici:MGFINDIA,0.026192162231933363,0.033614466031900464,29.749096685069755
2023-11,icici:MIDCAP,0.01840222843233406,0.020401247778149334,49.016609713012045
2023-11,icici:MNCFUND,0.03010770300387821,0.0423346055408745,23.621337372199903
2023-11,icici:MULTI,0.0157874364307056,0.03586862397034679,27.879519460426394
2023-11,icici:MULTICAP,0.01506376458978878,0.017912302451755065,55.82755219176298
2023-11,icici:PHARMA,0.05668903459102423,0.06636168719539767,15.068935740822337
2023-11,icici:PSUEQU,0.06462377389081785,0.07548350970343708,13.247926652176666
2023-11,icici:QUANT,0.025576697495765646,0.03356992781017455,29.78856569649562
2023-11,icici:SMALL,0.012854058340745518,0.016695880828009328,59.89501304551605
2023-11,icici:TECH,0.09952982294397265,0.12084416798515889,8.27512007135348
2023-11,icici:TRANSPO,0.049664632386906805,0.05902644183999213,16.941559898033205
2023-11,kotak:BAL,0.012297000000000002,0.025517020020433538,39.18952915345206
2023-11,kotak:BFS,0.08532541999999996,0.09320433269062986,10.729114957769912
2023-11,kotak:CMP,0.02101087,0.08489026034696097,11.77991439669085
2023-11,kotak:CON,0.019416969999999992,0.02075195820523295,48.188223497281015
2023-11,kotak:ELS,0.024766500000000007,0.02545414473827017,39.286332747865046
2023-11,kotak:EME,0.018170139999999998,0.02074876212948214,48.19564626359513
2023-11,kotak:ESG,0.03376352,0.03529961818493564,28.3289183118348
2023-11,kotak:K30,0.028843099999999997,0.030056913589283443,33.27021575350778
2023-11,kotak:KBA,0.014115669999999999,0.029485930364159953,33.914480148657496
2023-11,kotak:KBC,0.02417041000000001,0.02500855651642864,39.98631425780529
2023-11,kotak:KFE,0.03663068,0.038931533638006166,25.686118849008533
2023-11,kotak:KIE,0.024869660000000002,0.028074110886284392,35.62000606361322
2023-11,kotak:KMI,0.025074749999999996,0.026199469926412665,38.16871115365058
2023-11,kotak:KOP,0.020491030000000007,0.021701981238335853,46.078742259417865
2023-11,kotak:KPF,0.019298839999999987,0.035090678308307977,28.497596746747487
2023-11,kotak:KQT,0.027209699999999993,0.02903842377569838,34.43713087612138
2023-11,kotak:MAF,0.01669303,0.03427273612539251,29.17771129627158
2023-11,kotak:MID,0.017417679999999994,0.019611903718714057,50.98944061436426
2023-11,kotak:MUC,0.02085537999999999,0.02227544496246384,44.89248146041937
2023-11,kotak:SEF,0.032419880000000005,0.032918337364778436,30.3782049779333
2023-11,mirae:MABAF,0.010676400000000003,0.023755097943165066,42.09622719268665
2023-11,mirae:MABFF,0.10257941,0.10670014284150318,9.372058681171978
2023-11,mirae:MAEBF,0.019787489999999998,0.020217836971025138,49.46127528049284
2023-11,mirae:MAFCF,0.023703420000000003,0.026110038661074763,38.2994453964871
2023-11,mirae:MAFF,0.04670596,0.04877102467774608,20.503977650818026
2023-11,mirae:MAHCF,0.06608773,0.06665977149568798,15.001551573945719
2023-11,mirae:MAIPF,0.017039159999999998,0.03222110577394375,31.035558090891787
2023-11,mirae:MAMCF,0.017205050000000003,0.018281967388146487,54.698708228107435
2023-11,mirae:MAMPF,0.016776109999999997,0.01707875910353431,58.55226330776328
2023-11,mirae:MATSF,0.02950166,0.030198194646732512,33.11456236699903
2023-11,mirae:MICCF,0.03149244,0.03351199478968761,29.840061932324076
2023-11,mirae:MIIOF,0.042709960000000026,0.043878011985376,22.790458244400128
2023-11,nippon:BF,0.07389864999999998,0.07724493051545225,12.94583338125934
2023-11,nippon:EA,0.03647291000000002,0.03707102843039715,26.97524299541767
2023-11,nippon:EO,0.019073950000000003,0.019711301327631055,50.732317637405934
2023-11,nippon:GF,0.01480469,0.015737849915511862,63.54108123844538
2023-11,nippon:GS,0.020100420000000004,0.02106656997627514,47.46857229848928
2023-11,nippon:IT,0.028903599999999998,0.033577101382456155,29.78220152506953
2023-11,nippon:LC,0.023322069999999997,0.02479209205860182,40.33544235138647
2023-11,nippon:LE,0.039957950000000006,0.04528919011145713,22.080324190805587
2023-11,nippon:ME,0.03699880999999999,0.03875339271989494,25.804192351051295
2023-11,nippon:MF,0.006666779999999998,0.026774109340926323,37.34951505824404
2023-11,nippon:NE,0.01618641,0.035578417640170557,28.10692735449058
2023-11,nippon:PH,0.05211517999999998,0.05266143495836571,18.98922809054867
2023-11,nippon:PS,0.03372697,0.0367720931412097,27.194535708366335
2023-11,nippon:QP,0.037062780000000003,0.03821570817118826,26.167250271026614
2023-11,nippon:SC,0.007656500000000004,0.008263015590480618,121.02119245085862
2023-11,nippon:SE,0.02146427,0.02224476564106605,44.954395840156685
2023-11,nippon:SH,0.019456069999999985,0.03700490638482783,27.02344358341639
2023-11,nippon:TS,0.02843670999999998,0.029932115812081116,33.40893127228857
2023-11,ppfas:PPFCF,0.031708139999999996,0.06636869956436471,15.067343590636348
2023-11,ppfas:PPTSF,0.03846409999999999,0.054590572057863364,18.318181369120815
2023-11,sbi:SBAF,0.015633360000000006,0.03255261333183414,30.71949983880622
2023-11,sbi:SBFS,0.08803491999999999,0.09516679169649721,10.507867105462239
2023-11,sbi:SBLUECHIP,0.03531275000000002,0.03884097695433353,25.746005338015294
2023-11,sbi:SCF,0.01013812,0.01782314627232729,56.10681664845155
2023-11,sbi:SCOF,0.029161670000000004,0.03153066707794028,31.71515520201688
2023-11,sbi:SDYF,0.03377576,0.03950911956408274,25.310612107618006
2023-11,sbi:SEHF,0.02657245,0.04572774223233956,21.868562740733356
2023-11,sbi:SEMVF,0.04373670000000002,0.04384185732530621,22.809252641374393
2023-11,sbi:SFEF,0.04318374999999999,0.06078105658113782,16.45249451471908
2023-11,sbi:SFLEXI,0.02550719999999999,0.029901635211679455,33.442987078158325
2023-11,sbi:SHOF,0.05614828,0.05928328441863816,16.868161233077846
2023-11,sbi:SIF,0.03185775000000001,0.03704883706058049,26.991400522635775
2023-11,sbi:SLMF,0.016053689999999995,0.018726072661387795,53.40148028272628
2023-11,sbi:SLTEF,0.02015924,0.02424794730260526,41.24060430849573
2023-11,sbi:SMAAF,0.005998900000000001,0.03048516482488955,32.80284052076215
2023-11,sbi:SMCF,0.028302320000000002,0.03159894432896578,31.646626848965038
2023-11,sbi:SMCOMMA,0.04852074000000001,0.05692929742527684,17.56564800949038
2023-11,sbi:SMEEF,0.03749824,0.0406373818431632,24.607884530047283
2023-11,sbi:SMGLF,0.03770039,0.0595751953260029,16.785509380672195
2023-11,sbi:SMIDCAP,0.018569360000000004,0.022345408725450006,44.751922521831666
2023-11,sbi:SPSU,0.04857741,0.05322979582392068,18.786470707269082
2023-11,sbi:SSCF,0.01602633,0.02370137275684013,42.19164899262654
2023-11,sbi:STAF-III,0.040150200000000004,0.05950840580576235,16.80434867074136
2023-11,sbi:STOF,0.09464743999999999,0.12850849911536508,7.781586485593273
2023-11,uti:002,0.0048001300000000005,0.03144605552345159,31.800490820040306
2023-11,uti:017,0.03530993999999999,0.039456150074420375,25.34459135302978
2023-11,uti:042,0.02789891999999999,0.030500591144017156,32.78624979031447
2023-11,uti:049,0.024230839999999997,0.02839308313633069,35.21984545314977
2023-11,uti:066,0.017559579999999995,0.03735704419231285,26.768713146897607
2023-11,uti:101,0.035643360000000006,0.03796042647138699,26.3432235344816
2023-11,uti:118,0.04884287,0.05055714080188251,19.779599560795667
2023-11,uti:125,0.029663440000000003,0.030698310753822095,32.575082323560586
2023-11,uti:160,0.013692019999999997,0.014739870939549336,67.84319917733109
2023-11,uti:161,0.04532969999999999,0.05069532571912014,19.725684485006518
2023-11,uti:162,0.06516081,0.07493570427445038,13.344773491919444
2023-11,uti:163,0.07830859999999996,0.08022238522185247,12.46534863348343
2023-11,uti:190,0.02644072,0.028159550822664643,35.51193008359831
2023-11,uti:193,0.029471219999999996,0.030686401499375245,32.587724566543244
2023-11,uti:251,0.03791431000000001,0.03830401466213239,26.106924008375728
2023-11,uti:322,0.012480529999999997,0.028078384591344898,35.61458447678104
2023-11,uti:751,0.01287863,0.013884393080908133,72.02331381521167
2023-11,uti:753,0.04152874,0.042578130831217566,23.486235315591095
2023-11,uti:773,0.01557354,0.03553623095809641,28.14029437109353
2023-11,uti:775,0.030804290000000005,0.04657036681559098,21.472882186214964
2023-12,absl:ABSLBCF,0.029771137503766906,0.033904321490881226,29.494765151662335
2023-12,absl:ABSLESG,0.0390028850833179,0.040475683386220596,24.706191874710548
2023-12,absl:ABSLMAAF,0.01277494969187786,0.028664642841482263,34.886183844329715
2023-12,absl:ABSLMCF,0.019515483855592496,0.020250136263431532,49.38238375244112
2023-12,absl:ABSLSO,0.022370465127279394,0.02422746341785748,41.2754724979968
2023-12,absl:ABSLTNLF,0.05386487666672508,0.0718265825493464,13.922422096484663
2023-12,absl:ADVG,0.018757160223889364,0.019319077505782694,51.76230592276854
2023-12,absl:BDYP,0.02280960747715794,0.027377042255721698,36.526955346719525
2023-12,absl:BINFRA,0.026474408087066942,0.030006693695552752,33.325897552925284
2023-12,absl:BSL95F,0.015700612875273228,0.02736708116132422,36.54025046022163
2023-12,absl:BSLBKFS,0.0746924216116583,0.07844815851840453,12.747271814741099
2023-12,absl:BSLDAAF,0.012787315412156532,0.02501301817363036,39.97918176280848
2023-12,absl:BSLEQTY,0.02858632101252767,0.030412384096356878,32.8813419175444
2023-12,absl:BSLFEF,0.035245117214447265,0.03681118506484916,27.165656260137514
2023-12,absl:BSLMFG,0.030447560282911106,0.03214071048241488,31.11318900517551
2023-12,absl:BSLNMF,0.08605867991721995,0.10379964819420752,9.633944020012628
2023-12,absl:BSLPHF,0.05661865678842016,0.06195941900302065,16.139596143586303
2023-12,absl:BSLR96,0.029915253464497252,0.031424991954433344,31.821806078741826
2023-12,absl:BSLTA1,0.012055972723295188,0.013209945818262741,75.70053759172129
2023-12,absl:BTOP100,0.0462135183704024,0.04829701889826845,20.705211684107734
2023-12,absl:GENNEXT,0.02032495592184175,0.022104680105134885,45.23928847844767
2023-12,absl:MIDCAP,0.01636009046438521,0.017741316917004778,56.36560153217913
2023-12,absl:MNC,0.027633913046754204,0.02796858569717953,35.754399983866335
2023-12,absl:PSUEQ,0.03503263604250526,0.04216303116747046,23.717459876829682
2023-12,absl:PURE,0.018640483164016168,0.019540332411538644,51.17620206959714
2023-12,axis:AXISBCF,0.02231111,0.024173837366968844,41.36703597445398
2023-12,axis:AXISDEF,0.019784940000000018,0.03672337755867227,27.23061075747508
2023-12,axis:AXISEHF,0.01760902000000001,0.030957232620282344,32.30262899354986
2023-12,axis:AXISEQF,0.04373660000000001,0.04606493558580786,21.708485799079025
2023-12,axis:AXISESG,0.021992119999999997,0.03715033485458777,26.917657779240933
2023-12,axis:AXISF25,0.05035563000000002,0.05487918931651402,18.221843515809447
2023-12,axis:AXISGOF,0.019032190000000004,0.029597043970314874,33.787157967632716
2023-12,axis:AXISIMF,0.010250699999999995,0.02883829500061945,34.676113826372884
2023-12,axis:AXISMCF,0.02132221,0.02348213402413283,42.585567349725956
2023-12,axis:AXISMLC,0.023526390000000005,0.0244515178226067,40.89725665518596
2023-12,axis:AXISMLF,0.03614501000000001,0.03755102514893634,26.630431420547403
2023-12,axis:AXISQUA,0.03329877000000001,0.03414711232174332,29.28505317163366
2023-12,axis:AXISSCF,0.016392669999999998,0.01983473400333646,50.416607544713585
2023-12,axis:AXISSSF,0.02061144,0.03602510821808666,27.758417655437963
2023-12,axis:AXISTAF,0.02023278,0.03629774021909413,27.549924429564303
2023-12,axis:AXISTSF,0.04070327,0.04138745049678185,24.161913526849318
2023-12,axis:AXISVAL,0.018721909999999998,0.020679144498729637,48.35789991512618
2023-12,dsp:Banking and Financial Services,0.03986563,0.1149517330015486,8.699303384895714
2023-12,dsp:DAAF,0.01015672,0.022788766787013484,43.88126875605506
2023-12,dsp:EQUITYOPPOR,0.020273799999999998,0.021852554400613667,45.76124061596743
2023-12,dsp:FOCUS,0.03547732000000001,0.038002900007416913,26.313781311553406
2023-12,dsp:Flexi Cap,0.026652259999999997,0.03021467126323029,33.09650438649481
2023-12,dsp:HEALTHCARE,0.05768527999999999,0.07745392195432407,12.910902053348796
2023-12,dsp:MIDCAP,0.022955560000000007,0.025532185429237915,39.16625166190672
2023-12,dsp:Multi Asset,0.00889702,0.05355206426281418,18.673416492263705
2023-12,dsp:NRNEF,0.04437378,0.07735276179003554,12.927786634359297
2023-12,dsp:QUANT,0.030115189999999997,0.030327108250678664,32.97379993285782
2023-12,dsp:SMALLCAP,0.017201639999999994,0.01918904476047124,52.113068288837646
2023-12,dsp:TAX,0.02516543999999999,0.026505132373995967,37.72854200045778
2023-12,dsp:TIGER,0.020363310000000003,0.02128540191214069,46.98055522407701
2023-12,dsp:TOP100,0.04504553000000003,0.04931834895037132,20.276428981965562
2023-12,dsp:VALUE,0.013035390000000003,0.025306852667407117,39.514988811228484
2023-12,hdfc:HDFCBKGFSF,0.101038,0.10226145606030553,9.77885548011639
2023-12,hdfc:HDFCBUSICY,0.04170583999999999,0.043782165412523534,22.84035041615274
2023-12,hdfc:HDFCCB,0.03394453999999999,0.035100194239217467,28.489870830478182
2023-12,hdfc:HDFCCS,0.03999480999999999,0.05790246774844732,17.270421087136057
2023-12,hdfc:HDFCDFNFND,0.10755568000000001,0.11009507126045374,9.083058746874174
2023-12,hdfc:HDFCDIVYLD,0.02352064999999999,0.024485475428947478,40.840538420494354
2023-12,hdfc:HDFCEQ,0.0414785,0.05286298596133642,18.916827754137692
2023-12,hdfc:HDFCGR,0.015732200000000002,0.03331372199582318,30.01766059419534
2023-12,hdfc:HDFCHOF117,0.055573429999999986,0.05558454635342519,17.990611880533567
2023-12,hdfc:HDFCLARGEF,0.011548800000000001,0.013109187060135401,76.28238085342198
2023-12,hdfc:HDFCMNCFND,0.04506304,0.046959442617139774,21.29497166635894
2023-12,hdfc:HDFCMULCAP,0.010909210000000011,0.011639996819948793,85.91067639178266
2023-12,hdfc:HDFCNCCFND,0.02781819,0.028240204556846383,35.410508375994254
2023-12,hdfc:HDFCPHARHC,0.04314393,0.04433283693778835,22.55664354174505
2023-12,hdfc:HDFCPM,0.024838769999999993,0.052490349824297594,19.051120888836287
2023-12,hdfc:HDFCSMALLF,0.017033050000000008,0.020654993846386957,48.41444192320219
2023-12,hdfc:HDFCT2,0.04375375000000001,0.04571631052324664,21.87403114018797
2023-12,hdfc:HDFCTECHFD,0.10991594,0.12546106819343997,7.9706000785691336
2023-12,hdfc:HDFCTRALFD,0.041134889999999986,0.04858925932229689,20.58068005043894
2023-12,hdfc:HDFCTS,0.04500783,0.052228959449748286,19.146466070459297
2023-12,hdfc:HDINFG,0.03210757000000001,0.037843724610681966,26.424460337546552
2023-12,hdfc:MIDCAP,0.01887073000000001,0.021720193246763712,46.040106026634874
2023-12,hdfc:MY2005,0.0129997,0.02950250100742017,33.89543143303309
2023-12,icici:BAF,0.01434126268368554,0.03149372950868126,31.752352471445132
2023-12,icici:BANFIN SERVICES,0.10124108173480208,0.11703783479482995,8.544245557456042
2023-12,icici:BCYCLE,0.027583938585416638,0.039963288268178805,25.022965910346787
2023-12,icici:BHACON,0.0377008304237899,0.04517885649890852,22.134247687835106
2023-12,icici:BLUECHIP,0.03424838822091532,0.04193990682438439,23.84363904734732
2023-12,icici:COMFUND,0.0484668732806226,0.054880737026803704,18.221329635416538
2023-12,icici:DISCO,0.0334657648699784,0.045065559486770636,22.189894264899966
2023-12,icici:DIVYLD,0.032570258977218276,0.040240177393622144,24.850785080249043
2023-12,icici:E&DF,0.024977784031460854,0.05229536071293126,19.122155127476276
2023-12,icici:ESGFUND,0.033892390936189766,0.041374750040043935,24.169330304888003
2023-12,icici:EXPORTS,0.038328868592075384,0.04865623203469814,20.55235184029194
2023-12,icici:FLEXCAP,0.04024969249147055,0.042348364702306594,23.613662700546566
2023-12,icici:FMCG,0.12057461757347332,0.16008928239763276,6.2465143513866295
2023-12,icici:FOCUSED,0.041042269509969476,0.04259001604967601,23.47968121997473
2023-12,icici:HOUSING,0.046837004744627916,0.05925893720611502,16.875091710163314
2023-12,icici:INDOPP,0.028215325841214386,0.03355656235325999,29.800430374026405
2023-12,icici:INFRA,0.026799108599117487,0.03184487628903625,31.40222593184594
2023-12,icici:INNOVA,0.01578133491997337,0.02215845010997201,45.1295101885293
2023-12,icici:LARGE & MIDCAP,0.022175904039639413,0.024592821262150028,40.66227251198161
2023-12,icici:LTEF,0.03323713553618316,0.035174704849823095,28.429520710108513
2023-12,icici:MGFINDIA,0.024271067834676564,0.030558292687052232,32.72434131844372
2023-12,icici:MIDCAP,0.017874956200668552,0.01933326271013527,51.724326876071466
2023-12,icici:MNCFUND,0.03075939536591298,0.03909046323503002,25.581687123724667
2023-12,icici:MULTI,0.015677804997046584,0.03622735568773062,27.603449962501053
2023-12,icici:MULTICAP,0.01688918573991943,0.018742227949924382,53.35544966541902
2023-12,icici:PHARMA,0.054827730649866686,0.06107303641083675,16.37383792862411
2023-12,icici:PSUEQU,0.06332278061527837,0.07559888970682167,13.227707495150751
2023-12,icici:QUANT,0.024969796572976453,0.0315082154871448,31.737754250411136
2023-12,icici:SMALL,0.013842251525148662,0.016255262092756052,61.518540537444615
2023-12,icici:TECH,0.09816451476814718,0.11744526543717404,8.514604622652397
2023-12,icici:TRANSPO,0.051828276514756945,0.05511786901937358,18.142936542929597
2023-12,kotak:BAL,0.012802749999999996,0.025971995503509215,38.50300990021674
2023-12,kotak:BFS,0.09168596999999999,0.10101608980829782,9.899413072687125
2023-12,kotak:CMP,0.050413879999999994,0.05175065106773053,19.323428389165848
2023-12,kotak:CON,0.019800540000000005,0.021324725616422846,46.89392107487978
2023-12,kotak:ELS,0.025360260000000003,0.025917045212435028,38.5846454255595
2023-12,kotak:EME,0.018389849999999992,0.02064953501842175,48.42724057020584
2023-12,kotak:ESG,0.03276193000000001,0.0340502268005416,29.36838000691655
2023-12,kotak:HLC,0.025398929999999997,0.060171340609270915,16.619207580791787
2023-12,kotak:K30,0.0293275,0.030462108761719908,32.827668229477474
2023-12,kotak:KBA,0.01656022,0.030208786641530955,33.10295153083715
2023-12,kotak:KBC,0.022892229999999993,0.023314625499961633,42.89153175553455
2023-12,kotak:KFE,0.037827929999999996,0.03968679227970229,25.197299720074568
2023-12,kotak:KIE,0.024934759999999993,0.026954771026339874,37.09918362959983
2023-12,kotak:KMI,0.02432735999999999,0.024972422649458148,40.0441724872736
2023-12,kotak:KOP,0.021259729999999994,0.02185443979045417,45.75729277841253
2023-12,kotak:KPF,0.01821594,0.03422015217422668,29.222546846333493
2023-12,kotak:KQT,0.029011,0.029338673077682325,34.08470442246045
2023-12,kotak:MAF,0.016715700000000003,0.037776358138234864,26.471583002805733
2023-12,kotak:MID,0.01695558,0.018684930893356207,53.51906334079992
2023-12,kotak:MUC,0.020288440000000005,0.021004790744310498,47.608186730965976
2023-12,kotak:SEF,0.03286759000000001,0.03329907103773927,30.03086779407921
2023-12,mirae:MABAF,0.010931710000000002,0.024593888049710348,40.66050874016959
2023-12,mirae:MABFF,0.10398107000000001,0.10492325459545354,9.53077564983703
2023-12,mirae:MAEBF,0.01926968,0.019740612040846442,50.65699067135518
2023-12,mirae:MAFCF,0.023997799999999996,0.027842047238920205,35.91689904907951
2023-12,mirae:MAFF,0.046036060000000004,0.050161108956115086,19.935763399387348
2023-12,mirae:MAHCF,0.06429313,0.06684858494964854,14.95917977550634
2023-12,mirae:MAIPF,0.017571249999999986,0.033605157468169,29.757337127409855
2023-12,mirae:MAMCF,0.0169686,0.017733346303327898,56.39093619980436
2023-12,mirae:MAMPF,0.016493940000000006,0.01705548220037741,58.632173998450284
2023-12,mirae:MATSF,0.028663909999999987,0.029633756163272535,33.7453002748055
2023-12,mirae:MICCF,0.031049929999999996,0.03193145497180097,31.317082196320566
2023-12,mirae:MIIOF,0.042477699999999986,0.0456337757384993,21.91359325010536
2023-12,nippon:BF,0.07442368,0.07717704837793107,12.95722006759139
2023-12,nippon:EA,0.037311980000000015,0.038566591325059164,25.92917770646317
2023-12,nippon:EO,0.019757959999999988,0.02022444573974328,49.44511275455569
2023-12,nippon:GF,0.01409353000000001,0.014481902028114486,69.05170315740618
2023-12,nippon:GS,0.021262669999999994,0.022017899588597605,45.417592898728145
2023-12,nippon:IT,0.028915320000000005,0.03175770999252674,31.488416521069087
2023-12,nippon:LC,0.0227119,0.023504251833561175,42.54549377198738
2023-12,nippon:LE,0.042893959999999995,0.047708552547370366,20.960602378516693
2023-12,nippon:ME,0.035504480000000005,0.03878294845695239,25.78452747371599
2023-12,nippon:MF,0.006511939999999999,0.024957932924477306,40.06742076861892
2023-12,nippon:NE,0.017158709999999997,0.03508791625479742,28.499840022938788
2023-12,nippon:PH,0.05067282,0.052185513119101294,19.16240619724736
2023-12,nippon:PS,0.031369770000000005,0.03561580629037425,28.077421351830132
2023-12,nippon:QP,0.03705672999999998,0.038687255044139356,25.848305827308565
2023-12,nippon:SC,0.007460200000000002,0.008024467386491574,124.61886276507332
2023-12,nippon:SE,0.02074259,0.02164643223210059,46.196989382714506
2023-12,nippon:SH,0.018540660000000007,0.03554759484792192,28.131298454316074
2023-12,nippon:TS,0.028879340000000003,0.030106971011453456,33.21489895544705
2023-12,ppfas:PPFCF,0.03208517,0.0663300120265794,15.076131745600852
2023-12,ppfas:PPTSF,0.03825889,0.05324122010318212,18.78243958462988
2023-12,sbi:SBAF,0.01539674,0.03106586550878103,32.189671320032645
2023-12,sbi:SBFS,0.09103637,0.10110532719822535,9.890675671712307
2023-12,sbi:SBLUECHIP,0.036298169999999984,0.03944353600809704,25.3526965684496
2023-12,sbi:SCF,0.012137830000000004,0.01821551513299352,54.8982552894545
2023-12,sbi:SCOF,0.02822412,0.030663447539848943,32.61211899609271
2023-12,sbi:SDYF,0.03337375999999999,0.03873664560382687,25.81534834552654
2023-12,sbi:SEHF,0.02859122,0.04767624014966532,20.97480835025578
2023-12,sbi:SEMVF,0.04340545999999998,0.043370756455514525,23.057010800023793
2023-12,sbi:SFEF,0.04420045000000001,0.06099039191709466,16.39602515359006
2023-12,sbi:SFLEXI,0.02683723,0.02996953523519787,33.367217481088765
2023-12,sbi:SHOF,0.05718961000000001,0.059438476034059065,16.824119101354253
2023-12,sbi:SIF,0.03235738,0.03794841215725388,26.351563692734086
2023-12,sbi:SLMF,0.01690885,0.0193539487241601,51.66904254281044
2023-12,sbi:SLTEF,0.020297600000000002,0.023257603580416963,42.996691234431644
2023-12,sbi:SMAAF,0.006528019999999999,0.029602289381807423,33.78117101356919
2023-12,sbi:SMCF,0.029040840000000002,0.031211501286104507,32.039471310058524
2023-12,sbi:SMCOMMA,0.05078917,0.05523628711205866,18.104040881156358
2023-12,sbi:SMEEF,0.03703736,0.04154435595623641,24.07065838385889
2023-12,sbi:SMGLF,0.03440074,0.05683404814929848,17.595086617322774
2023-12,sbi:SMIDCAP,0.018167419999999997,0.021159659010200425,47.2597407887306
2023-12,sbi:SPSU,0.05333353999999999,0.05675372611952567,17.619988472544676
2023-12,sbi:SSCF,0.016554509999999998,0.023059076902856038,43.36687041778947
2023-12,sbi:STAF-III,0.04130944999999999,0.059547521320523586,16.79331024741312
2023-12,sbi:STOF,0.09735603000000004,0.1275959933276737,7.837236686828744
2023-12,uti:002,0.00486697,0.03181874435674711,31.428015788057074
2023-12,uti:017,0.03698751,0.03859921199084315,25.90726464149654
2023-12,uti:042,0.028279769999999996,0.030704701763012515,32.568302005285055
2023-12,uti:049,0.025390259999999994,0.02880852256976562,34.71195017301909
2023-12,uti:066,0.018861320000000004,0.03825167287641617,26.142647492328205
2023-12,uti:101,0.034752750000000006,0.03732712691586191,26.790167972318727
2023-12,uti:118,0.04904629000000002,0.05058226655376773,19.76977443146056
2023-12,uti:125,0.029862639999999996,0.030691779655052428,32.58201418226922
2023-12,uti:160,0.013390460000000003,0.01424916664925043,70.17954274909154
2023-12,uti:161,0.04731343999999999,0.052051617544557685,19.21169883229798
2023-12,uti:162,0.06515243,0.07300334965869379,13.698001594107845
2023-12,uti:163,0.07253106999999999,0.0760952425605775,13.141426012328239
2023-12,uti:190,0.024409240000000002,0.027217880284430673,36.74055398693284
2023-12,uti:193,0.029118000000000005,0.03038058680711697,32.91575657668796
2023-12,uti:251,0.035349000000000005,0.03612508827647531,27.681593255820527
2023-12,uti:322,0.012870760000000002,0.02940445938101764,34.00844705363162
2023-12,uti:751,0.012609179999999996,0.013625005943093252,73.3944633988888
2023-12,uti:753,0.04269335000000002,0.043727881268934156,22.868704610905436
2023-12,uti:773,0.016814289999999996,0.03744547100118317,26.705499310408
2023-12,uti:775,0.032761149999999996,0.04499410805257898,22.225132206897516
2024-01,absl:ABSLBCF,0.02862681576653542,0.03444870644533701,29.028666187707035
2024-01,absl:ABSLESG,0.036978521281241426,0.03915353235509693,25.54047974345339
2024-01,absl:ABSLMAAF,0.011679701303031085,0.02721380033252525,36.74606221038614
2024-01,absl:ABSLMCF,0.019043049185844527,0.020304079849045056,49.25118534967898
2024-01,absl:ABSLSO,0.022867377809907895,0.025177950229370957,39.717291951489564
2024-01,absl:ABSLTNLF,0.05404089604698529,0.06769541869907716,14.77204837812211
2024-01,absl:ADVG,0.01801983112421394,0.01856918193213445,53.852668558838026
2024-01,absl:BDYP,0.022643901972854673,0.026874079444976422,37.21057690729311
2024-01,absl:BINFRA,0.027021116757972023,0.030329290401340227,32.97142751337864
2024-01,absl:BSL95F,0.015549936189116972,0.027086251181536274,36.91909940943264
2024-01,absl:BSLBKFS,0.06896255802421952,0.07204677723902436,13.879871360274349
2024-01,absl:BSLDAAF,0.011577921550616186,0.024596724511711382,40.6558198236462
2024-01,absl:BSLEQTY,0.02819636698996033,0.02979259080909741,33.56539236240716
2024-01,absl:BSLFEF,0.03355486557244176,0.035305399895146965,28.324279089597812
2024-01,absl:BSLMFG,0.028702126286781874,0.03024016282219686,33.068605016437964
2024-01,absl:BSLNMF,0.09515669326076749,0.1146226317988969,8.724280574489686
2024-01,absl:BSLPHF,0.0587035475025056,0.062372347451906486,16.032745933942458
2024-01,absl:BSLR96,0.028706016056215082,0.029654145562409064,33.722097906865514
2024-01,absl:BSLTA1,0.012442194174018534,0.013570739746384328,73.68795059727171
2024-01,absl:BTOP100,0.04424761996231906,0.04777573067360053,20.931129380980263
2024-01,absl:GENNEXT,0.019363310008523316,0.021866230904501044,45.732618683458405
2024-01,absl:MIDCAP,0.01652039761713053,0.017046368901035742,58.66351982674971
2024-01,absl:MNC,0.02684800209412829,0.027245007797555447,36.703971877362605
2024-01,absl:PSUEQ,0.0349106077288923,0.039990436036185274,25.005978906935443
2024-01,absl:PURE,0.0188316659375971,0.01930867026277022,51.790205456464705
2024-01,axis:AXISBCF,0.021827139999999995,0.023410048845144544,42.71669856884596
2024-01,axis:AXISDEF,0.01802339000000001,0.03694057569933321,27.07050393960293
2024-01,axis:AXISEHF,0.016811580000000003,0.0303386186264571,32.961289777641355
2024-01,axis:AXISEQF,0.03933781999999999,0.041077108574338994,24.34445935234846
2024-01,axis:AXISESG,0.01996998,0.03410575808244085,29.320562163807878
2024-01,axis:AXISF25,0.04941249,0.0539188500981899,18.546389586924274
2024-01,axis:AXISGOF,0.014583309999999997,0.023853586224497535,41.922417475868016
2024-01,axis:AXISIMF,0.025050539999999996,0.02871595999798248,34.82384012480369
2024-01,axis:AXISMCF,0.01990105,0.022083557130238463,45.28255996542899
2024-01,axis:AXISMLC,0.022126469999999992,0.022763885894057825,43.929230916635156
2024-01,axis:AXISMLF,0.032604339999999996,0.03594484704174039,27.820399370145203
2024-01,axis:AXISQUA,0.03310707000000001,0.034620381941050646,28.884718883307976
2024-01,axis:AXISSCF,0.01629286,0.02014148834132449,49.64876393708653
2024-01,axis:AXISSSF,0.01867119,0.032729022073398124,30.553922379880444
2024-01,axis:AXISTAF,0.01727450000000001,0.03130845925226094,31.940249500709143
2024-01,axis:AXISTSF,0.03597655000000001,0.03759026669382874,26.602631158351738
2024-01,axis:AXISVAL,0.019964169999999993,0.02102265544604448,47.56773008845346
2024-01,dsp:Banking and Financial Services,0.08284888999999998,0.11415881648364061,8.759726412749766
2024-01,dsp:DAAF,0.011888270000000003,0.027184516592502844,36.785645850910136
2024-01,dsp:EQUITYOPPOR,0.02027567999999999,0.021513738876045806,46.48192514381761
2024-01,dsp:FOCUS,0.03578753,0.03788685543555788,26.3943784329346
2024-01,dsp:Flexi Cap,0.025664249999999996,0.02925011222558328,34.18790301684249
2024-01,dsp:HEALTHCARE,0.05818274000000001,0.07704680194024852,12.979124049503339
2024-01,dsp:MIDCAP,0.02323269000000001,0.02450468688318534,40.808519805498165
2024-01,dsp:Multi Asset,0.00793919,0.05029665064252922,19.88203960353639
2024-01,dsp:NRNEF,0.042519919999999996,0.07412109680742471,13.491435543622853
2024-01,dsp:QUANT,0.030234629999999995,0.030325538382686704,32.97550689391601
2024-01,dsp:SMALLCAP,0.016301419999999997,0.01838622359742704,54.38854774614727
2024-01,dsp:TAX,0.02487222999999999,0.027576671712992735,36.262534159582806
2024-01,dsp:TIGER,0.019158640000000005,0.020244989368724035,49.394938262841194
2024-01,dsp:TOP100,0.04598590000000001,0.04857345660690653,20.587375695593643
2024-01,dsp:VALUE,0.012422610000000004,0.025301636731023664,39.523134832374204
2024-01,hdfc:HDFCBKGFSF,0.08985483999999995,0.0917904846967097,10.894375417061566
2024-01,hdfc:HDFCBUSICY,0.03984146999999999,0.04325779361536568,23.117221578420686
2024-01,hdfc:HDFCCB,0.03218057999999999,0.03356224919502115,29.795380940927725
2024-01,hdfc:HDFCCS,0.03872201,0.054243446097764186,18.435406891326142
2024-01,hdfc:HDFCDFNFND,0.10195408,0.10581214310717363,9.45071114368351
2024-01,hdfc:HDFCDIVYLD,0.020852529999999984,0.022434406714374532,44.57439025384451
2024-01,hdfc:HDFCEQ,0.04062849000000001,0.053199457416075076,18.797184192668738
2024-01,hdfc:HDFCGR,0.014942269999999997,0.03139382909993172,31.85339376145661
2024-01,hdfc:HDFCHOF117,0.05137898999999999,0.053859607884912265,18.566789460049723
2024-01,hdfc:HDFCLARGEF,0.010473090000000001,0.011399625947885789,87.72217654961418
2024-01,hdfc:HDFCMNCFND,0.04480239,0.04832132215270664,20.69479797841141
2024-01,hdfc:HDFCMULCAP,0.010088449999999995,0.010558225024692426,94.7128894924392
2024-01,hdfc:HDFCNCCFND,0.027515919999999992,0.028142788224882427,35.5330819394736
2024-01,hdfc:HDFCPHARHC,0.04556560000000001,0.046043204316648455,21.71873167477218
2024-01,hdfc:HDFCPM,0.023889519999999997,0.04928779459487919,20.288998690639247
2024-01,hdfc:HDFCSMALLF,0.016830429999999993,0.020746024498247168,48.20200612818567
2024-01,hdfc:HDFCT2,0.04360397000000002,0.045896978936962575,21.787926420461243
2024-01,hdfc:HDFCTECHFD,0.11365121999999998,0.12471860426927442,8.018049960220404
2024-01,hdfc:HDFCTRALFD,0.04292313,0.05110065243226785,19.5692217692419
2024-01,hdfc:HDFCTS,0.04250090000000001,0.05087515381926658,19.655960226724602
2024-01,hdfc:HDINFG,0.031813179999999996,0.03796516280140144,26.339937095254236
2024-01,hdfc:MIDCAP,0.01934861,0.021874199619519866,45.715958407348104
2024-01,hdfc:MY2005,0.014830100000000002,0.03377856661220528,29.60457178306281
2024-01,icici:BAF,0.01418087248434586,0.03170488004156954,31.540885778115545
2024-01,icici:BANFIN SERVICES,0.10070591433078312,0.10844197595997829,9.22152138180386
2024-01,icici:BCYCLE,0.02779590638369317,0.04057629125264838,24.64493350990354
2024-01,icici:BHACON,0.041277401352760194,0.0497010436085393,20.120301856763962
2024-01,icici:BLUECHIP,0.034785502938622634,0.041495535982723195,24.098977789233842
2024-01,icici:COMFUND,0.04751989264748598,0.052215018919490375,19.151577854292963
2024-01,icici:DISCO,0.036231552514865435,0.047038796720054586,21.25904720631722
2024-01,icici:DIVYLD,0.03330031338431161,0.039109144682200454,25.569467400168556
2024-01,icici:E&DF,0.02499331900798952,0.050834786060320325,19.671568968804248
2024-01,icici:ESGFUND,0.0347698383771795,0.042343683916237655,23.616273019091924
2024-01,icici:EXPORTS,0.03971849811786648,0.04706928685348598,21.245276205537824
2024-01,icici:FLEXCAP,0.039766424848394266,0.042022742108336675,23.796638435015765
2024-01,icici:FMCG,0.14240452297091158,0.16856124727485364,5.932561701856737
2024-01,icici:FOCUSED,0.040153146382010556,0.04277492924822995,23.37818010631498
2024-01,icici:HOUSING,0.04602002807223574,0.05952717565285729,16.799049997461122
2024-01,icici:INDOPP,0.030609037271165047,0.03838176247325196,26.05404065790086
2024-01,icici:INFRA,0.026200485795660904,0.029849873720856953,33.500979245391974
2024-01,icici:INNOVA,0.015772573115064015,0.022022305414638885,45.40850656513328
2024-01,icici:LARGE & MIDCAP,0.02250587902584533,0.025048299252747916,39.922870208055954
2024-01,icici:LTEF,0.032951791619946554,0.035131543263123406,28.46444838788713
2024-01,icici:MGFINDIA,0.02816002565104545,0.032762417021704876,30.522778564765442
2024-01,icici:MIDCAP,0.017810463170419802,0.019205075230447205,52.069569527883296
2024-01,icici:MNCFUND,0.029910540449832695,0.041126557299085674,24.3151886681804
2024-01,icici:MULTI,0.015274068888282928,0.03537356892439498,28.269694871256302
2024-01,icici:MULTICAP,0.016605745513502246,0.01871947094313539,53.42031316150575
2024-01,icici:PHARMA,0.05775563169930528,0.06220440006879439,16.07603318887505
2024-01,icici:PSUEQU,0.055791137347222026,0.07156418713635207,13.973469692245487
2024-01,icici:QUANT,0.023948057816471486,0.029336013204184733,34.087794856096934
2024-01,icici:SMALL,0.01309391764028454,0.015544303615110628,64.3322483117159
2024-01,icici:TECH,0.09788309125532356,0.11628673990877596,8.599432753764315
2024-01,icici:TRANSPO,0.04789785599959706,0.055448039274037256,18.034902822402156
2024-01,kotak:BAL,0.012070450000000005,0.02556722328764824,39.11257741012139
2024-01,kotak:BFS,0.07928187999999997,0.08574030629760154,11.663126050996782
2024-01,kotak:CMP,0.04809915999999999,0.04947475611913648,20.212328032339855
2024-01,kotak:CON,0.020140469999999997,0.020932453349650146,47.772708879187036
2024-01,kotak:ELS,0.02430712,0.02572770072312827,38.86861133692511
2024-01,kotak:EME,0.018891090000000006,0.019909022177634485,50.2284839043168
2024-01,kotak:ESG,0.031681850000000004,0.032874030325912566,30.4191481873691
2024-01,kotak:HLC,0.058831810000000005,0.0675413408769742,14.805746925005364
2024-01,kotak:K30,0.028564759999999995,0.02974256559766763,33.62184733916897
2024-01,kotak:KBA,0.015698759999999996,0.028683800689649593,34.862883437927565
2024-01,kotak:KBC,0.021881079999999997,0.022626029345628376,44.19688424885793
2024-01,kotak:KFE,0.03667223,0.03945419203056356,25.345849161613565
2024-01,kotak:KIE,0.02399508,0.025200001966003194,39.68253658666692
2024-01,kotak:KMI,0.02346457,0.02440716875554704,40.97156905070069
2024-01,kotak:KOP,0.020655210000000007,0.021432460539018146,46.658198585247995
2024-01,kotak:KPF,0.01810949,0.03251466895445196,30.755349267152187
2024-01,kotak:KQT,0.02430393,0.029944932042834126,33.39463247301981
2024-01,kotak:MAF,0.01718802,0.0332297055435467,30.093555860419077
2024-01,kotak:MID,0.016725599999999993,0.018579428634803448,53.82296838379492
2024-01,kotak:MUC,0.021060029999999987,0.022167517162354673,45.11105112385884
2024-01,kotak:SEF,0.03203646999999999,0.03249627902472545,30.772753989437682
2024-01,mirae:MABAF,0.010910729999999997,0.023110743190290516,43.269919611245065
2024-01,mirae:MABFF,0.09337966,0.09961440189259951,10.038709072189805
2024-01,mirae:MAEBF,0.018172390000000014,0.018627816073104705,53.68315835176322
2024-01,mirae:MAFCF,0.023284579999999985,0.02510821474515535,39.827602645184115
2024-01,mirae:MAFF,0.043543930000000015,0.048749716767205666,20.512939691020076
2024-01,mirae:MAHCF,0.0678275,0.0685660135615088,14.58448505399728
2024-01,mirae:MAIPF,0.017251680000000005,0.03205625237100259,31.195162442150565
2024-01,mirae:MAMAAF,0.004846920000000001,0.08181344942808974,12.22292920039943
2024-01,mirae:MAMCF,0.01704486,0.017900774054941646,55.863506065758216
2024-01,mirae:MAMPF,0.016165789999999996,0.01649735364865716,60.61578246408007
2024-01,mirae:MATSF,0.02647278,0.026804120746859544,37.307696433846395
2024-01,mirae:MICCF,0.0299532,0.03195310523479533,31.295862879425254
2024-01,mirae:MIIOF,0.041548739999999994,0.044176723139025424,22.636355278162462
2024-01,nippon:BF,0.0687914,0.0741175174130063,13.492087092281883
2024-01,nippon:EA,0.037265410000000006,0.03847932456306262,25.987982152886538
2024-01,nippon:EO,0.018280520000000005,0.018818593262459958,53.13893477866052
2024-01,nippon:GF,0.013980590000000001,0.014325161562918194,69.80724061001717
2024-01,nippon:GS,0.0213518,0.022096701918370168,45.25562247679355
2024-01,nippon:IT,0.026273760000000004,0.030156895799799542,33.1599116380754
2024-01,nippon:LC,0.020671890000000002,0.02230479528999459,44.833408556256806
2024-01,nippon:LE,0.04028756000000001,0.04791067548749004,20.872174934396615
2024-01,nippon:ME,0.036336770000000004,0.039403287933869525,25.3785928138357
2024-01,nippon:MF,0.0061315699999999985,0.023181345617233194,43.13813427882254
2024-01,nippon:NE,0.01596313999999999,0.034808429065304514,28.728673681994895
2024-01,nippon:PH,0.05311045,0.05393789561463439,18.53984084111507
2024-01,nippon:PS,0.030978540000000002,0.03489592750965473,28.65663907982752
2024-01,nippon:QP,0.034638649999999986,0.035249320149560226,28.369341472603583
2024-01,nippon:SC,0.007327859999999999,0.007954551030179629,125.71419759656983
2024-01,nippon:SE,0.020476579999999998,0.02145202503014575,46.61564577678501
2024-01,nippon:SH,0.018054489999999992,0.03428238113632315,29.1695024340206
2024-01,nippon:TS,0.02632474999999999,0.02807659204934394,35.616858279755746
2024-01,ppfas:PPFCF,0.03308229000000001,0.06408287969456206,15.604791869003009
2024-01,ppfas:PPTSF,0.040278839999999996,0.05213137796208068,19.182305150793827
2024-01,sbi:SBAF,0.014614190000000004,0.03043922751018874,32.85234487850508
2024-01,sbi:SBFS,0.07386488999999999,0.07819786414970203,12.788073061504589
2024-01,sbi:SBLUECHIP,0.034074049999999995,0.03721265419287019,26.87257927953971
2024-01,sbi:SCF,0.011504050000000005,0.01746062031771423,57.27173386763787
2024-01,sbi:SCOF,0.027987399999999992,0.03115509975211193,32.09747386323847
2024-01,sbi:SDYF,0.031729919999999995,0.036812788319227574,27.164473153414818
2024-01,sbi:SEHF,0.030086250000000005,0.04966769425629734,20.13381162491171
2024-01,sbi:SEMVF,0.04291086,0.04289370080393038,23.313446526124164
2024-01,sbi:SFEF,0.03911308000000001,0.058914198761305665,16.97383688525679
2024-01,sbi:SFLEXI,0.023249479999999986,0.030049884181924846,33.27799847566484
2024-01,sbi:SHOF,0.05756005999999999,0.06459177948147084,15.481846266317305
2024-01,sbi:SIF,0.03297906999999999,0.03722050721786141,26.866909527770193
2024-01,sbi:SLMF,0.01687336,0.01955947344095091,51.1261207015082
2024-01,sbi:SLTEF,0.019197400000000007,0.023091026424956224,43.30686655484592
2024-01,sbi:SMAAF,0.00615988,0.028366151522407856,35.25328415488613
2024-01,sbi:SMCF,0.029215210000000002,0.030802096754241465,32.46532234408034
2024-01,sbi:SMCOMMA,0.04989873999999998,0.05693145795082375,17.564981400331956
2024-01,sbi:SMEEF,0.038129090000000004,0.04319792354985964,23.149260839951857
2024-01,sbi:SMGLF,0.03134167,0.05561466196223164,17.980869877067814
2024-01,sbi:SMIDCAP,0.017624309999999997,0.020854395371674137,47.951522073771955
2024-01,sbi:SPSU,0.04690612,0.04916071700469736,20.341444570559233
2024-01,sbi:SSCF,0.016660180000000004,0.023769565879393672,42.07060427918545
2024-01,sbi:STAF-III,0.030599429999999997,0.09030631854093196,11.073422282702657
2024-01,sbi:STOF,0.10040464000000002,0.13138088379238366,7.6114573987815675
2024-01,uti:002,0.0043113599999999985,0.03039860517941646,32.89624619609591
2024-01,uti:017,0.03714357,0.040412729900518835,24.744678284828307
2024-01,uti:042,0.02694043,0.02942194735868574,33.98823292723984
2024-01,uti:049,0.024920849999999987,0.029360314872274775,34.0595802310114
2024-01,uti:066,0.01803888999999999,0.03781210874819566,26.446554638339723
2024-01,uti:101,0.033302490000000004,0.03709524717873031,26.95763139633102
2024-01,uti:118,0.04904318,0.050712872942420335,19.71885917674996
2024-01,uti:125,0.029395969999999993,0.030316559930354772,32.98527281120506
2024-01,uti:160,0.013392100000000004,0.01438116459502269,69.53539773448523
2024-01,uti:161,0.047313079999999993,0.05093395225485891,19.63326927775576
2024-01,uti:162,0.0644162,0.07213258307438203,13.863360459014967
2024-01,uti:163,0.07404771,0.07605738258639232,13.14796757387906
2024-01,uti:190,0.025344729999999996,0.02718836632329076,36.78043719542485
2024-01,uti:193,0.02809496,0.029614915946013173,33.76676813207779
2024-01,uti:251,0.035657909999999994,0.03661083098715782,27.31432128243075
2024-01,uti:322,0.012324929999999994,0.028030213489552595,35.67578963937322
2024-01,uti:751,0.012801700000000003,0.01398380348793638,71.5113024051493
2024-01,uti:753,0.04261101000000001,0.04405275763881369,22.700054516426622
2024-01,uti:773,0.015992480000000003,0.036250839941568816,27.585567716826905
2024-01,uti:775,0.03477522,0.04446030302416619,22.49197445767418
2024-02,absl:ABSLBCF,0.02737289160262232,0.03319925209713894,30.121160472954703
2024-02,absl:ABSLESG,0.03846420088661442,0.03975175929068835,25.156119322604294
2024-02,absl:ABSLMAAF,0.01183044582587613,0.027493583332544442,36.372123193424905
2024-02,absl:ABSLMCF,0.0183176134123916,0.019159271699959603,52.194050779190555
2024-02,absl:ABSLSO,0.023308284459043944,0.02511884373046457,39.81074967981837
2024-02,absl:ABSLTNLF,0.05650774196428154,0.06301079242176691,15.87029715967439
2024-02,absl:ADVG,0.01680310607848933,0.017404393234787114,57.456757412332266
2024-02,absl:BDYP,0.019398623167538438,0.026859498740662183,37.230776704187534
2024-02,absl:BINFRA,0.02626837324013392,0.029136636787100306,34.321051098208116
2024-02,absl:BSL95F,0.01528602074651125,0.02740309842060972,36.49222378619439
2024-02,absl:BSLBKFS,0.07225970348486921,0.0755886236067,13.229504021705223
2024-02,absl:BSLDAAF,0.011991639320745314,0.024364648515782558,41.04307104419074
2024-02,absl:BSLEQTY,0.028015058838093986,0.02964798728348204,33.72910243243176
2024-02,absl:BSLFEF,0.03332316725432099,0.034648989209655506,28.860870773146065
2024-02,absl:BSLMFG,0.02912777132853694,0.030569214015354722,32.71265003731226
2024-02,absl:BSLNMF,0.09415704961582284,0.10929376802258156,9.149652519925807
2024-02,absl:BSLPHF,0.05649368768026135,0.0646445129089964,15.46921703018715
2024-02,absl:BSLR96,0.027253093532751297,0.02809418176220896,35.59455863367252
2024-02,absl:BSLTA1,0.01226898686240056,0.013285292756308253,75.27120541059739
2024-02,absl:BTOP100,0.04395252516361367,0.04631760315573787,21.59006364464952
2024-02,absl:GENNEXT,0.019611965828124515,0.021550255891469954,46.40316129126899
2024-02,absl:MIDCAP,0.01646430824838308,0.01727159175390088,57.89854312496385
2024-02,absl:MNC,0.026685484286033644,0.027117034765282027,36.877188404106086
2024-02,absl:PSUEQ,0.03777765074879151,0.04566041009887415,21.90081074249171
2024-02,absl:PURE,0.018738957193586463,0.019215481734136095,52.0413702781914
2024-02,axis:AXISBCF,0.021939179999999992,0.022927941995865606,43.614904476830986
2024-02,axis:AXISDEF,0.01608249,0.03290596911684127,30.389623124279908
2024-02,axis:AXISEHF,0.015425589999999998,0.02787485818474195,35.87462197556136
2024-02,axis:AXISEQF,0.03817122000000002,0.03923104834015115,25.49001472837387
2024-02,axis:AXISESG,0.01906489,0.03198064355557966,31.26891421875499
2024-02,axis:AXISF25,0.049682729999999994,0.05405551346331018,18.499500530667298
2024-02,axis:AXISGOF,0.01364288,0.021904427459502048,45.65287094806964
2024-02,axis:AXISIMF,0.025776759999999992,0.027830249466386656,35.93212490631099
2024-02,axis:AXISMCF,0.01919398000000001,0.02129445763512388,46.96057618065662
2024-02,axis:AXISMLC,0.02088621,0.021479181246031112,46.556709426937694
2024-02,axis:AXISMLF,0.030437360000000004,0.03316469157648374,30.15254936696216
2024-02,axis:AXISQUA,0.029954050000000006,0.03201350126602956,31.23682073041878
2024-02,axis:AXISSCF,0.0153933,0.019320482515410787,51.75854170320851
2024-02,axis:AXISSSF,0.01807291,0.030697124067869366,32.576341607411315
2024-02,axis:AXISTAF,0.014752560000000001,0.02753247334945804,36.320747043225026
2024-02,axis:AXISTSF,0.03385186999999999,0.03561742542199399,28.07614498106013
2024-02,axis:AXISVAL,0.018116059999999996,0.0196326346973526,50.93559857938206
2024-02,dsp:Banking and Financial Services,0.09433101,0.10371245607783836,9.642043374707848
2024-02,dsp:DAAF,0.012140299999999996,0.02828014561073173,35.36049685757349
2024-02,dsp:EQUITYOPPOR,0.02003624,0.021758840394974922,45.95833150331597
2024-02,dsp:FOCUS,0.03523832,0.0375755748654594,26.613032630386453
2024-02,dsp:Flexi Cap,0.025235360000000002,0.02915211719328184,34.30282587607228
2024-02,dsp:HEALTHCARE,0.058217269999999995,0.07789719884085351,12.837432088450731
2024-02,dsp:MIDCAP,0.02230102,0.024037637381209915,41.60142630247407
2024-02,dsp:Multi Asset,0.007699770000000001,0.04650529170530394,21.50292930827805
2024-02,dsp:Multicap Fund,0.026242849999999995,0.030361647666608486,32.936288932032916
2024-02,dsp:NRNEF,0.04045322,0.0739136148163642,13.52930718494103
2024-02,dsp:QUANT,0.02987642999999999,0.02991830096137843,33.424357930315
2024-02,dsp:SMALLCAP,0.016701149999999998,0.01872950921108227,53.39168200992148
2024-02,dsp:TAX,0.02528027999999999,0.02817724324038987,35.48963223508602
2024-02,dsp:TIGER,0.01829453,0.019913015059774594,50.21841227951743
2024-02,dsp:TOP100,0.04567132000000001,0.049515282487634885,20.1957850134395
2024-02,dsp:VALUE,0.01235368,0.025096732797749145,39.84582407833131
2024-02,hdfc:HDFCBKGFSF,0.08835042,0.09173108092567817,10.901430462922532
2024-02,hdfc:HDFCBUSICY,0.040090310000000004,0.04459961618817159,22.421717617050106
2024-02,hdfc:HDFCCB,0.031701880000000016,0.03247664279040797,30.791360007671475
2024-02,hdfc:HDFCCS,0.04014544999999999,0.05629074837672522,17.764908601099258
2024-02,hdfc:HDFCDFNFND,0.10007567000000002,0.10915683657261285,9.161130272722627
2024-02,hdfc:HDFCDIVYLD,0.02078149,0.022109608665111073,45.229203969493966
2024-02,hdfc:HDFCEQ,0.04108034,0.05368049113427249,18.62874163164179
2024-02,hdfc:HDFCGR,0.014389129999999997,0.031873169632376054,31.374350638294295
2024-02,hdfc:HDFCHOF117,0.04942252000000001,0.05294083898317468,18.88900930183244
2024-02,hdfc:HDFCLARGEF,0.010939940000000006,0.011890403700331337,84.10143382870457
2024-02,hdfc:HDFCMNCFND,0.04491373,0.05024074346993091,19.904164049612444
2024-02,hdfc:HDFCMULCAP,0.009626060000000006,0.010277259647399738,97.30220256262682
2024-02,hdfc:HDFCNCCFND,0.02806053,0.0289392981222432,34.55508823247459
2024-02,hdfc:HDFCPHARHC,0.050108950000000006,0.05207938336468573,19.20145622688162
2024-02,hdfc:HDFCPM,0.023415500000000002,0.04990249880121473,20.039076679976954
2024-02,hdfc:HDFCSMALLF,0.01707413,0.021348733813037243,46.841185465965204
2024-02,hdfc:HDFCT2,0.04296755,0.04590274355841331,21.785190219130474
2024-02,hdfc:HDFCTECHFD,0.11068966000000002,0.11871689773614155,8.423400704275355
2024-02,hdfc:HDFCTRALFD,0.047760569999999995,0.05634212398000118,17.748709657359623
2024-02,hdfc:HDFCTS,0.044401970000000006,0.05134873436363083,19.474676686642503
2024-02,hdfc:HDINFG,0.027673939999999998,0.03666328463891688,27.275243062606904
2024-02,hdfc:MIDCAP,0.019400749999999994,0.022330245789757515,44.782310477687716
2024-02,hdfc:MY2005,0.013747709999999996,0.03225054255034871,31.007230295081886
2024-02,icici:BAF,0.013708620325567128,0.031662996144503346,31.582608147258316
2024-02,icici:BANFIN SERVICES,0.09297925208316823,0.10862966433918358,9.205588603105829
2024-02,icici:BCYCLE,0.030690254248520645,0.0466012668600957,21.458644096568374
2024-02,icici:BHACON,0.03806270587668247,0.04745356941124144,21.073230368274608
2024-02,icici:BLUECHIP,0.034124140250962956,0.04226006924366207,23.662999561932203
2024-02,icici:COMFUND,0.049581748686759575,0.05372442216296602,18.61350871241817
2024-02,icici:DISCO,0.03429105250535193,0.04878623815087014,20.497583701935095
2024-02,icici:DIVYLD,0.03479249085352578,0.04164095181710634,24.01482090015998
2024-02,icici:E&DF,0.024088695584758114,0.05041618880144053,19.83489874529007
2024-02,icici:ESGFUND,0.03331259951930295,0.04418703447909873,22.631072933238325
2024-02,icici:EXPORTS,0.035554699540234505,0.046537325076584625,21.488128042476436
2024-02,icici:FLEXCAP,0.041011128161933516,0.042923981377703896,23.297000136139104
2024-02,icici:FMCG,0.13679262888682578,0.15992635004361488,6.252878276327081
2024-02,icici:FOCUSED,0.04107082532489935,0.04280077061539575,23.36406531055057
2024-02,icici:HOUSING,0.04597901746183877,0.0599837755276888,16.671174683534137
2024-02,icici:INDOPP,0.02846737790285726,0.03770206653631426,26.523745032299747
2024-02,icici:INFRA,0.025442227448256458,0.029939791237106918,33.4003664915544
2024-02,icici:INNOVA,0.016034648670933425,0.02255408754561102,44.33786106299823
2024-02,icici:LARGE & MIDCAP,0.022231914855982804,0.024432583254629235,40.92895088408346
2024-02,icici:LTEF,0.0326296167671025,0.03606684492374336,27.72629549699493
2024-02,icici:MGFINDIA,0.027001482004448553,0.03286430024215519,30.428154338649065
2024-02,icici:MIDCAP,0.017348263933874983,0.02066315000647892,48.39533177112156
2024-02,icici:MNCFUND,0.025644923058773028,0.03689558390468626,27.103514680329695
2024-02,icici:MULTI,0.015337751130566532,0.03586001475315658,27.88621273258051
2024-02,icici:MULTICAP,0.015614594625424895,0.01806207242509889,55.36463238905018
2024-02,icici:PHARMA,0.060591549339187825,0.06699556390949174,14.926361413286394
2024-02,icici:PSUEQU,0.05269022133833681,0.0724002575141476,13.81210556888685
2024-02,icici:QUANT,0.022149404173208962,0.02853539489603396,35.04419699266144
2024-02,icici:SMALL,0.013302840554666436,0.014903293714111187,67.09926135677979
2024-02,icici:TECH,0.097670723781657,0.11459863719738915,8.726107259701188
2024-02,icici:TRANSPO,0.05410619395892385,0.06079367486347807,16.449079649250685
2024-02,kotak:BAL,0.012708279999999994,0.02357534270869746,42.4171988656215
2024-02,kotak:BFS,0.07644744999999999,0.08724057374099406,11.462556435826182
2024-02,kotak:CMP,0.046983600000000014,0.05005852285783842,19.97661822423142
2024-02,kotak:CON,0.020747430000000008,0.022155564807346734,45.135387370869566
2024-02,kotak:ELS,0.024626889999999995,0.025020654806882252,39.966979590195905
2024-02,kotak:EME,0.019346369999999995,0.020422365412973535,48.96592435686901
2024-02,kotak:ESG,0.03147623000000001,0.032330502421847755,30.930543143190903
2024-02,kotak:HLC,0.061216200000000005,0.06996351750949707,14.29316357434797
2024-02,kotak:K30,0.027992209999999997,0.029585530146220985,33.80030694253866
2024-02,kotak:KBA,0.015237209999999998,0.028243717101467534,35.40610452963503
2024-02,kotak:KBC,0.022267589999999997,0.022532691395479188,44.37996253748158
2024-02,kotak:KFE,0.0369942,0.03888374958992233,25.717684393769844
2024-02,kotak:KIE,0.02386219,0.025376721190166616,39.406194066848016
2024-02,kotak:KMI,0.02583745,0.02675517137431052,37.37595196120361
2024-02,kotak:KOP,0.020659729999999998,0.021151786332141098,47.27733082668553
2024-02,kotak:KPF,0.01910764,0.03038510039771073,32.91086706678586
2024-02,kotak:KQT,0.02903483,0.029558632315958313,33.83106462135304
2024-02,kotak:MAF,0.0155122,0.033175326259044284,30.142883665759857
2024-02,kotak:MID,0.01629487,0.017847998354838444,56.02869185209827
2024-02,kotak:MUC,0.021192569999999997,0.023358968317936653,42.81010986397588
2024-02,kotak:SEF,0.030518169999999997,0.031232384357388662,32.01804859203551
2024-02,mirae:MABAF,0.010887159828612486,0.024428960281934177,40.93502091202485
2024-02,mirae:MABFF,0.0915627354146393,0.09655423753812882,10.356873250696061
2024-02,mirae:MAEBF,0.017914449373571516,0.018171380617018215,55.03159176928255
2024-02,mirae:MAFCF,0.02386921154934294,0.0248211628126457,40.288201143039416
2024-02,mirae:MAFF,0.046202059136689545,0.04878105201102593,20.499762895108763
2024-02,mirae:MAHCF,0.06735931161834009,0.06840964443729955,14.617821920073624
2024-02,mirae:MAIPF,0.016794857471527987,0.0316757793152774,31.56986257691518
2024-02,mirae:MAMAAF,0.011141148429839943,0.026017891740791048,38.43508958999135
2024-02,mirae:MAMCF,0.017189350345614522,0.01808809295733021,55.284987884516006
2024-02,mirae:MAMPF,0.016082155294666167,0.01669569574753519,59.89567701289906
2024-02,mirae:MATSF,0.025812772918415702,0.026111717328861347,38.29698320511066
2024-02,mirae:MICCF,0.02948742388896993,0.02988833075462889,33.457873850821436
2024-02,mirae:MIIOF,0.042716756155901835,0.04294709540076238,23.28446174691126
2024-02,nippon:BF,0.07940382999999997,0.08375121397804881,11.94012543223672
2024-02,nippon:EA,0.03676778000000004,0.03771213871651355,26.516661054869207
2024-02,nippon:EO,0.01907952999999999,0.019376783618219873,51.60815229725257
2024-02,nippon:GF,0.01380934,0.014192757923000171,70.45846941273078
2024-02,nippon:GS,0.02171877999999999,0.02252228504112726,44.40046816625979
2024-02,nippon:IT,0.025176280000000002,0.0295777176904505,33.809234724113324
2024-02,nippon:LC,0.019728279999999994,0.02228920639259105,44.86476469312074
2024-02,nippon:LE,0.04129434000000001,0.049452496605992,20.2214259871934
2024-02,nippon:ME,0.038543930000000004,0.04126219025400585,24.235262206007526
2024-02,nippon:MF,0.005887549999999997,0.022662370802969387,44.126009970191326
2024-02,nippon:NE,0.015227800000000003,0.03491588344123435,28.640260576051684
2024-02,nippon:PH,0.05453894,0.05685733419030349,17.587880512529217
2024-02,nippon:PS,0.03158824,0.03558272704903379,28.103523336532852
2024-02,nippon:QP,0.033803520000000004,0.034770272661068344,28.760200121170815
2024-02,nippon:SC,0.007128120000000001,0.0077993645069239035,128.2155743730464
2024-02,nippon:SE,0.019831070000000003,0.02162156734298544,46.25011610568668
2024-02,nippon:SH,0.01627967,0.03255996450011915,30.7125641981686
2024-02,nippon:TS,0.02676787000000001,0.02802579990107792,35.68140797157187
2024-02,ppfas:PPDAAF,0.0034983099999999997,0.20354147066335956,4.913003707504481
2024-02,ppfas:PPETSF,0.03988848000000001,0.05313866018011937,18.818690509139472
2024-02,ppfas:PPFCF,0.03337610000000001,0.06499530413450377,15.385726912371418
2024-02,sbi:SBAF,0.014346240000000003,0.029735040473882327,33.63035610724481
2024-02,sbi:SBFS,0.07280698000000002,0.07933083014805556,12.605439753166513
2024-02,sbi:SBI Energy Opportunities Fund,0.04588600999999999,0.3626707789263393,2.7573216760402586
2024-02,sbi:SBIRIOS,0.02627245,0.02818357089660613,35.48166425285804
2024-02,sbi:SBLUECHIP,0.0333165,0.03642337928671246,27.454893521228218
2024-02,sbi:SCF,0.010759220000000002,0.017300842097531213,57.80065469429939
2024-02,sbi:SCOF,0.02851757,0.029244103188591584,34.19492789883569
2024-02,sbi:SDYF,0.033301620000000004,0.036899301939058174,27.100783685598476
2024-02,sbi:SEHF,0.02973684999999999,0.04988245934362789,20.047127049435314
2024-02,sbi:SEMVF,0.043451290000000004,0.043442601045364924,23.018879531539795
2024-02,sbi:SFEF,0.038016480000000005,0.059999242443372645,16.666877101720097
2024-02,sbi:SFLEXI,0.022105509999999995,0.026145507242777102,38.24748897446837
2024-02,sbi:SHOF,0.05677542999999999,0.06718091457860238,14.885179909689818
2024-02,sbi:SIF,0.030859509999999996,0.037339260311059864,26.78146250539946
2024-02,sbi:SLMF,0.01672686,0.019685253615081697,50.799447116792955
2024-02,sbi:SLTEF,0.01915149,0.023649069871711375,42.28496111790779
2024-02,sbi:SMAAF,0.005633439999999999,0.028219371974907204,35.43664972024199
2024-02,sbi:SMCF,0.02905891,0.03190872655039267,31.339389192505838
2024-02,sbi:SMCOMMA,0.05061119,0.05947217191413108,16.814586853223563
2024-02,sbi:SMEEF,0.037980589999999995,0.04286527255721992,23.32890800274562
2024-02,sbi:SMGLF,0.029796609999999998,0.05879343990245021,17.008700318593284
2024-02,sbi:SMIDCAP,0.01797137,0.021583180334021394,46.332374771650684
2024-02,sbi:SPSU,0.04541982,0.0521773623790766,19.1653995986774
2024-02,sbi:SSCF,0.01806538,0.023627991359805266,42.322683497385604
2024-02,sbi:STAF-III,0.03159608,0.09119954870250237,10.964966540153084
2024-02,sbi:STOF,0.09915564999999997,0.13127377248772637,7.617667878734089
2024-02,uti:002,0.004168670000000001,0.029754856674662614,33.60795889336405
2024-02,uti:017,0.03782330000000001,0.040667269519059364,24.589799409358772
2024-02,uti:042,0.026516009999999996,0.02912865169052179,34.33045959780525
2024-02,uti:049,0.025567150000000004,0.03054464375091522,32.73896425686866
2024-02,uti:066,0.017665769999999997,0.03808121631082888,26.25966544339702
2024-02,uti:101,0.03450321,0.038611812241981666,25.898810284608313
2024-02,uti:118,0.050691730000000004,0.05242821052800109,19.073700779200074
2024-02,uti:125,0.029217449999999996,0.030603019776146708,32.67651386414626
2024-02,uti:160,0.013457649999999998,0.014666580918665592,68.18221680605454
2024-02,uti:161,0.04508534999999999,0.04958999342526596,20.16535859209255
2024-02,uti:162,0.06731143000000002,0.07784241867435457,12.846466194522977
2024-02,uti:163,0.07044771000000001,0.07168968431487298,13.949008278622545
2024-02,uti:190,0.025111110000000002,0.027516066793433675,36.34240342223025
2024-02,uti:193,0.027933929999999996,0.03050695991048442,32.779405189316385
2024-02,uti:251,0.03613355000000001,0.036874656477130834,27.11889670403266
2024-02,uti:322,0.009473579999999997,0.021617135659586895,46.25959774446408
2024-02,uti:751,0.01289576,0.014045416070738293,71.19760603485172
2024-02,uti:753,0.04266351,0.04455894736319891,22.442181855173192
2024-02,uti:773,0.01591148,0.0367277920935904,27.227337746080202
2024-02,uti:775,0.0387814,0.0463821683816207,21.560009695369434
2024-03,absl:ABSLBCF,0.028346998371835186,0.03274170379496245,30.5420880435018
2024-03,absl:ABSLESG,0.03364177058091433,0.03486717784705746,28.680267854956117
2024-03,absl:ABSLMAAF,0.011506785102224523,0.02631889883450916,37.99551061341544
2024-03,absl:ABSLMCF,0.018494229270386832,0.019129486375832172,52.27531886393881
2024-03,absl:ABSLSO,0.023139090894544127,0.025782986301413395,38.78526669911705
2024-03,absl:ABSLTNLF,0.05417429908885195,0.06506682546069634,15.368814951699937
2024-03,absl:ADVG,0.01666520964760881,0.01729499190485624,57.820206306035395
2024-03,absl:BDYP,0.02082565451514333,0.025682827834119785,38.9365223509965
2024-03,absl:BINFRA,0.02629099512149348,0.029808448450451764,33.54753608401394
2024-03,absl:BSL95F,0.015700335499620483,0.02725829165780238,36.686084827101084
2024-03,absl:BSLBKFS,0.08217563143386408,0.084583917642604,11.822578427087548
2024-03,absl:BSLDAAF,0.013185880212047672,0.02657958524397681,37.622859454761794
2024-03,absl:BSLEQTY,0.027552215845450378,0.029415789884154317,33.995347530636245
2024-03,absl:BSLFEF,0.03291877185384987,0.0345047479148304,28.981518788902452
2024-03,absl:BSLMFG,0.02930623428023946,0.03112609399542065,32.127384828533984
2024-03,absl:BSLNMF,0.08574303634676089,0.10467351149483752,9.553515361422836
2024-03,absl:BSLPHF,0.05825502785512197,0.0673030211014562,14.858174025985345
2024-03,absl:BSLR96,0.0269072117108872,0.02816705414660579,35.50247018360998
2024-03,absl:BSLTA1,0.01320448037361838,0.014116784558862098,70.8376610714959
2024-03,absl:BTOP100,0.04453608293511686,0.04830962550386331,20.699808569619947
2024-03,absl:GENNEXT,0.020416161126537102,0.022303791429138596,44.8354264420514
2024-03,absl:MIDCAP,0.016957062604020176,0.01755166412396236,56.974654536304215
2024-03,absl:MNC,0.02681021230841463,0.027204866654813198,36.7581290762576
2024-03,absl:PSUEQ,0.043969346659927785,0.04935490435422316,20.261410959748577
2024-03,absl:PURE,0.018604983462826845,0.01930101871951717,51.81073675602423
2024-03,axis:AXISBCF,0.022694829999999992,0.02380030040304556,42.01627639422723
2024-03,axis:AXISDEF,0.015406780000000005,0.03534767401320837,28.290404614072482
2024-03,axis:AXISEHF,0.016397209999999995,0.028173105978231784,35.49484393991417
2024-03,axis:AXISEQF,0.03892132000000001,0.041010145515330235,24.384209990822498
2024-03,axis:AXISESG,0.020136130000000006,0.033707721092371544,29.66679347024477
2024-03,axis:AXISF25,0.04905757,0.05697753843703384,17.55077575183605
2024-03,axis:AXISGOF,0.01391056,0.022187768144573055,45.06987784819591
2024-03,axis:AXISIMF,0.024993799999999997,0.027256118924434445,36.689009274300034
2024-03,axis:AXISMCF,0.019095230000000005,0.020612155844155846,48.515061091173024
2024-03,axis:AXISMLC,0.019207220000000004,0.019573471757068445,51.08955694785603
2024-03,axis:AXISMLF,0.031058459999999996,0.03313216086463824,30.182154556278707
2024-03,axis:AXISQUA,0.03167966,0.03324320633998402,30.081334206238324
2024-03,axis:AXISSCF,0.01499051,0.019195821307914727,52.09467122866396
2024-03,axis:AXISSSF,0.01860809,0.031230555997376504,32.01992305497232
2024-03,axis:AXISTAF,0.014087719999999998,0.02774272233354807,36.045489262989285
2024-03,axis:AXISTSF,0.03173528999999999,0.03421367341841581,29.228080474449765
2024-03,axis:AXISVAL,0.019817279999999996,0.022313797665750992,44.815320770559836
2024-03,dsp:Banking and Financial Services,0.11562405999999995,0.12854794089483837,7.779198896838598
2024-03,dsp:DAAF,0.013503620000000004,0.031075334400626865,32.17986288121256
2024-03,dsp:EQUITYOPPOR,0.02132811999999999,0.022225678233680424,44.99300266502628
2024-03,dsp:FOCUS,0.03518648,0.037785153963864795,26.465420809356324
2024-03,dsp:Flexi Cap,0.0260528,0.029635974210532448,33.74277467297181
2024-03,dsp:HEALTHCARE,0.06004194,0.07972883617029042,12.542513449765279
2024-03,dsp:MIDCAP,0.020979450000000007,0.024684621281329925,40.511052958966985
2024-03,dsp:Multi Asset,0.007415820000000001,0.047529690754686736,21.03948046203927
2024-03,dsp:Multicap Fund,0.024555999999999994,0.029849911687730733,33.500936634631046
2024-03,dsp:NRNEF,0.04435846000000001,0.07524545015541881,13.28984008912843
2024-03,dsp:QUANT,0.028237289999999995,0.028367631038006644,35.251445517611636
2024-03,dsp:SMALLCAP,0.016617900000000005,0.019346574985996984,51.688735640484076
2024-03,dsp:TAX,0.02695965999999999,0.02851179176281407,35.07320789653879
2024-03,dsp:TIGER,0.017832619999999997,0.020293887887405524,49.275920195686325
2024-03,dsp:TOP100,0.04555890999999999,0.04992220617073614,20.031166022189726
2024-03,dsp:VALUE,0.01210598,0.02611925936307739,38.285924807409216
2024-03,hdfc:HDFCBKGFSF,0.09312921999999996,0.09406754374889519,10.630659206637835
2024-03,hdfc:HDFCBUSICY,0.040427680000000014,0.05062820141878306,19.75183735500033
2024-03,hdfc:HDFCCB,0.030796189999999987,0.03164483322625335,31.600735350704106
2024-03,hdfc:HDFCCS,0.03900469999999999,0.05602325667440977,17.849729904344862
2024-03,hdfc:HDFCDFNFND,0.09977032,0.11711107381014149,8.538902150459172
2024-03,hdfc:HDFCDIVYLD,0.02049807,0.021514157632869717,46.481020408262786
2024-03,hdfc:HDFCEQ,0.04136494000000001,0.0541513805905671,18.466749861114252
2024-03,hdfc:HDFCGR,0.014655119999999994,0.03193735857128925,31.31129325450761
2024-03,hdfc:HDFCHOF117,0.05192446000000002,0.05455422686658196,18.33038533284697
2024-03,hdfc:HDFCLARGEF,0.0108574,0.01170288372920829,85.44902462836404
2024-03,hdfc:HDFCMNCFND,0.04496683,0.053933125238582735,18.54148068698639
2024-03,hdfc:HDFCMULCAP,0.0097511,0.01025756738987508,97.48900124088566
2024-03,hdfc:HDFCNCCFND,0.03274400999999999,0.03738289834075305,26.750199807537335
2024-03,hdfc:HDFCPHARHC,0.05122279000000001,0.05280547517385605,18.937430194645785
2024-03,hdfc:HDFCPM,0.02365902,0.051316520656514306,19.48690182433591
2024-03,hdfc:HDFCSMALLF,0.01676534000000001,0.02033483572357317,49.17669429907169
2024-03,hdfc:HDFCT2,0.04325013000000002,0.04658906334450842,21.464264962902988
2024-03,hdfc:HDFCTECHFD,0.10265036,0.11359647548279049,8.803090023259541
2024-03,hdfc:HDFCTRALFD,0.04770748000000001,0.05487593679356874,18.22292353316502
2024-03,hdfc:HDFCTS,0.044125490000000024,0.051649204279248004,19.36138250249457
2024-03,hdfc:HDINFG,0.027239939999999987,0.03701979954794428,27.012571980701885
2024-03,hdfc:MIDCAP,0.01910191,0.02232992352087902,44.782956782855784
2024-03,hdfc:MY2005,0.01409041,0.03283283857541689,30.457311746074108
2024-03,icici:BAF,0.014783436216379054,0.03160325134835808,31.64231391818343
2024-03,icici:BANFIN SERVICES,0.10071917828168463,0.11215807716808404,8.915987374688715
2024-03,icici:BCYCLE,0.03043146669165055,0.04872536770598399,20.523190425860847
2024-03,icici:BHACON,0.03670980108783672,0.04528972700023475,22.080062438769318
2024-03,icici:BLUECHIP,0.03438763251888531,0.04227851132609104,23.652677651941758
2024-03,icici:COMFUND,0.051869526597679134,0.05722657396171198,17.474399230487922
2024-03,icici:DISCO,0.03624628592233675,0.048036242362994926,20.81761500916977
2024-03,icici:DIVYLD,0.03489445010544399,0.04179230722017409,23.92784860456992
2024-03,icici:E&DF,0.02459938522057232,0.046819309162542684,21.358709000346376
2024-03,icici:ESGFUND,0.03557769117475845,0.045637395567126815,21.91185512611312
2024-03,icici:EXPORTS,0.038377064182610866,0.048099238403278906,20.790349976348697
2024-03,icici:FLEXCAP,0.042113746105980114,0.0437912863080455,22.835593203762006
2024-03,icici:FMCG,0.12058221176873579,0.1573746617014026,6.354263063626891
2024-03,icici:FOCUSED,0.03922516927402232,0.04242700254691105,23.569895113243305
2024-03,icici:HOUSING,0.04291476717268849,0.05539831428523709,18.05109077599653
2024-03,icici:INDOPP,0.028366069951495602,0.03585160835416381,27.892751424744933
2024-03,icici:INFRA,0.024084462325610526,0.028832682725964665,34.68286352346502
2024-03,icici:INNOVA,0.016828680503142537,0.023061941542722286,43.36148360048083
2024-03,icici:LARGE & MIDCAP,0.0203569184114657,0.023221893462603362,43.06281060200385
2024-03,icici:LTEF,0.03392622401077055,0.03530467787978215,28.324858348946098
2024-03,icici:MGFINDIA,0.02681664849881206,0.03353655667910386,29.818207324280415
2024-03,icici:MIDCAP,0.01797843218940842,0.020170558492502887,49.57720929599871
2024-03,icici:MNCFUND,0.026919351833161704,0.03621850520786499,27.61019523751207
2024-03,icici:MULTI,0.014701210929218271,0.03323570266491212,30.088125714752184
2024-03,icici:MULTICAP,0.015309781407290227,0.01785983036800012,55.991573234185005
2024-03,icici:PHARMA,0.054877302686362456,0.05632823471834008,17.753086085518795
2024-03,icici:PSUEQU,0.05357377322248506,0.07169785713925184,13.94741823396195
2024-03,icici:QUANT,0.02323685917413898,0.027684795435406428,36.120909845015056
2024-03,icici:SMALL,0.01252647264861708,0.015432800766165993,64.7970524049234
2024-03,icici:TECH,0.09450525553392239,0.11346867642316527,8.813004888420858
2024-03,icici:TRANSPO,0.05267371346907933,0.06091527930652646,16.416242548408704
2024-03,kotak:BAL,0.012464270000000001,0.023537595669689847,42.48522296131264
2024-03,kotak:BFS,0.08486142,0.09026618356451978,11.078345849032463
2024-03,kotak:CMP,0.050488089999999985,0.05255912940966722,19.026190335185987
2024-03,kotak:CON,0.020278679999999997,0.0215702147256805,46.36022463000548
2024-03,kotak:ELS,0.024011299999999996,0.025217036459403035,39.65573042692397
2024-03,kotak:EME,0.01989493000000001,0.021236426345297654,47.0889020469034
2024-03,kotak:ESG,0.03144792,0.032360431085504245,30.901936916654577
2024-03,kotak:HLC,0.062086340000000004,0.07017559604396542,14.249968028394004
2024-03,kotak:K30,0.028291430000000006,0.02963308542619121,33.7460640907865
2024-03,kotak:KBA,0.015366169999999998,0.029129534551167967,34.32941910703837
2024-03,kotak:KBC,0.02223065,0.02326583421092222,42.98148052351146
2024-03,kotak:KFE,0.036273490000000005,0.03986425433800212,25.08512993924765
2024-03,kotak:KIE,0.024321149999999996,0.026014829612901944,38.439613669583835
2024-03,kotak:KMI,0.02550968,0.027045042190370985,36.97535366966579
2024-03,kotak:KOP,0.020362560000000002,0.021561480974851173,46.37900342589535
2024-03,kotak:KPF,0.01959656,0.03069631783158232,32.57719722236966
2024-03,kotak:KQT,0.02878669,0.029748590135504332,33.61503840837555
2024-03,kotak:MAF,0.014450880000000003,0.032307381928069444,30.9526783144002
2024-03,kotak:MID,0.016929350000000003,0.017937200963433136,55.75005833065063
2024-03,kotak:MUC,0.022183470000000004,0.02356228571485625,42.44070427214497
2024-03,kotak:SEF,0.030594360000000004,0.031140012741666626,32.113024753582025
2024-03,kotak:TCH,0.12168093999999999,0.14687534295393193,6.808494740425248
2024-03,mirae:MABAF,0.010956805919668907,0.024768150278217396,40.37443203336263
2024-03,mirae:MABFF,0.09297368872003424,0.09428268965588357,10.606400853113511
2024-03,mirae:MAEBF,0.01782702738749623,0.018235443722432857,54.838259777019914
2024-03,mirae:MAFCF,0.023799088391236352,0.02463541576006799,40.59196766717122
2024-03,mirae:MAFF,0.046882046367755247,0.04730534587038232,21.1392598785774
2024-03,mirae:MAHCF,0.06297526548500487,0.06351381786917727,15.744605403185686
2024-03,mirae:MAMAAF,0.011159920435023096,0.0251600250061702,39.745588478340615
2024-03,mirae:MAMCF,0.01697389999270034,0.017548465300360205,56.98504016641693
2024-03,mirae:MAMPF,0.01585361631037386,0.01624664753220785,61.55115989422245
2024-03,mirae:MATSF,0.025265268295855153,0.025922455707737546,38.57659209738805
2024-03,mirae:MICCF,0.030008291975756708,0.03175858758360762,31.487546395676485
2024-03,mirae:MIIOF,0.041304336560130425,0.041539763627147216,24.07331945785258
2024-03,nippon:BF,0.08278124999999999,0.08667147397462348,11.537821547753875
2024-03,nippon:EA,0.03585637000000001,0.03867265130267931,25.858066781439376
2024-03,nippon:EO,0.019355219999999996,0.019949207658017474,50.12730415877473
2024-03,nippon:GF,0.013919500000000005,0.01425390750298986,70.15620101296734
2024-03,nippon:GS,0.020196470000000008,0.020930865197224105,47.77633368603521
2024-03,nippon:IT,0.026557319999999992,0.029600624101191575,33.78307148462268
2024-03,nippon:LC,0.01985759,0.022212808535854524,45.01907079358572
2024-03,nippon:LE,0.04213137000000001,0.05070983944111463,19.720038773958688
2024-03,nippon:ME,0.04064943999999999,0.042954378841326156,23.280513581490926
2024-03,nippon:MF,0.005758669999999999,0.022697513878734726,44.05768866769584
2024-03,nippon:NE,0.015598089999999993,0.03461291114494468,28.89095331543799
2024-03,nippon:PH,0.055587050000000006,0.05889630061487338,16.97899510767345
2024-03,nippon:PS,0.031908469999999994,0.03539289130029079,28.254261329358645
2024-03,nippon:QP,0.03461491000000001,0.035742484964239,27.977909230444332
2024-03,nippon:SC,0.00751004,0.008159110631692596,122.56237783021105
2024-03,nippon:SE,0.020406870000000004,0.021818939158708226,45.83174244751889
2024-03,nippon:SH,0.016546929999999998,0.03264971869367186,30.628135249257728
2024-03,nippon:TS,0.026683879999999993,0.028489035302092115,35.10122366012738
2024-03,ppfas:PPDAAF,0.00430216,0.17017364819429612,5.8763504844078325
2024-03,ppfas:PPFCF,0.03233027,0.0659236247846209,15.169068801466855
2024-03,ppfas:PPTSF,0.03622287,0.053936770773113096,18.54022748611582
2024-03,sbi:SBAF,0.014742719999999999,0.03084031937814628,32.425085737231655
2024-03,sbi:SBFS,0.09448622,0.1011706714823363,9.884287465410301
2024-03,sbi:SBI Energy Opportunities Fund,0.09647116000000004,0.1312292184360865,7.620254177517921
2024-03,sbi:SBLUECHIP,0.03389158000000001,0.036591531527236244,27.328727666281694
2024-03,sbi:SCF,0.01037287,0.016650018846876162,60.0599920754815
2024-03,sbi:SCOF,0.02709697,0.029754378470293413,33.6084990314415
2024-03,sbi:SDYF,0.03272772000000001,0.03721305236920049,26.87229174534614
2024-03,sbi:SEHF,0.02761541999999999,0.047911443302861095,20.87184044276712
2024-03,sbi:SEMVF,0.04330103000000001,0.04330969150520413,23.089520272381506
2024-03,sbi:SFEF,0.03632521,0.06169894489384439,16.207732591222456
2024-03,sbi:SFLEXI,0.020636520000000002,0.025041255873492364,39.93409935396086
2024-03,sbi:SHOF,0.05563289,0.06313613401024737,15.838790506838668
2024-03,sbi:SIF,0.032115450000000004,0.04081021222271033,24.503670663185467
2024-03,sbi:SLMF,0.017113189999999997,0.01974808153031819,50.637830235040944
2024-03,sbi:SLTEF,0.018650020000000007,0.024127034379007806,41.44728209406745
2024-03,sbi:SMAAF,0.004679630000000001,0.028459666028604818,35.137446763953584
2024-03,sbi:SMCF,0.028567859999999997,0.031707518154885116,31.538261528864943
2024-03,sbi:SMCOMMA,0.05379572000000001,0.057458727679673846,17.40379643585029
2024-03,sbi:SMEEF,0.036706530000000015,0.04183524248367827,23.903291594165925
2024-03,sbi:SMGLF,0.029567779999999995,0.05932111645226267,16.857403565638002
2024-03,sbi:SMIDCAP,0.01918895,0.022745363926474763,43.965003296167836
2024-03,sbi:SPSU,0.04764878999999998,0.05747671998024145,17.398348415563138
2024-03,sbi:SSCF,0.018552620000000006,0.023655385699445662,42.27367131973815
2024-03,sbi:STOF,0.09288223999999999,0.12511843397311384,7.992427400545036
2024-03,uti:002,0.00427888,0.03026595744680849,33.04042179261865
2024-03,uti:017,0.03716276000000001,0.0401733839229583,24.892102739409005
2024-03,uti:042,0.027033049999999996,0.029684189815553718,33.68796676660607
2024-03,uti:049,0.026219410000000005,0.031160192198774084,32.09222823854541
2024-03,uti:066,0.017952979999999993,0.039009004608512816,25.635106817921034
2024-03,uti:101,0.03502402999999999,0.038234153884106475,26.15462612383556
2024-03,uti:118,0.048479439999999985,0.04910598522978626,20.364116417186334
2024-03,uti:125,0.029319179999999993,0.03070328918917424,32.569800383230366
2024-03,uti:160,0.013492980000000002,0.014531628745876686,68.81541068022038
2024-03,uti:161,0.04603678,0.05227920099801664,19.128065863859277
2024-03,uti:162,0.06930017000000004,0.08059234272980766,12.408126704451076
2024-03,uti:163,0.07268705,0.07396850328107742,13.519267737513076
2024-03,uti:190,0.025691299999999997,0.027818858477500787,35.946838034665426
2024-03,uti:193,0.028318659999999996,0.0293543751138417,34.066472071771756
2024-03,uti:251,0.03648699000000001,0.03798369930768296,26.32708288625616
2024-03,uti:322,0.01095025,0.0249791041447691,40.03346133649917
2024-03,uti:751,0.012625390000000004,0.013869378830638436,72.1012824158303
2024-03,uti:753,0.042740539999999994,0.04428567793159609,22.58066369774458
2024-03,uti:773,0.017231870000000003,0.03897801726839626,25.65548660708325
2024-03,uti:775,0.04126734,0.04690301917158042,21.320589114781807
2024-04,absl:ABSLBCF,0.02699178460343109,0.030687621702801086,32.586428811090386
2024-04,absl:ABSLESG,0.03309100095436904,0.03440253808591707,29.067622787091903
2024-04,absl:ABSLMAAF,0.012677134097991177,0.027478618037678294,36.391932033438295
2024-04,absl:ABSLMCF,0.018217125203606934,0.019311135406780776,51.78359422868875
2024-04,absl:ABSLSO,0.02288486637258829,0.024917625629854036,40.1322347022459
2024-04,absl:ABSLTNLF,0.055615170678154614,0.06145076893164901,16.273189373957038
2024-04,absl:ADVG,0.016667052716376828,0.016981091175743222,58.88903072544938
2024-04,absl:BDYP,0.02045583222297139,0.024081022985014765,41.52647504311939
2024-04,absl:BINFRA,0.024404568194005938,0.02780098233240642,35.96995199821924
2024-04,absl:BSL95F,0.015977442845848955,0.026615632111231035,37.57190495498428
2024-04,absl:BSLBKFS,0.08270940532535968,0.08479975691843832,11.792486633680037
2024-04,absl:BSLDAAF,0.013624699893290211,0.02675521933203401,37.37588496621668
2024-04,absl:BSLEQTY,0.026457759572417205,0.028396789654722893,35.21524834881052
2024-04,absl:BSLFEF,0.03287089442567963,0.034806903645505795,28.72993272210004
2024-04,absl:BSLMFG,0.028010006602810573,0.030234522993720293,33.0747735033789
2024-04,absl:BSLNMF,0.09106103357753619,0.10392879447765122,9.621972476694506
2024-04,absl:BSLPHF,0.056652759898143015,0.06240689520075896,16.02387038776828
2024-04,absl:BSLR96,0.026924111786093077,0.027536247140158218,36.31576935339251
2024-04,absl:BSLTA1,0.013892749819978617,0.01429271567858441,69.9657099803893
2024-04,absl:BTOP100,0.04455823478466838,0.047979038189242845,20.842435316350407
2024-04,absl:GENNEXT,0.020431432170201495,0.022419067808209743,44.604887614185515
2024-04,absl:MIDCAP,0.016650493391081288,0.01715014284717027,58.308552232554575
2024-04,absl:MNC,0.026200240535861504,0.02678365391160877,37.336205257885766
2024-04,absl:PSUEQ,0.04309026292847165,0.04756525279403928,21.023750348391225
2024-04,absl:PURE,0.018587095759344245,0.019279003782966958,51.86990008703158
2024-04,axis:AXISBCF,0.021600029999999996,0.02339364889957241,42.74664479632667
2024-04,axis:AXISDEF,0.015866660000000005,0.03322992956787816,30.09335298040035
2024-04,axis:AXISEHF,0.016954849999999994,0.02884317237283115,34.67025010542706
2024-04,axis:AXISEQF,0.03811141999999998,0.04082451784409501,24.49508415062992
2024-04,axis:AXISESG,0.02152966,0.03479599720438113,28.73893781880437
2024-04,axis:AXISF25,0.048999530000000006,0.056013156313448026,17.852948589506873
2024-04,axis:AXISGOF,0.014334570000000001,0.021261434630563018,47.033514782794285
2024-04,axis:AXISIMF,0.023653250000000008,0.02615899935989485,38.22776193546341
2024-04,axis:AXISMCF,0.018105360000000004,0.019993936011135714,50.01516457004991
2024-04,axis:AXISMLC,0.01832303,0.018843231124577663,53.06945466988816
2024-04,axis:AXISMLF,0.028445009999999982,0.031013238281489303,32.24429486929343
2024-04,axis:AXISQUA,0.03271956,0.03429226356130535,29.16109629836096
2024-04,axis:AXISSCF,0.014307040000000009,0.0182173960455157,54.892587145908536
2024-04,axis:AXISSSF,0.01891641,0.031084090353491047,32.17079826457557
2024-04,axis:AXISTAF,0.013769729999999997,0.027108900715671277,36.888253437068144
2024-04,axis:AXISTSF,0.03111147,0.03437839033395616,29.088040198679163
2024-04,axis:AXISVAL,0.020183829999999993,0.02192368843313118,45.61276279080829
2024-04,dsp:Banking and Financial Services,0.12957535,0.13511105389580239,7.401318923699609
2024-04,dsp:DAAF,0.014180900000000008,0.031779778765821685,31.466550077921678
2024-04,dsp:EQUITYOPPOR,0.02082824999999999,0.021923548510463374,45.61305390515288
2024-04,dsp:FOCUS,0.035478670000000004,0.03713075660153978,26.931850883925456
2024-04,dsp:Flexi Cap,0.025986829999999992,0.02739836037447701,36.49853444995021
2024-04,dsp:HEALTHCARE,0.05914117000000001,0.0760071184129051,13.15666244005656
2024-04,dsp:MIDCAP,0.020688250000000005,0.022870275292637448,43.72487813130639
2024-04,dsp:Multi Asset,0.0071087,0.046498256814123416,21.50618256502595
2024-04,dsp:Multicap Fund,0.023719300000000002,0.025833873878442434,38.70886746236185
2024-04,dsp:NRNEF,0.04695463,0.06897079761790277,14.498889885832345
2024-04,dsp:QUANT,0.02837002,0.02847242849190253,35.121696777090754
2024-04,dsp:SMALLCAP,0.01627831,0.01876046489985361,53.30358311151464
2024-04,dsp:TAX,0.02703253999999999,0.027930146767550977,35.803607060231855
2024-04,dsp:TIGER,0.018522019999999997,0.019758692033605234,50.61063750066136
2024-04,dsp:TOP100,0.045025279999999994,0.048814868024065344,20.485561888787817
2024-04,dsp:VALUE,0.011545620000000001,0.025491015148069562,39.22950867948192
2024-04,hdfc:HDFCBKGFSF,0.09216638999999999,0.09285222532040643,10.769801117305336
2024-04,hdfc:HDFCBUSICY,0.04059849000000001,0.04721384406982937,21.180228377951984
2024-04,hdfc:HDFCCB,0.02846971000000001,0.02875077731148937,34.781668306421075
2024-04,hdfc:HDFCCS,0.04178386,0.05718465834378746,17.487207740022107
2024-04,hdfc:HDFCDFNFND,0.10289512,0.1105401853364466,9.046483837134353
2024-04,hdfc:HDFCDIVYLD,0.019423309999999996,0.0206816914455243,48.351944647951356
2024-04,hdfc:HDFCEQ,0.042500460000000004,0.05463317753405217,18.3038960048903
2024-04,hdfc:HDFCGR,0.014217090000000002,0.03151084258023433,31.735108239449797
2024-04,hdfc:HDFCHOF117,0.04881604999999999,0.05073564268059234,19.710009515313093
2024-04,hdfc:HDFCLARGEF,0.011591800000000005,0.012284420699241487,81.4039200124224
2024-04,hdfc:HDFCMNCFND,0.04595119000000001,0.047738658567629474,20.94738373478466
2024-04,hdfc:HDFCMULCAP,0.009383040000000002,0.009882549928413711,101.1884591774093
2024-04,hdfc:HDFCNCCFND,0.03163116,0.03222130479702728,31.035366391874348
2024-04,hdfc:HDFCPHARHC,0.04862540999999998,0.05043462037146718,19.82764998793842
2024-04,hdfc:HDFCPM,0.024270949999999993,0.05084595282790577,19.667248706787344
2024-04,hdfc:HDFCSMALLF,0.015721879999999997,0.018869188120880478,52.996450806137695
2024-04,hdfc:HDFCT2,0.043985760000000006,0.045724733812528465,21.870001564142566
2024-04,hdfc:HDFCTECHFD,0.09775410999999999,0.10551970045538878,9.476903324064839
2024-04,hdfc:HDFCTRALFD,0.04711199000000002,0.05346601469255748,18.703469965925866
2024-04,hdfc:HDFCTS,0.045208860000000003,0.05315857373114302,18.811640904017494
2024-04,hdfc:HDINFG,0.02558065,0.034821589016292086,28.717816396377742
2024-04,hdfc:MIDCAP,0.018544480000000006,0.022053422033110205,45.3444367272633
2024-04,hdfc:MY2005,0.013601380000000001,0.031433680600204086,31.813010150440586
2024-04,icici:BAF,0.014854827639478981,0.03189010384470111,31.357690300094802
2024-04,icici:BANFIN SERVICES,0.10928012158704623,0.11764985919980768,8.499797677629815
2024-04,icici:BCYCLE,0.03148998458276448,0.04743241166270711,21.082630314288494
2024-04,icici:BHACON,0.036269985252122265,0.0447061754258382,22.36827441566482
2024-04,icici:BLUECHIP,0.03344335885955565,0.041578146698103106,24.05109605439971
2024-04,icici:COMFUND,0.047609709414818686,0.053124535235392,18.82369409104575
2024-04,icici:DISCO,0.034994959786636845,0.04712834399179088,21.218653474736698
2024-04,icici:DIVYLD,0.03531116010670956,0.04051642420490601,24.681348851089208
2024-04,icici:E&DF,0.02375596209474805,0.045729612626887545,21.86766829098465
2024-04,icici:ESGFUND,0.034677017089590235,0.044279295093514415,22.583918689041415
2024-04,icici:EXPORTS,0.037322942109580814,0.04486614393897282,22.28852119228712
2024-04,icici:FLEXCAP,0.04197776562021646,0.043532487223527566,22.971349991220812
2024-04,icici:FMCG,0.13436183188483392,0.15717577983062966,6.36230341009019
2024-04,icici:FOCUSED,0.03959218710806236,0.04088078772107825,24.461368181621346
2024-04,icici:HOUSING,0.039752695490021056,0.05285317657921908,18.920338657434304
2024-04,icici:INDOPP,0.029487963534205706,0.03623308076444909,27.599088426981698
2024-04,icici:INFRA,0.026248751590125196,0.029281576379673938,34.151166830422376
2024-04,icici:INNOVA,0.017141124432846874,0.023280734166236834,42.95397184897468
2024-04,icici:LARGE & MIDCAP,0.020353311053161016,0.021854822313082906,45.7564918933874
2024-04,icici:LTEF,0.033141067334779485,0.034845030750959675,28.698496699488743
2024-04,icici:MGFINDIA,0.027163373028513158,0.03244944443763098,30.817168593503553
2024-04,icici:MIDCAP,0.017427607803421095,0.018612155627616797,53.72832787386517
2024-04,icici:MNCFUND,0.02874737317000225,0.03882660687110065,25.755534170675062
2024-04,icici:MULTI,0.014240482836617378,0.033217764357453355,30.104373950007307
2024-04,icici:MULTICAP,0.016181984428585993,0.018298090818710935,54.65051025855866
2024-04,icici:PHARMA,0.05427203015801783,0.05683842705589256,17.59373106888833
2024-04,icici:PSUEQU,0.05563620976988569,0.0727877869419878,13.73856854305798
2024-04,icici:QUANT,0.02464305479172677,0.030440210890997105,32.85128357293203
2024-04,icici:SMALL,0.012302855818189873,0.015408215136405402,64.9004437663434
2024-04,icici:TECH,0.09390317353925921,0.10856275996691213,9.211261765128125
2024-04,icici:TRANSPO,0.05611787627602311,0.05933856092397766,16.852447791599843
2024-04,kotak:BAL,0.012286819999999997,0.02300606903262469,43.46679124460199
2024-04,kotak:BFS,0.08203273000000003,0.0843959160814199,11.848914573487923
2024-04,kotak:CMP,0.045789859999999995,0.046587723211224355,21.464882399727802
2024-04,kotak:CON,0.019649449999999995,0.02038885403432887,49.04640537012489
2024-04,kotak:ELS,0.02377241,0.024586750466751846,40.67231256738378
2024-04,kotak:EME,0.020515150000000003,0.021452889928886623,46.61376641165187
2024-04,kotak:ESG,0.03142409,0.031875109733940254,31.372441015793942
2024-04,kotak:HLC,0.057461790000000006,0.06075750490678757,16.458872060894723
2024-04,kotak:K30,0.027918149999999996,0.028769081608113957,34.75953850810318
2024-04,kotak:KBA,0.015060910000000005,0.027525801640990638,36.32955047204978
2024-04,kotak:KBC,0.022760169999999996,0.024065577150560735,41.55312767874756
2024-04,kotak:KFE,0.03655601,0.039990068778283046,25.006208555036512
2024-04,kotak:KIE,0.024515419999999993,0.02523701282230349,39.62434092501783
2024-04,kotak:KMI,0.02472446,0.025955367340768618,38.52767664086495
2024-04,kotak:KOP,0.02029331,0.021065524739520145,47.47092761111913
2024-04,kotak:KPF,0.020049759999999996,0.02968772404875397,33.683956316684075
2024-04,kotak:KQT,0.023107559999999996,0.02948976276853958,33.91007272078924
2024-04,kotak:MAF,0.015409400000000002,0.032086271913111745,31.16597661167858
2024-04,kotak:MID,0.016533480000000003,0.01782837252485258,56.09036935962661
2024-04,kotak:MUC,0.020575279999999994,0.0220400049514621,45.37204062350547
2024-04,kotak:SEF,0.030268609999999998,0.030592026147145256,32.688256580001536
2024-04,kotak:TCH,0.11861186000000003,0.12684553021156272,7.883604556913619
2024-04,mirae:MABAF,0.010094983740969255,0.023394803748013587,42.74453467406874
2024-04,mirae:MABFF,0.09165439566738101,0.09484776288914344,10.543211242301878
2024-04,mirae:MAEBF,0.018014801664528228,0.01861203643520414,53.72867195276538
2024-04,mirae:MAFCF,0.024473109894950454,0.02690734055848714,37.16457959962078
2024-04,mirae:MAFF,0.0451458833949505,0.04931407682309199,20.278185549075033
2024-04,mirae:MAHCF,0.06159762176076284,0.0621448503658196,16.091437892495303
2024-04,mirae:MAIPF,0.01601815218788717,0.028888637681258916,34.61568562122732
2024-04,mirae:MAMAAF,0.01034535476333079,0.024114367141724612,41.46905428298468
2024-04,mirae:MAMCF,0.01622506764622934,0.017237227565109592,58.01396983492468
2024-04,mirae:MAMPF,0.01565496531080797,0.016109829325282182,62.073904062449394
2024-04,mirae:MATSF,0.02546455036274031,0.02651323766584457,37.71700810754775
2024-04,mirae:MICCF,0.028937643232424228,0.029368382172668184,34.050224289530476
2024-04,mirae:MIIOF,0.04002997687374136,0.04065391580349159,24.597876495678538
2024-04,nippon:BF,0.08600174,0.08742970844490054,11.437759747651617
2024-04,nippon:EA,0.037957420000000026,0.03885359527049593,25.737643917842664
2024-04,nippon:EO,0.01970073999999999,0.020108868796743944,49.72930153892701
2024-04,nippon:GF,0.014099660000000003,0.014276135303117613,70.04696850846045
2024-04,nippon:GS,0.020058620000000003,0.02029334007693224,49.277250379138714
2024-04,nippon:IT,0.027564619999999998,0.029971935921259654,33.36454484045127
2024-04,nippon:LC,0.019812799999999988,0.021205683441684303,47.157169102802236
2024-04,nippon:LE,0.043842099999999995,0.04907314844149175,20.377742854470934
2024-04,nippon:ME,0.040805829999999994,0.04300462146158761,23.25331478369634
2024-04,nippon:MF,0.006369810000000001,0.022650783240864763,44.148583709718196
2024-04,nippon:NE,0.015515329999999992,0.034408756914455045,29.062369282509653
2024-04,nippon:PH,0.05229972999999999,0.05654838611424391,17.68397064382552
2024-04,nippon:PS,0.031024970000000006,0.03469002334872843,28.826731822786602
2024-04,nippon:QP,0.03452259000000001,0.03557482172111907,28.10976841540566
2024-04,nippon:SC,0.00720784,0.007896500436091938,126.63837710049069
2024-04,nippon:SE,0.021149960000000002,0.022058030898906428,45.334962335626116
2024-04,nippon:SH,0.01662065,0.03219544700186783,31.060292467502773
2024-04,nippon:TS,0.025888379999999996,0.02778882912336461,35.9856831520551
2024-04,ppfas:PPDAAF,0.00466937,0.16965455198796925,5.894330498546913
2024-04,ppfas:PPFCF,0.03190955,0.06469568906330816,15.456980433757293
2024-04,ppfas:PPTSF,0.036340899999999995,0.0538362520135504,18.574844321411963
2024-04,sbi:SBAF,0.01545026,0.030753062754459878,32.51708644385274
2024-04,sbi:SBFS,0.1132469,0.1174844172495125,8.511767121219213
2024-04,sbi:SBLUECHIP,0.034480729999999994,0.03666921902991358,27.270828952867305
2024-04,sbi:SCF,0.011007840000000003,0.017165402030536906,58.25671884765764
2024-04,sbi:SCOF,0.02849110000000001,0.029775146026351368,33.5850577899765
2024-04,sbi:SDYF,0.03329645,0.03767470210418448,26.543010140720696
2024-04,sbi:SEHF,0.02781325,0.04875428257025612,20.51101866915948
2024-04,sbi:SEMVF,0.04204624,0.04204624,23.78333948529048
2024-04,sbi:SEOF,0.09742099999999998,0.1255164843376567,7.967081019492721
2024-04,sbi:SFEF,0.037141320000000005,0.06310156728256862,15.847466918246312
2024-04,sbi:SFLEXI,0.02331816,0.026718652525655015,37.42703712471311
2024-04,sbi:SHOF,0.05200603,0.06074192872202856,16.463092645218257
2024-04,sbi:SIF,0.028215269999999997,0.0360326182298835,27.752632173996567
2024-04,sbi:SLMF,0.017953379999999994,0.019432053566001306,51.461364935182104
2024-04,sbi:SLTEF,0.02024598,0.025117684519883537,39.812586992578275
2024-04,sbi:SMAAF,0.00473802,0.02756374948252739,36.279534489090395
2024-04,sbi:SMCF,0.028863879999999998,0.031807794431928986,31.438834972983535
2024-04,sbi:SMCOMMA,0.05115471,0.05628937685958604,17.765341451451878
2024-04,sbi:SMEEF,0.03622463999999999,0.038916115937724295,25.696295118460817
2024-04,sbi:SMGLF,0.02927302,0.058497515141240033,17.094743214058543
2024-04,sbi:SMIDCAP,0.019388519999999992,0.021665184218407095,46.157004247874504
2024-04,sbi:SPSU,0.04223896,0.05145846429737487,19.433148922227254
2024-04,sbi:SSCF,0.018233870000000003,0.024465571908825614,40.873763496174966
2024-04,sbi:STOF,0.10077411999999998,0.13759556950822235,7.267675867573938
2024-04,uti:002,0.004284100000000001,0.02966828254847646,33.706029271025415
2024-04,uti:017,0.03720121000000002,0.04002330054947087,24.985445634698426
2024-04,uti:042,0.026437860000000004,0.028879120654411037,34.627093115706025
2024-04,uti:049,0.02548582,0.029466782286969594,33.93651842475541
2024-04,uti:066,0.017752410000000017,0.0372331648979819,26.85777593014129
2024-04,uti:101,0.031375799999999995,0.03463406016606883,28.873311278118795
2024-04,uti:118,0.04388213999999998,0.04524720099699018,22.100814591084198
2024-04,uti:125,0.028751659999999995,0.030220206079185043,33.09044277791263
2024-04,uti:160,0.012896829999999996,0.013630919200580712,73.36262399364801
2024-04,uti:161,0.04549734999999999,0.04872615504286872,20.5228588038644
2024-04,uti:162,0.06768117000000001,0.07857390046532989,12.726872333915027
2024-04,uti:163,0.07201494000000001,0.07606711107402434,13.146286034536725
2024-04,uti:190,0.02560345,0.026686376486216554,37.47230353721861
2024-04,uti:193,0.028034639999999996,0.029000884509888164,34.481706916871424
2024-04,uti:251,0.03559621999999999,0.03680810628695858,27.16792850476821
2024-04,uti:322,0.010166730000000002,0.02232042366856739,44.80201697104183
2024-04,uti:751,0.012567469999999999,0.013476074225289545,74.20558712294523
2024-04,uti:753,0.042270289999999995,0.04364723770071978,22.910957317775672
2024-04,uti:773,0.01740337,0.03910672723200616,25.571048021159108
2024-04,uti:775,0.04101169999999999,0.04853865528809626,20.60213646349701
2024-05,absl:ABSLBCF,0.024767177207966166,0.028435981037697004,35.166713561748416
2024-05,absl:ABSLESG,0.03277875250351311,0.03372833453004366,29.648662287467697
2024-05,absl:ABSLMAAF,0.012098923465367633,0.026646601394112394,37.52823803717616
2024-05,absl:ABSLMCF,0.017940302439773608,0.01866613586667929,53.57295195654762
2024-05,absl:ABSLSO,0.02329518461821327,0.02569239509643469,38.9220232775717
2024-05,absl:ABSLTNLF,0.05407305001669005,0.058272653043480005,17.16070828719352
2024-05,absl:ADVG,0.01652048419561975,0.01697263224237137,58.918380232357094
2024-05,absl:BDYP,0.020520705819560132,0.02433006700666662,41.101407559872015
2024-05,absl:BINFRA,0.02339556697334301,0.02668794106921435,37.470106719980045
2024-05,absl:BSL95F,0.015533679647490434,0.026510164632900814,37.72138022707471
2024-05,absl:BSLBKFS,0.08532719122245604,0.08830585404159474,11.324277544826979
2024-05,absl:BSLDAAF,0.013248948184605735,0.025806455741827387,38.74999380016331
2024-05,absl:BSLEQTY,0.02546576529667292,0.027270320193268797,36.669903136921455
2024-05,absl:BSLFEF,0.03187546164100235,0.03399272650600397,29.418058002007427
2024-05,absl:BSLMFG,0.029740872433361442,0.03169585974856179,31.549861967236126
2024-05,absl:BSLNMF,0.09159435097532327,0.10664813966751839,9.376628632412686
2024-05,absl:BSLPHF,0.061078840321811996,0.06392250659614751,15.643942223946958
2024-05,absl:BSLR96,0.026529330960702403,0.02731085817013342,36.61547336852193
2024-05,absl:BSLTA1,0.014253895979454902,0.014824448110678675,67.45613681764368
2024-05,absl:BTOP100,0.04413978014389068,0.04721638819489591,21.179087139666052
2024-05,absl:GENNEXT,0.020366326084532576,0.0220353029547962,45.381722323102444
2024-05,absl:MIDCAP,0.01684059405565429,0.017295258333508704,57.81931560181149
2024-05,absl:MNC,0.025784237099105264,0.026467671211916507,37.78194129711613
2024-05,absl:PSUEQ,0.04105455513221605,0.04746331836078785,21.06890193388073
2024-05,absl:PURE,0.01885184977475772,0.01934957647543476,51.68071772886343
2024-05,axis:AXISBCF,0.021009870000000003,0.022426545696781982,44.59001459790089
2024-05,axis:AXISDEF,0.015662930000000002,0.03294613441758987,30.352574518305317
2024-05,axis:AXISEHF,0.01674678000000001,0.027596652170832226,36.236279451930464
2024-05,axis:AXISEQF,0.037642129999999996,0.04159481497150481,24.041458068393045
2024-05,axis:AXISESG,0.018892169999999993,0.03054108002614042,32.7427844445609
2024-05,axis:AXISF25,0.048396720000000004,0.0516493921180247,19.36131208891843
2024-05,axis:AXISGOF,0.01106732,0.01725815393397812,57.943625014908726
2024-05,axis:AXISIMF,0.022222040000000012,0.02390284915167304,41.836016855338215
2024-05,axis:AXISMCF,0.01653485,0.01833274017945228,54.54721935790161
2024-05,axis:AXISMLC,0.016079499999999997,0.016715201859387012,59.825780652383486
2024-05,axis:AXISMLF,0.028110080000000003,0.03159762913468021,31.64794408269204
2024-05,axis:AXISQUA,0.03308661,0.034797974014030265,28.73730521198757
2024-05,axis:AXISSCF,0.014181730000000005,0.017061817928601748,58.610401551855745
2024-05,axis:AXISSSF,0.01737479,0.027100662466738496,36.89946698636359
2024-05,axis:AXISTAF,0.01217933,0.023552923439253998,42.457574431434296
2024-05,axis:AXISTSF,0.027016970000000005,0.02960445599880665,33.7786987215813
2024-05,axis:AXISVAL,0.01889679,0.02043190236813428,48.94306863758346
2024-05,dsp:Banking and Financial Services,0.11101947999999998,0.12474048980208574,8.016643205318562
2024-05,dsp:DAAF,0.015034429999999996,0.034904559284037275,28.64955239407148
2024-05,dsp:EQUITYOPPOR,0.020440049999999998,0.02126115030967195,47.03414375209454
2024-05,dsp:FOCUS,0.03528027,0.03742681736757802,26.71880940820463
2024-05,dsp:Flexi Cap,0.025118050000000003,0.025852134544993723,38.68152543688701
2024-05,dsp:HEALTHCARE,0.054632320000000026,0.07511994480602913,13.312043859751878
2024-05,dsp:MIDCAP,0.02011472,0.022082748696819744,45.28421772711725
2024-05,dsp:Multi Asset,0.007515369999999998,0.046481723253342704,21.51383231963298
2024-05,dsp:Multicap Fund,0.021412129999999995,0.024331091925209374,41.09967621156792
2024-05,dsp:NRNEF,0.04747705,0.0685368179262458,14.590697821368439
2024-05,dsp:QUANT,0.028200349999999996,0.028341882274608828,35.28347165903969
2024-05,dsp:SMALLCAP,0.015954560000000003,0.018281217078865333,54.700953207108206
2024-05,dsp:TAX,0.026128539999999992,0.02699612973926337,37.042346797792746
2024-05,dsp:TIGER,0.01777554,0.020185838985877905,49.53967980719573
2024-05,dsp:TOP100,0.04286936000000001,0.046111871156237966,21.686389533223725
2024-05,dsp:VALUE,0.011867599999999999,0.025188850582207233,39.700104486164
2024-05,hdfc:HDFCBKGFSF,0.09486796000000002,0.09582380242923158,10.43582048143546
2024-05,hdfc:HDFCBUSICY,0.037661589999999995,0.04152896259859499,24.07958054877663
2024-05,hdfc:HDFCCB,0.027446559999999984,0.027981220687909248,35.738254994432836
2024-05,hdfc:HDFCCS,0.041078609999999995,0.05478734568481237,18.25238999080057
2024-05,hdfc:HDFCDFNFND,0.12020359000000003,0.12261943692000354,8.1553139136693
2024-05,hdfc:HDFCDIVYLD,0.019408869999999998,0.020479923942356364,48.828306336226696
2024-05,hdfc:HDFCEQ,0.041429339999999995,0.05450976194209098,18.345337869249192
2024-05,hdfc:HDFCGR,0.013547630000000003,0.031376203473427663,31.871287450277233
2024-05,hdfc:HDFCHOF117,0.047530750000000004,0.049866408290077185,20.053579840419104
2024-05,hdfc:HDFCLARGEF,0.01148685,0.01239421445145434,80.68280599119856
2024-05,hdfc:HDFCMANFFN,0.022409469999999997,0.02991558093300507,33.4273969888623
2024-05,hdfc:HDFCMNCFND,0.04449069,0.044929924492539824,22.256881383498435
2024-05,hdfc:HDFCMULCAP,0.009321239999999996,0.009906727601232868,100.94150563658907
2024-05,hdfc:HDFCNCCFND,0.03168543,0.03290455392326882,30.39093015307036
2024-05,hdfc:HDFCPHARHC,0.04731245000000001,0.04789498666485748,20.87901197253576
2024-05,hdfc:HDFCPM,0.023445649999999988,0.05024509906346543,19.902438618677678
2024-05,hdfc:HDFCSMALLF,0.015284299999999999,0.0183118984652237,54.60930235601238
2024-05,hdfc:HDFCT2,0.04457896000000001,0.04499193376128545,22.226206264121007
2024-05,hdfc:HDFCTECHFD,0.10054663000000003,0.10501367547388948,9.522569279547207
2024-05,hdfc:HDFCTRALFD,0.04729488,0.05433139304459908,18.405565253575013
2024-05,hdfc:HDFCTS,0.042543750000000026,0.05154492412363031,19.400552372557648
2024-05,hdfc:HDINFG,0.0247477,0.03194273615594482,31.30602197375917
2024-05,hdfc:MIDCAP,0.018491840000000006,0.0212703970747729,47.01369685223315
2024-05,hdfc:MY2005,0.014513140000000002,0.033358006635037296,29.97781045314796
2024-05,icici:BAF,0.014954309726505789,0.03210560721121593,31.14720719721056
2024-05,icici:BANFIN SERVICES,0.11324819036778962,0.11939385596603787,8.375640370342461
2024-05,icici:BCYCLE,0.027481133455157847,0.04181125925077702,23.917002690642857
2024-05,icici:BHACON,0.0361656027079664,0.04267834260572605,23.43108796979929
2024-05,icici:BLUECHIP,0.03390293972592923,0.04076791487363334,24.529093604606945
2024-05,icici:COMFUND,0.04909723242772473,0.05303773717629125,18.854499706051122
2024-05,icici:DISCO,0.036670071563749365,0.049293182255488184,20.2867811377437
2024-05,icici:DIVYLD,0.03305650835290889,0.038692478891394856,25.84481606378542
2024-05,icici:E&DF,0.023547645763309113,0.044959389963020985,22.242294675761798
2024-05,icici:ESGFUND,0.03630203075833817,0.04471496650325719,22.363876755384723
2024-05,icici:EXPORTS,0.03863036098484868,0.04460452751354866,22.419248801508978
2024-05,icici:FLEXCAP,0.041667305130635074,0.04258965317526351,23.479881272684555
2024-05,icici:FMCG,0.14691642129179436,0.16335230706454634,6.121737843622032
2024-05,icici:FOCUSED,0.04014295912102059,0.041444296086889064,24.128772700191927
2024-05,icici:HOUSING,0.040880097144210294,0.05460029047034504,18.314920880194368
2024-05,icici:INDOPP,0.029759750724744714,0.037098152110696676,26.955520507224012
2024-05,icici:INFRA,0.025207148876169767,0.0290232803434056,34.45509908487001
2024-05,icici:INNOVA,0.015273459963959575,0.021386687350155316,46.75805951746602
2024-05,icici:LARGE & MIDCAP,0.01989617945830547,0.021184682846151826,47.20391649297922
2024-05,icici:LTEF,0.032393518100619016,0.034799600289860344,28.7359622429736
2024-05,icici:MGFINDIA,0.027573759574586666,0.031577976533373915,31.66764022840814
2024-05,icici:MIDCAP,0.017831653449475047,0.0188576739123041,53.028809632111006
2024-05,icici:MNCFUND,0.02967400976139908,0.036814165123844604,27.163457235440553
2024-05,icici:MULTI,0.013814865732545766,0.03132544448299539,31.92293091141411
2024-05,icici:MULTICAP,0.016029710718231158,0.018269575852044487,54.7358082146222
2024-05,icici:PHARMA,0.05654230872756344,0.05888483541330528,16.982301011476473
2024-05,icici:PSUEQU,0.05189194010990514,0.06779828541806968,14.749635537737047
2024-05,icici:QUANT,0.02383366701502146,0.029156193287705662,34.29803027206818
2024-05,icici:SMALL,0.013294020775327417,0.016032471848539374,62.37341374724473
2024-05,icici:TECH,0.09173010907404418,0.10847004758869246,9.219134887742465
2024-05,icici:TRANSPO,0.056754418548729764,0.06144808660637768,16.273899729470344
2024-05,kotak:BAL,0.01230731,0.023228421661615668,43.05070807511957
2024-05,kotak:BFS,0.081389,0.08621656188490899,11.598699578567121
2024-05,kotak:CMP,0.04405958000000001,0.045448618866642185,22.002868842599035
2024-05,kotak:CON,0.017924610000000004,0.01905442275211998,52.48125398544235
2024-05,kotak:ELS,0.023238540000000002,0.023883760752067527,41.869453072353096
2024-05,kotak:EME,0.01873103,0.02125729618270709,47.04267143878367
2024-05,kotak:ESG,0.03152339,0.0325899869452473,30.68427126651038
2024-05,kotak:HLC,0.058810680000000004,0.06265964653762207,15.959234615209336
2024-05,kotak:K30,0.027715819999999988,0.02870610126479599,34.835799914994375
2024-05,kotak:KBA,0.014870970000000002,0.030116145759847328,33.20478018582513
2024-05,kotak:KBC,0.02275427,0.0239902169490527,41.6836580562681
2024-05,kotak:KFE,0.03690262000000002,0.038112461993522376,26.238137021165432
2024-05,kotak:KIE,0.02257955,0.024669692402464995,40.53556824648855
2024-05,kotak:KMI,0.02421407,0.0248813313230898,40.190775445846135
2024-05,kotak:KOP,0.02065133,0.02102388993858476,47.56493697984588
2024-05,kotak:KPF,0.019071299999999992,0.02876855852827493,34.760170518003484
2024-05,kotak:KQT,0.030379080000000013,0.03063588098331936,32.641463796796984
2024-05,kotak:MAF,0.014377590000000003,0.03184760753254386,31.399532884162113
2024-05,kotak:MID,0.01698428,0.018482992684102872,54.10379244807552
2024-05,kotak:MUC,0.02155485,0.022112952392682714,45.22236480420882
2024-05,kotak:SEF,0.029921329999999993,0.030350781108870264,32.94808118489385
2024-05,kotak:TCH,0.10708556000000001,0.11677843138897094,8.56322514445458
2024-05,mirae:MABAF,0.009893915600318487,0.0234811901058023,42.587279243265264
2024-05,mirae:MABFF,0.08646239847361963,0.08743208544910246,11.437448790834779
2024-05,mirae:MAEBF,0.018053298843499672,0.01837735401947538,54.41479763301349
2024-05,mirae:MAFCF,0.023791522385916364,0.026546409656143386,37.66987750709179
2024-05,mirae:MAFF,0.04756978581458294,0.04879424695626182,20.494219347136966
2024-05,mirae:MAHCF,0.06238801523970595,0.06294869573273128,15.885952653345166
2024-05,mirae:MAIPF,0.015960139159434953,0.028790665734144866,34.73347956709559
2024-05,mirae:MAMAAF,0.010103037521565038,0.023366294981183935,42.79668645821964
2024-05,mirae:MAMCF,0.016246736529204102,0.017020043209185688,58.75425741929384
2024-05,mirae:MAMPF,0.015729511568516343,0.015966292675611237,62.63194721010694
2024-05,mirae:MATSF,0.02497396731471792,0.025812833241758423,38.74041995445355
2024-05,mirae:MICCF,0.02795664552619363,0.028337724068798375,35.28864906624817
2024-05,mirae:MIIOF,0.03982091634893042,0.04035965360000044,24.777219594372067
2024-05,nippon:BF,0.08685868999999997,0.08946976764672283,11.176959841323884
2024-05,nippon:EA,0.038390900000000006,0.038965454985469945,25.663757817607824
2024-05,nippon:EO,0.019220690000000006,0.0197743966373786,50.5704431006379
2024-05,nippon:GF,0.014069850000000002,0.014434149308493792,69.28014797599114
2024-05,nippon:GS,0.019782030000000003,0.02072863178317696,48.2424508505952
2024-05,nippon:IT,0.026277229999999995,0.030414507906956285,32.87904585072323
2024-05,nippon:LC,0.019230819999999996,0.02051481695482977,48.745255792524716
2024-05,nippon:LE,0.04170338000000001,0.04611160314948791,21.686515577394438
2024-05,nippon:ME,0.03900232999999999,0.042240997548858,23.673683341482434
2024-05,nippon:MF,0.005865559999999999,0.021378562188582532,46.77583044074225
2024-05,nippon:NE,0.015063030000000002,0.03239447605926532,30.86946052686611
2024-05,nippon:PH,0.053236939999999996,0.05504941103050931,18.165498618064834
2024-05,nippon:PS,0.033189319999999994,0.0378670158003275,26.408207218466664
2024-05,nippon:QP,0.033626689999999994,0.03640382061873944,27.469644202269098
2024-05,nippon:SC,0.007133760000000002,0.00780227072747215,128.16781613062395
2024-05,nippon:SE,0.02050685999999999,0.021867020141297717,45.730968076048704
2024-05,nippon:SH,0.01654978,0.032031412336581466,31.219353973285475
2024-05,nippon:TS,0.026199339999999988,0.027662163913135054,36.15046180552642
2024-05,ppfas:PPDAAF,0.0046558699999999995,0.16957265841336597,5.8971771119039
2024-05,ppfas:PPFCF,0.031950980000000004,0.06614767351586359,15.117689660849209
2024-05,ppfas:PPTSF,0.03749063,0.05520302925103263,18.114947921654025
2024-05,sbi:SBAF,0.01484655,0.030604360124898936,32.67508276333558
2024-05,sbi:SBFS,0.09251466,0.10669022290271725,9.372930084810344
2024-05,sbi:SBLUECHIP,0.029975340000000003,0.03362297406913482,29.74156890297158
2024-05,sbi:SCF,0.010420550000000002,0.017001140468326677,58.81958341930129
2024-05,sbi:SCOF,0.02822975,0.03013325538824044,33.18592654911928
2024-05,sbi:SDYF,0.03259647,0.0375185076339037,26.653512174784566
2024-05,sbi:SEHF,0.026128569999999997,0.04765028647814928,20.986232694709283
2024-05,sbi:SEMVF,0.041795349999999995,0.0419714449748219,23.8257224786968
2024-05,sbi:SEOF,0.09967583000000002,0.11433393298835881,8.746309812519241
2024-05,sbi:SFEF,0.033741020000000004,0.06178304807908869,16.18566955000175
2024-05,sbi:SFLEXI,0.02099125999999998,0.025138317113325818,39.77991030552718
2024-05,sbi:SHOF,0.05068459999999999,0.06072448518744571,16.46782178413168
2024-05,sbi:SIF,0.026190340000000006,0.03239131204803638,30.872475882329127
2024-05,sbi:SLMF,0.017927769999999996,0.019279773983260903,51.8678279562935
2024-05,sbi:SLTEF,0.02060362,0.026011387451079414,38.444700494379134
2024-05,sbi:SMAAF,0.00433253,0.026610589805128298,37.57902426526764
2024-05,sbi:SMCF,0.02919643,0.03233019266533343,30.930839489622535
2024-05,sbi:SMCOMMA,0.04866745999999999,0.0528516076154421,18.92090033052886
2024-05,sbi:SMEEF,0.0357553,0.03958471942347151,25.262273285359104
2024-05,sbi:SMGLF,0.02814488,0.05354555053507728,18.675688082521585
2024-05,sbi:SMIDCAP,0.018643810000000004,0.020714615059831944,48.27509452198881
2024-05,sbi:SPSU,0.037190270000000004,0.04600587933303363,21.736352277087537
2024-05,sbi:SSCF,0.018339979999999995,0.024152592081660186,41.40342355880432
2024-05,sbi:STOF,0.09836637999999999,0.13960750298229177,7.162938800838254
2024-05,uti:002,0.0041356,0.028760860082963923,34.769474804139655
2024-05,uti:017,0.037219129999999975,0.03974520443197366,25.160268120184437
2024-05,uti:042,0.025691889999999995,0.02831822872534633,35.312943111620065
2024-05,uti:049,0.023093879999999997,0.026920762182098695,37.146050815194336
2024-05,uti:066,0.016303979999999996,0.03448433837197849,28.998671490028833
2024-05,uti:101,0.030410510000000005,0.03254170219825303,30.72979999348909
2024-05,uti:118,0.041789179999999995,0.04272393701801715,23.406082627129827
2024-05,uti:125,0.028318479999999993,0.02917568977422904,34.27511081103222
2024-05,uti:160,0.012968079999999996,0.013771273555443945,72.61492526264489
2024-05,uti:161,0.04390830000000002,0.047151118150822874,21.208404789071754
2024-05,uti:162,0.0665017,0.07539049236147187,13.264272041165865
2024-05,uti:163,0.07091636000000001,0.07324133287064576,13.653492649650945
2024-05,uti:190,0.02573926,0.026866317045182983,37.22132804128788
2024-05,uti:193,0.027660019999999997,0.02823303658112913,35.419498612076204
2024-05,uti:251,0.03488984,0.03591679601851071,27.842127106343856
2024-05,uti:322,0.009778600000000002,0.021347940384174716,46.842926390280844
2024-05,uti:751,0.012831239999999997,0.013564384683194293,73.72247421137784
2024-05,uti:753,0.04064442,0.042130932429872384,23.735529747994924
2024-05,uti:773,0.01687596000000001,0.038977744108055226,25.65566640357049
2024-05,uti:775,0.042512350000000004,0.046818819455433716,21.35893240434839
2024-06,absl:ABSLBCF,0.023988712723087623,0.028497366052686095,35.09096237705598
2024-06,absl:ABSLESG,0.03368575566742091,0.034523682169230636,28.96562409241659
2024-06,absl:ABSLMAAF,0.012541407599938144,0.02784338284418866,35.91517616936102
2024-06,absl:ABSLMCF,0.017777505500590946,0.018798757172913717,53.19500596778041
2024-06,absl:ABSLSO,0.023961055285382258,0.025653496324265872,38.98104131147578
2024-06,absl:ABSLTNLF,0.051246493521032534,0.0561548905490874,17.807887972390528
2024-06,absl:ADVG,0.01702686439501772,0.01730871132200166,57.77437623151458
2024-06,absl:BDYP,0.01985709214448532,0.022979498290998816,43.51705103986996
2024-06,absl:BINFRA,0.02365545505969472,0.026147803304517242,38.24413042862541
2024-06,absl:BSL95F,0.016039683173021558,0.02708645542449867,36.918821024309366
2024-06,absl:BSLBKFS,0.08723035017825725,0.08948448847039431,11.17512115332533
2024-06,absl:BSLDAAF,0.013975976207907375,0.02590172149494375,38.60747248769581
2024-06,absl:BSLEQTY,0.02459199108665623,0.02618637075947197,38.18780422782666
2024-06,absl:BSLFEF,0.03199901348359809,0.0341281355875218,29.301336940469376
2024-06,absl:BSLMFG,0.026806894006599986,0.029177428007389088,34.27306888553554
2024-06,absl:BSLNMF,0.09383524842164546,0.10895951241483035,9.177720951914715
2024-06,absl:BSLPHF,0.05948190443406822,0.06376139356749781,15.683471518567108
2024-06,absl:BSLR96,0.02746637143514525,0.027912627446001988,35.82607914409122
2024-06,absl:BSLTA1,0.014184090327129658,0.014791685816079182,67.60554628012434
2024-06,absl:BTOP100,0.04581041962664157,0.04837664527597181,20.67113158209608
2024-06,absl:GENNEXT,0.019980381985047826,0.02197042800188979,45.51572686312642
2024-06,absl:MIDCAP,0.01683627864720019,0.017300392161345733,57.802157932251966
2024-06,absl:MNC,0.025229669029006176,0.02580134546051551,38.75766872430458
2024-06,absl:PSUEQ,0.047281128401931244,0.054824688006809716,18.23995787948289
2024-06,absl:PURE,0.018718709460257364,0.01961282180781693,50.98705376507514
2024-06,axis:AXISBCF,0.02192291,0.02307577357077638,43.335491957956286
2024-06,axis:AXISDEF,0.017095870000000006,0.03386593279355958,29.528198915878495
2024-06,axis:AXISEHF,0.01681464,0.026874141934947676,37.21049038219076
2024-06,axis:AXISEQF,0.040107250000000004,0.043329378108624764,23.07902960187995
2024-06,axis:AXISESG,0.02027995000000001,0.030629382963366616,32.64838867945923
2024-06,axis:AXISF25,0.04708902000000001,0.049291834627718405,20.287335773817343
2024-06,axis:AXISGOF,0.011558799999999998,0.016530744857160384,60.49334186939824
2024-06,axis:AXISIMF,0.020934090000000006,0.0217839224209324,45.90541504311866
2024-06,axis:AXISMCF,0.016679200000000005,0.017352762034696875,57.627713559403304
2024-06,axis:AXISMLC,0.015649970000000003,0.01612042709345701,62.033095910088015
2024-06,axis:AXISMLF,0.029250980000000003,0.032520508691323405,30.749826501539435
2024-06,axis:AXISQUA,0.030714089999999982,0.03242232880416096,30.842941789908185
2024-06,axis:AXISSCF,0.013768429999999998,0.0159981331756282,62.50729313363982
2024-06,axis:AXISSSF,0.017329519999999994,0.026902226373804197,37.171644684907605
2024-06,axis:AXISTAF,0.01492355,0.02696764531294462,37.081472571874656
2024-06,axis:AXISTSF,0.02789584,0.029141141209403573,34.315746003705215
2024-06,axis:AXISVAL,0.019882900000000002,0.020949973491822975,47.7327572939561
2024-06,dsp:Banking and Financial Services,0.10435399,0.10670979984205511,9.371210530617946
2024-06,dsp:DAAF,0.01649135000000001,0.037893370900995045,26.389840128309643
2024-06,dsp:EQUITYOPPOR,0.01963938,0.020608679566932086,48.52324462381193
2024-06,dsp:FOCUS,0.035950130000000004,0.03829504228210104,26.113040759518793
2024-06,dsp:Flexi Cap,0.026078829999999994,0.026840993705164955,37.25644478682517
2024-06,dsp:HEALTHCARE,0.05548554,0.07498613003221163,13.33579956147133
2024-06,dsp:MIDCAP,0.019652159999999995,0.021306199468116925,46.93469623695312
2024-06,dsp:Multi Asset,0.009518019999999999,0.05162053874851426,19.372134120331744
2024-06,dsp:Multicap Fund,0.019894230000000002,0.021772194799114637,45.93014205626457
2024-06,dsp:NRNEF,0.04401773999999999,0.06699070403752787,14.927444253157944
2024-06,dsp:QUANT,0.028243129999999998,0.02838487697941597,35.230027620876285
2024-06,dsp:SMALLCAP,0.01628113,0.01828945376686891,54.67631853562987
2024-06,dsp:TAX,0.025666409999999997,0.026927655894353017,37.13654110567082
2024-06,dsp:TIGER,0.01931984,0.02047421818889501,48.84191380466918
2024-06,dsp:TOP100,0.042574410000000014,0.04722355742234002,21.175871844142993
2024-06,dsp:VALUE,0.01150906,0.0242579209950885,41.223648151977656
2024-06,hdfc:HDFCBKGFSF,0.0918807,0.09473887327838056,10.555329247600419
2024-06,hdfc:HDFCBUSICY,0.03893101000000002,0.040627398492292,24.613931413544094
2024-06,hdfc:HDFCCB,0.027154879999999992,0.027628038899311133,36.195113364522356
2024-06,hdfc:HDFCCS,0.042396730000000014,0.05582099564556068,17.91440637049131
2024-06,hdfc:HDFCDFNFND,0.11026081000000001,0.12194148618948716,8.200654520858318
2024-06,hdfc:HDFCDIVYLD,0.01917872,0.01995322103518643,50.117221587259216
2024-06,hdfc:HDFCEQ,0.041890340000000005,0.05529375967269951,18.08522346679449
2024-06,hdfc:HDFCGR,0.013593330000000002,0.03157808465829491,31.66753179684445
2024-06,hdfc:HDFCHOF117,0.04643011000000001,0.048711682904502826,20.52895610197778
2024-06,hdfc:HDFCLARGEF,0.011545169999999999,0.012395261714984455,80.67598917989075
2024-06,hdfc:HDFCMANFFN,0.020050489999999997,0.026754088261701826,37.37746508938182
2024-06,hdfc:HDFCMNCFND,0.043390540000000005,0.04508759187041037,22.179051009736227
2024-06,hdfc:HDFCMULCAP,0.00929897,0.009876948376150205,101.24584658300864
2024-06,hdfc:HDFCNCCFND,0.03311424,0.03587143935701653,27.87733132332193
2024-06,hdfc:HDFCPHARHC,0.044339079999999996,0.046148467258325714,21.66919205360149
2024-06,hdfc:HDFCPM,0.024487479999999992,0.04952065383535171,20.193594440914307
2024-06,hdfc:HDFCSMALLF,0.01546453,0.018038837952782907,55.43594341373453
2024-06,hdfc:HDFCT2,0.04579159000000002,0.04671190753513825,21.407817680058702
2024-06,hdfc:HDFCTECHFD,0.09713012,0.10088784517871996,9.91199681417051
2024-06,hdfc:HDFCTRALFD,0.04286741999999998,0.048002485932644647,20.8322544253888
2024-06,hdfc:HDFCTS,0.043949440000000006,0.052015564296648775,19.225014926242515
2024-06,hdfc:HDINFG,0.023508529999999993,0.029605512666996188,33.777493105694
2024-06,hdfc:MIDCAP,0.018546359999999998,0.021088137699113933,47.42002419881853
2024-06,hdfc:MY2005,0.015022299999999995,0.03279561131789705,30.491884731366028
2024-06,icici:BAF,0.014500437407244661,0.030335635976755298,32.96453058595016
2024-06,icici:BANFIN SERVICES,0.12695717444494317,0.1318000784830761,7.587248896277447
2024-06,icici:BCYCLE,0.02728185807741544,0.04021528920742888,24.866164578402987
2024-06,icici:BHACON,0.03210918291470233,0.040374059681457374,24.76837870379606
2024-06,icici:BLUECHIP,0.03380502848283967,0.04160796242597365,24.033861349955288
2024-06,icici:COMFUND,0.04562538025449615,0.050115467690671114,19.953919340278805
2024-06,icici:DISCO,0.03220950338806678,0.04896587735971013,20.42238501423882
2024-06,icici:DIVYLD,0.03264503481757713,0.03845844276216946,26.002092861224043
2024-06,icici:E&DF,0.022067645570854076,0.04466689934514664,22.38794307777839
2024-06,icici:ESGFUND,0.037646078917145095,0.043624989059331785,22.922641851897286
2024-06,icici:EXPORTS,0.03349741006493779,0.03997812078893119,25.013681990697062
2024-06,icici:FLEXCAP,0.03790952783033514,0.03893115886705438,25.686366116531232
2024-06,icici:FMCG,0.12391208861230907,0.14568743195862538,6.864010069749845
2024-06,icici:FOCUSED,0.04043263345618028,0.04195403321049379,23.835610630871933
2024-06,icici:HOUSING,0.040338355608370145,0.058322864184932814,17.145934342818865
2024-06,icici:INDOPP,0.02781982385189106,0.03764655960346707,26.562852237576173
2024-06,icici:INFRA,0.02434572388526714,0.028747022002003006,34.78621193980799
2024-06,icici:INNOVA,0.01623583318586852,0.02225878028691407,44.92609150681539
2024-06,icici:LARGE & MIDCAP,0.019895591977333354,0.02149095978997373,46.53119310504384
2024-06,icici:LTEF,0.033000525657137014,0.035837922706714376,27.90340300088448
2024-06,icici:MGFINDIA,0.02564256643183243,0.028679029300524423,34.86868364759173
2024-06,icici:MIDCAP,0.017470706059854676,0.018717947716825376,53.424660391646995
2024-06,icici:MNCFUND,0.03092774634542837,0.03834891912563491,26.076354244141786
2024-06,icici:MULTI,0.013757271537665153,0.03207366437283519,31.17822735736272
2024-06,icici:MULTICAP,0.013974521014060408,0.01742099956626554,57.40198753786924
2024-06,icici:PHARMA,0.054595797475551704,0.05655510621583099,17.681869364433773
2024-06,icici:PSUEQU,0.05089372928982897,0.06705880952894783,14.912283815123825
2024-06,icici:QUANT,0.02480297811376893,0.02893356469276869,34.56193561417366
2024-06,icici:SMALL,0.01327627207073222,0.016158774539880183,61.88588110639082
2024-06,icici:TECH,0.09215362825077944,0.10863907874295961,9.204790868726004
2024-06,icici:TRANSPO,0.05457414724133199,0.061234511890166946,16.330660098894008
2024-06,kotak:BAL,0.01280747,0.023268725972361133,42.97613892517415
2024-06,kotak:BFS,0.08748655999999998,0.09046507182954758,11.05399000715082
2024-06,kotak:CMP,0.043235300000000004,0.04447179375352295,22.486162927052664
2024-06,kotak:CON,0.01933801,0.019830678416920364,50.42691828166394
2024-06,kotak:ELS,0.025537279999999992,0.02592991702679987,38.56549170467648
2024-06,kotak:EME,0.01989405,0.021061051052636504,47.48101115660209
2024-06,kotak:ESG,0.031972259999999995,0.0327271255507636,30.555692966340203
2024-06,kotak:HLC,0.05713173999999998,0.05905278862900159,16.934001309954855
2024-06,kotak:K30,0.028945020000000005,0.030003643348860805,33.329285659502034
2024-06,kotak:KBA,0.01356482,0.027714971325605974,36.08158162069235
2024-06,kotak:KBC,0.02280472,0.02389107088417427,41.856641958331466
2024-06,kotak:KFE,0.03713178,0.03807006393249564,26.267358042086855
2024-06,kotak:KIE,0.021633500000000007,0.023473849826388896,42.6005962974091
2024-06,kotak:KMI,0.023347789999999986,0.024108340395026556,41.4794209644682
2024-06,kotak:KOP,0.020711459999999998,0.021191880785072843,47.187883422993814
2024-06,kotak:KPF,0.01899108,0.028507326011174946,35.07870221177522
2024-06,kotak:KQT,0.03041290999999999,0.030874287635858352,32.38941127304162
2024-06,kotak:MAF,0.017613250000000004,0.03960208618841259,25.25119498105117
2024-06,kotak:MID,0.016162630000000008,0.018110239776077328,55.2173804634518
2024-06,kotak:MUC,0.020855300000000004,0.021992616492544182,45.46980575681
2024-06,kotak:SEF,0.029634080000000004,0.03002915679968567,33.30096834455463
2024-06,kotak:TCH,0.1046974,0.1094159359792819,9.13943650940711
2024-06,mirae:MABAF,0.010060657970670631,0.023329782197032224,42.86366634520959
2024-06,mirae:MABFF,0.0844103043048882,0.08694154721553005,11.50198072184036
2024-06,mirae:MAEBF,0.017768836183016185,0.018341231205464593,54.52196686240232
2024-06,mirae:MAFCF,0.023540060843636426,0.0252655656045857,39.579561196069164
2024-06,mirae:MAFF,0.045449133989573925,0.047133613322768136,21.216281322462176
2024-06,mirae:MAHCF,0.060202305718608885,0.062186507919366155,16.0806585456872
2024-06,mirae:MAIPF,0.01597339270493309,0.028242112652573443,35.40811596857926
2024-06,mirae:MAMAAF,0.010473095955992594,0.023366511617459743,42.79628968034697
2024-06,mirae:MAMCF,0.01593947580692696,0.016369063074102776,61.09085141116497
2024-06,mirae:MAMPF,0.015230102775401922,0.0156299625090015,63.97968001676823
2024-06,mirae:MATSF,0.025410275245277558,0.026037089354020958,38.40675070869886
2024-06,mirae:MICCF,0.028888731181635912,0.029335439769739895,34.08846118719244
2024-06,mirae:MIIOF,0.03830241237530165,0.039380343615924664,25.393379238966798
2024-06,nippon:BF,0.09077099,0.09461025030480648,10.569679255453751
2024-06,nippon:EA,0.03635071,0.037382727096582684,26.750322345835873
2024-06,nippon:EO,0.018984810000000005,0.01933510782208318,51.71939092358571
2024-06,nippon:GF,0.014121879999999993,0.0145552629544693,68.70367118259054
2024-06,nippon:GS,0.019302780000000002,0.01938022337259689,51.598992476731354
2024-06,nippon:IT,0.024687279999999995,0.028790636705866974,34.73351458726925
2024-06,nippon:LC,0.018981589999999996,0.019930672479635536,50.17392167884777
2024-06,nippon:LE,0.04062763,0.04515926014746254,22.14385259489662
2024-06,nippon:ME,0.03720105,0.040156302917861354,24.90269091867031
2024-06,nippon:MF,0.006088810000000002,0.021931888285726137,45.59570917798386
2024-06,nippon:NE,0.016984330000000002,0.03523336224235663,28.382190525031017
2024-06,nippon:PH,0.055040839999999994,0.055662514586916,17.96541186508055
2024-06,nippon:PS,0.03670885000000001,0.04022455273821579,24.860438014266315
2024-06,nippon:QP,0.03607498,0.037136819716910525,26.927453875234303
2024-06,nippon:SC,0.006849130000000002,0.0074457358947265725,134.30505918269918
2024-06,nippon:SE,0.023381929999999995,0.02448074095850773,40.84843680568715
2024-06,nippon:SH,0.016581189999999996,0.03174677297970654,31.49926452805862
2024-06,nippon:TS,0.02631481,0.027915874451428947,35.82191207156731
2024-06,ppfas:PPDAAF,0.0047089,0.17171127097481856,5.823729533436683
2024-06,ppfas:PPETSF,0.03914733,0.055362212996820134,18.062861758388117
2024-06,ppfas:PPFCF,0.03209079,0.06603744212271426,15.142924496405346
2024-06,sbi:SBAF,0.015461200000000003,0.03123140602977106,32.019051561327686
2024-06,sbi:SBFS,0.11634780000000002,0.1336579784465973,7.481783067664363
2024-06,sbi:SBI-AOF,0.07240743,0.09403486010665502,10.63435409874373
2024-06,sbi:SBLUECHIP,0.03289838000000001,0.03452207613942839,28.966971625958465
2024-06,sbi:SCF,0.01239098,0.018205296602387514,54.929069371429854
2024-06,sbi:SCOF,0.026520540000000002,0.028128327045599415,35.5513500102185
2024-06,sbi:SDYF,0.03346032,0.03830703483992643,26.104865703615513
2024-06,sbi:SEHF,0.026885720000000002,0.04706606564697414,21.246730234488798
2024-06,sbi:SEMVF,0.042171690000000005,0.04223079241629455,23.679404121580127
2024-06,sbi:SEOF,0.10081011000000001,0.1162817168533249,8.599804225984874
2024-06,sbi:SFEF,0.032501050000000004,0.055117315450846534,18.143118760778492
2024-06,sbi:SFLEXI,0.022246670000000003,0.027816248093254625,35.95021142490089
2024-06,sbi:SHOF,0.051950840000000005,0.05950136304595142,16.8063376838565
2024-06,sbi:SIF,0.0299471,0.03622729592730439,27.60349549705981
2024-06,sbi:SLMF,0.020163520000000004,0.022540717235777826,44.364160622748365
2024-06,sbi:SLTEF,0.020635650000000002,0.02625794131372735,38.08371677170333
2024-06,sbi:SMAAF,0.005234850000000001,0.02498862829694062,40.018203004861654
2024-06,sbi:SMCF,0.02886411,0.03106663467452663,32.18887434949493
2024-06,sbi:SMCOMMA,0.048610560000000004,0.055461722131781195,18.030453465255285
2024-06,sbi:SMEEF,0.036602680000000005,0.03988245344118969,25.07368312921348
2024-06,sbi:SMGLF,0.02806225,0.05176221929893862,19.319109836167804
2024-06,sbi:SMIDCAP,0.01818304,0.020412986488233562,48.98842217802962
2024-06,sbi:SPSU,0.05350627,0.0638671816646896,15.657493785307773
2024-06,sbi:SSCF,0.018087320000000004,0.02371088952265962,42.17471466198419
2024-06,sbi:STOF,0.09998914,0.13767965635390955,7.263237187558567
2024-06,uti:002,0.00432734,0.02880404510943478,34.71734599083965
2024-06,uti:017,0.03769884,0.040399290150842954,24.752910169119257
2024-06,uti:042,0.025997749999999993,0.028297725455109002,35.33852929580442
2024-06,uti:049,0.02244580999999999,0.026193573688499366,38.17730302448433
2024-06,uti:066,0.015479210000000002,0.03254080858239937,30.730643876528585
2024-06,uti:101,0.029397400000000008,0.031192442731127607,32.05904739874952
2024-06,uti:118,0.04064864,0.04187908780359388,23.87826603792894
2024-06,uti:125,0.028507399999999992,0.02945397901792736,33.95127019651041
2024-06,uti:160,0.012712840000000003,0.013340280902231978,74.96094027770351
2024-06,uti:161,0.04080804000000001,0.04487590825019148,22.28367155099826
2024-06,uti:162,0.0670792,0.07321203768688068,13.65895598039332
2024-06,uti:163,0.08592377000000004,0.0869467146173489,11.501297138149313
2024-06,uti:190,0.023552579999999997,0.026362771275101105,37.932279181304125
2024-06,uti:193,0.027331099999999994,0.02880973061403471,34.710494637976524
2024-06,uti:251,0.033453029999999995,0.03489645885807368,28.65620274157528
2024-06,uti:322,0.00894387,0.02070132833216784,48.306078912148735
2024-06,uti:751,0.01287322,0.013789646242542544,72.51817649352688
2024-06,uti:753,0.04084654000000001,0.04192962412066079,23.84948639468606
2024-06,uti:773,0.018288179999999987,0.039527307507062626,25.29896578008312
2024-06,uti:775,0.04294154,0.04700494652946704,21.274356718459572
2024-07,absl:ABSLBCF,0.02338907545828432,0.026333383237085454,37.97461157940747
2024-07,absl:ABSLESG,0.034971581328912565,0.03653551294294622,27.370629818762854
2024-07,absl:ABSLMAAF,0.011987753833549712,0.026108075658687162,38.30232503816349
2024-07,absl:ABSLMCF,0.016391480561888435,0.018168569811760907,55.04010554274219
2024-07,absl:ABSLQF,0.017658255433899737,0.023320570556782886,42.880597520764596
2024-07,absl:ABSLSO,0.022909368529193695,0.024913455033125063,40.13895297422195
2024-07,absl:ABSLTNLF,0.0506720699883059,0.056147896828388784,17.81010610346482
2024-07,absl:ADVG,0.016409709532245978,0.017028746173882427,58.72422959323537
2024-07,absl:BDYP,0.01992917306909492,0.02379613960965134,42.02362300792754
2024-07,absl:BINFRA,0.02498166034919534,0.026287581377234286,38.04077619959459
2024-07,absl:BSL95F,0.015806740495632327,0.02632023048493883,37.993588261783195
2024-07,absl:BSLBKFS,0.08358184531788918,0.08806829320698885,11.35482434807358
2024-07,absl:BSLDAAF,0.013894798459826647,0.02512611137727421,39.799234548664344
2024-07,absl:BSLEQTY,0.02403511722715054,0.02546544571843399,39.268898375343085
2024-07,absl:BSLFEF,0.03077279807270322,0.032321788660676844,30.93888183287995
2024-07,absl:BSLMFG,0.02524899428334219,0.025886336003158896,38.630418761387105
2024-07,absl:BSLNMF,0.09663514528713421,0.11023085142172513,9.07187041651492
2024-07,absl:BSLPHF,0.060176567328566175,0.06313242425099369,15.839721218756464
2024-07,absl:BSLR96,0.026012995206369634,0.026755190893522567,37.3759246936302
2024-07,absl:BSLTA1,0.013672651100847928,0.014151768288542903,70.66254757785906
2024-07,absl:BTOP100,0.04277091101824461,0.04708880506873858,21.23647008116335
2024-07,absl:GENNEXT,0.019997014639952848,0.021819347643061184,45.83088442234028
2024-07,absl:MIDCAP,0.0169838159843882,0.01747979931879035,57.208894779760136
2024-07,absl:MNC,0.025016557412078602,0.02566974935727966,38.95636011406597
2024-07,absl:PSUEQ,0.05025603977083483,0.05254842873894079,19.030064723114247
2024-07,absl:PURE,0.018497719047542643,0.01939063732096772,51.5712806880601
2024-07,axis:AXISBCF,0.019748479999999995,0.021189420791797274,47.19336171695237
2024-07,axis:AXISDEF,0.01590681,0.032361091351831926,30.901306421589243
2024-07,axis:AXISEHF,0.016025459999999995,0.02578203972826686,38.78669067845792
2024-07,axis:AXISEQF,0.037325,0.041497002387736945,24.098126188881455
2024-07,axis:AXISESG,0.021393839999999997,0.030537805697939832,32.74629519525245
2024-07,axis:AXISF25,0.04193993,0.04632443339042898,21.586880330987675
2024-07,axis:AXISGOF,0.011934280000000002,0.016549171323918182,60.425986318403766
2024-07,axis:AXISIMF,0.02089168999999999,0.021660184464111006,46.16765852834314
2024-07,axis:AXISMCF,0.01524907,0.015822888802957003,63.199584630406974
2024-07,axis:AXISMLC,0.01470629,0.01482167361655341,67.46876404586065
2024-07,axis:AXISMLF,0.02900401,0.031373247025564835,31.874290830819614
2024-07,axis:AXISQUA,0.029797290000000008,0.030655685679285966,32.62037621542093
2024-07,axis:AXISSCF,0.012285919999999999,0.014668160729131014,68.17487335095782
2024-07,axis:AXISSSF,0.015882260000000002,0.024147412048573794,41.41230530163842
2024-07,axis:AXISTAF,0.01399458000000001,0.027745881887936055,36.04138459317818
2024-07,axis:AXISTSF,0.024009179999999998,0.025060481221094374,39.903463591842815
2024-07,axis:AXISVAL,0.018338490000000002,0.01915322510104184,52.21052823869359
2024-07,dsp:Banking and Financial Services,0.08971266,0.09546577510313642,10.47495816086603
2024-07,dsp:DAAF,0.014745559999999996,0.0336062940500362,29.756330719213082
2024-07,dsp:EQUITYOPPOR,0.017844940000000004,0.01898147155371478,52.682954383707646
2024-07,dsp:FOCUS,0.03559645,0.03817000576542518,26.1985813192046
2024-07,dsp:Flexi Cap,0.024545329999999997,0.025448222500548224,39.29547535111568
2024-07,dsp:HEALTHCARE,0.05526235,0.07618264634493456,13.126348951863244
2024-07,dsp:MIDCAP,0.020217119999999995,0.021267187376725838,47.02079227901897
2024-07,dsp:Multi Asset,0.009248150000000002,0.04985458685756727,20.05833491022528
2024-07,dsp:Multicap Fund,0.019906289999999997,0.020901607624790344,47.84320985979807
2024-07,dsp:NRNEF,0.04407626,0.06463309890800094,15.47194884502451
2024-07,dsp:QUANT,0.03072526999999999,0.03129219667263551,31.95684887390737
2024-07,dsp:SMALLCAP,0.016266109999999997,0.01855468809039933,53.89473512720624
2024-07,dsp:TAX,0.024521639999999994,0.025120924781589588,39.8074517038828
2024-07,dsp:TIGER,0.017551549999999996,0.02017583521069856,49.56424304406164
2024-07,dsp:TOP100,0.04014012000000002,0.04508196132136521,22.181821080754105
2024-07,dsp:VALUE,0.012033099999999998,0.026630572909534002,37.550825639278315
2024-07,hdfc:HDFCBKGFSF,0.09036514999999998,0.0912939739783156,10.953625485045956
2024-07,hdfc:HDFCBUSICY,0.03926983000000001,0.04295882407876254,23.278104590725235
2024-07,hdfc:HDFCCB,0.025435489999999995,0.02620011170189812,38.16777620560881
2024-07,hdfc:HDFCCS,0.04157766000000001,0.056716522722998104,17.631546364081096
2024-07,hdfc:HDFCDFNFND,0.10235112,0.10936552278242166,9.143649429532378
2024-07,hdfc:HDFCDIVYLD,0.01784956,0.01836004262514967,54.46610448660916
2024-07,hdfc:HDFCEQ,0.04175851,0.05430562969851979,18.414297109738825
2024-07,hdfc:HDFCGR,0.013313119999999994,0.03084246691177325,32.42282800725898
2024-07,hdfc:HDFCHOF117,0.04605741999999999,0.047163921441600226,21.20264747786568
2024-07,hdfc:HDFCLARGEF,0.010932500000000012,0.01172047151963482,85.32079945117749
2024-07,hdfc:HDFCMANFFN,0.019786760000000004,0.025126722148036088,39.79826712407692
2024-07,hdfc:HDFCMNCFND,0.04039680999999999,0.04290767761710687,23.305852368045894
2024-07,hdfc:HDFCMULCAP,0.009001809999999999,0.009585011868277616,104.32955261219678
2024-07,hdfc:HDFCNCCFND,0.03804802999999999,0.04191986206296129,23.855040326660806
2024-07,hdfc:HDFCPHARHC,0.04882185000000001,0.049363353648687686,20.257942908759095
2024-07,hdfc:HDFCPM,0.024334940000000006,0.04876732100876117,20.50553484002838
2024-07,hdfc:HDFCSMALLF,0.016006670000000004,0.01876027085059218,53.30413446394535
2024-07,hdfc:HDFCT2,0.04450250000000001,0.04502325517775782,22.210744115499125
2024-07,hdfc:HDFCTECHFD,0.09520778,0.10452293045700363,9.567278640464048
2024-07,hdfc:HDFCTRALFD,0.041899990000000005,0.05060886403473698,19.75938442944735
2024-07,hdfc:HDFCTS,0.04232257000000001,0.05069495969977469,19.725826905124148
2024-07,hdfc:HDINFG,0.022485899999999996,0.028490047621644372,35.099976429673745
2024-07,hdfc:MIDCAP,0.018112379999999994,0.02139931474480151,46.73046833160524
2024-07,hdfc:MY2005,0.013884879999999995,0.0314734526782519,31.772808983585023
2024-07,icici:BAF,0.014935694764516496,0.029705623359827158,33.66365983594759
2024-07,icici:BANFIN SERVICES,0.11756408832666974,0.13114010141565868,7.625432565668245
2024-07,icici:BCYCLE,0.027528666594909487,0.03830454713599094,26.106561094424226
2024-07,icici:BHACON,0.03073380778799463,0.036345298924469346,27.513874685090386
2024-07,icici:BLUECHIP,0.03243668081510954,0.04089344981552112,24.453794055312244
2024-07,icici:COMFUND,0.04417407913883455,0.04772709296586323,20.952459868344576
2024-07,icici:DISCO,0.033286061719208206,0.04938142883656295,20.250527851465915
2024-07,icici:DIVYLD,0.03465973613622713,0.03917300663313186,25.527782673546866
2024-07,icici:E&DF,0.021675839603660627,0.0465206974854644,21.49580840468814
2024-07,icici:ENERGY,0.029278949785036236,0.08920018706222028,11.210738821685034
2024-07,icici:ESGFUND,0.03808432017516861,0.04326365937130391,23.114087308649715
2024-07,icici:EXPORTS,0.035583998080086054,0.04436845740870771,22.5385343192874
2024-07,icici:FLEXCAP,0.03749831761219426,0.039373517684303624,25.397781524576686
2024-07,icici:FMCG,0.13298276107227477,0.14918877122623384,6.702917329371748
2024-07,icici:FOCUSED,0.03766074059677358,0.04147400255912752,24.11149004908189
2024-07,icici:HOUSING,0.03874701792518641,0.05610922849636862,17.822380146694048
2024-07,icici:INDOPP,0.02526024292510252,0.036290004604971095,27.555796999348342
2024-07,icici:INFRA,0.024823605137718946,0.02874367347875792,34.79026439466819
2024-07,icici:INNOVA,0.016771365571998927,0.02294923296997044,43.57444108517794
2024-07,icici:LARGE & MIDCAP,0.020185788613813663,0.02241827283373356,44.60646934831059
2024-07,icici:LTEF,0.03363398619962742,0.03695315932906725,27.061285642589233
2024-07,icici:MGFINDIA,0.023873189769428368,0.02581676549780123,38.73451924429373
2024-07,icici:MIDCAP,0.01852362511849176,0.01916140571579818,52.188237900287284
2024-07,icici:MNCFUND,0.030666516925734418,0.040856029866793965,24.47619123200116
2024-07,icici:MULTI,0.01407405621915405,0.032334310167075414,30.926900708036612
2024-07,icici:MULTICAP,0.013443679843645098,0.017370129176275347,57.57009575759693
2024-07,icici:PHARMA,0.05105877678767321,0.05589083918470675,17.892019776178763
2024-07,icici:PSUEQU,0.05496747938144336,0.07781486918112365,12.851014343703095
2024-07,icici:QUANT,0.024010447934492925,0.028741186319435133,34.79327501954184
2024-07,icici:SMALL,0.012069104142096733,0.016108638646066254,62.07849229048297
2024-07,icici:TECH,0.09425138588482669,0.11156527866711212,8.963362185324653
2024-07,icici:TRANSPO,0.058333116797108356,0.062133017611532226,16.094502382810305
2024-07,kotak:BAL,0.013165800000000002,0.023207407643479176,43.08968995427546
2024-07,kotak:BFS,0.08500682999999998,0.08678540222246085,11.522675177982766
2024-07,kotak:CMP,0.04504841999999999,0.047427119594945326,21.084982780750146
2024-07,kotak:CON,0.019974729999999993,0.020650576918752685,48.4247972313018
2024-07,kotak:ELS,0.02572189,0.026049074450308952,38.38907988487628
2024-07,kotak:EME,0.01872087,0.020334620390537975,49.17721505464228
2024-07,kotak:ESG,0.03269758,0.034325429152109635,29.132920540296876
2024-07,kotak:HLC,0.05666621999999999,0.05871479322724906,17.03148295404212
2024-07,kotak:K30,0.028221189999999993,0.03031172902422549,32.99052981111003
2024-07,kotak:KBA,0.013290150000000002,0.027569922935155936,36.271410781669054
2024-07,kotak:KBC,0.02301277,0.02472773511571943,40.440420253624424
2024-07,kotak:KFE,0.036735010000000005,0.037977942611296875,26.331073545372654
2024-07,kotak:KIE,0.02053686000000001,0.02292897175326138,43.61294569861214
2024-07,kotak:KMI,0.022119979999999997,0.023655480922136828,42.27350115144769
2024-07,kotak:KOP,0.020486380000000002,0.02112365881793183,47.34028364210759
2024-07,kotak:KPF,0.019469069999999998,0.028933420810460086,34.56210748638742
2024-07,kotak:KQT,0.026535569999999998,0.027101718116013994,36.898029701265145
2024-07,kotak:MAF,0.017788870000000002,0.03578054340440529,27.948150163557333
2024-07,kotak:MID,0.016355899999999996,0.01763688456267139,56.69935619562358
2024-07,kotak:MUC,0.023059869999999993,0.02335319334794007,42.820696300542885
2024-07,kotak:SEF,0.028235549999999995,0.029286112862175986,34.14587674049205
2024-07,kotak:SPO,0.027829670000000008,0.03870960912832092,25.83337890819401
2024-07,kotak:TCH,0.10795617999999998,0.11886711098436592,8.412755990439825
2024-07,mirae:MABAF,0.009776222232638989,0.021400729717786247,46.72737860751053
2024-07,mirae:MABFF,0.0793041663145113,0.08117979755971716,12.31833571972613
2024-07,mirae:MAEBF,0.01671051906153437,0.016982035766058796,58.88575514595567
2024-07,mirae:MAFCF,0.022540086521101545,0.023788780756982788,42.03662265063615
2024-07,mirae:MAFF,0.04400033238484081,0.045541234536456414,21.958122351722494
2024-07,mirae:MAHCF,0.0593259305682058,0.0602161809714103,16.606831982167456
2024-07,mirae:MAIPF,0.014845537073877188,0.02736046556066731,36.549085679213505
2024-07,mirae:MAMAAF,0.00963969947455552,0.02077038994603879,48.145461043244126
2024-07,mirae:MAMCF,0.015496690003218861,0.015939895526114377,62.73566839642689
2024-07,mirae:MAMPF,0.015533513847926252,0.015807924665850532,63.25941077896678
2024-07,mirae:MATSF,0.024130841273215405,0.02510064041440232,39.83962096147224
2024-07,mirae:MICCF,0.029396473202072594,0.03016418575067513,33.15189769303215
2024-07,mirae:MIIOF,0.03564877322255217,0.03597828972735453,27.79453963982322
2024-07,nippon:BF,0.08739788000000001,0.09129941821011696,10.952972314660261
2024-07,nippon:EA,0.03352375,0.034183697385185625,29.253710876617326
2024-07,nippon:EO,0.017755319999999988,0.018211354909001456,54.91079631344304
2024-07,nippon:GF,0.014034040000000005,0.01441784949747662,69.35847125987948
2024-07,nippon:GS,0.019052379999999987,0.01971706187279374,50.71749566195932
2024-07,nippon:IT,0.02391594,0.028817128377279295,34.70158396450232
2024-07,nippon:LC,0.017976589999999994,0.019228446264711842,52.00628205905569
2024-07,nippon:LE,0.038844640000000014,0.0437939107218724,22.834224747609962
2024-07,nippon:ME,0.03843167000000001,0.04109097914072822,24.33624169857827
2024-07,nippon:MF,0.006189510000000002,0.022042884746722363,45.36611298794245
2024-07,nippon:NE,0.01627449,0.03376082550678243,29.620128802807372
2024-07,nippon:PH,0.054467520000000026,0.0562075158329345,17.791215021355832
2024-07,nippon:PS,0.03964995,0.041326988876876435,24.197262543836747
2024-07,nippon:QP,0.0344203,0.035883471516507365,27.867983718910057
2024-07,nippon:SC,0.006846490000000001,0.007439762799173526,134.41288747956975
2024-07,nippon:SE,0.02237484000000001,0.024729552365707248,40.437448491251764
2024-07,nippon:SH,0.015644219999999997,0.031262507125089586,31.987197827696118
2024-07,nippon:TS,0.026198170000000003,0.027587177489817982,36.24872462465887
2024-07,ppfas:PPDAAF,0.00461903,0.17363723473879963,5.759133411127445
2024-07,ppfas:PPETSF,0.03993740999999999,0.05645268866721895,17.71394815036829
2024-07,ppfas:PPFCF,0.033535999999999996,0.06645158672185698,15.048549618320612
2024-07,sbi:SBAF,0.014986020000000001,0.02999806392041226,33.33548467171401
2024-07,sbi:SBFS,0.09092566999999999,0.10385161411516751,9.629123326778897
2024-07,sbi:SBI-AOF,0.07701101,0.08963694672651995,11.1561140413559
2024-07,sbi:SBLUECHIP,0.03257035000000001,0.03433947837511721,29.12100146298704
2024-07,sbi:SCF,0.012193810000000001,0.018281604636553452,54.69979358379372
2024-07,sbi:SCOF,0.026182379999999998,0.02815105779005084,35.52264385437837
2024-07,sbi:SDYF,0.03310148,0.03752591099315375,26.648253794090184
2024-07,sbi:SEHF,0.025385269999999998,0.04759695674464204,21.00974659714078
2024-07,sbi:SEMVF,0.04233335000000002,0.04242663726575359,23.570098043268473
2024-07,sbi:SEOF,0.09378655,0.10739447738022953,9.311465769878518
2024-07,sbi:SFEF,0.03135985,0.04975564640834784,20.0982214519521
2024-07,sbi:SFLEXI,0.019473329999999997,0.022433034931294137,44.5771159837583
2024-07,sbi:SHOF,0.04592982999999999,0.05451350398730426,18.344078565063285
2024-07,sbi:SIF,0.02852043000000001,0.03495361099489702,28.60934740464992
2024-07,sbi:SLMF,0.018803669999999998,0.021194980777255602,47.18098169134001
2024-07,sbi:SLTEF,0.020312000000000004,0.024833136774344757,40.26877510831033
2024-07,sbi:SMAAF,0.004938370000000002,0.026522962153365692,37.70317938915065
2024-07,sbi:SMCF,0.02841157,0.03138178537690717,31.865618478669074
2024-07,sbi:SMCOMMA,0.050120420000000006,0.05427101278693178,18.426042718716236
2024-07,sbi:SMEEF,0.03753066000000001,0.04047003943414112,24.70963740046137
2024-07,sbi:SMGLF,0.027327370000000007,0.05272948016560391,18.964723279261765
2024-07,sbi:SMIDCAP,0.018589480000000005,0.021092161094065462,47.410978682566686
2024-07,sbi:SPSU,0.05742618,0.06937740683612133,14.413914350562758
2024-07,sbi:SSCF,0.01813893,0.022659837449923833,44.1309432254273
2024-07,sbi:STOF,0.10603746999999998,0.15605897763124343,6.407833853448219
2024-07,uti:002,0.004205119999999998,0.027961649281954687,35.76326953808692
2024-07,uti:017,0.035790920000000025,0.03949107584210156,25.32217668615391
2024-07,uti:042,0.0253235,0.027592605506426476,36.241593776531694
2024-07,uti:049,0.020982060000000007,0.02419703707886068,41.327373956608625
2024-07,uti:066,0.014472689999999995,0.030637729110735944,32.639494800206464
2024-07,uti:101,0.027320039999999997,0.03082711928574706,32.4389700747144
2024-07,uti:118,0.04116318999999999,0.042126528931984375,23.73801082957857
2024-07,uti:125,0.027993579999999987,0.028829248822951074,34.68699466091868
2024-07,uti:160,0.01264483,0.013046125560716241,76.6511095839169
2024-07,uti:161,0.040708050000000016,0.04611972726765483,21.682695437388904
2024-07,uti:162,0.06777152,0.0750930969529086,13.316803282558807
2024-07,uti:163,0.07992025999999995,0.08557423896567025,11.685759781061789
2024-07,uti:190,0.022670429999999995,0.02556434187688258,39.116985871022315
2024-07,uti:193,0.025726139999999998,0.027706460362681064,36.09266528130529
2024-07,uti:251,0.03257869,0.03519599018366183,28.412327506109072
2024-07,uti:322,0.009133080000000003,0.020752304319504457,48.18741979704541
2024-07,uti:751,0.01224295,0.013063081475816498,76.55161623628285
2024-07,uti:753,0.040589690000000005,0.0418778419488873,23.878976410019384
2024-07,uti:773,0.019575149999999986,0.040006417327601976,24.99598981361576
2024-07,uti:775,0.041488750000000005,0.046705457717988584,21.410774005001358
2024-08,absl:ABSLBCF,0.023060735242954825,0.025308363789170944,39.512629434696386
2024-08,absl:ABSLESG,0.033609156513052844,0.0356047259152475,28.086159190787544
2024-08,absl:ABSLMAAF,0.011971973241964386,0.025550999179786465,39.13741270795803
2024-08,absl:ABSLMCF,0.01703629302357017,0.017888704141287886,55.90119843795492
2024-08,absl:ABSLQF,0.021603953290200966,0.023275570448011325,42.963501248384674
2024-08,absl:ABSLSO,0.02387570645275562,0.02490541183366343,40.15191584378255
2024-08,absl:ABSLTNLF,0.05179445199934793,0.05422970687011958,18.440077546334614
2024-08,absl:ADVG,0.016267665783352123,0.017013932152599182,58.7753607473527
2024-08,absl:BDYP,0.020737197604228756,0.02407808336281487,41.53154488801031
2024-08,absl:BINFRA,0.024818533702364882,0.026440392817955558,37.82092069830764
2024-08,absl:BSL95F,0.015505097881969162,0.026325123112029974,37.98652700480717
2024-08,absl:BSLBKFS,0.08405499820977563,0.08699130280467128,11.495402043183352
2024-08,absl:BSLDAAF,0.013232945197475894,0.024591588201059833,40.664311382576855
2024-08,absl:BSLEQTY,0.023839266670512598,0.025239535133716115,39.620381068911
2024-08,absl:BSLFEF,0.030456475523073366,0.03254651576996778,30.725255110801985
2024-08,absl:BSLMFG,0.0234691773123218,0.024252360312256367,41.23310008282501
2024-08,absl:BSLNMF,0.09168562428937684,0.10907218507870363,9.16824027389225
2024-08,absl:BSLPHF,0.05529800744179599,0.06622908412006474,15.099106582647734
2024-08,absl:BSLR96,0.02576209153714091,0.026827130854210523,37.27569695896309
2024-08,absl:BSLTA1,0.013180874523539063,0.013902105245240529,71.93155154269574
2024-08,absl:BTOP100,0.04239356430245706,0.04825481681993517,20.723319782386515
2024-08,absl:GENNEXT,0.020535362433970767,0.021256858484207438,47.04364009117056
2024-08,absl:MIDCAP,0.017077233810273925,0.0176237336046925,56.741665666901575
2024-08,absl:MNC,0.02449350019777046,0.025049341568629504,39.92120899705995
2024-08,absl:PSUEQ,0.04798852902545585,0.053562187263593755,18.66988730461537
2024-08,absl:PURE,0.019010906686584693,0.01952048140941183,51.228244786926645
2024-08,axis:AXISBCF,0.019969869999999997,0.02114131871511904,47.30073906339902
2024-08,axis:AXISDEF,0.015753750000000007,0.03136599607263783,31.881659287471226
2024-08,axis:AXISEHF,0.01596667,0.025396713145346042,39.37517403441045
2024-08,axis:AXISEQF,0.03724361999999997,0.04016051862850705,24.9000768453765
2024-08,axis:AXISESG,0.021771279999999994,0.030034241712954206,33.29533036183449
2024-08,axis:AXISF25,0.04159891999999999,0.04650326396550511,21.50386692731447
2024-08,axis:AXISGOF,0.01137068,0.015678883458892953,63.78005185265964
2024-08,axis:AXISIMF,0.02043999,0.02133936551416322,46.86174944312597
2024-08,axis:AXISMCF,0.015436659999999996,0.01623177273831548,61.60756536711955
2024-08,axis:AXISMLC,0.014106110000000007,0.014337435780482261,69.74747892934336
2024-08,axis:AXISMLF,0.02814436,0.031316607025227435,31.931939472064744
2024-08,axis:AXISQUA,0.029075220000000002,0.030175460751669343,33.13951055228473
2024-08,axis:AXISSCF,0.011768719999999996,0.014268102978752252,70.08640191966502
2024-08,axis:AXISSSF,0.015383560000000003,0.02365678982819979,42.27116220172705
2024-08,axis:AXISTAF,0.012154649999999996,0.025896109487003438,38.615839205571525
2024-08,axis:AXISTSF,0.022553749999999987,0.023594323611901852,42.383075541761364
2024-08,axis:AXISVAL,0.017834730000000003,0.019053053702702175,52.48502500458372
2024-08,dsp:Banking and Financial Services,0.07588866000000001,0.08888591386968016,11.250376538470958
2024-08,dsp:DAAF,0.014709719999999996,0.03253486405962854,30.736258745917663
2024-08,dsp:EQUITYOPPOR,0.017711209999999998,0.01918190985506019,52.13245227175332
2024-08,dsp:FOCUS,0.03350417,0.037131550829187863,26.93127482340257
2024-08,dsp:Flexi Cap,0.023640959999999996,0.025198586429496354,39.684765762473255
2024-08,dsp:HEALTHCARE,0.053791540000000006,0.07930148171438912,12.61010486035536
2024-08,dsp:MIDCAP,0.020125189999999998,0.021244501381164564,47.07100355325839
2024-08,dsp:Multi Asset,0.008765029999999998,0.05057554659630622,19.77240123536371
2024-08,dsp:Multicap Fund,0.019627620000000002,0.021502906541966387,46.50534094301805
2024-08,dsp:NRNEF,0.04273477000000001,0.06518281204115059,15.341467615246325
2024-08,dsp:QUANT,0.031220580000000005,0.03125807844122123,31.9917298141162
2024-08,dsp:SMALLCAP,0.016599880000000004,0.018651475955893945,53.615059867902616
2024-08,dsp:TAX,0.024403479999999995,0.0252857042912922,39.54803823061303
2024-08,dsp:TIGER,0.019646000000000004,0.022695237729091836,44.062107299195745
2024-08,dsp:TOP100,0.03967002,0.04719687131657576,21.187845128386623
2024-08,dsp:VALUE,0.012184929999999995,0.027396911305964184,36.50046491855104
2024-08,hdfc:HDFCBKGFSF,0.09072024999999999,0.09291855337395685,10.762113309872937
2024-08,hdfc:HDFCBUSICY,0.03469338,0.039957766141514514,25.02642406130507
2024-08,hdfc:HDFCCB,0.024848129999999996,0.02574118835343706,38.848245320674025
2024-08,hdfc:HDFCCS,0.041668750000000004,0.056065433216147646,17.836302024898753
2024-08,hdfc:HDFCDFNFND,0.09724279000000001,0.10777093119026801,9.27893996048447
2024-08,hdfc:HDFCDIVYLD,0.017149120000000014,0.01793666815871148,55.75171437368205
2024-08,hdfc:HDFCEQ,0.04094805,0.05486637619108752,18.226098922903528
2024-08,hdfc:HDFCGR,0.013264789999999995,0.03148307620798016,31.76309689033899
2024-08,hdfc:HDFCHOF117,0.04512608999999999,0.046444917108194914,21.530881359320077
2024-08,hdfc:HDFCLARGEF,0.011051670000000003,0.011628073486442216,85.99876851190808
2024-08,hdfc:HDFCMANFFN,0.020626690000000003,0.024577843544750504,40.68705206700636
2024-08,hdfc:HDFCMNCFND,0.03850352,0.042681149173894845,23.42954722061776
2024-08,hdfc:HDFCMULCAP,0.008939030000000002,0.009533898655328046,104.88888503562467
2024-08,hdfc:HDFCNCCFND,0.03864358,0.040451318689219,24.721072944069878
2024-08,hdfc:HDFCPHARHC,0.04520758,0.04734175383768338,21.123002823862723
2024-08,hdfc:HDFCPM,0.02373294999999999,0.050182659726320904,19.927202054527573
2024-08,hdfc:HDFCSMALLF,0.016473719999999997,0.019120909763139505,52.29876676306262
2024-08,hdfc:HDFCT2,0.042653879999999984,0.04537047532104695,22.04076534186339
2024-08,hdfc:HDFCTECHFD,0.08951031,0.0952308003705594,10.500804320753668
2024-08,hdfc:HDFCTRALFD,0.04868899000000001,0.05137583033067612,19.464405607920803
2024-08,hdfc:HDFCTS,0.04321892000000002,0.051508981522091504,19.414089940239133
2024-08,hdfc:HDINFG,0.022616639999999997,0.02818421667715695,35.480851267031696
2024-08,hdfc:MIDCAP,0.01785015,0.021030022030441808,47.55106763808709
2024-08,hdfc:MY2005,0.013730260000000001,0.03138704138868822,31.86028232531648
2024-08,icici:BAF,0.014942304293174873,0.030203731945189223,33.10849142134827
2024-08,icici:BANFIN SERVICES,0.11087877552641637,0.12866685633114788,7.772009268854099
2024-08,icici:BCYCLE,0.027596108125936058,0.0367755111349984,27.19200819069849
2024-08,icici:BHACON,0.029867925425771595,0.03776581946473891,26.478969983258995
2024-08,icici:BLUECHIP,0.03247578938391326,0.039998628170288784,25.000857422975468
2024-08,icici:COMFUND,0.04614999140330388,0.04976345032505742,20.095069643843996
2024-08,icici:DISCO,0.03079530121027069,0.04575217630948039,21.85688377391543
2024-08,icici:DIVYLD,0.03573744000460446,0.041113265523502626,24.32304968400879
2024-08,icici:E&DF,0.02197968341725461,0.04803135281345656,20.819734224097015
2024-08,icici:ENERGY,0.08227630312886643,0.10705215474339189,9.341241214593376
2024-08,icici:ESGFUND,0.036154326864064876,0.04334365862535474,23.071425710588954
2024-08,icici:EXPORTS,0.03194014023978439,0.041432612582364345,24.135576727441194
2024-08,icici:FLEXCAP,0.03815203477657093,0.03941955140048404,25.36812227618909
2024-08,icici:FMCG,0.13052189414987522,0.15120709236489463,6.613446395667665
2024-08,icici:FOCUSED,0.038068637196802535,0.04262721053524484,23.459193961875233
2024-08,icici:HOUSING,0.042016741542972996,0.05635288840203269,17.74531933245021
2024-08,icici:INDOPP,0.026136515726444747,0.03455315299331491,28.940918942866734
2024-08,icici:INFRA,0.025945532174445764,0.029583306341435082,33.80284774320091
2024-08,icici:INNOVA,0.016443364550245334,0.022216924936091544,45.01072956210485
2024-08,icici:LARGE & MIDCAP,0.021187244435974292,0.023488111254825264,42.57473021780607
2024-08,icici:LTEF,0.033269882865679515,0.03648723041100839,27.40684860800766
2024-08,icici:MGFINDIA,0.023123360795312853,0.02531746835360472,39.4984200644856
2024-08,icici:MIDCAP,0.018902927516106012,0.019362303497404525,51.646747512972716
2024-08,icici:MNCFUND,0.029857861716554322,0.03922936581081996,25.491107983300285
2024-08,icici:MULTI,0.014232708583648257,0.03202253128443806,31.22801227415674
2024-08,icici:MULTICAP,0.0143883562481295,0.018021342029328428,55.48976310269082
2024-08,icici:PHARMA,0.049471969429165395,0.05636967919645739,17.740033547376406
2024-08,icici:PSUEQU,0.056761680562914904,0.07633275127047895,13.100536576450397
2024-08,icici:QUANT,0.022941124041326793,0.02787004024339289,35.88082368259474
2024-08,icici:SMALL,0.011809809535026663,0.014971992057504175,66.79137927399486
2024-08,icici:TECH,0.09072319855731152,0.1083060942330709,9.233090779250475
2024-08,icici:TRANSPO,0.06164517193437703,0.06775692377757349,14.758639327882014
2024-08,kotak:BAL,0.013037270000000004,0.024021787459250456,41.628875523786796
2024-08,kotak:BFS,0.08317301,0.08563852162804095,11.676988123911825
2024-08,kotak:CMP,0.04610225,0.047219384616824844,21.17774316871736
2024-08,kotak:CON,0.019135500000000003,0.01953981471981199,51.1775579420449
2024-08,kotak:ELS,0.026006469999999993,0.027396557924790482,36.50093572868598
2024-08,kotak:EME,0.018554569999999992,0.020348626829569564,49.143365219458055
2024-08,kotak:ESG,0.03397957,0.034495055485410105,28.989662023386398
2024-08,kotak:HLC,0.05471527,0.05576986418935467,17.93083082656815
2024-08,kotak:K30,0.027181019999999997,0.029628937966482933,33.75078786594469
2024-08,kotak:KBA,0.012586049999999998,0.026079235430968423,38.34468240631494
2024-08,kotak:KBC,0.02302485,0.02383296852523663,41.95868420424019
2024-08,kotak:KFE,0.03693903000000001,0.038080374606914706,26.26024587001878
2024-08,kotak:KIE,0.023157950000000007,0.024863111676356787,40.22022717900332
2024-08,kotak:KMI,0.021927729999999986,0.02441472932212695,40.95888128866966
2024-08,kotak:KOP,0.020395279999999995,0.021038269257184234,47.53242711058638
2024-08,kotak:KPF,0.01996754,0.02844748329426939,35.15249449857117
2024-08,kotak:KQT,0.023900099999999994,0.02399598796791979,41.67363316471482
2024-08,kotak:MAF,0.013112460000000005,0.028847400230260705,34.6651688546619
2024-08,kotak:MID,0.016452920000000003,0.01777840690522604,56.24800947187487
2024-08,kotak:MUC,0.021800939999999998,0.02329501817125409,42.92763339562421
2024-08,kotak:SEF,0.028017659999999996,0.02872563899276913,34.81210636434308
2024-08,kotak:SPO,0.030674499999999997,0.03224125881343758,31.0161586985933
2024-08,kotak:TCH,0.09017852,0.10714838557835579,9.332851770022396
2024-08,mirae:MABAF,0.009428799047331918,0.021146987535315284,47.28805927227265
2024-08,mirae:MABFF,0.07821950026945781,0.08204438454237839,12.188524608694822
2024-08,mirae:MAEBF,0.016532771048102753,0.01682536101353256,59.43408876610164
2024-08,mirae:MAFCF,0.021669208358750504,0.023104074137924677,43.28240958846858
2024-08,mirae:MAFF,0.04329826342268777,0.044917942437666114,22.262818502600112
2024-08,mirae:MAHCF,0.056718647044049525,0.0575111633238475,17.387928572561865
2024-08,mirae:MAIPF,0.014609694875278547,0.02725667590553232,36.68825954660996
2024-08,mirae:MAMAAF,0.009291346097280564,0.020287950922177167,49.29034005631786
2024-08,mirae:MAMCF,0.015361978975074951,0.01581543255555565,63.229380321230586
2024-08,mirae:MAMPF,0.015719830043152173,0.016040054395405574,62.34392822797624
2024-08,mirae:MATSF,0.023472679627547597,0.024161376479432697,41.388370437058796
2024-08,mirae:MICCF,0.03090713412004808,0.03215083446523502,31.10339176674586
2024-08,mirae:MIIOF,0.034019533735750625,0.03513568844735258,28.461090252960407
2024-08,nippon:BF,0.09051202000000001,0.09386059042396538,10.65409875947968
2024-08,nippon:EA,0.03396012999999998,0.03479712579710189,28.73800571434799
2024-08,nippon:EO,0.016863049999999994,0.01757629151563144,56.8948232970904
2024-08,nippon:GF,0.013784649999999999,0.01456927402767074,68.63759979397372
2024-08,nippon:GS,0.018963140000000003,0.019553034722419288,51.142956282556554
2024-08,nippon:IT,0.024499280000000002,0.026941441967704146,37.11753814805988
2024-08,nippon:LC,0.017489609999999992,0.01890254478995178,52.902929796604965
2024-08,nippon:LE,0.037140339999999994,0.045286947372610464,22.08141767145912
2024-08,nippon:ME,0.03929792,0.04025832254257568,24.83958438512777
2024-08,nippon:MF,0.006130020000000001,0.02054747685181772,48.667775961579224
2024-08,nippon:NE,0.015585999999999997,0.033119703524891846,30.19350699345566
2024-08,nippon:PH,0.05398714999999999,0.05689620697679589,17.57586407135773
2024-08,nippon:PS,0.04145711,0.042616811896540326,23.464918080396835
2024-08,nippon:QP,0.0349652,0.03615560298101217,27.658230469152176
2024-08,nippon:SC,0.006766130000000003,0.0073432506843521,136.1794718694437
2024-08,nippon:SE,0.022441489999999998,0.024284759331018337,41.17808977924373
2024-08,nippon:SH,0.01602889,0.029906296506182137,33.43777454334017
2024-08,nippon:TS,0.026070399999999987,0.02794945169956431,35.77887719405918
2024-08,ppfas:PPDAAF,0.00431995,0.17503558490316817,5.713123994490676
2024-08,ppfas:PPETSF,0.03949311,0.05684733719123003,17.590973463472487
2024-08,ppfas:PPFCF,0.032753840000000006,0.06695930962189992,14.934443106518186
2024-08,sbi:Innovative Opportunities,0.020342869999999996,0.05415430430973635,18.465752865746094
2024-08,sbi:SBAF,0.014291050000000001,0.02992143050527638,33.42086200803998
2024-08,sbi:SBFS,0.08466307000000002,0.09744711737512449,10.261976207571964
2024-08,sbi:SBI-AOF,0.06904417000000002,0.075215151198869,13.295193641983092
2024-08,sbi:SBLUECHIP,0.03234344,0.03565721629708522,28.044814033386682
2024-08,sbi:SCF,0.013333410000000002,0.019201646500997458,52.07886729651301
2024-08,sbi:SCOF,0.02644722,0.028530400271055426,35.05033194415141
2024-08,sbi:SDYF,0.03274696,0.03753852784872231,26.639297204992463
2024-08,sbi:SEHF,0.025622479999999993,0.0475585979552896,21.026692185924233
2024-08,sbi:SEMVF,0.04288425,0.0429615459839188,23.276629765006973
2024-08,sbi:SEOF,0.09550634999999998,0.10737835788167302,9.312863594933749
2024-08,sbi:SFEF,0.028595350000000005,0.0482923309525227,20.707221628691375
2024-08,sbi:SFLEXI,0.018077180000000005,0.021018247382343296,47.57770625728126
2024-08,sbi:SHOF,0.043629629999999996,0.05255928356185972,19.026134532885113
2024-08,sbi:SIF,0.03001595,0.03592234465591585,27.83782655554794
2024-08,sbi:SLMF,0.01860633,0.021133785084303452,47.31760051552351
2024-08,sbi:SLTEF,0.019909320000000005,0.024459680592591695,40.88360827994124
2024-08,sbi:SMAAF,0.004534999999999999,0.02671670279950984,37.429768467475206
2024-08,sbi:SMCF,0.028420720000000003,0.031584123949943387,31.661476556540443
2024-08,sbi:SMCOMMA,0.04649810000000001,0.05348483710774574,18.6968878298253
2024-08,sbi:SMEEF,0.03908049,0.04140705950786295,24.150471245370756
2024-08,sbi:SMGLF,0.028440169999999997,0.05139289359434237,19.45794311356086
2024-08,sbi:SMIDCAP,0.01816857,0.020876157288821015,47.90153600420948
2024-08,sbi:SPSU,0.05737128999999999,0.06767968502202974,14.77548247564243
2024-08,sbi:SSCF,0.017676469999999993,0.022141468774826836,45.16412213524533
2024-08,sbi:STOF,0.09903379999999996,0.1395554261374141,7.165611740638045
2024-08,uti:002,0.00434709,0.02830401884655729,35.330671782732836
2024-08,uti:017,0.035040450000000015,0.037934338949206975,26.361339822976017
2024-08,uti:042,0.025633809999999996,0.027936552713044186,35.79539717271839
2024-08,uti:049,0.021503249999999998,0.02431008651104344,41.135188866799226
2024-08,uti:066,0.014718249999999995,0.030374763693078448,32.92206682180286
2024-08,uti:101,0.028194320000000012,0.031017824144024937,32.239527677915255
2024-08,uti:118,0.04001915999999999,0.04214959616426833,23.725019715556243
2024-08,uti:125,0.027792339999999995,0.029770837199431438,33.589918661041146
2024-08,uti:160,0.012645949999999998,0.01325107893873715,75.46555300313543
2024-08,uti:161,0.04240868000000001,0.047791751750127384,20.924112705229195
2024-08,uti:162,0.06344100000000001,0.07083054064733631,14.118203685313908
2024-08,uti:163,0.07995122,0.08173960072424577,12.233972164527321
2024-08,uti:190,0.022025930000000006,0.025319218760871932,39.49568939881313
2024-08,uti:193,0.025696319999999998,0.02801052614092092,35.700864559594535
2024-08,uti:251,0.03229373,0.03636970912402271,27.49540824178563
2024-08,uti:322,0.00963069,0.021679891090552086,46.1256929669629
2024-08,uti:751,0.012024980000000001,0.012950626550739152,77.21634131616014
2024-08,uti:753,0.040000479999999984,0.044043254361055634,22.704952540569526
2024-08,uti:773,0.020085709999999993,0.041643065099068566,24.013602207738717
2024-08,uti:775,0.04065633,0.04515306956251689,22.14688856569198
2024-09,absl:ABSLBCF,0.022526097345501594,0.023861780957952723,41.90802026731023
2024-09,absl:ABSLESG,0.03191381474111504,0.03399151187040653,29.419109212103436
2024-09,absl:ABSLMAAF,0.011420335403582848,0.026227202574223257,38.128351552934
2024-09,absl:ABSLMCF,0.017056180836288782,0.017710420938065487,56.46393180021334
2024-09,absl:ABSLQF,0.02381125906112363,0.02536924509084985,39.41780673484363
2024-09,absl:ABSLSO,0.024206295261361865,0.024835336465710782,40.265208461365624
2024-09,absl:ABSLTNLF,0.051674786502922426,0.05498777650327657,18.185859905435763
2024-09,absl:ADVG,0.016127682069601888,0.016586711345890452,60.289226667452766
2024-09,absl:BDYP,0.021163507083706932,0.02386932580302653,41.89477357895061
2024-09,absl:BINFRA,0.024460308717232593,0.02591135364060059,38.59312075587963
2024-09,absl:BSL95F,0.015816777629985297,0.026874049900965816,37.21061781477385
2024-09,absl:BSLBKFS,0.08423286221000867,0.08759841067228596,11.415732229904211
2024-09,absl:BSLDAAF,0.012718782045120242,0.023917466950128963,41.81044765673264
2024-09,absl:BSLEQTY,0.023572373518649936,0.024368997953999383,41.03574557672292
2024-09,absl:BSLFEF,0.029839526422154393,0.0317375121945398,31.508455794214466
2024-09,absl:BSLMFG,0.022698651338847572,0.02295284000677018,43.56759336557217
2024-09,absl:BSLNMF,0.08888268882017818,0.10226339053346123,9.77867049765765
2024-09,absl:BSLPHF,0.05517856194449131,0.06517236068717895,15.343927846958062
2024-09,absl:BSLR96,0.025102036900914265,0.02564877087080143,38.9882230628993
2024-09,absl:BSLTA1,0.013616840725193216,0.014404318416372106,69.42362499175171
2024-09,absl:BTOP100,0.04293851672190361,0.04653860575323946,21.487536719563025
2024-09,absl:GENNEXT,0.02026416264164755,0.021194721858763105,47.18155806260524
2024-09,absl:MIDCAP,0.016779535477969964,0.017288090591028357,57.843287824911634
2024-09,absl:MNC,0.02474324362858155,0.025233123084503855,39.63044909863414
2024-09,absl:PSUEQ,0.052504279502654086,0.05400048570025827,18.518351956142077
2024-09,absl:PURE,0.019179043781899736,0.019911586447831163,50.22201533865843
2024-09,axis:AXISBCF,0.018493819999999984,0.019909152921136285,50.22815405362442
2024-09,axis:AXISCON,0.023954780000000005,0.048915253702911596,20.443520666856458
2024-09,axis:AXISDEF,0.01539201,0.030680388397678126,32.594111490312144
2024-09,axis:AXISEHF,0.015702470000000003,0.02608293557161256,38.33924280702334
2024-09,axis:AXISEQF,0.03599444999999999,0.04084904485143855,24.480376558052708
2024-09,axis:AXISESG,0.02302106,0.030611652763783158,32.66729855184776
2024-09,axis:AXISF25,0.043275060000000004,0.046202602921320085,21.643802226963977
2024-09,axis:AXISGOF,0.011798020000000001,0.016429797424478348,60.86502311404794
2024-09,axis:AXISIMF,0.020598699999999994,0.02183848290401113,45.79072659925143
2024-09,axis:AXISMCF,0.015586270000000003,0.016225624339205814,61.630910410252135
2024-09,axis:AXISMLC,0.0141621,0.014788265321785668,67.62118329908697
2024-09,axis:AXISMLF,0.028568490000000002,0.031121864378605413,32.131751100600695
2024-09,axis:AXISQUA,0.030232730000000003,0.031537209592442,31.708575772019266
2024-09,axis:AXISSCF,0.011828620000000003,0.015054785959350454,66.42405961134936
2024-09,axis:AXISSSF,0.015529849999999998,0.02401856942564953,41.63445300501935
2024-09,axis:AXISTAF,0.010382659999999998,0.02292337209584725,43.623599347373414
2024-09,axis:AXISTSF,0.022609470000000007,0.02379843781118754,42.01956481067444
2024-09,axis:AXISVAL,0.01804315,0.020415699009087053,48.9819133577008
2024-09,dsp:Banking and Financial Services,0.06705632000000002,0.0828960714995479,12.063297836803446
2024-09,dsp:DAAF,0.015250099999999997,0.035394480855262485,28.25299243939381
2024-09,dsp:EQUITYOPPOR,0.019165079999999998,0.020335324223825182,49.17551296420366
2024-09,dsp:FOCUS,0.03399126,0.039317706803355966,25.43383328537983
2024-09,dsp:Flexi Cap,0.024267800000000006,0.025728416619396448,38.86752981316806
2024-09,dsp:HEALTHCARE,0.052569289999999984,0.07751841861469899,12.900159960311427
2024-09,dsp:MIDCAP,0.019250210000000007,0.021262674279541476,47.030772651311324
2024-09,dsp:Multi Asset,0.00912337,0.05299909069262062,18.86824824598804
2024-09,dsp:Multicap Fund,0.018684939999999994,0.021164386863534945,47.249183567086654
2024-09,dsp:NRNEF,0.04616797,0.06507395126292218,15.367132018150246
2024-09,dsp:QUANT,0.031625749999999994,0.03167007258328102,31.575551251748976
2024-09,dsp:SMALLCAP,0.016246150000000004,0.01834336094849679,54.51563662775487
2024-09,dsp:TAX,0.026158560000000004,0.028090482965985677,35.59924552421844
2024-09,dsp:TIGER,0.019981880000000004,0.021763263155918224,45.94899178655861
2024-09,dsp:TOP100,0.04075238000000001,0.049823228949393034,20.070959291211945
2024-09,dsp:VALUE,0.01226676,0.02773873028435751,36.050676788328786
2024-09,hdfc:HDFCBKGFSF,0.09164121,0.09206421838485503,10.861983271499804
2024-09,hdfc:HDFCBUSICY,0.03495424999999999,0.03999168182628577,25.005199939921482
2024-09,hdfc:HDFCCB,0.024685750000000006,0.02507034692172557,39.88776075266097
2024-09,hdfc:HDFCCS,0.04239905999999999,0.05669240309235036,17.639047658132036
2024-09,hdfc:HDFCDFNFND,0.10448973000000002,0.10953457601639024,9.129537323907336
2024-09,hdfc:HDFCDIVYLD,0.017050390000000002,0.01760580363229056,56.799452094644174
2024-09,hdfc:HDFCEQ,0.04197626999999999,0.055445398264299145,18.03576187212442
2024-09,hdfc:HDFCGR,0.013570770000000001,0.03201172661951458,31.23855241817518
2024-09,hdfc:HDFCHOF117,0.04621156000000001,0.047130797183025853,21.21754902885771
2024-09,hdfc:HDFCLARGEF,0.010769310000000008,0.011391667676591635,87.78345966454651
2024-09,hdfc:HDFCMANFFN,0.022054830000000004,0.02318607659008328,43.12933221430406
2024-09,hdfc:HDFCMNCFND,0.03935247000000001,0.043013229153487764,23.248661392791853
2024-09,hdfc:HDFCMULCAP,0.00887603000000001,0.009581142182492858,104.3716898207867
2024-09,hdfc:HDFCNCCFND,0.036815429999999996,0.04146211912887792,24.11840062712836
2024-09,hdfc:HDFCPHARHC,0.04335732,0.04560927810650885,21.925363468037244
2024-09,hdfc:HDFCPM,0.024292830000000005,0.051576291673709196,19.388753389374557
2024-09,hdfc:HDFCSMALLF,0.01659255,0.01909801011707491,52.3614760841462
2024-09,hdfc:HDFCT2,0.042478579999999995,0.04578645741354953,21.840519151063894
2024-09,hdfc:HDFCTECHFD,0.08376914000000003,0.0921195000014076,10.855464912257663
2024-09,hdfc:HDFCTRALFD,0.04924782,0.0542707541321763,18.426130537351707
2024-09,hdfc:HDFCTS,0.04448428000000001,0.05230658057417975,19.118053388747665
2024-09,hdfc:HDINFG,0.023317740000000007,0.02810867742557037,35.57620249646835
2024-09,hdfc:MIDCAP,0.018156039999999995,0.020965008097537558,47.69852677125628
2024-09,hdfc:MY2005,0.014824709999999998,0.033593689329771595,29.76749562048769
2024-09,icici:BAF,0.014010504520999582,0.03037811024807121,32.91844001598134
2024-09,icici:BANFIN SERVICES,0.10099905992522853,0.11244834740677387,8.892971956115739
2024-09,icici:BCYCLE,0.029433607444316914,0.03913545770787626,25.55227557230648
2024-09,icici:BHACON,0.026044303479514988,0.035609576547207464,28.082333376649515
2024-09,icici:BLUECHIP,0.03189266286015021,0.040414237080964886,24.743755474008445
2024-09,icici:COMFUND,0.0495948889808263,0.053402333948242627,18.725773314874157
2024-09,icici:DISCO,0.03111114733838617,0.04563459113969258,21.913201696907688
2024-09,icici:DIVYLD,0.03734505074057051,0.04131755498694046,24.202787418473267
2024-09,icici:E&DF,0.021177414721499165,0.04755287830489719,21.029221272122573
2024-09,icici:ENERGY,0.07346195479716958,0.08818425865579371,11.339892348624966
2024-09,icici:ESGFUND,0.03668329799167552,0.04162708384924588,24.022821382865526
2024-09,icici:EXPORTS,0.02946491897961554,0.0406019369992692,24.62936682104598
2024-09,icici:FLEXCAP,0.03658297601454033,0.038605983746290436,25.902720328842488
2024-09,icici:FMCG,0.14042019538854744,0.15587768357661622,6.415286505771591
2024-09,icici:FOCUSED,0.03853641361243838,0.041859005433627666,23.889721928190973
2024-09,icici:HOUSING,0.04022758885740316,0.05431583212990429,18.41083825445872
2024-09,icici:INDOPP,0.02565588444149156,0.03326153442427625,30.06475850585355
2024-09,icici:INFRA,0.02411709310308137,0.028707212313274444,34.83445167323307
2024-09,icici:INNOVA,0.017264817585361393,0.0233327490779149,42.858216006211116
2024-09,icici:LARGE & MIDCAP,0.01892207422638957,0.021816768522526023,45.836302427992045
2024-09,icici:LTEF,0.03373506919476461,0.036451171465837595,27.433960550135133
2024-09,icici:MGFINDIA,0.023983604449008496,0.02633485782807725,37.97248523338664
2024-09,icici:MIDCAP,0.019010673104742182,0.019540425852629398,51.17595734820887
2024-09,icici:MNCFUND,0.030781396976061196,0.039503706740945735,25.314080183860224
2024-09,icici:MULTI,0.013560568711814153,0.03047645095146539,32.812219559046696
2024-09,icici:MULTICAP,0.014263732529679354,0.017745419070241308,56.35257167169294
2024-09,icici:PHARMA,0.05253680886090646,0.05833736784868333,17.141671571364355
2024-09,icici:PSUEQU,0.055538372736100856,0.07758919816304186,12.888391988516915
2024-09,icici:QUANT,0.020914399275025176,0.027198793311855353,36.76633696701986
2024-09,icici:SMALL,0.011412054322064899,0.015550988952724651,64.30459201276665
2024-09,icici:TECH,0.08639412671071485,0.1068543354069532,9.35853464617523
2024-09,icici:TRANSPO,0.06165747060135373,0.06994279134075035,14.29739907188085
2024-09,kotak:BAL,0.012784329999999997,0.023904894185709027,41.83243783600708
2024-09,kotak:BFS,0.08204740999999997,0.0863975026595317,11.57440862545205
2024-09,kotak:CMP,0.04590237,0.04922102421861397,20.316521565226367
2024-09,kotak:CON,0.019677999999999998,0.02033140164009257,49.18500050818173
2024-09,kotak:ELS,0.026769509999999993,0.027574233962273927,36.26574001541308
2024-09,kotak:EME,0.01820774,0.01931157003142631,51.782428791272245
2024-09,kotak:ESG,0.034507079999999996,0.0350376281748544,28.540744681960923
2024-09,kotak:HLC,0.0529351,0.05407542305421498,18.492689349788705
2024-09,kotak:K30,0.02748133,0.02932225099782326,34.10379373924039
2024-09,kotak:KBA,0.012643870000000001,0.025591334608905683,39.07572681465405
2024-09,kotak:KBC,0.022616969999999997,0.023904330803147574,41.83342375216487
2024-09,kotak:KFE,0.03712172,0.038152408851211836,26.210664807557414
2024-09,kotak:KIE,0.023603749999999986,0.024412312900946656,40.96293555049518
2024-09,kotak:KMI,0.021999219999999993,0.023198918672716652,43.10545737530695
2024-09,kotak:KOP,0.020468899999999998,0.02113137625282139,47.32299439637697
2024-09,kotak:KPF,0.019553559999999994,0.02804483488113592,35.65718979050364
2024-09,kotak:KQT,0.023754959999999995,0.024237281910009196,41.258751856454374
2024-09,kotak:MAF,0.014225779999999999,0.029949222377657236,33.38984857069349
2024-09,kotak:MID,0.016444320000000002,0.017673452793690342,56.582039269486344
2024-09,kotak:MUC,0.022133160000000002,0.023340162915331798,42.844602397488636
2024-09,kotak:SEF,0.02786470999999999,0.02874902275261474,34.78379103891625
2024-09,kotak:SPO,0.0310977,0.031935225561111585,31.31338459114339
2024-09,kotak:TCH,0.09240169,0.10305562020888658,9.703497955502762
2024-09,mirae:MABAF,0.009286233013680444,0.021441116272213526,46.63936276936959
2024-09,mirae:MABFF,0.07908090542448,0.08051130237587373,12.42061636677316
2024-09,mirae:MAEBF,0.016883287958090323,0.017152074702255198,58.301984882826886
2024-09,mirae:MAFCF,0.021248238745661056,0.021780095806059805,45.91348031268868
2024-09,mirae:MAFF,0.03981471153530957,0.044273379772135586,22.58693610351771
2024-09,mirae:MAHCF,0.054399977650729556,0.0547902736839944,18.251414580762074
2024-09,mirae:MAIPF,0.014667129542867134,0.02743017590999306,36.4562007652197
2024-09,mirae:MAMAAF,0.008657571666212149,0.020180361747999875,49.55312558255367
2024-09,mirae:MAMCF,0.015367455101049933,0.015573916803791919,64.20992307834348
2024-09,mirae:MAMPF,0.01579359263745815,0.01594288033502441,62.72392309206082
2024-09,mirae:MATSF,0.023397972917536425,0.023884692747476195,41.86781930052947
2024-09,mirae:MICCF,0.030807433613021,0.032462667644831224,30.804615657001378
2024-09,mirae:MIIOF,0.03355608856627188,0.034052925032859796,29.366052961237177
2024-09,nippon:BF,0.09155426999999998,0.09469052530457045,10.560718686304856
2024-09,nippon:EA,0.03389781000000001,0.0351018276092965,28.488545130201604
2024-09,nippon:EO,0.017378389999999994,0.01806912776222161,55.34301451400272
2024-09,nippon:GF,0.013893870000000003,0.014904543359040713,67.09363553855044
2024-09,nippon:GS,0.018713010000000006,0.01911226034044685,52.32243503316676
2024-09,nippon:IT,0.025076889999999998,0.02699042445456626,37.05017687600016
2024-09,nippon:LC,0.01789159999999999,0.01889056639855229,52.936475217420515
2024-09,nippon:LE,0.03774959,0.04502003317827628,22.2123336968693
2024-09,nippon:ME,0.036348780000000004,0.0389686568272098,25.661649166767063
2024-09,nippon:MF,0.005800960000000003,0.019820077148841243,50.45389039055601
2024-09,nippon:NE,0.01559891,0.033273125387507034,30.05428520326098
2024-09,nippon:PH,0.05470775,0.059053735874515116,16.933729681809243
2024-09,nippon:PS,0.03925528999999999,0.040304347269423994,24.811219328656094
2024-09,nippon:QP,0.036031959999999995,0.03640963569467545,27.465256955214194
2024-09,nippon:SC,0.006682799999999998,0.007260374715644008,137.73393787035388
2024-09,nippon:SE,0.022103799999999996,0.024225810445303003,41.27828880102065
2024-09,nippon:SH,0.016088559999999995,0.02930088639016828,34.12866036488041
2024-09,nippon:TS,0.026257729999999996,0.028556865827713204,35.017848458339685
2024-09,ppfas:PPDAAF,0.00403711,0.19442075318772478,5.143483828778508
2024-09,ppfas:PPETSF,0.04134049000000001,0.06034339069405303,16.571823169004524
2024-09,ppfas:PPFCF,0.03381624,0.0713167067774601,14.021959863071713
2024-09,sbi:SBAF,0.013441229999999998,0.028737819000421234,34.797351879255075
2024-09,sbi:SBFS,0.08965035999999997,0.0998815508720488,10.011858959629386
2024-09,sbi:SBI-AOF,0.07388257000000001,0.07713346074806063,12.964542110541087
2024-09,sbi:SBLUECHIP,0.032449940000000004,0.03553543334955226,28.14092599246717
2024-09,sbi:SCF,0.013747010000000002,0.019330542745758263,51.7316049089947
2024-09,sbi:SCOF,0.026558210000000006,0.028139293593614625,35.537494808573314
2024-09,sbi:SDYF,0.0335477,0.03718762305734835,26.890667318474875
2024-09,sbi:SEHF,0.02599037,0.046714450849431516,21.406652156163993
2024-09,sbi:SEMVF,0.04132944000000002,0.04127988927211333,24.224871181414503
2024-09,sbi:SEOF,0.09477288,0.10343766267716702,9.667658511591073
2024-09,sbi:SFEF,0.02742369,0.04529550023990006,22.07724817484445
2024-09,sbi:SFLEXI,0.018662949999999987,0.021685287251348943,46.11421506246336
2024-09,sbi:SHOF,0.045092200000000006,0.05385911791931678,18.566958365304867
2024-09,sbi:SIF,0.02918744,0.03501502575071771,28.559167916062517
2024-09,sbi:SIOF,0.028527169999999998,0.04065197588701099,24.599050308880983
2024-09,sbi:SLMF,0.01889383999999999,0.020855895031459834,47.948074081287885
2024-09,sbi:SLTEF,0.021608750000000006,0.026031401565113823,38.41514247700583
2024-09,sbi:SMAAF,0.00423221,0.025994419953044086,38.46979474080916
2024-09,sbi:SMCF,0.02800549,0.031063703881175787,32.19191130024863
2024-09,sbi:SMCOMMA,0.04889572999999999,0.050040032963808115,19.98399962532516
2024-09,sbi:SMEEF,0.03837005,0.04138376428278628,24.164065723135618
2024-09,sbi:SMGLF,0.027684079999999993,0.050555295836376905,19.78032139771306
2024-09,sbi:SMIDCAP,0.018955040000000006,0.021145025183443182,47.29244781335198
2024-09,sbi:SPSU,0.06077483999999998,0.06520925450030339,15.335246625083675
2024-09,sbi:SSCF,0.017818910000000004,0.021770677963154947,45.93334216290445
2024-09,sbi:STOF,0.09463678999999998,0.1265695054055264,7.900797248089248
2024-09,uti:002,0.00427933,0.028440433981245374,35.16120747874084
2024-09,uti:017,0.03430853,0.03651620907533412,27.385098982672808
2024-09,uti:042,0.026051799999999996,0.028256237494089377,35.39041601731934
2024-09,uti:049,0.021402409999999997,0.024113967534604513,41.469741491729216
2024-09,uti:066,0.014826789999999992,0.03040626333189566,32.88796091399421
2024-09,uti:101,0.0290951,0.03130875415368193,31.939948651147443
2024-09,uti:118,0.03900592,0.04176540365554143,23.94326194587898
2024-09,uti:125,0.02810085999999999,0.02914047560778326,34.316529814390044
2024-09,uti:160,0.012589600000000003,0.0131677588967197,75.94306729363916
2024-09,uti:161,0.04426359,0.04819962486833154,20.747049437246286
2024-09,uti:162,0.06409579000000001,0.07026382928753906,14.232073744625032
2024-09,uti:163,0.06391482999999999,0.06930870437120093,14.428202187191928
2024-09,uti:190,0.02193327,0.024597071608491297,40.65524611697208
2024-09,uti:193,0.025919039999999994,0.028159146266499933,35.51244027556578
2024-09,uti:251,0.03216648999999999,0.035335877581757276,28.299849004352062
2024-09,uti:322,0.00903332,0.020649950453761615,48.426266311832194
2024-09,uti:751,0.012260970000000001,0.012916338696452008,77.4213206622315
2024-09,uti:753,0.04090795,0.042447306229620875,23.558621001541272
2024-09,uti:773,0.01818890999999999,0.03877504777834757,25.789781245825093
2024-09,uti:775,0.04039886999999999,0.0456527485435377,21.9044861898365
2024-10,absl:ABSLBCF,0.022289941270368298,0.023724550400034433,42.1504299613007
2024-10,absl:ABSLESG,0.033542024180357635,0.03559756678877132,28.09180767701892
2024-10,absl:ABSLMAAF,0.01144705994768318,0.0264020616621885,37.87583003156689
2024-10,absl:ABSLMCF,0.01655876096383016,0.01770675624473766,56.47561790416547
2024-10,absl:ABSLQF,0.02609067153935357,0.0262174878996735,38.142479700065145
2024-10,absl:ABSLSO,0.023127495722682183,0.024939736210910318,40.096655054536335
2024-10,absl:ABSLTNLF,0.046547775554797007,0.05270862809322253,18.97222591776362
2024-10,absl:ADVG,0.016752871145910446,0.017151461750720586,58.30406845398976
2024-10,absl:BDYP,0.020186754564982593,0.02390999976772762,41.8235052159952
2024-10,absl:BINFRA,0.023547467623164144,0.02493706278734224,40.100953690006676
2024-10,absl:BSL95F,0.016137643931044485,0.028134347609967282,35.543742256377236
2024-10,absl:BSLBKFS,0.09017612303340548,0.09462707419474964,10.567800056270627
2024-10,absl:BSLDAAF,0.012208442191075837,0.025891532301632766,38.622665833375116
2024-10,absl:BSLEQTY,0.0235764958183649,0.024488555485300587,40.835401687954054
2024-10,absl:BSLFEF,0.031054150089078577,0.0331016094114745,30.21001147011768
2024-10,absl:BSLMFG,0.02106175801523322,0.021886554016675924,45.690152923940175
2024-10,absl:BSLNMF,0.08339032798896079,0.09823534255120583,10.179635699633696
2024-10,absl:BSLPHF,0.05555819655549148,0.06336881838884985,15.780631948408816
2024-10,absl:BSLR96,0.026580601477523634,0.02695860606298063,37.093906030000305
2024-10,absl:BSLTA1,0.013705570075978318,0.01434801326649481,69.69606045285585
2024-10,absl:BTOP100,0.039459389269215606,0.04424195592977513,22.60297898192592
2024-10,absl:GENNEXT,0.020849798686568454,0.021246587920776237,47.066380904490444
2024-10,absl:MIDCAP,0.016998645561325382,0.01726420342123875,57.92332119823038
2024-10,absl:MNC,0.02381712584074859,0.024432955674045638,40.928327024399614
2024-10,absl:PSUEQ,0.05230889034307585,0.05555540223441486,18.00004967618668
2024-10,absl:PURE,0.01915877197367449,0.019813962859561093,50.46945969808643
2024-10,axis:AXISBCF,0.018026739999999996,0.019246242759360172,51.958193217409274
2024-10,axis:AXISCON,0.02588553,0.03650309820136412,27.394934930828146
2024-10,axis:AXISDEF,0.014758189999999996,0.03164600350194397,31.599566749038985
2024-10,axis:AXISEHF,0.01575051,0.026906562479174796,37.165654318495065
2024-10,axis:AXISEQF,0.03589688999999999,0.042624113619181614,23.46089842323389
2024-10,axis:AXISESG,0.023943770000000003,0.031801919739253635,31.444642593877234
2024-10,axis:AXISF25,0.04328176999999999,0.048497257725570064,20.619722576040672
2024-10,axis:AXISGOF,0.012068469999999994,0.01734666425555316,57.64797111812847
2024-10,axis:AXISIMF,0.0189734,0.021291250718184444,46.96764944606657
2024-10,axis:AXISMCF,0.01446828,0.01620142773158646,61.72295532019011
2024-10,axis:AXISMLC,0.013562109999999997,0.015496716172838045,64.52980030393508
2024-10,axis:AXISMLF,0.029353570000000002,0.03308653852645927,30.223772099952402
2024-10,axis:AXISQUA,0.0324779,0.033720641884849946,29.65542599737051
2024-10,axis:AXISSCF,0.01116317,0.014765507068004221,67.7254086428855
2024-10,axis:AXISSSF,0.015062250000000001,0.023065328172964,43.35511693140135
2024-10,axis:AXISTAF,0.00861026,0.02124628472675635,47.067052562872675
2024-10,axis:AXISTSF,0.02303658,0.025017132329522462,39.97260704496935
2024-10,axis:AXISVAL,0.01727977,0.021290447197873104,46.96942204670549
2024-10,dsp:Banking and Financial Services,0.07250831,0.08937734660293886,11.18851742648532
2024-10,dsp:DAAF,0.01303616,0.029390110831552296,34.02505032156706
2024-10,dsp:EQUITYOPPOR,0.020509,0.021860271709885755,45.745085572187804
2024-10,dsp:FOCUS,0.032879820000000004,0.04010961109127578,24.931680282921253
2024-10,dsp:Flexi Cap,0.02413517,0.0261610772846543,38.224725576824206
2024-10,dsp:HEALTHCARE,0.04949125000000001,0.07290871050877316,13.715782284747297
2024-10,dsp:MIDCAP,0.01999837,0.0218678601426301,45.72921143073158
2024-10,dsp:Multi Asset,0.00853851,0.0536066460234601,18.654403402935632
2024-10,dsp:Multicap Fund,0.01994241,0.02111224788932413,47.365870524174355
2024-10,dsp:NRNEF,0.045022910000000006,0.06474490738790727,15.445230217238292
2024-10,dsp:QUANT,0.02678073,0.027088660620490028,36.915815588298
2024-10,dsp:SMALLCAP,0.01609469,0.01807235321471586,55.33313720239406
2024-10,dsp:TAX,0.028926130000000008,0.030838346478875504,32.42716014897256
2024-10,dsp:TIGER,0.019780149999999996,0.021774723130935755,45.924808962520466
2024-10,dsp:TOP100,0.04220944,0.05103871017700475,19.592971619618734
2024-10,dsp:VALUE,0.011840099999999994,0.027614553717130088,36.21278874333833
2024-10,hdfc:HDFCBKGFSF,0.09522882999999999,0.09597598287169977,10.419273344007273
2024-10,hdfc:HDFCBUSICY,0.03766953000000001,0.043432116708891966,23.02443619551399
2024-10,hdfc:HDFCCB,0.025461409999999993,0.02608894273200926,38.33041492988797
2024-10,hdfc:HDFCCS,0.04169077,0.0595240921847681,16.799920222149893
2024-10,hdfc:HDFCDFNFND,0.10855846000000002,0.11298850893893758,8.8504575322826
2024-10,hdfc:HDFCDIVYLD,0.01708627,0.017650025766502417,56.657141084625344
2024-10,hdfc:HDFCEQ,0.04202585000000001,0.05465329696546975,18.29715782072224
2024-10,hdfc:HDFCGR,0.014153359999999997,0.03202414413788214,31.226439516835537
2024-10,hdfc:HDFCHOF117,0.04869545,0.048685712370668745,20.53990691122066
2024-10,hdfc:HDFCLARGEF,0.011514850000000005,0.011923846397360424,83.86555534809384
2024-10,hdfc:HDFCMANFFN,0.020739540000000004,0.02162115649356529,46.25099495938674
2024-10,hdfc:HDFCMNCFND,0.036528269999999995,0.04433476730469557,22.555661409642457
2024-10,hdfc:HDFCMULCAP,0.00977887,0.010011775023670915,99.88238825140323
2024-10,hdfc:HDFCNCCFND,0.03657228999999999,0.03787130256666132,26.405217994279266
2024-10,hdfc:HDFCPHARHC,0.0540235,0.05595374994060091,17.871903153257374
2024-10,hdfc:HDFCPM,0.024515379999999993,0.05311137491746904,18.828358361159403
2024-10,hdfc:HDFCSMALLF,0.017000470000000004,0.019584330844206833,51.061228895436386
2024-10,hdfc:HDFCT2,0.04501348,0.047880356569072725,20.885391664896837
2024-10,hdfc:HDFCTECHFD,0.07845926,0.08898422516873251,11.237946929400048
2024-10,hdfc:HDFCTRALFD,0.054546210000000005,0.05669112966207942,17.639443877035635
2024-10,hdfc:HDFCTS,0.044276559999999986,0.05217542713170853,19.166110465673043
2024-10,hdfc:HDINFG,0.02445952,0.027693449104940576,36.10962275629285
2024-10,hdfc:MIDCAP,0.018261579999999996,0.021528763641465096,46.449485750959134
2024-10,hdfc:MY2005,0.015241649999999997,0.035000619218849144,28.570923095596623
2024-10,icici:BAF,0.013290346381981077,0.02964812020616493,33.728951213307056
2024-10,icici:BANFIN SERVICES,0.1041346670125442,0.11434021259853411,8.74582946168862
2024-10,icici:BCYCLE,0.029957705576368752,0.04100958822346636,24.38454135532586
2024-10,icici:BHACON,0.026838344952900918,0.032460484786547235,30.806687163662914
2024-10,icici:BLUECHIP,0.03407704275471744,0.04252274824322296,23.516824319071954
2024-10,icici:COMFUND,0.04738924076719369,0.05117933805012539,19.5391350904264
2024-10,icici:DISCO,0.0333431594954945,0.04516048125584181,22.14325384033952
2024-10,icici:DIVYLD,0.03731524030628268,0.04007322411025565,24.954318555668127
2024-10,icici:E&DF,0.021751483272259522,0.04478717792311275,22.32781895114545
2024-10,icici:ENERGY,0.06602177874898198,0.08265171974465425,12.098961801271873
2024-10,icici:ESGFUND,0.037393138530467274,0.042536892351227235,23.50900464808283
2024-10,icici:EXPORTS,0.028809791460649926,0.037463979687053894,26.692305738825752
2024-10,icici:FLEXCAP,0.03583860075467733,0.03726269727850006,26.836489922509795
2024-10,icici:FMCG,0.15263770809706684,0.1641190358118006,6.093138404412302
2024-10,icici:FOCUSED,0.03869805231053677,0.04259762397492327,23.475487754638344
2024-10,icici:HOUSING,0.042761530609546135,0.05414380723711225,18.46933289380067
2024-10,icici:INDOPP,0.025904509516032757,0.034095568222442085,29.329324957306
2024-10,icici:INFRA,0.027273031192783626,0.03054737651458244,32.7360354340946
2024-10,icici:INNOVA,0.017601607018379425,0.024694508367881483,40.49483330879484
2024-10,icici:LARGE & MIDCAP,0.019861366481657032,0.02175974752868622,45.956415564182635
2024-10,icici:LTEF,0.03544590996295835,0.036414288224840406,27.46174781243806
2024-10,icici:MGFINDIA,0.02484393902969292,0.026130343758508555,38.26968405933735
2024-10,icici:MIDCAP,0.019055186380874996,0.01949611085582166,51.2922811834235
2024-10,icici:MNCFUND,0.0315080928625101,0.03972464393075268,25.17329045776176
2024-10,icici:MULTI,0.012532670770705343,0.028237808821331898,35.41351265345215
2024-10,icici:MULTICAP,0.014789186910172848,0.0176400175269857,56.68928607753365
2024-10,icici:PHARMA,0.050853835852228815,0.05309096402419076,18.835596949122127
2024-10,icici:PSUEQU,0.05941130338074026,0.07700111498329568,12.986824933858895
2024-10,icici:QUANT,0.018592322085569657,0.024834393398712174,40.26673750170425
2024-10,icici:SMALL,0.01076037092202532,0.015340167165508505,65.1883378590843
2024-10,icici:TECH,0.08268257585941442,0.10094404020733524,9.906478856463817
2024-10,icici:TRANSPO,0.060963713125274016,0.06422490088362429,15.570284830987953
2024-10,kotak:BAL,0.013014649999999992,0.02422942176544948,41.27213640013373
2024-10,kotak:BFS,0.08682458999999998,0.09009177824826904,11.099792005928279
2024-10,kotak:CMP,0.04526839,0.046933573961384575,21.306708941934993
2024-10,kotak:CON,0.019847999999999998,0.02054043873002797,48.684451833937935
2024-10,kotak:ELS,0.02785026,0.02873995235878816,34.7947688818704
2024-10,kotak:EME,0.018512790000000008,0.02005005129212854,49.87518412945859
2024-10,kotak:ESG,0.036972250000000005,0.037669647393720106,26.546571820757464
2024-10,kotak:HLC,0.05262414,0.05364926150495483,18.639585559022915
2024-10,kotak:K30,0.02791945000000001,0.030162437106379617,33.15381964902602
2024-10,kotak:KBA,0.01190939999999999,0.026753327553784324,37.378527885535775
2024-10,kotak:KBC,0.022783420000000002,0.023549510053531852,42.46372844814342
2024-10,kotak:KFE,0.03721484000000001,0.03827915358631389,26.12387961361649
2024-10,kotak:KIE,0.023300429999999997,0.024677407368256136,40.522895500211796
2024-10,kotak:KMI,0.021637439999999994,0.022640368476458575,44.16889243829219
2024-10,kotak:KMN,8.818e-05,0.07198367346938775,13.892039011113633
2024-10,kotak:KOP,0.020979880000000003,0.021961314452273093,45.53461506929498
2024-10,kotak:KPF,0.018860599999999995,0.026986275497355824,37.05587308993352
2024-10,kotak:KQT,0.019284140000000005,0.01993256713889819,50.169152474520494
2024-10,kotak:MAF,0.012920909999999999,0.028502035226255044,35.08521381233984
2024-10,kotak:MID,0.016807190000000003,0.01756107115534566,56.9441346233368
2024-10,kotak:MUC,0.02243438999999999,0.023691868872083566,42.208573979502006
2024-10,kotak:SEF,0.02857179,0.029406811407386563,34.00572697755373
2024-10,kotak:SPO,0.03040822,0.031000574008054064,32.25746722432289
2024-10,kotak:TCH,0.08633451,0.0972725768385892,10.28038973059556
2024-10,mirae:MABAF,0.009299972095035169,0.021377813707645327,46.77746815813869
2024-10,mirae:MABFF,0.08220710220323316,0.08299560486264618,12.0488307983893
2024-10,mirae:MAEBF,0.016905345504582853,0.017175934551448797,58.220995020946305
2024-10,mirae:MAFCF,0.021111750047443402,0.02188775699843599,45.68764172918476
2024-10,mirae:MAFF,0.04136695002343065,0.04408658841142251,22.68263515125855
2024-10,mirae:MAHCF,0.05366480283168205,0.05466646012013391,18.29275204215565
2024-10,mirae:MAIPF,0.015061406100365325,0.027361071399762172,36.54827639566381
2024-10,mirae:MAMAAF,0.00828829436115514,0.019191960875395393,52.10514998923465
2024-10,mirae:MAMCF,0.01591833114848758,0.01629048473657921,61.38552757454576
2024-10,mirae:MAMPF,0.01562352395694422,0.01584279879119804,63.1201603441168
2024-10,mirae:MATSF,0.024513978615618708,0.02495842410602158,40.066632242166904
2024-10,mirae:MICCF,0.032024451641940954,0.03283499101393768,30.45531517202254
2024-10,mirae:MIIOF,0.03353529969565678,0.03378599005335012,29.59806708108715
2024-10,nippon:BF,0.09505952999999998,0.09831586042797974,10.171298869245412
2024-10,nippon:EA,0.03394330000000001,0.03480101414690811,28.7347947901353
2024-10,nippon:EO,0.01810579999999998,0.01884466070305909,53.06542875763574
2024-10,nippon:GF,0.013811570000000009,0.014597726317487679,68.5038188996616
2024-10,nippon:GS,0.01836543,0.019563348404552816,51.11599401702002
2024-10,nippon:IT,0.023990550000000006,0.02690420882417859,37.16890567327549
2024-10,nippon:LC,0.017916130000000002,0.019235327004252362,51.98767870070156
2024-10,nippon:LE,0.03664,0.047292550530102506,21.14497925764192
2024-10,nippon:ME,0.03378417999999999,0.03702753104579288,27.00693164670566
2024-10,nippon:MF,0.005620280000000002,0.020453324999079307,48.89180610218702
2024-10,nippon:NE,0.015195440000000001,0.034568952769644834,28.92769146533432
2024-10,nippon:PH,0.054012140000000014,0.059098383256595666,16.92093666349824
2024-10,nippon:PS,0.03755763000000001,0.039066363179397545,25.597468477111036
2024-10,nippon:QP,0.03617329000000001,0.03693013281826559,27.07815877405676
2024-10,nippon:SC,0.00675073,0.007516384307758368,133.04269167927
2024-10,nippon:SE,0.022840559999999992,0.02507528549115438,39.87990487098392
2024-10,nippon:SH,0.01563374,0.029743143876337724,33.62119364912039
2024-10,nippon:TS,0.02715202,0.02886940182073586,34.638750266094384
2024-10,ppfas:PPDAAF,0.004451180000000001,0.17087089577104916,5.852371730642212
2024-10,ppfas:PPFCF,0.03377668,0.07506385277113739,13.321991385772666
2024-10,ppfas:PPTSF,0.041760450000000005,0.0631961938746932,15.823737771024975
2024-10,sbi:SBAF,0.013126360000000002,0.028387456747404873,35.22682602031329
2024-10,sbi:SBFS,0.08551554000000001,0.10943103642431568,9.138175353859658
2024-10,sbi:SBI-AOF,0.06570444999999998,0.07254285532238977,13.78495505251167
2024-10,sbi:SBLUECHIP,0.03344149999999999,0.037163748176401994,26.907942526501508
2024-10,sbi:SCF,0.01256986,0.019898242704402973,50.25569417638702
2024-10,sbi:SCOF,0.026341169999999997,0.028815650285697103,34.70336397358204
2024-10,sbi:SDYF,0.03300913000000001,0.03739732246920602,26.739882268935897
2024-10,sbi:SEHF,0.023618289999999997,0.04549676110689189,21.97958658310996
2024-10,sbi:SEMVF,0.04041531000000002,0.04040722815029768,24.74804746023226
2024-10,sbi:SEOF,0.09218146,0.10065137375266012,9.93528416668601
2024-10,sbi:SFEF,0.027809499999999997,0.04774374228120373,20.94515327495999
2024-10,sbi:SFLEXI,0.016243669999999984,0.020049457897634355,49.87666026212062
2024-10,sbi:SHOF,0.046885180000000005,0.05517752041260318,18.12332255096386
2024-10,sbi:SIF,0.03071469999999999,0.03516371280961712,28.43840766798961
2024-10,sbi:SIOF,0.03269620999999999,0.03830429556555531,26.106732554017732
2024-10,sbi:SLMF,0.018896309999999996,0.02097746756541621,47.67019645634519
2024-10,sbi:SLTEF,0.022237399999999997,0.026912636258125292,37.15726658692109
2024-10,sbi:SMAAF,0.003771739999999999,0.025314370855593443,39.503253140460366
2024-10,sbi:SMCF,0.026282740000000006,0.030585189141760616,32.69556370454525
2024-10,sbi:SMCOMMA,0.046196640000000004,0.05212691240132572,19.183948443003647
2024-10,sbi:SMEEF,0.039754680000000014,0.04306478399557408,23.22082934638134
2024-10,sbi:SMGLF,0.027044549999999997,0.04673614930129891,21.396713570756408
2024-10,sbi:SMIDCAP,0.01931979,0.02185091004996597,45.76468429522263
2024-10,sbi:SPSU,0.06249571999999999,0.06694470151780137,14.937701973831171
2024-10,sbi:SSCF,0.016555740000000003,0.0211666013094758,47.24424036618118
2024-10,sbi:STOF,0.08910756,0.1253295141126782,7.9789665433550185
2024-10,uti:002,0.004046329999999998,0.029130136080490518,34.32871021394697
2024-10,uti:017,0.03476560000000001,0.03724051367177268,26.852476010769244
2024-10,uti:042,0.02605357,0.028501033242408352,35.08644726999025
2024-10,uti:049,0.02175037999999999,0.024407475402183278,40.97105429882145
2024-10,uti:066,0.014989920000000004,0.030944312326595325,32.31611643024112
2024-10,uti:101,0.02852185,0.03060927753601083,32.66983347854363
2024-10,uti:118,0.03827266,0.03949530184077627,25.319467212365154
2024-10,uti:125,0.029433110000000005,0.030854163607215542,32.41053663714094
2024-10,uti:160,0.012600439999999997,0.01344174196161761,74.3951195355083
2024-10,uti:161,0.04388882000000001,0.04838548861110137,20.667353553820764
2024-10,uti:162,0.05971168,0.06489944010890364,15.408453421508158
2024-10,uti:163,0.07194107000000001,0.07347596453004146,13.609892791419416
2024-10,uti:190,0.022947829999999995,0.024915558940483307,40.135563580521556
2024-10,uti:193,0.027902140000000013,0.029207396345038557,34.23790289920414
2024-10,uti:251,0.030426060000000005,0.033444990826114046,29.899843752362287
2024-10,uti:322,0.008597140000000001,0.018891277403991814,52.934482862905575
2024-10,uti:751,0.012193809999999994,0.012871998395377053,77.68801465661677
2024-10,uti:753,0.04321609999999999,0.04463292765549605,22.404983327972687
2024-10,uti:773,0.018329409999999997,0.04111362149788089,24.322839087564756
2024-10,uti:775,0.03986056000000001,0.04646584533241173,21.52118384689025
2024-11,absl:ABSLBCF,0.022897250867769503,0.024198777332292674,41.32440190131113
2024-11,absl:ABSLESG,0.03461836421717612,0.035720211455535146,27.995354989564085
2024-11,absl:ABSLMAAF,0.011072605783422219,0.025356264362765984,39.43798604136793
2024-11,absl:ABSLMCF,0.016519047797950444,0.017594406879847615,56.836243860279595
2024-11,absl:ABSLQF,0.02584080572214932,0.02619623399930511,38.173425998047136
2024-11,absl:ABSLSO,0.023061153399676366,0.025276380270966414,39.562626819182846
2024-11,absl:ABSLTNLF,0.05032844111833208,0.053553946933831253,18.672760034578836
2024-11,absl:ADVG,0.016744850999659906,0.01724828568541164,57.97677625700426
2024-11,absl:BDYP,0.02055816833938162,0.024774184307768607,40.36459838907484
2024-11,absl:BINFRA,0.020599823944852956,0.022568908928813157,44.308743641715225
2024-11,absl:BSL95F,0.01625315177511931,0.027658425068928787,36.155348596597804
2024-11,absl:BSLBKFS,0.0921428826995092,0.09847781539110215,10.154571321759377
2024-11,absl:BSLDAAF,0.011765989779563975,0.024972850014810796,40.04348720337983
2024-11,absl:BSLEQTY,0.02414986515321713,0.025032423215473925,39.948190049049856
2024-11,absl:BSLFEF,0.0309715143666898,0.033236108138138515,30.087758646220603
2024-11,absl:BSLMFG,0.021353905301506316,0.021959731873641763,45.53789662615593
2024-11,absl:BSLNMF,0.08327998305314924,0.09704544386366741,10.3044507829222
2024-11,absl:BSLPHF,0.0589532811472049,0.06161183932679033,16.2306467543678
2024-11,absl:BSLR96,0.025872343175503246,0.02762646243474175,36.19717878690276
2024-11,absl:BSLTA1,0.012866837449120653,0.014120601684471011,70.8185120114067
2024-11,absl:BTOP100,0.037902434700594394,0.04455637457509404,22.443477718651202
2024-11,absl:GENNEXT,0.020798294035116065,0.021056882198723686,47.49041147509543
2024-11,absl:MIDCAP,0.016426357145743024,0.017235895216647378,58.01845436111406
2024-11,absl:MNC,0.023310195600604537,0.02394854463179253,41.75619084061021
2024-11,absl:PSUEQ,0.04957962551480126,0.054740036439663575,18.268164675086318
2024-11,absl:PURE,0.01944322596890247,0.019867536141572422,50.33336760402413
2024-11,axis:AXISBCF,0.018001780000000002,0.019061701327507757,52.461214391021315
2024-11,axis:AXISCON,0.02646997,0.03611640005560868,27.68825238562794
2024-11,axis:AXISDEF,0.015657360000000006,0.03354461577697462,29.811043496477026
2024-11,axis:AXISEHF,0.016200970000000002,0.02726119733332126,36.6821745858427
2024-11,axis:AXISEQF,0.03511616000000002,0.04360485922509271,22.93322390603071
2024-11,axis:AXISESG,0.02869962,0.035989285835207,27.786047341393385
2024-11,axis:AXISF25,0.04379356,0.04891525965468968,20.443518179385283
2024-11,axis:AXISGOF,0.01179246,0.017027425503443154,58.72878432489913
2024-11,axis:AXISIMF,0.019305460000000003,0.02287848551139621,43.70918693468066
2024-11,axis:AXISMCF,0.014305959999999993,0.01654771081803199,60.43131953395651
2024-11,axis:AXISMLC,0.01321454,0.015464368013232673,64.66478288309695
2024-11,axis:AXISMLF,0.029893579999999996,0.03336145076294495,29.97471564128484
2024-11,axis:AXISQUA,0.032219130000000006,0.0340950964160123,29.329730815202023
2024-11,axis:AXISSCF,0.011198440000000002,0.014767966098154416,67.71413161118863
2024-11,axis:AXISSSF,0.015049709999999999,0.023532818179331942,42.493848054215
2024-11,axis:AXISTAF,0.009284200000000003,0.021719741640769955,46.041063311863155
2024-11,axis:AXISTSF,0.02291276999999999,0.025012837588682366,39.97947040013057
2024-11,axis:AXISVAL,0.017307270000000003,0.022517831021946856,44.40925056349151
2024-11,dsp:Aggressive Hybrid,0.017372499999999992,0.036830002418515854,27.15177665851202
2024-11,dsp:Banking and Financial Services,0.06782781999999998,0.08990176309611102,11.123252376384798
2024-11,dsp:DAAF,0.013173970000000002,0.028939781633978447,34.55451090293962
2024-11,dsp:EQUITYOPPOR,0.019470369999999997,0.021025834082065212,47.56053891117633
2024-11,dsp:FOCUS,0.033509930000000014,0.038785976716212194,25.782514317397837
2024-11,dsp:Flexi Cap,0.024186589999999997,0.02580680275523204,38.74947274502112
2024-11,dsp:HEALTHCARE,0.046328850000000005,0.07306309892470307,13.686799693927217
2024-11,dsp:MIDCAP,0.020160920000000002,0.022376640634586772,44.68946060001231
2024-11,dsp:Multi Asset,0.010094279999999997,0.058667536445629324,17.045201837080022
2024-11,dsp:Multicap Fund,0.019657779999999996,0.02365515713707831,42.2740797791002
2024-11,dsp:NRNEF,0.043459129999999985,0.06334403221754213,15.786806822870139
2024-11,dsp:QUANT,0.02749552,0.027407745052006254,36.4860369980273
2024-11,dsp:SMALLCAP,0.016427789999999998,0.01865931558077652,53.592533749213985
2024-11,dsp:TAX,0.028537240000000005,0.03015538265830594,33.16157554129269
2024-11,dsp:TIGER,0.01889135,0.021549289095952606,46.40524314037906
2024-11,dsp:TOP100,0.041854630000000004,0.05219300797055567,19.159654499394694
2024-11,dsp:VALUE,0.0133432,0.030912153161480726,32.349736195215556
2024-11,hdfc:HDFCBKGFSF,0.09710147000000001,0.09969640696200574,10.030451753202096
2024-11,hdfc:HDFCBUSICY,0.03554844999999999,0.04077612496570152,24.524154780306887
2024-11,hdfc:HDFCCB,0.025860669999999995,0.026412418826174087,37.86097769315332
2024-11,hdfc:HDFCCS,0.040608759999999994,0.0585234237752724,17.087175279422475
2024-11,hdfc:HDFCDFNFND,0.11804951,0.120227698048813,8.317550915713245
2024-11,hdfc:HDFCDIVYLD,0.01731048,0.017899821602357518,55.86647857251794
2024-11,hdfc:HDFCEQ,0.04080824999999999,0.053581888854789816,18.663022550587215
2024-11,hdfc:HDFCGR,0.01409705,0.03146926431273301,31.77703774903256
2024-11,hdfc:HDFCHOF117,0.049278590000000025,0.0494862138640258,20.207648189609305
2024-11,hdfc:HDFCLARGEF,0.011604940000000013,0.011936831667688441,83.77432369318561
2024-11,hdfc:HDFCMANFFN,0.020789039999999998,0.022004013615810586,45.4462543724963
2024-11,hdfc:HDFCMNCFND,0.03926764,0.04549915936786319,21.97842803896541
2024-11,hdfc:HDFCMULCAP,0.009445080000000005,0.010054924867938292,99.45375158283451
2024-11,hdfc:HDFCNCCFND,0.03796154,0.042419109726499475,23.574280706209493
2024-11,hdfc:HDFCPHARHC,0.05209635000000002,0.055129672221823606,18.139052160084137
2024-11,hdfc:HDFCPM,0.02493608999999999,0.05369039961373021,18.625303726446294
2024-11,hdfc:HDFCSMALLF,0.018058340000000006,0.020559533951988576,48.63923483553854
2024-11,hdfc:HDFCT2,0.04472072,0.046450854540701525,21.528129242999658
2024-11,hdfc:HDFCTECHFD,0.07485633,0.08542481374257987,11.706200531070651
2024-11,hdfc:HDFCTRALFD,0.05377270999999999,0.0564613539409724,17.71122954375928
2024-11,hdfc:HDFCTS,0.04284337,0.050409918413775984,19.837365968176627
2024-11,hdfc:HDINFG,0.024288619999999993,0.02773554847862386,36.05481250066905
2024-11,hdfc:MIDCAP,0.01815922999999999,0.021562343778440178,46.377147599320026
2024-11,hdfc:MY2005,0.016434869999999997,0.03642634332318463,27.452659497762987
2024-11,icici:BAF,0.014094794900185868,0.029191538639125388,34.256501939219504
2024-11,icici:BANFIN SERVICES,0.09817415794750689,0.1092829105583547,9.15056155523989
2024-11,icici:BCYCLE,0.03510301869354364,0.04512694455919505,22.159709897670005
2024-11,icici:BHACON,0.03180914984513509,0.03698397600687766,27.038736987446583
2024-11,icici:BLUECHIP,0.03591606368685071,0.042963371659260674,23.275640653413472
2024-11,icici:COMFUND,0.047988730803795815,0.05105531037723928,19.586601131423247
2024-11,icici:DISCO,0.0308053507886839,0.04328894336988545,23.10058694330857
2024-11,icici:DIVYLD,0.036979700404764074,0.04141172654178447,24.14774952671918
2024-11,icici:E&DF,0.02221455876686216,0.04372245119958452,22.871544768503345
2024-11,icici:ENERGY,0.06189811508602843,0.07959741594978087,12.56322190950161
2024-11,icici:ESGFUND,0.037186884790269804,0.04330723125525802,23.090831969974715
2024-11,icici:EXPORTS,0.03422788074426281,0.03965453934610568,25.217793889168103
2024-11,icici:FLEXCAP,0.037240786677688924,0.038299960445215,26.10968753950593
2024-11,icici:FMCG,0.1427089831975821,0.1610478936578989,6.209332995836752
2024-11,icici:FOCUSED,0.039199943909063714,0.04459627542020346,22.42339725857397
2024-11,icici:HOUSING,0.03968176967921713,0.049494986755250596,20.204066422826482
2024-11,icici:INDOPP,0.025723777392770285,0.031129409137268853,32.123963406770116
2024-11,icici:INFRA,0.026778058362401966,0.029750757420490666,33.61258961801274
2024-11,icici:INNOVA,0.018843767633089252,0.024762758205918865,40.38322353609935
2024-11,icici:LARGE & MIDCAP,0.020134586877751947,0.02222240446531344,44.99963096076675
2024-11,icici:LTEF,0.035830627336611506,0.03689426931892632,27.104480410105637
2024-11,icici:MGFINDIA,0.02522594141963492,0.02646237927645429,37.78949691382363
2024-11,icici:MIDCAP,0.019389713534545293,0.020371134998757198,49.08906646885448
2024-11,icici:MNCFUND,0.032473100313831965,0.03859441848195407,25.9104823788854
2024-11,icici:MULTI,0.01191383750433925,0.026442602212882697,37.81776059516583
2024-11,icici:MULTICAP,0.013949397332409564,0.016242795177509702,61.565758175946975
2024-11,icici:PHARMA,0.04846434017012718,0.05121934108970179,19.523874745844026
2024-11,icici:PSUEQU,0.06210080513691579,0.0718185015201804,13.923988649624055
2024-11,icici:QUANT,0.021375850274208238,0.023303362571752743,42.912261993132
2024-11,icici:SMALL,0.010771325468532177,0.014906546348144716,67.08462018262607
2024-11,icici:TECH,0.08342744353892814,0.10120109717510506,9.881315795121585
2024-11,icici:TRANSPO,0.06044108717614603,0.06798272788673634,14.70961862057176
2024-11,kotak:BAL,0.01361776,0.023305816308731766,42.907744004887725
2024-11,kotak:BFS,0.08786223,0.0991200638296252,10.088774778422994
2024-11,kotak:CMP,0.04311188,0.045669047045605295,21.8966688532256
2024-11,kotak:CON,0.020037439999999997,0.021401810559609644,46.725018764872175
2024-11,kotak:ELS,0.027948480000000005,0.028935293892558854,34.55987016109641
2024-11,kotak:EME,0.01848036,0.020178391852805424,49.5579631565619
2024-11,kotak:ESG,0.03808731000000001,0.03872751887454216,25.821432125293153
2024-11,kotak:HLC,0.05275612,0.053653716633191975,18.638037823858166
2024-11,kotak:K30,0.027983680000000004,0.029901478289402178,33.4431625861931
2024-11,kotak:KBA,0.011463149999999995,0.0248270462471594,40.27865377317753
2024-11,kotak:KBC,0.02201944,0.022630812299503558,44.18754337076697
2024-11,kotak:KFE,0.03741203,0.039363266738599724,25.404395591471513
2024-11,kotak:KIE,0.023709389999999997,0.02410792068877744,41.48014309942182
2024-11,kotak:KMI,0.021043989999999995,0.02210525233293034,45.23811739123617
2024-11,kotak:KMN,0.028189589999999997,0.03846269980070191,25.999214958429697
2024-11,kotak:KOP,0.02126069,0.022433934286850123,44.575328928647174
2024-11,kotak:KPF,0.017429790000000007,0.025966071276696517,38.511794462239614
2024-11,kotak:KQT,0.023157220000000003,0.024744247757010864,40.41343304593557
2024-11,kotak:MAF,0.012720490000000001,0.026772398694946353,37.35190153838413
2024-11,kotak:MID,0.016557039999999995,0.017303237985340718,57.7926513434768
2024-11,kotak:MUC,0.021913140000000005,0.023318391128337328,42.88460530987341
2024-11,kotak:SEF,0.029044269999999987,0.029941681787106333,33.39825755648188
2024-11,kotak:SPO,0.029997560000000003,0.030532568768194834,32.751911822161524
2024-11,kotak:TCH,0.08924377,0.09657395637467722,10.35475854505026
2024-11,mirae:MABAF,0.009149490763307157,0.02135585118439509,46.82557446975978
2024-11,mirae:MABFF,0.08350442800264679,0.08446814605312888,11.838782389884805
2024-11,mirae:MAEBF,0.016577937121675903,0.016724226568703187,59.793497528390695
2024-11,mirae:MAFCF,0.02078780332342857,0.02214785698607327,45.151095233674624
2024-11,mirae:MAFF,0.0418721895713786,0.04702571064284073,21.264963066586674
2024-11,mirae:MAHCF,0.05203161227853622,0.05250867762885186,19.044471221848703
2024-11,mirae:MAIPF,0.015283501591342709,0.02725649401896657,36.688504372724715
2024-11,mirae:MAMAAF,0.008344915044742551,0.019048524649736664,52.497504052830905
2024-11,mirae:MAMCF,0.015457624789556814,0.015675767405384008,63.79273015090409
2024-11,mirae:MAMPF,0.015581011920837344,0.01582414984765424,63.19454818283582
2024-11,mirae:MATSF,0.0244959963921013,0.024817996559933973,40.29334106744112
2024-11,mirae:MICCF,0.03400058238693681,0.034405126852014876,29.065435634091745
2024-11,mirae:MIIOF,0.033305830689534695,0.03370003950326,29.673555721003364
2024-11,nippon:BF,0.09577201999999999,0.0995989751661532,10.04026395183061
2024-11,nippon:EA,0.03299764,0.03383145823931615,29.558288410928792
2024-11,nippon:EO,0.01823903999999998,0.018684784212165403,53.519483481586796
2024-11,nippon:GF,0.014039820000000014,0.014594883259396072,68.51716332545571
2024-11,nippon:GS,0.01928533,0.01980873847570478,50.48277058261383
2024-11,nippon:IT,0.024773599999999996,0.02594312000052276,38.54586495301451
2024-11,nippon:LC,0.017860579999999994,0.018958980679409192,52.745451715453854
2024-11,nippon:LE,0.03819764,0.047157580246913564,21.205498559596883
2024-11,nippon:ME,0.033419599999999994,0.03630795756972177,27.54217165974459
2024-11,nippon:MF,0.0057326600000000005,0.020103592419587875,49.74235346244152
2024-11,nippon:NE,0.015551710000000002,0.03420360086266293,29.23668779831928
2024-11,nippon:PH,0.05351918999999999,0.056916048483125536,17.569736948559946
2024-11,nippon:PS,0.03601180999999999,0.0372605754575073,26.838018139049407
2024-11,nippon:QP,0.03544484999999999,0.03700445106600781,27.023776091590165
2024-11,nippon:SC,0.00667756,0.007395844081346618,135.21107110980662
2024-11,nippon:SE,0.024179829999999996,0.025587706284210247,39.08126773430581
2024-11,nippon:SH,0.015894730000000003,0.029818683006369383,33.536021687691445
2024-11,nippon:TS,0.02722625,0.029050083683340118,34.423308755337196
2024-11,ppfas:PPDAAF,0.004524599999999999,0.17155688077847073,5.82897051673076
2024-11,ppfas:PPFCF,0.03342591,0.0771321663667728,12.964759672960291
2024-11,ppfas:PPTSF,0.042330330000000006,0.06393269650742162,15.641448814597007
2024-11,sbi:SBAF,0.0130581,0.0279595412392153,35.76596595216758
2024-11,sbi:SBFS,0.08537158000000003,0.11155672867626786,8.964049160153762
2024-11,sbi:SBI-AOF,0.072235,0.07515209156172527,13.30634955354053
2024-11,sbi:SBLUECHIP,0.03621877,0.039837520750559095,25.101963705559303
2024-11,sbi:SCF,0.013051820000000006,0.021008653328037426,47.59943364220468
2024-11,sbi:SCOF,0.028303189999999995,0.029877340737968845,33.470180923069094
2024-11,sbi:SDYF,0.03360768999999999,0.037817398366970546,26.44285548932401
2024-11,sbi:SEHF,0.023654019999999998,0.04298642237906076,23.263159496778986
2024-11,sbi:SEMVF,0.04000318,0.040019186073662026,24.988014452850997
2024-11,sbi:SEOF,0.09827253999999999,0.10592518553189255,9.440625428018858
2024-11,sbi:SFEF,0.0283402,0.04998192268553055,20.007233541047707
2024-11,sbi:SFLEXI,0.01643676999999999,0.020441941381561503,48.919032754002195
2024-11,sbi:SHOF,0.04516415000000002,0.05323291843249213,18.785368705045926
2024-11,sbi:SIF,0.033130900000000005,0.03905835723573843,25.6027152899559
2024-11,sbi:SIOF,0.037222240000000004,0.04010414123496686,24.93508074742412
2024-11,sbi:SLMF,0.020598270000000002,0.023657800635991176,42.26935611582913
2024-11,sbi:SLTEF,0.021820430000000005,0.026837321280276365,37.26154296684346
2024-11,sbi:SMAAF,0.003672870000000001,0.025077753688414046,39.8759798195961
2024-11,sbi:SMCF,0.025732579999999998,0.030735560930454778,32.535602726193794
2024-11,sbi:SMCOMMA,0.044982610000000006,0.05184166390791205,19.28950432178124
2024-11,sbi:SMEEF,0.04076404,0.04401148175557228,22.72134361559845
2024-11,sbi:SMGLF,0.02729426,0.047984201052555284,20.84019277313251
2024-11,sbi:SMIDCAP,0.01839038,0.020821874368365245,48.02641598487905
2024-11,sbi:SPSU,0.060184850000000005,0.0682729241703781,14.64709490843626
2024-11,sbi:SSCF,0.015712030000000002,0.021062332306479577,47.47812281417485
2024-11,sbi:STOF,0.08630041,0.11970028301145784,8.354199128370306
2024-11,uti:002,0.004340030000000001,0.030071434406513498,33.254150316933305
2024-11,uti:017,0.03466099,0.03663389795028202,27.297122499963226
2024-11,uti:042,0.026878299999999997,0.02923787104204272,34.20221665804757
2024-11,uti:049,0.021759959999999995,0.024438932297024867,40.918317864554886
2024-11,uti:066,0.015122070000000001,0.031588178455712844,31.657412642581363
2024-11,uti:101,0.028346950000000003,0.031310409843240586,31.93825967167542
2024-11,uti:118,0.03695351,0.03857949328357236,25.920506333498494
2024-11,uti:125,0.030115449999999995,0.031071192101236014,32.18415298459759
2024-11,uti:160,0.012632930000000006,0.01361950501595252,73.42410747150505
2024-11,uti:161,0.04504258000000001,0.04918122965685393,20.332960500930444
2024-11,uti:162,0.060761689999999986,0.06510070330482197,15.360817153044959
2024-11,uti:163,0.07961658999999999,0.0854080913204144,11.708492539055
2024-11,uti:190,0.023679850000000002,0.025742526295564727,38.84622622187216
2024-11,uti:193,0.029097949999999997,0.030058027132451943,33.26898321015742
2024-11,uti:251,0.030346990000000004,0.03161763673970809,31.627917299211543
2024-11,uti:322,0.009943900000000002,0.02160653222621484,46.28229970132444
2024-11,uti:751,0.012151710000000003,0.012976450501343223,77.06267595260258
2024-11,uti:753,0.04460655999999999,0.046313395739104785,21.592025029502395
2024-11,uti:773,0.01817799,0.03907057125277434,25.594711516509797
2024-11,uti:775,0.04298167,0.04983476267243966,20.066314082258778
2024-12,absl:ABSLBCF,0.022913772658962692,0.024440591678392392,40.91553973646583
2024-12,absl:ABSLCONF,0.000854020637144994,0.12378073485680505,8.078801609611089
2024-12,absl:ABSLESG,0.035876465824043725,0.03650801412286168,27.391246114748
2024-12,absl:ABSLMAAF,0.012023384799114288,0.027475421279576855,36.39616622524089
2024-12,absl:ABSLMCF,0.015969712596838707,0.01696746973913325,58.93630667238679
2024-12,absl:ABSLQF,0.027589468236906802,0.028312510756815647,35.32007488100542
2024-12,absl:ABSLSO,0.023600152890357457,0.0249957011664964,40.00687931652722
2024-12,absl:ABSLTNLF,0.05051656652181329,0.05336938476844458,18.737334228954133
2024-12,absl:ADVG,0.01686174315554173,0.017233467552825503,58.02662737111462
2024-12,absl:BDYP,0.020947649106440862,0.024179931869650242,41.3566094971162
2024-12,absl:BINFRA,0.020496754978294413,0.022455623635630466,44.53227468656423
2024-12,absl:BSL95F,0.01617968872870901,0.02799975078068704,35.71460359889184
2024-12,absl:BSLBKFS,0.09413398189781108,0.09719734186843988,10.28834719938675
2024-12,absl:BSLDAAF,0.011409210462106342,0.025696609923390276,38.91563918280724
2024-12,absl:BSLEQTY,0.024681280470893623,0.02552953996912781,39.170310205717506
2024-12,absl:BSLFEF,0.03084091392271759,0.03340673899255682,29.93408007356853
2024-12,absl:BSLMFG,0.020821322597300684,0.021408987820964936,46.709354424534794
2024-12,absl:BSLNMF,0.08032110817297569,0.09146090353977616,10.933633512215435
2024-12,absl:BSLPHF,0.05743735909797457,0.06166042559904184,16.217857568851088
2024-12,absl:BSLR96,0.02616020076185858,0.027471939073227366,36.40077962223441
2024-12,absl:BSLTA1,0.012149633957708843,0.01354021010390928,73.85409770792874
2024-12,absl:BTOP100,0.03932322308152031,0.043310862704098826,23.08889589274708
2024-12,absl:GENNEXT,0.02104143190751353,0.021282496284227466,46.98696932187901
2024-12,absl:MIDCAP,0.015893886947603037,0.01691557021403786,59.11713216561402
2024-12,absl:MNC,0.023242443993004028,0.023829710392015705,41.96442103362936
2024-12,absl:PSUEQ,0.049684671707817686,0.05223143475751391,19.145558697411467
2024-12,absl:PURE,0.019191540875583737,0.019586707601490595,51.05503284910924
2024-12,axis:AXISBCF,0.018323940000000007,0.019418812248974158,51.49645545663213
2024-12,axis:AXISCON,0.02653964,0.032663289494354084,30.615410005561504
2024-12,axis:AXISDEF,0.01600586,0.03427118054993498,29.179035678182885
2024-12,axis:AXISEHF,0.015974759999999994,0.027041674563462112,36.9799583843513
2024-12,axis:AXISEQF,0.034809799999999995,0.044243990294482866,22.60193968365231
2024-12,axis:AXISESG,0.03240530000000001,0.03793884611996616,26.35820807090197
2024-12,axis:AXISF25,0.042424529999999995,0.0506174593094652,19.756029118059768
2024-12,axis:AXISGOF,0.013010789999999998,0.017777211504204422,56.251791782051626
2024-12,axis:AXISIMF,0.019601470000000003,0.02285456048548589,43.75494337924652
2024-12,axis:AXISMCF,0.014362579999999998,0.01717750271920297,58.21567991266193
2024-12,axis:AXISMIF,0.027579450000000002,0.0326482621420308,30.62950167606678
2024-12,axis:AXISMLC,0.01394669,0.015567895622345958,64.23475749443058
2024-12,axis:AXISMLF,0.029224790000000004,0.032857605380550534,30.43435419039794
2024-12,axis:AXISQUA,0.03338762,0.03410685303840683,29.31962086545851
2024-12,axis:AXISSCF,0.011270649999999997,0.014524317814932491,68.85004946476022
2024-12,axis:AXISSSF,0.014525820000000002,0.02342878879306145,42.682530831305925
2024-12,axis:AXISTAF,0.010345519999999999,0.02250572132160354,44.43314594143165
2024-12,axis:AXISTSF,0.022446309999999997,0.024730484574956135,40.435924212042
2024-12,axis:AXISVAL,0.01806421,0.02229653876550226,44.85001060107248
2024-12,dsp:Aggressive Hybrid,0.0179763,0.03753946840856694,26.638629751394895
2024-12,dsp:Banking and Financial Services,0.07504124,0.09490762241312704,10.53656149605204
2024-12,dsp:Business Cycle Fund,0.009822440000000003,0.03338720186040847,29.95159654831181
2024-12,dsp:DAAF,0.011907059999999995,0.0266521138397438,37.520476087296075
2024-12,dsp:EQUITYOPPOR,0.018213950000000003,0.01984186359512527,50.39849181533931
2024-12,dsp:FOCUS,0.03379675,0.04021800062115417,24.864488153446704
2024-12,dsp:Flexi Cap,0.024422389999999995,0.026395403948554046,37.88538345346219
2024-12,dsp:HEALTHCARE,0.046758799999999996,0.06800561465040263,14.704668212186794
2024-12,dsp:MIDCAP,0.02032465,0.02225255604705203,44.93865773826364
2024-12,dsp:Multi Asset,0.00905141,0.059357303171842124,16.847126580278655
2024-12,dsp:Multicap Fund,0.02108261,0.023844680233507335,41.938075503934286
2024-12,dsp:NRNEF,0.04347174,0.06169771696076864,16.208055164113514
2024-12,dsp:QUANT,0.027093489999999994,0.027482354041928114,36.38698484396069
2024-12,dsp:SMALLCAP,0.016473800000000004,0.018636025474174613,53.6595102526436
2024-12,dsp:TAX,0.02557002,0.027733690487744236,36.057227956802535
2024-12,dsp:TIGER,0.01822000999999999,0.019790585953633876,50.529074901715255
2024-12,dsp:TOP100,0.04258412999999999,0.051120098022944885,19.561777826622265
2024-12,dsp:VALUE,0.013059080000000002,0.031080967483019237,32.17403063615505
2024-12,hdfc:HDFCBKGFSF,0.09583539999999999,0.09683991658109904,10.326320336744047
2024-12,hdfc:HDFCBUSICY,0.030771019999999996,0.03836310254629797,26.066713420614615
2024-12,hdfc:HDFCCB,0.026023769999999988,0.026386649494643644,37.89795290997422
2024-12,hdfc:HDFCCS,0.03990308000000001,0.05783923834588721,17.289300976265487
2024-12,hdfc:HDFCDFNFND,0.10556527,0.1146172734743562,8.724688432095133
2024-12,hdfc:HDFCDIVYLD,0.01695103,0.017545971611556268,56.9931390599864
2024-12,hdfc:HDFCEQ,0.03961914999999999,0.05230788819481088,19.11757546539995
2024-12,hdfc:HDFCGR,0.013573679999999994,0.030805134570367,32.462120810273944
2024-12,hdfc:HDFCHOF117,0.047603480000000004,0.04995294482773181,20.018839799107123
2024-12,hdfc:HDFCLARGEF,0.011579869999999997,0.011894150445580126,84.07494125581711
2024-12,hdfc:HDFCMANFFN,0.02124147,0.022589664312424335,44.268032767976955
2024-12,hdfc:HDFCMNCFND,0.03752235,0.0451425534087357,22.152047779523397
2024-12,hdfc:HDFCMULCAP,0.009365810000000006,0.009616101643866204,103.99224519822617
2024-12,hdfc:HDFCNCCFND,0.036030740000000006,0.040278618125001435,24.827068220080957
2024-12,hdfc:HDFCPHARHC,0.050477320000000006,0.05404835074393667,18.5019521638629
2024-12,hdfc:HDFCPM,0.02473491,0.053634331700243114,18.644774126932344
2024-12,hdfc:HDFCSMALLF,0.018120170000000005,0.020277898834131367,49.31477408876403
2024-12,hdfc:HDFCT2,0.04278396000000001,0.04584866838985124,21.810884265972565
2024-12,hdfc:HDFCTECHFD,0.07317683999999998,0.08313478810120076,12.028658794230529
2024-12,hdfc:HDFCTRALFD,0.053992740000000004,0.055289882667694946,18.08649162831892
2024-12,hdfc:HDFCTS,0.041617959999999996,0.0506795409888991,19.731828277983833
2024-12,hdfc:HDINFG,0.024228629999999994,0.028445892588834246,35.15446023980721
2024-12,hdfc:MIDCAP,0.018152219999999986,0.022153413605370174,45.13977023196062
2024-12,hdfc:MY2005,0.01593265,0.03610434836836507,27.697494767034996
2024-12,icici:BAF,0.013481935954422231,0.03010876938631494,33.21291505372919
2024-12,icici:BANFIN SERVICES,0.09616472244020242,0.11112657475585572,8.99874761907305
2024-12,icici:BCYCLE,0.03444826497794452,0.043556300797003324,22.95879084545215
2024-12,icici:BHACON,0.03332937409912448,0.037500972401779555,26.665975198887015
2024-12,icici:BLUECHIP,0.03576392135300755,0.0425406190081945,23.506945204708288
2024-12,icici:COMFUND,0.045588155014818645,0.04968099507739112,20.128421309642427
2024-12,icici:DISCO,0.03133109135786453,0.04157639708652365,24.052108168943157
2024-12,icici:DIVYLD,0.03685227093395942,0.04081533673442025,24.500594139572136
2024-12,icici:E&DF,0.022537813532771785,0.04369209269203929,22.887436567720187
2024-12,icici:ENERGY,0.060541826735367475,0.07624620978095543,13.115406036219484
2024-12,icici:ESGFUND,0.03843374826727305,0.04565799170105184,21.90197077759254
2024-12,icici:EXPORTS,0.03646504091032113,0.04108076779609666,24.342290897859417
2024-12,icici:FLEXCAP,0.03627401925520715,0.037399818739840746,26.73809750138533
2024-12,icici:FMCG,0.14439784620712567,0.1613070269322415,6.19935795121969
2024-12,icici:FOCUSED,0.040738671486777255,0.04349336387452542,22.992013284714268
2024-12,icici:HOUSING,0.03929164487716499,0.0506240219151132,19.753468060613766
2024-12,icici:INDOPP,0.027107013508209512,0.030991066590657167,32.2673631472067
2024-12,icici:INFRA,0.026102210508014357,0.029679293702956657,33.693524179127614
2024-12,icici:INNOVA,0.018513228969562995,0.023148269945478,43.199772698147115
2024-12,icici:LARGE & MIDCAP,0.020928724495023077,0.023324379701459935,42.873594616426494
2024-12,icici:LTEF,0.03596344302852944,0.0378173399221082,26.44289635547304
2024-12,icici:MGFINDIA,0.023771811000049017,0.0244824325728615,40.84561438181959
2024-12,icici:MIDCAP,0.01973890027018704,0.02036436921547264,49.1053756401259
2024-12,icici:MNCFUND,0.03329197549278845,0.03863383342309147,25.884048032424843
2024-12,icici:MULTI,0.01159417837897538,0.026662533417119157,37.50581328321682
2024-12,icici:MULTICAP,0.013445304820136813,0.016134815681710893,61.9777764882383
2024-12,icici:PHARMA,0.05363175856056438,0.055759742008718215,17.93408584716276
2024-12,icici:PSUEQU,0.06156009033893012,0.07348044522153935,13.609062887208387
2024-12,icici:QUANT,0.019872371385947836,0.024577140378338035,40.68821614744841
2024-12,icici:SMALL,0.010526132080882033,0.01459354017611487,68.52346914675933
2024-12,icici:TECH,0.08311246987015332,0.10188400077973875,9.815083745699019
2024-12,icici:TRANSPO,0.0627748996592687,0.06875073199072815,14.545299679643584
2024-12,icici:VARIANCE,0.03358547111196684,0.04783764666261402,20.90403834144956
2024-12,kotak:BAL,0.013250330000000001,0.023263657459058444,42.98550224786852
2024-12,kotak:BFS,0.08749887,0.0946069871741219,10.570043818851602
2024-12,kotak:CMP,0.04247183,0.044340623670823885,22.552682330853177
2024-12,kotak:CON,0.01994981,0.020887331831950882,47.87590909387107
2024-12,kotak:ELS,0.02729060999999999,0.02880844363893327,34.71204527857751
2024-12,kotak:EME,0.01874456,0.019629459159629575,50.943838639050455
2024-12,kotak:ESG,0.03842729,0.039136330332537356,25.55170583197513
2024-12,kotak:HLC,0.04967715999999999,0.05111862128571833,19.562342935868323
2024-12,kotak:K30,0.027749479999999997,0.03057973340496583,32.70139692707754
2024-12,kotak:KBA,0.01099601,0.022640926616759094,44.16780359421278
2024-12,kotak:KBC,0.021679869999999997,0.0222772969811153,44.88874933290653
2024-12,kotak:KFE,0.03755679000000001,0.03878019621833717,25.786357407009486
2024-12,kotak:KIE,0.023055949999999995,0.02412956482492919,41.44293555459654
2024-12,kotak:KMI,0.020747430000000004,0.022601779186250618,44.2443044753013
2024-12,kotak:KMN,0.027902530000000002,0.036872698481713366,27.1203367579929
2024-12,kotak:KOP,0.021225530000000003,0.022424467378845746,44.594147236841664
2024-12,kotak:KPF,0.0171642,0.02643437461132033,37.829531233614176
2024-12,kotak:KQT,0.02414836,0.025072378437843417,39.88452880444055
2024-12,kotak:MAF,0.011999540000000001,0.025130926675616443,39.79160867833262
2024-12,kotak:MID,0.016518919999999996,0.01779788375791243,56.186455288844584
2024-12,kotak:MUC,0.021314620000000003,0.022907783987750643,43.65328399005005
2024-12,kotak:SEF,0.02883467,0.02996853522423045,33.368330901654154
2024-12,kotak:SPO,0.029849889999999994,0.030047878778538442,33.28021945809517
2024-12,kotak:TAL,0.026580769999999993,0.058149459953082294,17.197064268642336
2024-12,kotak:TCH,0.08360861,0.09404153987691341,10.633598740608177
2024-12,mirae:MABAF,0.008610672453900044,0.020693866917059246,48.32349623238553
2024-12,mirae:MABFF,0.0813952182173669,0.08295554698893726,12.054648981259295
2024-12,mirae:MAEBF,0.01573792294876917,0.01599723590704637,62.51079910370802
2024-12,mirae:MAFCF,0.02071324618892439,0.0215863823044168,46.325502156764344
2024-12,mirae:MAFF,0.041361097550557814,0.04593899148523909,21.768000725947925
2024-12,mirae:MAHCF,0.05254462306774744,0.05338934580274774,18.730328775606274
2024-12,mirae:MAIPF,0.014891795196594006,0.027627121149337346,36.196315736067405
2024-12,mirae:MAMAAF,0.00807040133341594,0.01869114234495202,53.50127785368203
2024-12,mirae:MAMCF,0.014996566258166723,0.015349272682057585,65.14966674407592
2024-12,mirae:MAMPF,0.015014931316942103,0.015372562460824834,65.0509635298853
2024-12,mirae:MATSF,0.024367656905485823,0.024739290107132047,40.4215317282573
2024-12,mirae:MICCF,0.032618264992632526,0.03480694658401696,28.72989728030873
2024-12,mirae:MIIOF,0.033743072230786424,0.0343179621953412,29.13925932745954
2024-12,nippon:BF,0.09485925,0.10083835862811168,9.916861139003311
2024-12,nippon:EA,0.03206263,0.033282698853911996,30.04564036075643
2024-12,nippon:EO,0.017445150000000003,0.01797686967137112,55.62703731409589
2024-12,nippon:GF,0.014418180000000003,0.014663492009767886,68.19657959603781
2024-12,nippon:GS,0.019673529999999998,0.020207474316692134,49.486639662531324
2024-12,nippon:IT,0.024598789999999995,0.02660817987581697,37.58242783486506
2024-12,nippon:LC,0.017668180000000006,0.01856300287070112,53.87059448115197
2024-12,nippon:LE,0.03684714000000001,0.044613587527586304,22.414695957406728
2024-12,nippon:ME,0.03488516000000001,0.03686324777365394,27.127289655544054
2024-12,nippon:MF,0.00574174,0.020015313000405488,49.961746787559164
2024-12,nippon:NE,0.015114740000000003,0.033173640603566555,30.144415319085848
2024-12,nippon:PH,0.05506474,0.05717174995989185,17.4911560465009
2024-12,nippon:PS,0.033336889999999994,0.033842625738377874,29.548534671350577
2024-12,nippon:QP,0.03638183000000001,0.03709804144939834,26.955600913972724
2024-12,nippon:SC,0.006586479999999999,0.007304188381717408,136.90775042207682
2024-12,nippon:SE,0.024280359999999997,0.026511313546228685,37.71974550624456
2024-12,nippon:SH,0.015586710000000002,0.029113092825611853,34.34880677192302
2024-12,nippon:TS,0.027536180000000007,0.029314121325602804,34.11325172917959
2024-12,ppfas:PPDAAF,0.004238190000000001,0.17128643765643128,5.83817384307924
2024-12,ppfas:PPFCF,0.03177059,0.07326789619305742,13.648542567198158
2024-12,ppfas:PPTSF,0.041315319999999996,0.06111617643238844,16.362280142087737
2024-12,sbi:SBAF,0.013446419999999997,0.027269992725795455,36.67034348175942
2024-12,sbi:SBFS,0.08118542,0.11968655479290975,8.355157366926232
2024-12,sbi:SBI Quant Fund,0.04888324,0.050878065143004324,19.65483548144517
2024-12,sbi:SBI-AOF,0.07516108999999999,0.07970125526914308,12.54685383088511
2024-12,sbi:SBLUECHIP,0.0371988,0.04071879129067891,24.558685764056897
2024-12,sbi:SCF,0.012671009999999993,0.021036615386408383,47.53616404690715
2024-12,sbi:SCOF,0.02744811999999999,0.02840570471153039,35.204196134380076
2024-12,sbi:SDYF,0.034524350000000016,0.03708180774579386,26.967401558610064
2024-12,sbi:SEHF,0.02358486,0.0422887340207345,23.646959956514472
2024-12,sbi:SEMVF,0.04050084999999999,0.04046037950539972,24.71553683441212
2024-12,sbi:SEOF,0.09015424999999998,0.09309100977258764,10.742175881891319
2024-12,sbi:SFEF,0.028725470000000006,0.04866373930052656,20.54918126665987
2024-12,sbi:SFLEXI,0.019210869999999988,0.02483563940310548,40.2647173188929
2024-12,sbi:SHOF,0.04616405,0.054082152509513336,18.49038829998667
2024-12,sbi:SIF,0.03406594,0.039591221142032895,25.25812468406861
2024-12,sbi:SIOF,0.03302992999999999,0.03800111021462458,26.31502064945339
2024-12,sbi:SLMF,0.02087175,0.022870692179511362,43.72408111442499
2024-12,sbi:SLTEF,0.021699499999999997,0.026635390514999906,37.54403373349616
2024-12,sbi:SMAAF,0.004496969999999999,0.02650552473243651,37.72798350889601
2024-12,sbi:SMCF,0.025857750000000006,0.0303849119792011,32.91107114888186
2024-12,sbi:SMCOMMA,0.04424288,0.05155209237533595,19.397854750866127
2024-12,sbi:SMEEF,0.041897329999999997,0.04516932303828314,22.138919353572174
2024-12,sbi:SMGLF,0.027648930000000002,0.04773037924539957,20.951017272639493
2024-12,sbi:SMIDCAP,0.018740200000000002,0.021236019222177112,47.08980480464456
2024-12,sbi:SPSU,0.06157746,0.06851806601506165,14.59469097945905
2024-12,sbi:SSCF,0.01610065,0.021355208070977176,46.82698462484434
2024-12,sbi:STOF,0.08323699000000002,0.1170448114334136,8.543736264369965
2024-12,uti:002,0.004409220000000002,0.030599149901010553,32.680646463546836
2024-12,uti:017,0.03452182999999999,0.03639695719433389,27.474824190953946
2024-12,uti:042,0.02728404999999999,0.02964831033139469,33.72873492021894
2024-12,uti:049,0.021173099999999997,0.02409542274936749,41.501658236158164
2024-12,uti:066,0.014830490000000002,0.031158978423509037,32.093478367875925
2024-12,uti:101,0.028172319999999997,0.031440512195525905,31.806097616383727
2024-12,uti:118,0.03739876,0.0392767527979103,25.46035323096273
2024-12,uti:125,0.03044663999999999,0.03127930896761382,31.970015739010943
2024-12,uti:160,0.013023819999999998,0.01360521775669255,73.50121239390597
2024-12,uti:161,0.04440211000000001,0.04841106463421526,20.656434795553633
2024-12,uti:162,0.06093676,0.06546433634756015,15.275492822394892
2024-12,uti:163,0.07910624,0.08544369821099974,11.703613267423663
2024-12,uti:190,0.024470340000000007,0.025815400863823862,38.736566798826644
2024-12,uti:193,0.02951783,0.030331245766145043,32.969301943943705
2024-12,uti:251,0.029899809999999992,0.03175823557089651,31.48789540803103
2024-12,uti:322,0.009234820000000005,0.02100880635349629,47.599086934017066
2024-12,uti:751,0.011998549999999997,0.012903408071771066,77.4989052843885
2024-12,uti:753,0.04462876999999999,0.04746135427427541,21.069773825270115
2024-12,uti:773,0.017878009999999996,0.03957777589804231,25.266705298855978
2024-12,uti:775,0.043992710000000004,0.04812536977211302,20.77906112171766
2025-01,absl:ABSLBCF,0.02439570640899867,0.02589955526350572,38.61070160571714
2025-01,absl:ABSLCONF,0.048994791551304415,0.06613159605859074,15.121364969235401
2025-01,absl:ABSLESG,0.03446405473374259,0.03596393260443205,27.805635468151333
2025-01,absl:ABSLMAAF,0.011587885598926454,0.026631394180449967,37.549667630022064
2025-01,absl:ABSLMCF,0.0160091076868762,0.016936540199597165,59.043936259412945
2025-01,absl:ABSLQF,0.02785935034899182,0.028577140899653495,34.993003796685805
2025-01,absl:ABSLSO,0.023629931513366464,0.026637385867573915,37.54122138604129
2025-01,absl:ABSLTNLF,0.05227583991332452,0.055248733545130095,18.099962403358024
2025-01,absl:ADVG,0.016997568002803602,0.017548461589818744,56.98505221564148
2025-01,absl:BDYP,0.021228164873030444,0.026730770984225924,37.41006948845992
2025-01,absl:BINFRA,0.022365809170748305,0.023915359141063006,41.81413267104093
2025-01,absl:BSL95F,0.016426776061278296,0.028624767805952397,34.934781192951874
2025-01,absl:BSLBKFS,0.09186075847794346,0.09966857795541462,10.033252410276551
2025-01,absl:BSLDAAF,0.009789753878522454,0.021887857269306678,45.68743242867812
2025-01,absl:BSLEQTY,0.025393017113764408,0.02637157484565972,37.91961632373206
2025-01,absl:BSLFEF,0.03078671502119978,0.034180447477809975,29.256492345490862
2025-01,absl:BSLMFG,0.022011445365536755,0.02252395964005384,44.397167104744895
2025-01,absl:BSLNMF,0.08171036194117613,0.09294131310501366,10.759477853192237
2025-01,absl:BSLPHF,0.05877446303934105,0.06614661536468723,15.117931499392425
2025-01,absl:BSLR96,0.028128276870082132,0.02927780314481937,34.15556812967189
2025-01,absl:BSLTA1,0.012159744753282967,0.013273073984019803,75.34049770263888
2025-01,absl:BTOP100,0.039876817708344,0.04125622196798096,24.238768173588507
2025-01,absl:GENNEXT,0.021159368433829394,0.021433031605397997,46.65695541400433
2025-01,absl:MIDCAP,0.01602197537104632,0.01798039304367767,55.616136842549366
2025-01,absl:MNC,0.023978268912111828,0.024663701351376733,40.545414727225435
2025-01,absl:PSUEQ,0.05016632248301955,0.05307888344994717,18.839883867244296
2025-01,absl:PURE,0.019410287172978116,0.020227594032278196,49.43741694658541
2025-01,axis:AXISBCF,0.018651280000000003,0.020028757819001843,49.92820868058388
2025-01,axis:AXISCON,0.02750755000000001,0.03427147827919827,29.178782188889972
2025-01,axis:AXISDEF,0.016163109999999994,0.034862478563215824,28.684133808406905
2025-01,axis:AXISEHF,0.01627419,0.026769749890978772,37.355597421438496
2025-01,axis:AXISEQF,0.03499109999999999,0.04526705454789324,22.091121456598962
2025-01,axis:AXISESG,0.031161850000000005,0.03695337115990733,27.061130516962226
2025-01,axis:AXISF25,0.04378663999999999,0.050539259148180866,19.78659792119241
2025-01,axis:AXISGOF,0.013489430000000002,0.019022441803216973,52.569486627678124
2025-01,axis:AXISIMF,0.020879069999999996,0.02404210706627504,41.593692151997175
2025-01,axis:AXISMCF,0.013086839999999992,0.016731594279742277,59.76716762793769
2025-01,axis:AXISMIF,0.029705089999999996,0.033144091428365864,30.17129017282897
2025-01,axis:AXISMLC,0.01394521,0.016652826141464783,60.04986730210587
2025-01,axis:AXISMLF,0.03044540000000002,0.03447075557408969,29.01009807721362
2025-01,axis:AXISQUA,0.034003280000000004,0.03473577552948663,28.788762731124756
2025-01,axis:AXISSCF,0.01053213,0.013740543463619222,72.77732519442885
2025-01,axis:AXISSSF,0.012888559999999999,0.022526896169083915,44.391379642101235
2025-01,axis:AXISTAF,0.010916849999999994,0.024181768592069434,41.35346826236508
2025-01,axis:AXISTSF,0.02357722,0.025927468251711622,38.56913410486904
2025-01,axis:AXISVAL,0.01932666999999999,0.02520265716984806,39.6783558678241
2025-01,dsp:Aggressive Hybrid,0.018150249999999996,0.03707309666126331,26.97373810278097
2025-01,dsp:Banking and Financial Services,0.06321753,0.09385742962618772,10.654457553150209
2025-01,dsp:Business Cycle Fund,0.01864392,0.03027047542450288,33.0354903904329
2025-01,dsp:DAAF,0.010902459999999998,0.024418082648161275,40.953256421027874
2025-01,dsp:EQUITYOPPOR,0.01859274999999999,0.01949042253462363,51.30725094458864
2025-01,dsp:FOCUS,0.03497447,0.03964080792126357,25.22652923689766
2025-01,dsp:Flexi Cap,0.02556702999999999,0.02759807589812783,36.23441009769225
2025-01,dsp:HEALTHCARE,0.04409434000000002,0.06570568680763243,15.219382805140073
2025-01,dsp:MIDCAP,0.019771240000000002,0.021879545088048093,45.704789380939154
2025-01,dsp:Multi Asset,0.0089771,0.04859630405865835,20.5776965835292
2025-01,dsp:Multicap Fund,0.02139208,0.023000570625336208,43.47718220949062
2025-01,dsp:NRNEF,0.042093589999999986,0.06150209616012285,16.25960841068677
2025-01,dsp:QUANT,0.03027615,0.03100979174696856,32.24787861072165
2025-01,dsp:SMALLCAP,0.01604388,0.018165130559625618,55.05052643126226
2025-01,dsp:TAX,0.025893290000000006,0.02760501486019739,36.22530199908936
2025-01,dsp:TIGER,0.016801140000000003,0.021373876554595918,46.786084753772705
2025-01,dsp:TOP100,0.041078929999999986,0.05010051769647476,19.959873589696727
2025-01,dsp:VALUE,0.011747980000000005,0.02716686905417325,36.80954172547111
2025-01,hdfc:HDFCBKGFSF,0.09449165999999999,0.09656622701888855,10.35558736083163
2025-01,hdfc:HDFCBUSICY,0.033271979999999986,0.04331854974532756,23.08479868045126
2025-01,hdfc:HDFCCB,0.026520850000000012,0.027362514092868093,36.546349381712886
2025-01,hdfc:HDFCCS,0.04023770000000001,0.05713499556070925,17.50240794081172
2025-01,hdfc:HDFCDFNFND,0.11532737,0.12224345352192716,8.180397159841588
2025-01,hdfc:HDFCDIVYLD,0.016994359999999993,0.017608732917590637,56.79000327167366
2025-01,hdfc:HDFCEQ,0.03970982000000001,0.05177117677578547,19.315767233394666
2025-01,hdfc:HDFCGR,0.013482360000000004,0.0308576607670495,32.406863486807865
2025-01,hdfc:HDFCHOF117,0.04898328000000001,0.052688229919222666,18.979570988304584
2025-01,hdfc:HDFCLARGEF,0.01157781000000001,0.011824827694327593,84.5678284580589
2025-01,hdfc:HDFCMANFFN,0.022575270000000015,0.024207419168373018,41.30964945269753
2025-01,hdfc:HDFCMNCFND,0.038362450000000006,0.04678745539635843,21.37325040501844
2025-01,hdfc:HDFCMULCAP,0.009740810000000006,0.01004586173326478,99.5434763638751
2025-01,hdfc:HDFCNCCFND,0.03842821999999999,0.04176686977123696,23.942421480880448
2025-01,hdfc:HDFCPHARHC,0.04913518000000001,0.05164485338717313,19.36301362893145
2025-01,hdfc:HDFCPM,0.02364589999999999,0.05220663724336481,19.154652603622633
2025-01,hdfc:HDFCSMALLF,0.01724019,0.01980093366805118,50.50266905411136
2025-01,hdfc:HDFCT2,0.04469458999999998,0.04535434652615547,22.048603421577432
2025-01,hdfc:HDFCTECHFD,0.07640251999999999,0.08654095173058976,11.555223047616757
2025-01,hdfc:HDFCTRALFD,0.052292399999999996,0.05638791031401741,17.73429790944764
2025-01,hdfc:HDFCTS,0.042685839999999996,0.049609214689905305,20.157545453012066
2025-01,hdfc:HDINFG,0.025043679999999995,0.028342779538252608,35.28235466992071
2025-01,hdfc:MIDCAP,0.01777058999999999,0.021036637088069222,47.5361150079992
2025-01,hdfc:MY2005,0.01646246,0.03680460862560378,27.170510361148963
2025-01,icici:BAF,0.013919321531220337,0.03059436492062355,32.68575773984783
2025-01,icici:BANFIN SERVICES,0.0956074549088142,0.1161931614394694,8.606358477654023
2025-01,icici:BCYCLE,0.0354141291323879,0.04451271299200898,22.46549205346172
2025-01,icici:BHACON,0.033275413606234365,0.038962025714966056,25.666016631570596
2025-01,icici:BLUECHIP,0.03601331580262781,0.04283880165339612,23.34332337517017
2025-01,icici:COMFUND,0.04415945255738674,0.04716565508599451,21.20186814275675
2025-01,icici:DISCO,0.031414684318103826,0.038989493973426194,25.64793481755786
2025-01,icici:DIVYLD,0.03739486796866062,0.04043699996556358,24.72982666497531
2025-01,icici:E&DF,0.0241208388873578,0.04346013922782322,23.00959034571613
2025-01,icici:ENERGY,0.046567609610959265,0.059499922316189044,16.806744632133995
2025-01,icici:ESGFUND,0.039664393456624376,0.04457641901672566,22.43338567920377
2025-01,icici:EXPORTS,0.03480921205994108,0.040615448236386756,24.62117355396106
2025-01,icici:FLEXCAP,0.04010217399781927,0.04088745060146516,24.45738203995937
2025-01,icici:FMCG,0.131650219285073,0.15076134002963817,6.633000209492765
2025-01,icici:FOCUSED,0.040678443823282284,0.044241827557520735,22.603044566815335
2025-01,icici:HOUSING,0.04076779551136042,0.05344961800141221,18.70920761255167
2025-01,icici:INDOPP,0.027431886878931777,0.032152506884321336,31.101773917592542
2025-01,icici:INFRA,0.02668953517647728,0.030662968099089145,32.612628913432076
2025-01,icici:INNOVA,0.01764076078039954,0.022884391648853235,43.69790621242541
2025-01,icici:LARGE & MIDCAP,0.020817811999132876,0.024009950295647935,41.64939900693009
2025-01,icici:LTEF,0.03736767753183755,0.038221008561734736,26.163621464483224
2025-01,icici:MGFINDIA,0.023436647616741656,0.024190908605725762,41.337843745286584
2025-01,icici:MIDCAP,0.02052173031608223,0.020871503284864295,47.912217263486966
2025-01,icici:MNCFUND,0.034666113087445355,0.04036479918719109,24.77406106648807
2025-01,icici:MULTI,0.011608957783248807,0.026053524867307665,38.382522330205475
2025-01,icici:MULTICAP,0.01440758697900456,0.016365602904849435,61.103767811919795
2025-01,icici:PHARMA,0.05237806413349057,0.0536665694873721,18.633574114240766
2025-01,icici:PSUEQU,0.061643831697755766,0.07396184876178762,13.52048409742632
2025-01,icici:QUANT,0.019219723841860027,0.02479325037300919,40.333557922225296
2025-01,icici:RURALOPP,0.0072500086456016785,0.06803985273414212,14.697268730245268
2025-01,icici:SMALL,0.010987289471556059,0.01461928925120736,68.40277819370824
2025-01,icici:TECH,0.07730062914526273,0.10084788627930279,9.915924238912204
2025-01,icici:TRANSPO,0.06180807767047633,0.07460338414369616,13.404217670258301
2025-01,icici:VARIANCE,0.03440931030953246,0.046810722499326315,21.36262690699533
2025-01,kotak:BAL,0.01291308,0.025717428768560834,38.88413608527167
2025-01,kotak:BFS,0.08568288999999998,0.08993018376363407,11.119737091034162
2025-01,kotak:CMP,0.043004279999999985,0.04483234766890198,22.305323098073035
2025-01,kotak:CON,0.02154109999999999,0.021969594084235163,45.517454540390226
2025-01,kotak:ELS,0.027990489999999996,0.02825546722867849,35.39138078683154
2025-01,kotak:EME,0.018099209999999998,0.019464142951163235,51.37652361622411
2025-01,kotak:ESG,0.03585543,0.03729578384827439,26.812682207409036
2025-01,kotak:HLC,0.05191241999999999,0.053789135859531635,18.591114804511147
2025-01,kotak:K30,0.027864059999999996,0.031043997217544007,32.21234665730695
2025-01,kotak:KBA,0.009991370000000003,0.02194843817196206,45.56132842643199
2025-01,kotak:KBC,0.022423020000000005,0.023036255250726664,43.40983328739838
2025-01,kotak:KFE,0.03820138,0.03919843773395081,25.51122079882978
2025-01,kotak:KIE,0.024471960000000004,0.0252639953492369,39.582021219387414
2025-01,kotak:KMI,0.021244789999999996,0.022743051029990982,43.96947439819364
2025-01,kotak:KMN,0.03111497999999999,0.038464824893268856,25.99777856196597
2025-01,kotak:KOP,0.02120631,0.022617533490039702,44.21348598601079
2025-01,kotak:KPF,0.01676799,0.025881959394534044,38.63695111936494
2025-01,kotak:KQT,0.020370080000000006,0.02136668724797478,46.801826993315686
2025-01,kotak:MAF,0.011798020000000001,0.026172575074433553,38.207933195570085
2025-01,kotak:MID,0.016979350000000004,0.01813924109795752,55.129097992561555
2025-01,kotak:MUC,0.02203342,0.02268195703190884,44.08790646209258
2025-01,kotak:SEF,0.029322189999999995,0.030624904532789682,32.65316301408591
2025-01,kotak:SPO,0.030423119999999994,0.030606483442302816,32.67281593735293
2025-01,kotak:TAL,0.04046432999999999,0.05296026058790512,18.882082317932863
2025-01,kotak:TCH,0.08938381000000001,0.10062274131246968,9.938111275408822
2025-01,mirae:MABAF,0.009542295871145174,0.02051159626954373,48.752909664316654
2025-01,mirae:MABFF,0.08236816150396972,0.08351255061722375,11.974248093360934
2025-01,mirae:MAEBF,0.015326677219427843,0.01553950255777247,64.3521242898361
2025-01,mirae:MAFCF,0.02034579392570396,0.021572056093452835,46.3562673705221
2025-01,mirae:MAFF,0.04253597234776803,0.046044371028581214,21.7181813468419
2025-01,mirae:MAHCF,0.052234432474174,0.052412641686404415,19.079366500608863
2025-01,mirae:MAIPF,0.0157418134721426,0.026986922356936678,37.05498488392699
2025-01,mirae:MAMAAF,0.009336530608611601,0.019488134226625396,51.3132754716849
2025-01,mirae:MAMCF,0.01543578790977388,0.01568046727774107,63.77360969462513
2025-01,mirae:MAMPF,0.01467290727898294,0.0148546858582587,67.31882515334608
2025-01,mirae:MASCF,0.007449222301723627,0.03647271716096816,27.417754361064315
2025-01,mirae:MATSF,0.024459813671064902,0.024985844583035703,40.02266149846127
2025-01,mirae:MICCF,0.0316938727663748,0.03325472736262678,30.070912598244508
2025-01,mirae:MIIOF,0.03346669575795421,0.033901561916397906,29.497166014534223
2025-01,nippon:BF,0.09358099999999998,0.09575169475005144,10.443679379361198
2025-01,nippon:EA,0.031254789999999984,0.0326968078338207,30.58402536059275
2025-01,nippon:EO,0.018077199999999995,0.019055188494280454,52.4791450003319
2025-01,nippon:GF,0.014489440000000003,0.01467670061015297,68.13520467319645
2025-01,nippon:GS,0.019346979999999993,0.02020239042340334,49.49909288167978
2025-01,nippon:IT,0.025942940000000008,0.02692465156765496,37.14068490309887
2025-01,nippon:LC,0.01879505,0.020321897348925526,49.20800370310269
2025-01,nippon:LE,0.038722679999999995,0.044694353333164676,22.37419104256213
2025-01,nippon:ME,0.035857309999999996,0.038117445428035496,26.23470667487326
2025-01,nippon:MF,0.006530259999999999,0.021215709890324654,47.1348828377431
2025-01,nippon:NE,0.01443441,0.03178396869114782,31.462401996340713
2025-01,nippon:PH,0.054800009999999996,0.05631012074048825,17.758796941825366
2025-01,nippon:PS,0.03364839000000001,0.03428309033576204,29.16889901715951
2025-01,nippon:QP,0.037628560000000005,0.038878004192413954,25.72148495717083
2025-01,nippon:SC,0.006367730000000003,0.007066065822905503,141.52146683354968
2025-01,nippon:SE,0.024814020000000006,0.026880116035693274,37.20222035768488
2025-01,nippon:SH,0.01552622,0.029883824668853594,33.46291885597394
2025-01,nippon:TS,0.027590839999999988,0.029962941346444713,33.374560542556885
2025-01,ppfas:PPDAAF,0.004478869999999999,0.17172099799672189,5.823399652144404
2025-01,ppfas:PPFCF,0.03148021000000001,0.07353325321812704,13.599289521893276
2025-01,ppfas:PPTSF,0.04046417000000001,0.060666022997429556,16.483691374368984
2025-01,sbi:SBAF,0.0135416,0.027060752564532695,36.95388728067581
2025-01,sbi:SBFS,0.06392184000000001,0.08703373549422766,11.489797540246023
2025-01,sbi:SBI Quant Fund,0.05288536,0.05542735610303176,18.041632693811678
2025-01,sbi:SBI-AOF,0.07935752000000001,0.08293403014587358,12.057776503096363
2025-01,sbi:SBLUECHIP,0.036508959999999986,0.04100375192209859,24.388012148250738
2025-01,sbi:SCF,0.012001510000000009,0.021640793634671026,46.20902619753675
2025-01,sbi:SCOF,0.02681871,0.02925232021487637,34.185322485682576
2025-01,sbi:SDYF,0.034159680000000005,0.0363502801998637,27.510104310110645
2025-01,sbi:SEHF,0.021092740000000006,0.040463048933019226,24.713906301409875
2025-01,sbi:SEMVF,0.042137440000000005,0.04220494089426866,23.69390831526547
2025-01,sbi:SEOF,0.05045298000000001,0.05580954434845647,17.918082143017124
2025-01,sbi:SFEF,0.027425720000000008,0.048394813101579844,20.663371462991662
2025-01,sbi:SFLEXI,0.02495308999999999,0.03371510272125008,29.66029818351158
2025-01,sbi:SHOF,0.04831324000000001,0.055216825165242775,18.11042190505129
2025-01,sbi:SIF,0.03783372000000001,0.04534788439778155,22.051745374232294
2025-01,sbi:SIOF,0.032433930000000014,0.034506741324688714,28.979844564010595
2025-01,sbi:SLMF,0.019922790000000003,0.02288198930942834,43.70249397800208
2025-01,sbi:SLTEF,0.02185884,0.026854771761394503,37.237330068750225
2025-01,sbi:SMAAF,0.0051751500000000025,0.028827435837975927,34.68917615914511
2025-01,sbi:SMCF,0.025302909999999998,0.027587445989475077,36.24837182758822
2025-01,sbi:SMCOMMA,0.04419104,0.051247993211070576,19.512959188106908
2025-01,sbi:SMEEF,0.03998862000000001,0.04304895098390756,23.22936975569549
2025-01,sbi:SMGLF,0.034928970000000004,0.03979232374212079,25.130475075560476
2025-01,sbi:SMIDCAP,0.01855981000000001,0.021216398171123186,47.13335373584104
2025-01,sbi:SPSU,0.06168038,0.06901060657846043,14.490526160831045
2025-01,sbi:SSCF,0.014860650000000003,0.020210150532516204,49.480086671848156
2025-01,sbi:STOF,0.07767750999999999,0.11267439107642434,8.875131167309561
2025-01,uti:002,0.00434999,0.03145110451833391,31.795385736518927
2025-01,uti:017,0.03382800000000001,0.03619120459152853,27.631022821331438
2025-01,uti:042,0.02770604,0.03006297743055558,33.26350499746623
2025-01,uti:049,0.02157973999999999,0.02310640415305248,43.278045055223124
2025-01,uti:066,0.014962569999999996,0.03163793624228166,31.607624224982704
2025-01,uti:101,0.030142719999999998,0.033511922942073336,29.84012590768184
2025-01,uti:118,0.03647867,0.0381617045906679,26.2042801999086
2025-01,uti:125,0.03129155999999999,0.03318858641064613,30.130840392744876
2025-01,uti:160,0.01279128,0.01350547319202722,74.04405501247724
2025-01,uti:161,0.047748759999999994,0.05211427710261631,19.18859966206452
2025-01,uti:162,0.06285376,0.06935174069627852,14.419248745023367
2025-01,uti:163,0.07870162,0.08309587618120415,12.03429154317281
2025-01,uti:190,0.024393079999999998,0.02593595718349335,38.55651028898362
2025-01,uti:193,0.030049339999999994,0.030758805379963217,32.511015549759165
2025-01,uti:251,0.03122288,0.033390276219696736,29.94883880026442
2025-01,uti:322,0.011173839999999997,0.025466062510210292,39.26794727685377
2025-01,uti:751,0.012091700000000002,0.013060405420077437,76.56730153741819
2025-01,uti:753,0.044733169999999996,0.0466442555841068,21.43886717619162
2025-01,uti:773,0.018054030000000006,0.03954270018633925,25.28911772053109
2025-01,uti:775,0.04211497000000001,0.046129113964951625,21.67828328026826
2025-01,uti:783,0.018684569999999994,0.031197041761135823,32.0543212929171
2025-02,absl:ABSLBCF,0.02505045877941704,0.02713391324253241,36.8542491848356
2025-02,absl:ABSLCONF,0.05435854235619949,0.059247357721606636,16.87838982961623
2025-02,absl:ABSLESG,0.03390429835716292,0.03483230287456947,28.708983256174104
2025-02,absl:ABSLMAAF,0.011209816265445005,0.02739853231089824,36.498305407484644
2025-02,absl:ABSLMCF,0.015694198019768554,0.016449026409744615,60.79387163045632
2025-02,absl:ABSLQF,0.028202132007391658,0.029021264230271893,34.45749268761719
2025-02,absl:ABSLSO,0.02446009950649513,0.026930489498397193,37.13263362923709
2025-02,absl:ABSLTNLF,0.052903040207036615,0.05476697070671401,18.259180434776315
2025-02,absl:ADVG,0.017690351156174802,0.01834159896528536,54.52087366497722
2025-02,absl:BDYP,0.02332349645048193,0.028472209667185822,35.121966706802475
2025-02,absl:BINFRA,0.023560249718880117,0.025882859746906167,38.63560710750025
2025-02,absl:BSL95F,0.01663536222224919,0.02968451772145392,33.687594637162285
2025-02,absl:BSLBKFS,0.09559681558555891,0.09931395939298243,10.069077963582433
2025-02,absl:BSLDAAF,0.010066556858037883,0.022320275288142608,44.80231480528552
2025-02,absl:BSLEQTY,0.02567291344152889,0.026588274513391786,37.61056399114307
2025-02,absl:BSLFEF,0.031779154042631506,0.03567632375613575,28.029793844104137
2025-02,absl:BSLMFG,0.022697879558229092,0.023279370098897727,42.95648876029295
2025-02,absl:BSLNMF,0.07760443253903598,0.08752483561114217,11.425328514101167
2025-02,absl:BSLPHF,0.059900544796667024,0.06159485837913859,16.235121344782367
2025-02,absl:BSLR96,0.02797450566130153,0.02877664442673067,34.75040331912704
2025-02,absl:BSLTA1,0.01242925995827779,0.013801435321704345,72.45623202880826
2025-02,absl:BTOP100,0.038679143762078885,0.040121024380403415,24.924587929724865
2025-02,absl:GENNEXT,0.021149260692725932,0.021437825226757225,46.64652264968876
2025-02,absl:MIDCAP,0.016629401361012656,0.017950630676935357,55.70834908240261
2025-02,absl:MNC,0.023796867071561943,0.024503354449223788,40.810738875455385
2025-02,absl:PSUEQ,0.04902737750410827,0.05397045465936617,18.52865621220883
2025-02,absl:PURE,0.019359166775580396,0.020015256381927474,49.96188811765297
2025-02,axis:AXISBCF,0.020141829999999993,0.02206162729149945,45.32757202299892
2025-02,axis:AXISCON,0.027330560000000004,0.035005566962266595,28.566884835144247
2025-02,axis:AXISDEF,0.01643734,0.03734913981736316,26.774378336154136
2025-02,axis:AXISEHF,0.016107170000000004,0.02873449547534145,34.80137665399943
2025-02,axis:AXISEQF,0.03508498000000001,0.04872088611212471,20.525078252859185
2025-02,axis:AXISESG,0.03003233999999999,0.04102490841626195,24.37543528076733
2025-02,axis:AXISF25,0.044980460000000014,0.052958900545850215,18.882567230304
2025-02,axis:AXISGOF,0.013410640000000001,0.020150327189033992,49.6269857366986
2025-02,axis:AXISIMF,0.019578540000000005,0.0227736927344316,43.910314047932054
2025-02,axis:AXISMCF,0.012600279999999998,0.017068354694852773,58.58795518829741
2025-02,axis:AXISMIF,0.030452720000000006,0.0363098797786509,27.540713604564715
2025-02,axis:AXISMLC,0.013749729999999996,0.017123053573383094,58.40079841567795
2025-02,axis:AXISMLF,0.03205447000000001,0.03711732983692456,26.941593169377004
2025-02,axis:AXISQUA,0.03376671,0.03500880815990198,28.56424004589135
2025-02,axis:AXISSCF,0.010650780000000002,0.014280918700245688,70.02350625963552
2025-02,axis:AXISSSF,0.013202440000000001,0.023445988720727756,42.651219017090796
2025-02,axis:AXISTAF,0.012349269999999999,0.026777734118938037,37.34445922714458
2025-02,axis:AXISTSF,0.02451749999999999,0.027189096246972053,36.77944978076887
2025-02,axis:AXISVAL,0.021509810000000004,0.02977836958483836,33.58142215110224
2025-02,dsp:Aggressive Hybrid,0.01800312,0.03803390346133044,26.29233155141998
2025-02,dsp:Banking and Financial Services,0.05916161,0.08944136933852181,11.180508610228829
2025-02,dsp:Business Cycle Fund,0.02277586,0.03230947675575907,30.95067145653335
2025-02,dsp:DAAF,0.010545449999999998,0.024602567670563357,40.6461639854155
2025-02,dsp:EQUITYOPPOR,0.018831909999999997,0.0205665412424192,48.62266281009203
2025-02,dsp:FOCUS,0.03700919,0.040638693039812115,24.607090563181735
2025-02,dsp:Flexi Cap,0.02754615999999999,0.030178009563566678,33.136711614250416
2025-02,dsp:HEALTHCARE,0.04726868,0.06961760062211328,14.364183641260983
2025-02,dsp:MIDCAP,0.020418540000000002,0.022529460313537197,44.386327328006765
2025-02,dsp:Multi Asset,0.007918569999999996,0.05077763772218343,19.693708586272535
2025-02,dsp:Multicap Fund,0.021230919999999997,0.02364387799993621,42.29424631622181
2025-02,dsp:NRNEF,0.04592352,0.06416444511510151,15.584955160231623
2025-02,dsp:QUANT,0.03129520999999999,0.0320276093640344,31.223060973228808
2025-02,dsp:SMALLCAP,0.0164338,0.018895012129793415,52.924020007545415
2025-02,dsp:TAX,0.026551549999999993,0.0293643359561251,34.05491619133346
2025-02,dsp:TIGER,0.015976640000000004,0.02212340632971053,45.200995954092946
2025-02,dsp:TOP100,0.04184678,0.05053348629392585,19.788858306421666
2025-02,dsp:VALUE,0.01358306,0.032109722619366426,31.143215151814086
2025-02,hdfc:HDFCBKGFSF,0.09778983,0.09927334606526271,10.073197284421095
2025-02,hdfc:HDFCBUSICY,0.040369880000000025,0.04830310230558084,20.7026040206213
2025-02,hdfc:HDFCCB,0.02818278000000001,0.028953535864262497,34.53809595788628
2025-02,hdfc:HDFCCS,0.041661659999999996,0.057636071183881844,17.350245765531188
2025-02,hdfc:HDFCDFNFND,0.11683500000000001,0.12165243648479805,8.2201395129884
2025-02,hdfc:HDFCDIVYLD,0.0178315,0.018401137385637742,54.34446681434536
2025-02,hdfc:HDFCEQ,0.040752840000000005,0.05231545817522329,19.114809176489295
2025-02,hdfc:HDFCGR,0.01284099999999999,0.029948943360416536,33.39015964488745
2025-02,hdfc:HDFCHOF117,0.05150765,0.05613469785997598,17.81429379907645
2025-02,hdfc:HDFCLARGEF,0.012043890000000002,0.012290912639315851,81.36092325652255
2025-02,hdfc:HDFCMANFFN,0.023514079999999996,0.02432451846844729,41.11078298619381
2025-02,hdfc:HDFCMNCFND,0.04250824,0.04672598742112037,21.401366887925736
2025-02,hdfc:HDFCMULCAP,0.01049902,0.010690584585181876,93.54025423325223
2025-02,hdfc:HDFCNCCFND,0.03766725,0.04482388051801338,22.309536533726256
2025-02,hdfc:HDFCPHARHC,0.04893180000000001,0.05151555438783308,19.411612897951837
2025-02,hdfc:HDFCPM,0.02372871,0.05472207664620531,18.274160289370975
2025-02,hdfc:HDFCSMALLF,0.01796784,0.02092720747083733,47.78468419131071
2025-02,hdfc:HDFCT2,0.046141629999999996,0.046559724687764946,21.477790229777323
2025-02,hdfc:HDFCTECHFD,0.07579880000000003,0.08531147668220355,11.721752323255771
2025-02,hdfc:HDFCTRALFD,0.05530149999999999,0.057370793377336755,17.430471867851683
2025-02,hdfc:HDFCTS,0.044944239999999996,0.05268733021837648,18.979895087779877
2025-02,hdfc:HDINFG,0.026414509999999995,0.03163991506043454,31.60564742635773
2025-02,hdfc:MIDCAP,0.017900849999999992,0.02093495049043289,47.76701050508776
2025-02,hdfc:MY2005,0.015781150000000004,0.036438028083452555,27.443856119484295
2025-02,icici:BAF,0.013448854575448962,0.030221733677062525,33.08877017730366
2025-02,icici:BANFIN SERVICES,0.10009004413805844,0.11736324510813839,8.520555128469743
2025-02,icici:BCYCLE,0.037002459925902925,0.048294053585345595,20.70648300898563
2025-02,icici:BHACON,0.03402450148634009,0.03939696180931152,25.382667953944832
2025-02,icici:BLUECHIP,0.03717905071017682,0.04408983440367564,22.68096520490975
2025-02,icici:COMFUND,0.04690069352145738,0.05032142165456428,19.872252554082948
2025-02,icici:DISCO,0.03312980427948567,0.040806037880159095,24.506177319563406
2025-02,icici:DIVYLD,0.03831974799823767,0.04450278183506335,22.470505410340635
2025-02,icici:E&DF,0.02424263332438278,0.04609856962089778,21.692647043579242
2025-02,icici:ENERGY,0.04399890744568686,0.058230913868754515,17.173008863537326
2025-02,icici:ESGFUND,0.0417976606184117,0.04675168976710457,21.389601209743226
2025-02,icici:EXPORTS,0.033964304659008605,0.041804831236116745,23.920680228367072
2025-02,icici:FLEXCAP,0.03894714105393709,0.04168309968959588,23.99053831041266
2025-02,icici:FMCG,0.12435057471841902,0.1498057562286806,6.675310917115134
2025-02,icici:FOCUSED,0.04334997277194544,0.04601955709943037,21.72989187704238
2025-02,icici:HOUSING,0.044097166528566906,0.05427156861729814,18.425854005650887
2025-02,icici:INDOPP,0.029074620962582193,0.03304017208238901,30.266186190144495
2025-02,icici:INFRA,0.026900815949503366,0.030842724149928686,32.42255759053346
2025-02,icici:INNOVA,0.017486475265669595,0.02478705361235341,40.34364130723542
2025-02,icici:LARGE & MIDCAP,0.0212728716785554,0.024083200355690913,41.522720619799095
2025-02,icici:LTEF,0.03675106670137984,0.040832755820664854,24.490142286549144
2025-02,icici:MGFINDIA,0.023856334680815737,0.02458723626511884,40.67150895762406
2025-02,icici:MIDCAP,0.02153930882559855,0.022476602333633085,44.49071016857562
2025-02,icici:MNCFUND,0.03483896658299917,0.040725816679998014,24.554449278635037
2025-02,icici:MULTI,0.011752705539191811,0.026704658474537867,37.446650027502564
2025-02,icici:MULTICAP,0.01551680794654536,0.018174601950351553,55.0218377674377
2025-02,icici:PHARMA,0.054371350050908124,0.05542999823623194,18.040772719100463
2025-02,icici:PSUEQU,0.06357328429414702,0.0762788093871185,13.109800848161559
2025-02,icici:QUANT,0.017194122065338796,0.02433689090727418,41.08988300149321
2025-02,icici:RURALOPP,0.031820743263846325,0.045104099346438734,22.17093378406982
2025-02,icici:SMALL,0.01096240155248868,0.014495768845898618,68.98564751071734
2025-02,icici:TECH,0.07768995827733914,0.09901680435595946,10.099295836745652
2025-02,icici:TRANSPO,0.0646592776222555,0.07299734692519473,13.6991280111148
2025-02,icici:VARIANCE,0.03610383960730849,0.049066908199682346,20.380334459436632
2025-02,kotak:BAL,0.01366459,0.02538397125300212,39.39493903585837
2025-02,kotak:BFS,0.09153268000000002,0.0985376803386988,10.148402078907768
2025-02,kotak:CMP,0.04350986999999999,0.04544290910686035,22.00563343443683
2025-02,kotak:CON,0.023322929999999995,0.024701237042892423,40.48380242105088
2025-02,kotak:ELS,0.02925381,0.03016994792334497,33.14556599636083
2025-02,kotak:EME,0.018275919999999998,0.019115214794412645,52.314348060179725
2025-02,kotak:ESG,0.03676364000000001,0.03767735967792695,26.54113792867083
2025-02,kotak:HLC,0.060022900000000004,0.06161446319889054,16.229955566958612
2025-02,kotak:K30,0.02823119000000001,0.03246620330772164,30.801260945783696
2025-02,kotak:KBA,0.00975784,0.022537301022717792,44.37088535987479
2025-02,kotak:KBC,0.02284282,0.02344851868618278,42.6466171864945
2025-02,kotak:KFE,0.039855930000000005,0.04135569897235949,24.180464237065863
2025-02,kotak:KIE,0.025827759999999998,0.026794193328561478,37.321519171620004
2025-02,kotak:KMI,0.02259652,0.02337533376014024,42.7801378265326
2025-02,kotak:KMN,0.03178759999999999,0.03982592239615648,25.109274056550362
2025-02,kotak:KOP,0.02170643,0.02284790950242952,43.76768036015135
2025-02,kotak:KPF,0.017203839999999998,0.027357664558582403,36.552827740783485
2025-02,kotak:KQT,0.020904670000000004,0.02213095483868387,45.18557862908143
2025-02,kotak:MAF,0.01213549,0.027384209131180684,36.51739567170346
2025-02,kotak:MID,0.01783774,0.018392626410472485,54.36961408788334
2025-02,kotak:MUC,0.021785489999999994,0.023091947161089404,43.30513979717695
2025-02,kotak:SEF,0.029955480000000003,0.03161503006899491,31.630525032481536
2025-02,kotak:SPO,0.03176438,0.03187904126044391,31.368571966460546
2025-02,kotak:TAL,0.035430300000000005,0.054592868539883176,18.317410803747077
2025-02,kotak:TCH,0.08862159000000001,0.10048838269344426,9.951399089093298
2025-02,mirae:MABAF,0.009623530130811684,0.02090615018023307,47.832814333530806
2025-02,mirae:MABFF,0.08576699058963728,0.08637087691793716,11.577976694043777
2025-02,mirae:MAEBF,0.01648649430301365,0.01656113142706754,60.38234793340256
2025-02,mirae:MAFCF,0.021426768148928493,0.021676236720184105,46.13346924140375
2025-02,mirae:MAFF,0.045188370883040105,0.04774037159938407,20.946632095609864
2025-02,mirae:MAHCF,0.05296416195961102,0.053385677479692355,18.73161580426501
2025-02,mirae:MAIPF,0.016362075061877118,0.02730722786541348,36.62034113929851
2025-02,mirae:MAMAAF,0.009748357416652618,0.02033754229357514,49.17014974399888
2025-02,mirae:MAMCF,0.015972354414544053,0.01622517755809087,61.63260749657181
2025-02,mirae:MAMPF,0.01586415083286667,0.015927098089445715,62.78607655858302
2025-02,mirae:MASCF,0.015494182003457152,0.01690213567832948,59.164120974494196
2025-02,mirae:MATSF,0.02628721882895347,0.02642885583756884,37.837430653297204
2025-02,mirae:MIICF,0.033865797886008416,0.03502150112177068,28.553887411135626
2025-02,mirae:MIIOF,0.03470276957911902,0.03525269376978381,28.36662657697754
2025-02,nippon:BF,0.09336533000000001,0.09707631583431964,10.301173786886414
2025-02,nippon:EA,0.03250386,0.033528588897912714,29.825293365157215
2025-02,nippon:EO,0.018786669999999995,0.01972600644903795,50.69449827989743
2025-02,nippon:GF,0.014671769999999997,0.01485241682685753,67.32910957573628
2025-02,nippon:GS,0.020416109999999998,0.02115849186821751,47.26234772441958
2025-02,nippon:IT,0.02757534,0.02832948331070359,35.29891417476629
2025-02,nippon:LC,0.019697589999999994,0.02179345598310143,45.88533368802986
2025-02,nippon:LE,0.038877310000000005,0.043970695530057106,22.742419421508323
2025-02,nippon:ME,0.03561052000000001,0.03822466509198947,26.16111868065953
2025-02,nippon:MF,0.006139750000000005,0.02136284420762038,46.81024634553521
2025-02,nippon:NE,0.013814030000000003,0.032326852742472566,30.934035180175524
2025-02,nippon:PH,0.05448222,0.05572343499622961,17.94577093224175
2025-02,nippon:PS,0.03631226,0.03716959301757121,26.903711308522244
2025-02,nippon:QP,0.03738987999999999,0.03972203875022144,25.174941454746584
2025-02,nippon:SC,0.00634326,0.007184995435681718,139.17893322991642
2025-02,nippon:SE,0.02606504000000001,0.02816490246843678,35.50518242059094
2025-02,nippon:SH,0.015617409999999997,0.030902383896942547,32.3599630156345
2025-02,nippon:TS,0.029462149999999993,0.031319189722195974,31.9293062454709
2025-02,ppfas:PPDAAF,0.00346929,0.15732136176580616,6.356415866070582
2025-02,ppfas:PPFCF,0.03059341000000001,0.07383476019977234,13.543756318762764
2025-02,ppfas:PPTSF,0.03995446,0.06071687085925254,16.469886966311137
2025-02,sbi:SBAF,0.01405613,0.028958372086464162,34.53232788825944
2025-02,sbi:SBFS,0.11772786,0.1441872321838513,6.935426839492368
2025-02,sbi:SBI Quant Fund,0.05140769000000002,0.05258949749034731,19.015203561957364
2025-02,sbi:SBI-AOF,0.07588596,0.08085244773174065,12.368209349924541
2025-02,sbi:SBLUECHIP,0.03847209,0.043144535796911354,23.1779061132369
2025-02,sbi:SCF,0.015030189999999994,0.028181354907540885,35.48445428833572
2025-02,sbi:SCOF,0.02636468,0.03160097555367285,31.644592689916948
2025-02,sbi:SDYF,0.034477999999999995,0.03697835190881143,27.042849353210734
2025-02,sbi:SEHF,0.0183227,0.03832928522484054,26.089711669131713
2025-02,sbi:SEMVF,0.04131190999999997,0.04133670830467904,24.191573083887928
2025-02,sbi:SEOF,0.053570659999999985,0.0578623798325401,17.282386291301997
2025-02,sbi:SFEF,0.029741129999999998,0.05025346366948644,19.8991258906437
2025-02,sbi:SFLEXI,0.030029359999999995,0.041078430970213055,24.34367565609124
2025-02,sbi:SHOF,0.046781119999999995,0.05493579875725466,18.20306653624369
2025-02,sbi:SIF,0.03969322000000001,0.04827177942318483,20.716037650762512
2025-02,sbi:SIOF,0.029782130000000004,0.033062204531149705,30.246016990725632
2025-02,sbi:SLMF,0.022464010000000003,0.026023299716560016,38.42710228494377
2025-02,sbi:SLTEF,0.023015239999999996,0.028212894846470483,35.44478528140486
2025-02,sbi:SMAAF,0.0051257099999999995,0.028714456776723504,34.82566317641849
2025-02,sbi:SMCF,0.025350320000000003,0.02841106824761261,35.19755016899199
2025-02,sbi:SMCOMMA,0.044772309999999996,0.05286286028292343,18.916872727808776
2025-02,sbi:SMEEF,0.04045666000000001,0.04351668168901349,22.979693331085645
2025-02,sbi:SMGLF,0.03700437,0.039828050965403504,25.1079321172067
2025-02,sbi:SMIDCAP,0.01854978,0.02212723739441068,45.19316994595083
2025-02,sbi:SPSU,0.05997103999999999,0.06772707714790037,14.765143309170568
2025-02,sbi:SSCF,0.013879550000000001,0.0201231568428382,49.69399224038242
2025-02,sbi:STOF,0.06622294000000001,0.10270163722900894,9.736943119710478
2025-02,uti:002,0.004336349999999998,0.03307251929792768,30.236583762842038
2025-02,uti:017,0.03549910000000001,0.03818414656440891,26.188879154682763
2025-02,uti:042,0.028706659999999995,0.03125280883414482,31.997124012337217
2025-02,uti:049,0.02228106999999999,0.024121198829667047,41.45730927643962
2025-02,uti:066,0.01524748,0.03406793710801435,29.353112776668652
2025-02,uti:101,0.03211166999999999,0.035498543038020455,28.170170221604796
2025-02,uti:118,0.03702941999999999,0.03735744225173323,26.768427914884995
2025-02,uti:125,0.03314214000000001,0.03503579826924606,28.542235353540843
2025-02,uti:160,0.012649990000000005,0.01359833444458151,73.53841781693104
2025-02,uti:161,0.04715175000000001,0.05438825969576627,18.386320974301054
2025-02,uti:162,0.061612080000000014,0.06775375757285707,14.759329014699718
2025-02,uti:163,0.07967091000000001,0.08741096857872145,11.440211866539494
2025-02,uti:190,0.02588633,0.02757481271634955,36.26497885177236
2025-02,uti:193,0.03132277999999999,0.03193294969347088,31.315616302256707
2025-02,uti:251,0.03211172000000001,0.03355894128893962,29.798317872726837
2025-02,uti:322,0.011016650000000001,0.02593905261505015,38.55190915568705
2025-02,uti:751,0.01259521,0.013686629909015905,73.06400528454867
2025-02,uti:753,0.046090379999999986,0.048207013034424546,20.743869761976367
2025-02,uti:773,0.017735169999999995,0.040529911805152065,24.67313535759736
2025-02,uti:775,0.04269850000000001,0.04811835954580082,20.78208836375985
2025-02,uti:783,0.026412419999999995,0.027818495858509845,35.947306608027624
2025-03,absl:ABSLBCF,0.02512863850296208,0.02721455847090327,36.74503854505523
2025-03,absl:ABSLCONF,0.05352119908931624,0.05522346711613219,18.10824369098467
2025-03,absl:ABSLESG,0.031751690973737104,0.03322826742726925,30.094858306675835
2025-03,absl:ABSLMAAF,0.011653031372495994,0.025816546429422074,38.7348479291692
2025-03,absl:ABSLMCF,0.015476172655596638,0.016110529727924306,62.07120540963372
2025-03,absl:ABSLQF,0.028984485668044572,0.029512588872707978,33.883845443486614
2025-03,absl:ABSLSO,0.02430545542739006,0.02625245271954626,38.09167892550665
2025-03,absl:ABSLTNLF,0.05248137218965589,0.0539609989524139,18.53190303022116
2025-03,absl:ADVG,0.017570025284310294,0.01828265095446024,54.69666310924345
2025-03,absl:BDYP,0.023573074949153974,0.029056350295653958,34.41588464569044
2025-03,absl:BINFRA,0.024125862660307376,0.025668191811925874,38.95872398520036
2025-03,absl:BSL95F,0.017278933259476787,0.029456305613749838,33.948588567509034
2025-03,absl:BSLBKFS,0.09691374538363644,0.1034886372200498,9.662896592924318
2025-03,absl:BSLDAAF,0.011392751421021745,0.021961973660649444,45.53324830690234
2025-03,absl:BSLEQTY,0.025190124670319135,0.026459838494940498,37.793125615306174
2025-03,absl:BSLFEF,0.03146136003057068,0.03561713265906823,28.076375759164232
2025-03,absl:BSLMFG,0.022146083365338184,0.02287707848428267,43.71187521549283
2025-03,absl:BSLNMF,0.07283912247718413,0.08182120965094024,12.22176993307882
2025-03,absl:BSLPHF,0.059348958882118254,0.06081643202737172,16.442924496950575
2025-03,absl:BSLR96,0.027489513767148945,0.028384615606585305,35.23035202801892
2025-03,absl:BSLTA1,0.012670829564504524,0.013709290660028305,72.94323424884882
2025-03,absl:BTOP100,0.03864986797619012,0.04009164423898718,24.942853279825037
2025-03,absl:GENNEXT,0.02114295490526467,0.02155831474388409,46.3858150268305
2025-03,absl:MIDCAP,0.017092820218712175,0.01846943891350848,54.14349643662449
2025-03,absl:MNC,0.023271450878011926,0.02379958994764144,42.0175306465354
2025-03,absl:PSUEQ,0.0529105669423459,0.05546635527850912,18.02894736780114
2025-03,absl:PURE,0.01868841660272345,0.019120327820322695,52.30035851880718
2025-03,axis:AXISBCF,0.020682640000000002,0.02215500775733346,45.13652222346855
2025-03,axis:AXISCON,0.027298799999999998,0.03398863141112905,29.421602414758173
2025-03,axis:AXISDEF,0.017059320000000006,0.03581061717545662,27.92467929554049
2025-03,axis:AXISEHF,0.01622731000000001,0.028175875990037045,35.49135438960616
2025-03,axis:AXISEQF,0.035177740000000006,0.04669049565715987,21.417635129488126
2025-03,axis:AXISESG,0.030807169999999995,0.0411641527480812,24.292981471521077
2025-03,axis:AXISF25,0.04585455,0.05395290156680976,18.53468434430171
2025-03,axis:AXISGOF,0.01516606,0.02094178273711304,47.7514265405781
2025-03,axis:AXISIMF,0.019988399999999996,0.022335504114352634,44.77176762522262
2025-03,axis:AXISMCF,0.013196679999999994,0.016979368068616368,58.89500692598444
2025-03,axis:AXISMIF,0.03208572,0.03802409681731051,26.29911250238425
2025-03,axis:AXISMLC,0.014870059999999997,0.01753046598785015,57.04354925265937
2025-03,axis:AXISMLF,0.03218918000000002,0.03766951596984754,26.54666443817455
2025-03,axis:AXISQUA,0.03466428999999999,0.036592228783037035,27.328206924186247
2025-03,axis:AXISSCF,0.01061203,0.014101311363768495,70.91539036357791
2025-03,axis:AXISSSF,0.014526649999999997,0.023129536566191333,43.23476162776688
2025-03,axis:AXISTAF,0.012874469999999994,0.027381741154413636,36.52068706517631
2025-03,axis:AXISTSF,0.02557582,0.028078163940392732,35.614864352345286
2025-03,axis:AXISVAL,0.023406180000000006,0.029924925146071812,33.41695911079891
2025-03,dsp:Aggressive Hybrid,0.017827239999999998,0.04045848489269151,24.71669422748556
2025-03,dsp:Banking and Financial Services,0.05404633000000002,0.08280393816839134,12.076720287945543
2025-03,dsp:Business Cycle Fund,0.02458644999999999,0.03444174967441961,29.034529588452198
2025-03,dsp:DAAF,0.011518740000000001,0.02601593162265294,38.43798540465361
2025-03,dsp:EQUITYOPPOR,0.01865617,0.02073709035908041,48.22277294857412
2025-03,dsp:FOCUS,0.03411638,0.042820247983155674,23.35343785008842
2025-03,dsp:Flexi Cap,0.026988409999999987,0.029511343942129245,33.8852748272314
2025-03,dsp:HEALTHCARE,0.050109730000000005,0.06846711603435125,14.605551656335006
2025-03,dsp:MIDCAP,0.01981572,0.022773657355783797,43.91038226216358
2025-03,dsp:Multi Asset,0.008378339999999998,0.048741555510411205,20.51637436532775
2025-03,dsp:Multicap Fund,0.021370529999999995,0.02319334080892133,43.11582398751928
2025-03,dsp:NRNEF,0.04635425,0.0650273386481213,15.378147419060813
2025-03,dsp:QUANT,0.031886979999999995,0.03219531322696208,31.060421526278134
2025-03,dsp:SMALLCAP,0.016379570000000003,0.01879636421952734,53.20177819075834
2025-03,dsp:TAX,0.0251127,0.028025954220759347,35.68121149856447
2025-03,dsp:TIGER,0.01967356,0.022610276810958865,44.22767612979045
2025-03,dsp:TOP100,0.03980619999999999,0.05156657926240601,19.392405203209552
2025-03,dsp:VALUE,0.014265020000000005,0.030868111789970596,32.3958914884101
2025-03,hdfc:HDFCBKGFSF,0.09903401999999999,0.10525456477840363,9.500775592064224
2025-03,hdfc:HDFCBUSICY,0.03948665,0.04856530839822245,20.590829812101045
2025-03,hdfc:HDFCCB,0.028709479999999996,0.029674833185345847,33.69858875883502
2025-03,hdfc:HDFCCS,0.039984070000000003,0.05763698768214797,17.349969875502918
2025-03,hdfc:HDFCDFNFND,0.11717486,0.1275677316604469,7.8389729674095605
2025-03,hdfc:HDFCDIVYLD,0.017507659999999987,0.018364223197153785,54.45370540666195
2025-03,hdfc:HDFCEQ,0.04013509000000001,0.05279476801141731,18.941270843045313
2025-03,hdfc:HDFCGR,0.013081409999999993,0.029167147623750236,34.2851489250776
2025-03,hdfc:HDFCHOF117,0.05372948,0.05684619545352151,17.591326772565075
2025-03,hdfc:HDFCLARGEF,0.011679750000000006,0.012099527999533835,82.64785205162777
2025-03,hdfc:HDFCMANFFN,0.022920199999999995,0.02332898351335173,42.865133812095856
2025-03,hdfc:HDFCMNCFND,0.04256324000000001,0.047541052527925926,21.034452264442262
2025-03,hdfc:HDFCMULCAP,0.01017893,0.010701032408098195,93.44892734305078
2025-03,hdfc:HDFCNCCFND,0.03795825000000001,0.03925853629920498,25.47216718368206
2025-03,hdfc:HDFCPHARHC,0.047236060000000024,0.051619395282328125,19.37256324934805
2025-03,hdfc:HDFCPM,0.025196289999999996,0.054634772290480096,18.303361725079363
2025-03,hdfc:HDFCSMALLF,0.017992220000000003,0.020749078711576396,48.19491091149395
2025-03,hdfc:HDFCT2,0.047098219999999996,0.047515435937409436,21.04579238875695
2025-03,hdfc:HDFCTECHFD,0.07011708,0.08415357279198327,11.883036772210142
2025-03,hdfc:HDFCTRALFD,0.056132009999999996,0.05707553189608263,17.52064267785886
2025-03,hdfc:HDFCTS,0.04503678000000004,0.05311738800770837,18.82622691942007
2025-03,hdfc:HDINFG,0.026067789999999997,0.030791734419836233,32.47624789059604
2025-03,hdfc:MIDCAP,0.018203659999999997,0.021038077227134258,47.53286097411179
2025-03,hdfc:MY2005,0.016078900000000004,0.03655672646131417,27.354746904328017
2025-03,icici:BAF,0.014124293963586759,0.031202658175382196,32.04855158106257
2025-03,icici:BANFIN SERVICES,0.09762917614398396,0.11808915760536089,8.468177945191837
2025-03,icici:BCYCLE,0.03708346379119336,0.04874348357371875,20.515562833904113
2025-03,icici:BHACON,0.03263626378027838,0.03864901517000889,25.873880501254956
2025-03,icici:BLUECHIP,0.03858002150426177,0.0464153599352272,21.54459216508293
2025-03,icici:COMFUND,0.04769129559661648,0.050871279845284924,19.65745707678881
2025-03,icici:DISCO,0.031728930003585315,0.04049297587672209,24.69564111673163
2025-03,icici:DIVYLD,0.03697300204898191,0.0423227247291927,23.627968340852966
2025-03,icici:E&DF,0.024008724979350745,0.04639670935719901,21.55325267361527
2025-03,icici:ENERGY,0.044267941586934395,0.052070470355147024,19.2047429796484
2025-03,icici:ESGFUND,0.040961181941532795,0.04614747963630486,21.669655805282293
2025-03,icici:EXPORTS,0.037078755250674264,0.04311792966141418,23.192208156851517
2025-03,icici:FLEXCAP,0.03908956838545142,0.041963602470067626,23.83017522657388
2025-03,icici:FMCG,0.1299448709792097,0.15251807341347876,6.556599999063621
2025-03,icici:FOCUSED,0.04002872238344856,0.045625636092899664,21.91750265056845
2025-03,icici:HOUSING,0.044162903865467736,0.0569386795132347,17.56275362458243
2025-03,icici:INDOPP,0.026132805133463447,0.03132190391787224,31.926539415421715
2025-03,icici:INFRA,0.026650391846061185,0.03042799316950567,32.8644743157817
2025-03,icici:INNOVA,0.01935531281785797,0.025041691527940054,39.93340461383204
2025-03,icici:LARGE & MIDCAP,0.01925335883062639,0.022537085723048682,44.37130924063087
2025-03,icici:LTEF,0.03820285239948324,0.04054097883000664,24.66639999475899
2025-03,icici:MGFINDIA,0.025591590686252535,0.026315590768088554,38.0002869330467
2025-03,icici:MIDCAP,0.022089030145030924,0.022649348739871403,44.15137986902125
2025-03,icici:MNCFUND,0.034545143035483325,0.038808520246298835,25.767537480261694
2025-03,icici:MULTI,0.011258215321470515,0.026200661848965492,38.16697477966512
2025-03,icici:MULTICAP,0.016078941002997373,0.018868567326607848,52.9981944410709
2025-03,icici:PHARMA,0.054020140243009725,0.055922106803664086,17.88201584591371
2025-03,icici:PSUEQU,0.06055543611017034,0.07400701786862869,13.512232066628055
2025-03,icici:QUANT,0.017196014096322286,0.02468108445070686,40.516858244102
2025-03,icici:RURALOPP,0.03184996117053683,0.04323828919839788,23.12764955642725
2025-03,icici:SMALL,0.012170400613000017,0.016191280583375593,61.76163737331256
2025-03,icici:TECH,0.07456414152997337,0.0942792497023285,10.6067878473507
2025-03,icici:TRANSPO,0.06250894132370192,0.07026371584718087,14.232096722224833
2025-03,icici:VARIANCE,0.03715176570249678,0.04723736288374521,21.169683042236652
2025-03,kotak:BAL,0.01509291,0.02562218803382528,39.02867306569775
2025-03,kotak:BFS,0.09776369000000001,0.10535483340000203,9.491733485100653
2025-03,kotak:CMP,0.04511723999999999,0.04566355881769489,21.899300577783574
2025-03,kotak:CON,0.02328311,0.02434737235809435,41.0721939637789
2025-03,kotak:ELS,0.029825569999999996,0.031523245230127395,31.722622233204596
2025-03,kotak:EME,0.01854656,0.018938430983767147,52.80268470271577
2025-03,kotak:ESG,0.03595936,0.03709302828870311,26.959243990994274
2025-03,kotak:HLC,0.06172031999999999,0.0638995608470578,15.649559820817517
2025-03,kotak:K30,0.030389750000000007,0.03360914254055423,29.75380876775887
2025-03,kotak:KBA,0.01070081,0.02236562822833595,44.711464833036
2025-03,kotak:KBC,0.023025800000000006,0.02443178471015797,40.930288632751065
2025-03,kotak:KFE,0.04014248,0.04144169196201837,24.130288910899385
2025-03,kotak:KIE,0.027149300000000008,0.0275556141438992,36.29024542069223
2025-03,kotak:KMI,0.022347710000000007,0.0235325689642055,42.494298073493894
2025-03,kotak:KMN,0.03260259000000001,0.037573909413158864,26.614212245100777
2025-03,kotak:KOP,0.021211469999999996,0.022446512825621056,44.55034988145566
2025-03,kotak:KPF,0.018689320000000002,0.027606092196417662,36.2238882955613
2025-03,kotak:KQT,0.021196369999999996,0.022192472701384556,45.06032353653009
2025-03,kotak:MAF,0.013198219999999995,0.02588921843247104,38.626117764365176
2025-03,kotak:MID,0.017021869999999998,0.01862089850711259,53.703101363128745
2025-03,kotak:MUC,0.02142968,0.02199790796052841,45.45886826121529
2025-03,kotak:SEF,0.03039891,0.031984375156672504,31.265266090132837
2025-03,kotak:SPO,0.030546300000000005,0.03052187761440805,32.76338410871366
2025-03,kotak:TAL,0.04318182000000001,0.05405305468000864,18.50034204209086
2025-03,kotak:TCH,0.09008464,0.0981566502935395,10.187796720950432
2025-03,mirae:MABAF,0.009918020731125559,0.02109099918994042,47.41359055558453
2025-03,mirae:MABFF,0.08316495346515332,0.08412652032620116,11.8868579863103
2025-03,mirae:MAEBF,0.016326623664665363,0.016767157136351563,59.64040247657596
2025-03,mirae:MAFCF,0.02084680610645326,0.021436092680407456,46.65029279864972
2025-03,mirae:MAFF,0.044851200535542736,0.04794804740717494,20.855906633861384
2025-03,mirae:MAHCF,0.052579073623249914,0.05306021675509473,18.846511777658392
2025-03,mirae:MAIPF,0.016228894374476544,0.02736305788057837,36.545623093893155
2025-03,mirae:MAMAAF,0.00964861397027906,0.020174772917306304,49.56685282649109
2025-03,mirae:MAMCF,0.016070081424860116,0.016480057588514493,60.67939960943666
2025-03,mirae:MAMPF,0.015797585271369704,0.016471801748757932,60.7098127607932
2025-03,mirae:MASCF,0.014725583024346551,0.01629053593543295,61.385334648502045
2025-03,mirae:MATSF,0.025722120716286295,0.026568773496250225,37.63816949025271
2025-03,mirae:MICCF,0.033195067478140154,0.034181076765567406,29.255953721368964
2025-03,mirae:MIIOF,0.03439129629973044,0.03476992956491823,28.760483915646716
2025-03,nippon:AM,0.02603794000000001,0.02750305525657292,36.35959680374097
2025-03,nippon:BF,0.09092426999999999,0.09693499066756683,10.316192255379118
2025-03,nippon:EA,0.0306186,0.033099069417435366,30.21232976034175
2025-03,nippon:EO,0.018416689999999996,0.019258510097387875,51.925096746483774
2025-03,nippon:GF,0.014478370000000004,0.014805221771963067,67.54373662228546
2025-03,nippon:GS,0.01982229,0.02113267993418921,47.32007502664932
2025-03,nippon:IT,0.027157560000000004,0.028082149030836855,35.609810306964235
2025-03,nippon:LC,0.019828920000000007,0.022129217653502002,45.189125781938685
2025-03,nippon:LE,0.037971599999999994,0.04235867812759194,23.60791328255855
2025-03,nippon:ME,0.037795869999999995,0.03866475639170896,25.86334670957436
2025-03,nippon:MF,0.006554350000000003,0.02086307863582361,47.93156453347774
2025-03,nippon:NE,0.014414490000000004,0.0313296574944138,31.918638120391325
2025-03,nippon:PH,0.053329659999999994,0.05388864475651353,18.556785098573663
2025-03,nippon:PS,0.03616644000000001,0.03641363175434649,27.462242897006163
2025-03,nippon:QP,0.03756855000000001,0.038339088619687614,26.083040468689887
2025-03,nippon:SC,0.0064753699999999985,0.007206751419824196,138.75877517423714
2025-03,nippon:SE,0.025992920000000006,0.02801703175185703,35.692574747277355
2025-03,nippon:SH,0.0164362,0.03126982164090371,31.979715506017182
2025-03,nippon:TS,0.028481789999999986,0.030680599537503916,32.59388718195033
2025-03,ppfas:PPDAAF,0.00305421,0.17502224876091738,5.713559316484459
2025-03,ppfas:PPFCF,0.031224429999999994,0.07442977823287444,13.435482729388491
2025-03,ppfas:PPTSF,0.039658689999999996,0.06103241040385507,16.384737115623334
2025-03,sbi:SBAF,0.015080439999999999,0.02951514529013089,33.880910636559676
2025-03,sbi:SBFS,0.11136261,0.15468054999480868,6.4649369299085215
2025-03,sbi:SBI-AOF,0.07498231000000001,0.07879601755043678,12.690996716425511
2025-03,sbi:SBLUECHIP,0.038501010000000016,0.044409866663046325,22.5175186313294
2025-03,sbi:SCF,0.0174278,0.031366336012112986,31.881313763068217
2025-03,sbi:SCOF,0.027609259999999993,0.03037417364301255,32.92270636735646
2025-03,sbi:SDYF,0.03393519,0.03611884546062415,27.686377768917744
2025-03,sbi:SEHF,0.019917679999999993,0.04074139650938111,24.545059464756935
2025-03,sbi:SEMVF,0.041017830000000005,0.041026034796699,24.37476604686303
2025-03,sbi:SEOF,0.052150790000000016,0.056083687165135614,17.830496719225145
2025-03,sbi:SFEF,0.02955904,0.05125652267370198,19.509712088078633
2025-03,sbi:SFLEXI,0.03296111,0.04375850256755916,22.852701562538407
2025-03,sbi:SHOF,0.04671122999999999,0.05453413854003311,18.33713755771364
2025-03,sbi:SIF,0.04116695000000001,0.047813038353926834,20.914797185606403
2025-03,sbi:SIOF,0.03094651999999999,0.03462426977091349,28.88147552616579
2025-03,sbi:SLMF,0.022511449999999978,0.025569370544112836,39.1092928265394
2025-03,sbi:SLTEF,0.026041089999999992,0.03145370638814826,31.792755602780073
2025-03,sbi:SMAAF,0.005322369999999999,0.028558866425966813,35.0153953971633
2025-03,sbi:SMCF,0.024649989999999993,0.029193101978676084,34.25466744611256
2025-03,sbi:SMCOMMA,0.04438044,0.05254853113037426,19.030027642808403
2025-03,sbi:SMEEF,0.03850701000000001,0.041826337703570964,23.90838057797788
2025-03,sbi:SMGLF,0.03588944000000001,0.03879690991465585,25.77524865252843
2025-03,sbi:SMIDCAP,0.019054269999999998,0.0224876839660093,44.46878573674039
2025-03,sbi:SPSU,0.06601829,0.06897951937499633,14.497056648998335
2025-03,sbi:SQF,0.05549801,0.057469245938867757,17.400611121011373
2025-03,sbi:SSCF,0.01338572,0.02149154230875049,46.52993189757444
2025-03,sbi:STOF,0.06642822,0.09619457223909263,10.39559693154505
2025-03,uti:002,0.004625129999999999,0.03329700402338887,30.032732052936904
2025-03,uti:017,0.03482783,0.03813144330023888,26.225076038329114
2025-03,uti:042,0.02904777999999999,0.03155829404704465,31.68739091248969
2025-03,uti:049,0.021209369999999995,0.023269868194608002,42.97402940304217
2025-03,uti:066,0.01533013,0.03237745601143835,30.88568785783289
2025-03,uti:101,0.03096145999999999,0.03495083813937374,28.611617152421122
2025-03,uti:118,0.038043459999999994,0.03865953840400624,25.866837558939174
2025-03,uti:125,0.03314288000000001,0.03539961388080892,28.248895690416745
2025-03,uti:160,0.012880309999999997,0.013591093616164784,73.57759634667177
2025-03,uti:161,0.04758668999999999,0.05327579893199388,18.7702487817497
2025-03,uti:162,0.059627250000000014,0.06781362310120348,14.746299552637428
2025-03,uti:163,0.08920151000000001,0.09354653612321714,10.689866684992218
2025-03,uti:190,0.026971010000000004,0.02870653566716287,34.83527276138341
2025-03,uti:193,0.031319999999999994,0.031775926071420914,31.470365261813544
2025-03,uti:251,0.03274182999999999,0.03467676248430563,28.837755556118896
2025-03,uti:322,0.011308200000000001,0.02619767449941964,38.17132700164486
2025-03,uti:751,0.012620189999999998,0.013886944739782102,72.01007987993843
2025-03,uti:753,0.04544161000000001,0.047577094069973486,21.018517829804004
2025-03,uti:773,0.01947298999999999,0.04178042324086101,23.93465461647133
2025-03,uti:775,0.04808108,0.05049548951399856,19.803749000646405
2025-03,uti:783,0.02605084999999999,0.027830432198919678,35.93188897867055
2025-04,absl:ABSLBCF,0.026006865950116077,0.027977133610747728,35.74347586544173
2025-04,absl:ABSLCONF,0.056025425914404056,0.05864205922840052,17.05260717576741
2025-04,absl:ABSLESG,0.029857040652925246,0.03261652805773416,30.65930249319949
2025-04,absl:ABSLMAAF,0.01184915918451155,0.026321974662558544,37.99107068598622
2025-04,absl:ABSLMCF,0.015043979960377804,0.015826046708703745,63.1869738795878
2025-04,absl:ABSLQF,0.029318770775760058,0.02977067648183079,33.59009999689814
2025-04,absl:ABSLSO,0.024959180174250244,0.02648334492162281,37.75958070853549
2025-04,absl:ABSLTNLF,0.05418398997562382,0.05651583128589277,17.6941571458335
2025-04,absl:ADVG,0.017622695973414267,0.018368898626818463,54.43984532311627
2025-04,absl:BDYP,0.023920813404770012,0.029332637515484115,34.09171778269581
2025-04,absl:BINFRA,0.02348079484960803,0.025747105559874535,38.8393172069192
2025-04,absl:BSL95F,0.01817909521781865,0.031011103384511636,32.24651466285607
2025-04,absl:BSLBKFS,0.09589069537865773,0.10661172295653727,9.379831525728864
2025-04,absl:BSLDAAF,0.011344032051585993,0.022576897145056903,44.29306620723764
2025-04,absl:BSLEQTY,0.025151379406254015,0.026263824307349918,38.075186168533364
2025-04,absl:BSLFEF,0.03155356556651257,0.03508298133344034,28.50384893164201
2025-04,absl:BSLMFG,0.025639232531961383,0.02623313823373213,38.11972441460094
2025-04,absl:BSLNMF,0.06963176839563956,0.07911220959253644,12.640273924220434
2025-04,absl:BSLPHF,0.06043306382608882,0.06263919585077406,15.964445047830903
2025-04,absl:BSLR96,0.029577414773930902,0.030559835283689083,32.72268946206451
2025-04,absl:BSLTA1,0.013290509295061719,0.014330989042467114,69.77885455335242
2025-04,absl:BTOP100,0.03747727673426595,0.04033791283868152,24.790573671949208
2025-04,absl:GENNEXT,0.021224517488637483,0.02163411705979645,46.223286914645584
2025-04,absl:MIDCAP,0.01760547028312092,0.018549556502466327,53.90964467894643
2025-04,absl:MNC,0.023252217054179018,0.023745297599145603,42.11360147518142
2025-04,absl:PSUEQ,0.053576885034059135,0.057899232046160896,17.271386245723214
2025-04,absl:PURE,0.018063385769991294,0.018514586734840018,54.011467515947274
2025-04,axis:AXISBCF,0.021388650000000002,0.02380445963020226,42.00893511278178
2025-04,axis:AXISCON,0.028199170000000003,0.0313577450333235,31.890048182269226
2025-04,axis:AXISDEF,0.017753630000000003,0.03645027153595559,27.434637874057298
2025-04,axis:AXISEHF,0.016833340000000006,0.028614065535816628,34.94784754540685
2025-04,axis:AXISEQF,0.03463018,0.04496364598403371,22.240189337739498
2025-04,axis:AXISESG,0.03354952,0.03946612334781033,25.33818665661983
2025-04,axis:AXISF25,0.04674117,0.05492459074184238,18.206781088278277
2025-04,axis:AXISGOF,0.01957867,0.024524156149821702,40.77612268861982
2025-04,axis:AXISIMF,0.02059553000000001,0.022653305281868017,44.14366855332199
2025-04,axis:AXISMCF,0.013659069999999997,0.01687429703915359,59.261727921447076
2025-04,axis:AXISMIF,0.033229450000000015,0.03891214867342685,25.698914968499313
2025-04,axis:AXISMLC,0.01811719,0.019195756359381855,52.09484749014611
2025-04,axis:AXISMLF,0.03325604000000001,0.03994845435128189,25.03225759892038
2025-04,axis:AXISQUA,0.03539923000000001,0.036881417069876694,27.113925641885412
2025-04,axis:AXISSCF,0.010312080000000001,0.013718545834780087,72.89402332022243
2025-04,axis:AXISSSF,0.014672739999999998,0.02340346852790992,42.728709157253554
2025-04,axis:AXISTAF,0.013932,0.028078556109226313,35.614366925064594
2025-04,axis:AXISTSF,0.02560524,0.028252374479203445,35.39525503373528
2025-04,axis:AXISVAL,0.025296020000000006,0.027724490157375374,36.06919349368003
2025-04,dsp:Aggressive Hybrid,0.018913100000000002,0.04287113448939033,23.32571815302621
2025-04,dsp:Banking and Financial Services,0.05423825000000001,0.0821597159763314,12.17141500693698
2025-04,dsp:Business Cycle Fund,0.028078999999999996,0.037596993118916074,26.59787171907832
2025-04,dsp:DAAF,0.011189270000000001,0.025279396790174727,39.55790592237024
2025-04,dsp:EQUITYOPPOR,0.018514559999999992,0.021489695773889074,46.53393005288814
2025-04,dsp:FOCUS,0.03432557,0.042919168174939355,23.299612795941915
2025-04,dsp:Flexi Cap,0.02707959,0.0300620185057172,33.264566044020626
2025-04,dsp:HEALTHCARE,0.050243029999999994,0.06813855144250063,14.675979732910227
2025-04,dsp:MIDCAP,0.01900983,0.021786701789451444,45.89955880720661
2025-04,dsp:Multi Asset,0.00635404,0.04636359629805723,21.56864608973189
2025-04,dsp:Multicap Fund,0.020313100000000008,0.024251811480695874,41.23403321009595
2025-04,dsp:NRNEF,0.048723380000000004,0.0658780151433207,15.179570875419566
2025-04,dsp:QUANT,0.031038900000000005,0.03222657965569412,31.03028651144211
2025-04,dsp:SMALLCAP,0.0159322,0.01850034371284185,54.05304979852124
2025-04,dsp:TAX,0.025529760000000002,0.02936582473262011,34.05318968920976
2025-04,dsp:TIGER,0.01721826,0.021914409195024055,45.63207664421374
2025-04,dsp:TOP100,0.03936693000000001,0.052383382961266774,19.090023275881556
2025-04,dsp:VALUE,0.01506851,0.03524095232386542,28.37607766129501
2025-04,hdfc:HDFCBKGFSF,0.09732162999999998,0.10210400923687987,9.79393470906724
2025-04,hdfc:HDFCBUSICY,0.03696842000000001,0.044740735899772614,22.35099579587117
2025-04,hdfc:HDFCCB,0.02824519,0.028615988829252245,34.94549868490883
2025-04,hdfc:HDFCCS,0.04034834000000002,0.05837214215739236,17.131459683347565
2025-04,hdfc:HDFCDFNFND,0.11810453,0.13017769786650688,7.681807378599278
2025-04,hdfc:HDFCDIVYLD,0.017904719999999996,0.018357154844002445,54.47467260029758
2025-04,hdfc:HDFCEQ,0.038822960000000024,0.05171919508154654,19.335181037200652
2025-04,hdfc:HDFCGR,0.013182099999999992,0.028983409883078737,34.50249656731473
2025-04,hdfc:HDFCHOF117,0.051696299999999994,0.05574512410917337,17.938788656054687
2025-04,hdfc:HDFCLARGEF,0.011664870000000004,0.01212356747904761,82.48397196025314
2025-04,hdfc:HDFCMANFFN,0.023103330000000002,0.023596249758390347,42.37961583892883
2025-04,hdfc:HDFCMNCFND,0.03972853,0.046222063920952794,21.63468947882037
2025-04,hdfc:HDFCMULCAP,0.0100722,0.010608397639674213,94.26494311074016
2025-04,hdfc:HDFCNCCFND,0.03782151,0.04154809080248449,24.0684946211825
2025-04,hdfc:HDFCPHARHC,0.050648359999999996,0.05363046937847757,18.646116873280803
2025-04,hdfc:HDFCPM,0.026147749999999994,0.05557925464293035,17.992324769817678
2025-04,hdfc:HDFCSMALLF,0.01778121,0.02080403041885152,48.06760900973556
2025-04,hdfc:HDFCT2,0.044372359999999986,0.04745255264472149,21.073681904681216
2025-04,hdfc:HDFCTECHFD,0.07302209999999998,0.08201219846390242,12.193308053315372
2025-04,hdfc:HDFCTRALFD,0.05695134999999998,0.057606188928708967,17.35924591778773
2025-04,hdfc:HDFCTS,0.043323560000000004,0.051611153020879444,19.375657032801556
2025-04,hdfc:HDINFG,0.026060299999999998,0.031236142567305183,32.01419630625897
2025-04,hdfc:MIDCAP,0.017845459999999994,0.020829606005756545,48.008589299463296
2025-04,hdfc:MY2005,0.016207580000000003,0.03770858918200771,26.519157085758604
2025-04,icici:BAF,0.013825503873313539,0.030799297792309555,32.468272710090666
2025-04,icici:BANFIN SERVICES,0.089927046444518,0.112172630868105,8.914830580873346
2025-04,icici:BCYCLE,0.0365882710890785,0.046982040014725064,21.284729221774555
2025-04,icici:BHACON,0.03293633239052056,0.04118051483817098,24.283329237862795
2025-04,icici:BLUECHIP,0.03826598511396468,0.04655196672011982,21.481369541532146
2025-04,icici:COMFUND,0.047154320955117235,0.05019592794093882,19.92193472698847
2025-04,icici:DISCO,0.029702161264117267,0.04012540894897402,24.921864379542214
2025-04,icici:DIVYLD,0.03361325951981091,0.042231539130805795,23.6789854355687
2025-04,icici:E&DF,0.02112316720440556,0.04492734751458504,22.258158011117033
2025-04,icici:ENERGY,0.04646316886792107,0.05371800880839033,18.615730965884346
2025-04,icici:ESGFUND,0.03762917729731771,0.044677805423472564,22.382478067613988
2025-04,icici:EXPORTS,0.033976729901788516,0.04206691628803796,23.771649748530713
2025-04,icici:FLEXCAP,0.03932676764023835,0.04242902963489638,23.56876903867571
2025-04,icici:FMCG,0.11248363075344149,0.15450979522825614,6.472081582418173
2025-04,icici:FOCUSED,0.04003584955229892,0.04393655143478475,22.76009307385686
2025-04,icici:HOUSING,0.043259912157841446,0.05810033812319126,17.211603792729758
2025-04,icici:INDOPP,0.025605244402112124,0.03231680567726842,30.943652351859704
2025-04,icici:INFRA,0.026428957776604995,0.0305223797205774,32.762845137065966
2025-04,icici:INNOVA,0.021227623453882686,0.028847400762428872,34.6651682151693
2025-04,icici:LARGE & MIDCAP,0.019734571527088133,0.021956543345711867,45.544509636818624
2025-04,icici:LTEF,0.03653874973686724,0.04040122267589641,24.751726154976133
2025-04,icici:MGFINDIA,0.02285294171315008,0.023288352337433135,42.93992058822573
2025-04,icici:MIDCAP,0.021788744284530093,0.022372764720402803,44.697202714872866
2025-04,icici:MNCFUND,0.03545710056367869,0.04227688182591196,23.653589309585485
2025-04,icici:MULTI,0.011427173058289091,0.02605309055915974,38.383162171461464
2025-04,icici:MULTICAP,0.015395767535433178,0.019195228313143995,52.09628058006722
2025-04,icici:PHARMA,0.05610577881803939,0.060445192072857507,16.543913017840225
2025-04,icici:PSUEQU,0.052913994409463934,0.0677905079334201,14.751327737242239
2025-04,icici:QUANT,0.01841022060477168,0.024876026610007224,40.199345967804845
2025-04,icici:RURALOPP,0.031062059806665678,0.042312272825297204,23.633804880415944
2025-04,icici:SMALL,0.011891000766128307,0.015821459724517817,63.205293153219245
2025-04,icici:TECH,0.06595308547185746,0.08644385857074027,11.568201796333076
2025-04,icici:TRANSPO,0.05800573685324804,0.07340613626770223,13.622839327125671
2025-04,icici:VARIANCE,0.034415690644117314,0.04985154652566662,20.059558222233665
2025-04,kotak:BAL,0.015249960000000005,0.02592256526979087,38.57642905292866
2025-04,kotak:BFS,0.10027290000000001,0.10754471208066174,9.29845810782375
2025-04,kotak:CMP,0.04595011999999998,0.04690204196769464,21.321033329183912
2025-04,kotak:CON,0.026318289999999987,0.02740906070575563,36.484285643178204
2025-04,kotak:ELS,0.03034427999999999,0.031136267071021226,32.1168879274776
2025-04,kotak:EME,0.018018890000000003,0.019744606303087924,50.64674294587513
2025-04,kotak:ESG,0.0369832,0.03799463387129274,26.31950615414565
2025-04,kotak:HLC,0.061304870000000025,0.06325043764948889,15.810167283610578
2025-04,kotak:K30,0.030983580000000014,0.03373168117563777,29.645720733369078
2025-04,kotak:KBA,0.011027289999999999,0.02306133406946973,43.362625812869716
2025-04,kotak:KBC,0.023228230000000006,0.023656825196888824,42.27109900323873
2025-04,kotak:KFE,0.041592720000000014,0.04230038169758689,23.6404486169695
2025-04,kotak:KIE,0.02801624000000001,0.028492910435557035,35.09644977341712
2025-04,kotak:KMI,0.022835409999999993,0.023772126640417748,42.06607238494953
2025-04,kotak:KMN,0.033483660000000005,0.03846534534037766,25.99742680459662
2025-04,kotak:KOP,0.022082539999999998,0.022936859098628595,43.59794842441136
2025-04,kotak:KPF,0.0192559,0.028805940301622635,34.715061877138936
2025-04,kotak:KQT,0.01972662,0.020939779528439006,47.755994691437266
2025-04,kotak:MAF,0.01351784,0.029703978921219926,33.66552348600073
2025-04,kotak:MID,0.016573579999999994,0.018877181312779837,52.97401044312695
2025-04,kotak:MUC,0.022407460000000004,0.022917947189755022,43.6339254873154
2025-04,kotak:SEF,0.030217309999999994,0.031508250604734375,31.737718877027774
2025-04,kotak:SPO,0.029477839999999995,0.030296295638526607,33.007335679954856
2025-04,kotak:TAL,0.04742645,0.05234051169367164,19.105659605557648
2025-04,kotak:TCH,0.08521841999999999,0.09343868863243879,10.702204992770344
2025-04,mirae:MABAF,0.010298461291399148,0.02196044449722645,45.536418906561636
2025-04,mirae:MABFF,0.10582058348707152,0.10922775869099086,9.155181905993649
2025-04,mirae:MAEBF,0.017017186691938902,0.017319566623717798,57.73816526278307
2025-04,mirae:MAFCF,0.021192022004620673,0.021245641789228793,47.068476910261396
2025-04,mirae:MAFF,0.04248167612138608,0.04585286718016382,21.80888702272047
2025-04,mirae:MAHCF,0.05453380056152649,0.05471473023397868,18.276613915917377
2025-04,mirae:MAIPF,0.016655333999762916,0.027798986435165828,35.97253455021641
2025-04,mirae:MAMAAF,0.009812560071227609,0.020818398311599654,48.03443497585581
2025-04,mirae:MAMCF,0.016166856918078634,0.01660795061632502,60.212125090078
2025-04,mirae:MAMPF,0.016710714568187707,0.017220888694927987,58.06901244849964
2025-04,mirae:MASCF,0.015483755533859679,0.01654059880138351,60.45730339075492
2025-04,mirae:MATSF,0.026761089457053393,0.027266418943251144,36.675149827385574
2025-04,mirae:MICCF,0.03436798159326677,0.03613157123565032,27.67662644610704
2025-04,mirae:MIIOF,0.03406664479011285,0.034594727708874375,28.906138773957633
2025-04,nippon:AM,0.028345999999999996,0.029659880504980935,33.71557750652653
2025-04,nippon:BF,0.09034373000000001,0.09381978200751069,10.658732930331746
2025-04,nippon:EA,0.03145349999999999,0.03338784624014435,29.9510184876087
2025-04,nippon:EO,0.01832504999999999,0.019520334545983963,51.22863020837602
2025-04,nippon:GF,0.014391100000000002,0.01496005108856772,66.84469151072534
2025-04,nippon:GS,0.020163589999999995,0.020593789105976555,48.55832964268768
2025-04,nippon:IT,0.02587563999999999,0.026252312378374887,38.09188255826718
2025-04,nippon:LC,0.019691790000000008,0.022027343751092377,45.39812023183268
2025-04,nippon:LE,0.03802092999999998,0.043912683808402374,22.772463745626435
2025-04,nippon:ME,0.03640923000000002,0.03849747754772968,25.975727858018406
2025-04,nippon:MF,0.0069131999999999996,0.021233206656486814,47.09604235375804
2025-04,nippon:NE,0.014804619999999996,0.03175486272624283,31.491239896734957
2025-04,nippon:PH,0.054258429999999996,0.054574503146679276,18.323574972589512
2025-04,nippon:PS,0.03480557999999999,0.035142134819480766,28.455869432430095
2025-04,nippon:QP,0.03808284000000001,0.03926749962550178,25.46635282452674
2025-04,nippon:SC,0.006487609999999996,0.007244810902139382,138.02982762527336
2025-04,nippon:SE,0.026293130000000012,0.02855961381223557,35.01447906734572
2025-04,nippon:SH,0.016669500000000004,0.031366605135847624,31.881040223162067
2025-04,nippon:TS,0.02894293,0.0309969194815719,32.26127036896405
2025-04,ppfas:PPDAAF,0.0029115999999999994,0.1766044584194641,5.6623712048358295
2025-04,ppfas:PPFCF,0.03020448,0.07443762337684742,13.434066734471177
2025-04,ppfas:PPTSF,0.03965767,0.060819400166780085,16.44212204095702
2025-04,sbi:SBAF,0.014957689999999996,0.02900645631010255,34.475083385201856
2025-04,sbi:SBFS,0.11929559999999997,0.12912100614972027,7.744673231871082
2025-04,sbi:SBI-AOF,0.07936226000000002,0.09144396884282986,10.935658334326662
2025-04,sbi:SBIRIOS,0.028672060000000006,0.03390478319431203,29.494363502308516
2025-04,sbi:SBLUECHIP,0.040406679999999986,0.04645819644419916,21.524727099578605
2025-04,sbi:SCF,0.019646629999999995,0.03442065488425714,29.05232347735971
2025-04,sbi:SCOF,0.028619630000000004,0.03080349921511949,32.46384422160594
2025-04,sbi:SDYF,0.034218699999999984,0.036218543074395815,27.610166371019375
2025-04,sbi:SEHF,0.020734620000000002,0.04108565121286826,24.339397587223697
2025-04,sbi:SEMVF,0.03858378000000001,0.03856835111681922,25.927994613280507
2025-04,sbi:SEOF,0.04812716,0.05521645853663552,18.110542155406634
2025-04,sbi:SFEF,0.03316201,0.05482979826849858,18.23825787399497
2025-04,sbi:SFLEXI,0.03756951000000001,0.04724958490691991,21.164207092400204
2025-04,sbi:SHOF,0.047983100000000015,0.05615241369096046,17.80867347045105
2025-04,sbi:SIF,0.041924800000000005,0.04872473878999084,20.523455329542426
2025-04,sbi:SIOF,0.030561560000000012,0.035304991834058025,28.324606466423816
2025-04,sbi:SLMF,0.023654459999999995,0.026589211217510855,37.609239018772776
2025-04,sbi:SLTEF,0.02660184000000001,0.03222301786306013,31.033716464725714
2025-04,sbi:SMAAF,0.005980880000000002,0.028191437512172877,35.4717633525501
2025-04,sbi:SMCF,0.025081119999999995,0.029632703213610598,33.74649935888029
2025-04,sbi:SMCOMMA,0.047033929999999995,0.047824522441172496,20.909774922061583
2025-04,sbi:SMEEF,0.03914765999999999,0.04242488201276448,23.571073213571403
2025-04,sbi:SMGLF,0.03583813,0.03842915877066555,26.02190711401516
2025-04,sbi:SMIDCAP,0.019721870000000002,0.021986516118796692,45.48242179874423
2025-04,sbi:SPSU,0.06509538000000001,0.07019361225143389,14.246310567662407
2025-04,sbi:SQF,0.043592479999999996,0.04540845303753914,22.02233137458571
2025-04,sbi:SSCF,0.013436139999999996,0.021131097687751052,47.323618241548544
2025-04,sbi:STOF,0.06375831,0.08566771849330622,11.673008428234686
2025-04,uti:002,0.004809240000000001,0.033304986149584485,30.025534180036765
2025-04,uti:017,0.036386360000000006,0.03926873375051788,25.465552476257578
2025-04,uti:042,0.029306789999999992,0.03163492258390958,31.610635282813313
2025-04,uti:049,0.02048587,0.023042157506484858,43.398713845201584
2025-04,uti:066,0.015351760000000002,0.03316114842014642,30.15577106468572
2025-04,uti:101,0.03208877999999998,0.03581130978668236,27.92413921626189
2025-04,uti:118,0.03897221999999999,0.03982785617217504,25.10805491706658
2025-04,uti:125,0.03372699000000001,0.036345819317310284,27.513480746428897
2025-04,uti:160,0.012735019999999996,0.013462666915136251,74.27948758619935
2025-04,uti:161,0.047721569999999984,0.054157809143105785,18.464557850883793
2025-04,uti:162,0.06250704000000001,0.06830746691591753,14.639687945549804
2025-04,uti:163,0.08966365,0.09269742825765966,10.787785797254513
2025-04,uti:190,0.027373820000000007,0.02915330881687314,34.30142376913413
2025-04,uti:193,0.03213225,0.032514792714091904,30.755232204405235
2025-04,uti:251,0.032580809999999995,0.03564143988231136,28.05722785897587
2025-04,uti:322,0.010011120000000005,0.023291892517684966,42.933394065798836
2025-04,uti:751,0.012640140000000006,0.013842024130060325,72.2437694519206
2025-04,uti:753,0.04293892,0.04552330342869704,21.966771404590528
2025-04,uti:773,0.0198412,0.04308640151196325,23.209178880309665
2025-04,uti:775,0.04717675,0.05193391705661345,19.25523928630098
2025-04,uti:783,0.02494642999999999,0.02870100045296543,34.84199101835415
2025-05,absl:ABSLBCF,0.025108619455098482,0.026844694187979766,37.251309066793894
2025-05,absl:ABSLCONF,0.05412292531214545,0.05664579785823711,17.653560154675898
2025-05,absl:ABSLESG,0.02844259666367304,0.03010017428659088,33.22239899605775
2025-05,absl:ABSLMAAF,0.011549989505816111,0.025705390598404106,38.9023460340682
2025-05,absl:ABSLMCF,0.01447529183461837,0.01500507027717215,66.6441397159827
2025-05,absl:ABSLQF,0.02947760056026476,0.029707864800131538,33.661119933317195
2025-05,absl:ABSLSO,0.024601297924919416,0.02584312501306677,38.69501074248494
2025-05,absl:ABSLTNLF,0.052882905469904797,0.054254285312717664,18.43172376589378
2025-05,absl:ADVG,0.01745787931460548,0.018329851872063378,54.5558145793914
2025-05,absl:BDYP,0.023402160196803357,0.028668507513783813,34.881480995102386
2025-05,absl:BINFRA,0.02313699359776705,0.02511721663485624,39.813328623851454
2025-05,absl:BSL95F,0.018019934870425917,0.030511275668693424,32.774768608775865
2025-05,absl:BSLBKFS,0.09514140704158526,0.10344172865904905,9.667278505138558
2025-05,absl:BSLDAAF,0.01121198381781706,0.022885461288793492,43.69586382292753
2025-05,absl:BSLEQTY,0.02398933260462639,0.025315928194503914,39.50082305167464
2025-05,absl:BSLFEF,0.031255316828520965,0.03460229375316925,28.899818235558712
2025-05,absl:BSLMFG,0.023675859846233414,0.024099453404678263,41.49471704639894
2025-05,absl:BSLNMF,0.06769645583118052,0.07713084445168597,12.964981870857002
2025-05,absl:BSLPHF,0.049871996900509565,0.05199646584872703,19.232076328212255
2025-05,absl:BSLR96,0.02999182961279271,0.03102224630723413,32.23493199352261
2025-05,absl:BSLTA1,0.01316708215704398,0.01430059205909394,69.92717475386527
2025-05,absl:BTOP100,0.03606402769875637,0.0404731294589314,24.70775087986988
2025-05,absl:GENNEXT,0.021117733816209724,0.021352833674829593,46.83219170010139
2025-05,absl:MIDCAP,0.016744912021880696,0.017814755872143626,56.13324185731159
2025-05,absl:MNC,0.0226760716100514,0.02354943366070148,42.46386619771528
2025-05,absl:PSUEQ,0.050560595708675875,0.05634505227646273,17.74778724302887
2025-05,absl:PURE,0.017581541919500183,0.01848883918989515,54.08668384906164
2025-05,axis:AXISBCF,0.020786220000000008,0.02267716046815569,44.097231723709235
2025-05,axis:AXISCON,0.030276170000000005,0.031907578651302386,31.34051665055388
2025-05,axis:AXISDEF,0.016506510000000002,0.036025185947049794,27.7583577630886
2025-05,axis:AXISEHF,0.01677728,0.028150554377298728,35.52327910126074
2025-05,axis:AXISEQF,0.03518517000000001,0.04429062824778801,22.578139881091946
2025-05,axis:AXISESG,0.034029859999999995,0.039737557749313375,25.165109700715792
2025-05,axis:AXISF25,0.049066300000000014,0.05560094822686574,17.98530478148953
2025-05,axis:AXISGOF,0.01843312999999999,0.022975974340281747,43.52372548774954
2025-05,axis:AXISIMF,0.020495469999999995,0.02054886231444023,48.66449464198675
2025-05,axis:AXISMCF,0.014385079999999998,0.01623169574770075,61.607857585776394
2025-05,axis:AXISMIF,0.03285021999999999,0.03801421724517937,26.305947418312584
2025-05,axis:AXISMLC,0.016689889999999995,0.017589212171043606,56.85302958857127
2025-05,axis:AXISMLF,0.03358718,0.03804411848125728,26.285271940067624
2025-05,axis:AXISQUA,0.0424847,0.04402058891208397,22.716642932632208
2025-05,axis:AXISSCF,0.010144650000000002,0.01328353270515312,75.28117874939
2025-05,axis:AXISSSF,0.014220239999999995,0.02248817350784788,44.467817702092255
2025-05,axis:AXISTAF,0.012834650000000006,0.02729705099374931,36.63399391490999
2025-05,axis:AXISTSF,0.024910630000000007,0.0270918132905551,36.91151970062578
2025-05,axis:AXISVAL,0.02367212000000001,0.025378313127772927,39.40372218457827
2025-05,dsp:Aggressive Hybrid,0.018242480000000002,0.042703138179056147,23.417482710684066
2025-05,dsp:Banking and Financial Services,0.051828589999999994,0.07694856535124887,12.995693882469116
2025-05,dsp:Business Cycle Fund,0.028708819999999993,0.032066344564811555,31.185344434219164
2025-05,dsp:DAAF,0.011509450000000001,0.025148898535951692,39.76317287098863
2025-05,dsp:Flexi Cap,0.026732080000000002,0.029657483495280416,33.71830250395777
2025-05,dsp:Focused,0.03590820000000001,0.04093410776202938,24.429505238357812
2025-05,dsp:HEALTHCARE,0.047755900000000004,0.06406236174635684,15.609789785136497
2025-05,dsp:Large & Mid Cap,0.017500119999999997,0.02129166366760432,46.96673851379305
2025-05,dsp:Large Cap,0.038331779999999996,0.050134730996301016,19.94625243075067
2025-05,dsp:MIDCAP,0.018866230000000008,0.02218855808132401,45.06827331162608
2025-05,dsp:Multi Asset,0.0058674,0.045525717522365616,21.965606571905774
2025-05,dsp:Multicap Fund,0.020267450000000006,0.023438327314715304,42.66516063935028
2025-05,dsp:NRNEF,0.045397219999999995,0.06286310164710855,15.907582887234073
2025-05,dsp:QUANT,0.029636159999999984,0.03182491878976614,31.42191835919366
2025-05,dsp:SMALLCAP,0.015969070000000002,0.018563154873911133,53.870153365224105
2025-05,dsp:TAX,0.025115469999999994,0.02933433081818101,34.08974986333126
2025-05,dsp:TIGER,0.01818532,0.02098979506471829,47.64219931241246
2025-05,dsp:VALUE,0.014582939999999996,0.03430440551018102,29.150774809469162
2025-05,hdfc:HDFCBKGFSF,0.09743928999999994,0.1019766118745952,9.80617007779922
2025-05,hdfc:HDFCBUSICY,0.03642345,0.03962922914773818,25.23389986396126
2025-05,hdfc:HDFCCB,0.027718499999999997,0.028418919510803966,35.18782618107039
2025-05,hdfc:HDFCCS,0.03949049,0.05662595704243873,17.659745675477815
2025-05,hdfc:HDFCDFNFND,0.11091961999999997,0.12090902181911707,8.270681417769016
2025-05,hdfc:HDFCDIVYLD,0.01709948,0.017833644044491427,56.07378937839048
2025-05,hdfc:HDFCEQ,0.03788965,0.05041764867665226,19.834324413131284
2025-05,hdfc:HDFCGR,0.012924940000000001,0.02865544523829207,34.89738134180889
2025-05,hdfc:HDFCHOF117,0.05063007,0.052428401391907374,19.07363134200685
2025-05,hdfc:HDFCLARGEF,0.01131879000000001,0.011933594340788273,83.79704986133667
2025-05,hdfc:HDFCMANFFN,0.021987060000000003,0.02206642764429389,45.31771141753377
2025-05,hdfc:HDFCMNCFND,0.03871208999999999,0.0440457557333333,22.70366311919611
2025-05,hdfc:HDFCMULCAP,0.009780899999999992,0.010251030290956588,97.55117013771732
2025-05,hdfc:HDFCNCCFND,0.0392829,0.04085260581905323,24.478242695931296
2025-05,hdfc:HDFCPHARHC,0.05220581999999999,0.054402814558687694,18.3814019203223
2025-05,hdfc:HDFCPM,0.025646030000000007,0.056371064748288395,17.73959751275344
2025-05,hdfc:HDFCSMALLF,0.017910859999999994,0.020540390698693418,48.68456567691336
2025-05,hdfc:HDFCT2,0.04287517,0.045822995857863404,21.82310390839267
2025-05,hdfc:HDFCTECHFD,0.06997054000000001,0.07792290260382766,12.833197514268146
2025-05,hdfc:HDFCTRALFD,0.05106245,0.051608045613501824,19.376823673756356
2025-05,hdfc:HDFCTS,0.042172219999999996,0.05090410441954729,19.644781327613295
2025-05,hdfc:HDINFG,0.025452609999999997,0.030394514616596507,32.90067344763465
2025-05,hdfc:MIDCAP,0.017550100000000003,0.020834519489388848,47.99726725203844
2025-05,hdfc:MY2005,0.016571380000000007,0.03711468113013819,26.94351586892582
2025-05,icici:BAF,0.013868169127015073,0.030624983464771896,32.65307885473003
2025-05,icici:BANFIN SERVICES,0.09039800262697202,0.11209934247244803,8.920658925771859
2025-05,icici:BCYCLE,0.03767075303145144,0.044860719206350826,22.291216406945885
2025-05,icici:BHACON,0.03441423271998697,0.040595896637255435,24.633031484327056
2025-05,icici:BLUECHIP,0.03833700312220464,0.04611522469131342,21.68481248207746
2025-05,icici:COMFUND,0.04605650679219021,0.04893590718926299,20.434892442729858
2025-05,icici:DISCO,0.031220752039430897,0.03787988322829587,26.39923660728211
2025-05,icici:DIVYLD,0.036906210979520716,0.04170044143488192,23.98056149025588
2025-05,icici:E&DF,0.022539352751531485,0.04257940942927926,23.485530057924223
2025-05,icici:ENERGY,0.043226487281534616,0.05315488703923485,18.81294563304926
2025-05,icici:ESGFUND,0.035392696108474314,0.044770028584474826,22.336371711560087
2025-05,icici:EXPORTS,0.032755417447930056,0.03988030307829065,25.075035112869106
2025-05,icici:FLEXCAP,0.03768004981909723,0.04083830291042848,24.486815776682032
2025-05,icici:FMCG,0.13648423902186843,0.16657840361677412,6.003179153406786
2025-05,icici:FOCUSED,0.03783679369892771,0.040268253006710567,24.833458750578362
2025-05,icici:HOUSING,0.04368353615439143,0.05613453615035372,17.814345117621475
2025-05,icici:INDOPP,0.02602829305468157,0.031096945795767432,32.15749889290121
2025-05,icici:INFRA,0.027327608639355017,0.03163673881910578,31.608820546196398
2025-05,icici:INNOVA,0.022824028021775477,0.028185634220205657,35.47906682486932
2025-05,icici:LARGE & MIDCAP,0.018803273961652565,0.021124042467183735,47.33942386044258
2025-05,icici:LTEF,0.03584888426642413,0.038563087403390255,25.93153368503595
2025-05,icici:MGFINDIA,0.020190684472307138,0.020713013095039434,48.27882816525087
2025-05,icici:MIDCAP,0.021751113603598035,0.02231334213815934,44.816235676763185
2025-05,icici:MNCFUND,0.034768282443869196,0.040914537626161526,24.441190296149923
2025-05,icici:MULTI,0.011099227425454805,0.02486787663836981,40.21252053571205
2025-05,icici:MULTICAP,0.016460200609125925,0.01880968256724859,53.164108241847714
2025-05,icici:PHARMA,0.05537384062395439,0.0588667259453298,16.98752536243839
2025-05,icici:PSUEQU,0.05770489560732216,0.0703549683886394,14.213637258367035
2025-05,icici:QUALITY,0.020738411181392906,0.04571047136929902,21.87682537598245
2025-05,icici:QUANT,0.022860110192927368,0.026906884182793633,37.16520995914786
2025-05,icici:RURALOPP,0.03557267544037745,0.04954549572197118,20.183469464340135
2025-05,icici:SMALL,0.01211500328761416,0.015876742813915518,62.98521124392896
2025-05,icici:TECH,0.07021340314460625,0.09193864125431819,10.876819434755697
2025-05,icici:TRANSPO,0.05886509886017393,0.0711218288446361,14.060380845724252
2025-05,icici:VARIANCE,0.031671233375587596,0.04231220871100044,23.633840691942353
2025-05,kotak:BAL,0.014642510000000001,0.025913521121890028,38.58989271648098
2025-05,kotak:BFS,0.09762592,0.10029583937431348,9.97050332534639
2025-05,kotak:CMP,0.04326931,0.04350391399202392,22.986437500390004
2025-05,kotak:CON,0.025687549999999993,0.026331316726565974,37.9775918684343
2025-05,kotak:ELS,0.029883150000000015,0.03081899688572214,32.447519421479974
2025-05,kotak:EME,0.017989729999999995,0.020329296835682187,49.19009290300636
2025-05,kotak:ESG,0.035186730000000006,0.03599563506993853,27.781146187781587
2025-05,kotak:HLC,0.05197096000000001,0.05770697567513251,17.328927539533613
2025-05,kotak:K30,0.03032131000000001,0.0333788232251663,29.959114893123015
2025-05,kotak:KBA,0.01127584,0.02302507367270493,43.430914237874944
2025-05,kotak:KBC,0.02279773,0.023588276704916478,42.39394053706226
2025-05,kotak:KEO,0.03804326999999999,0.055077126612689827,18.156357484516974
2025-05,kotak:KFE,0.040082780000000005,0.0409627985478101,24.412394549479842
2025-05,kotak:KIE,0.02674757,0.027329287829385242,36.59078151772294
2025-05,kotak:KMI,0.022340809999999996,0.02376858282835349,42.072344288322576
2025-05,kotak:KMN,0.032298509999999996,0.03539182292174205,28.255114245208205
2025-05,kotak:KOP,0.02188808,0.023081717798263568,43.32433178241308
2025-05,kotak:KPF,0.01864993,0.02834839028647653,35.27537154294949
2025-05,kotak:KQT,0.02310248,0.024104227594604156,41.48649841921733
2025-05,kotak:MAF,0.013714419999999998,0.02743712601205565,36.446966040124174
2025-05,kotak:MID,0.016665199999999998,0.018582775150561604,53.81327556825
2025-05,kotak:MUC,0.02065144,0.021502957101207823,46.50523159644075
2025-05,kotak:SEF,0.030289350000000007,0.031609184876593324,31.63637417111956
2025-05,kotak:SPO,0.029556459999999986,0.030144395075782236,33.17366288114343
2025-05,kotak:TAL,0.04980437000000001,0.05134322873831243,19.476764990702616
2025-05,kotak:TCH,0.08618591000000002,0.09188339242674978,10.883359588591686
2025-05,mirae:MABAF,0.010045996906933218,0.02194150682472441,45.57572130247532
2025-05,mirae:MABFF,0.11272083498901367,0.11455436837207508,8.72947940974174
2025-05,mirae:MAEBF,0.016861845660560107,0.017320004298188595,57.73670622614017
2025-05,mirae:MAFCF,0.019654848663198037,0.020606392886342955,48.528629222766966
2025-05,mirae:MAFF,0.04119773614047651,0.04590597348302369,21.78365742248786
2025-05,mirae:MAHCF,0.05105973913298918,0.05172052095494833,19.33468537316281
2025-05,mirae:MAIPF,0.016182175831359745,0.027732970718093896,36.05816377066188
2025-05,mirae:MAMAAF,0.009408456302162398,0.020832736839539446,48.00137436105141
2025-05,mirae:MAMCF,0.016078447630970143,0.016256247494006854,61.51481148208818
2025-05,mirae:MAMPF,0.01726740005803133,0.01787722560192056,55.93709126166476
2025-05,mirae:MASCF,0.015326135665796829,0.016390465857962062,61.01107855419655
2025-05,mirae:MATSF,0.026996120321860342,0.02734156136265659,36.57435604119563
2025-05,mirae:MICCF,0.03623821783192274,0.037447855936441884,26.703798521796365
2025-05,mirae:MIIOF,0.03430690819992814,0.03477756132344493,28.754172574080417
2025-05,nippon:AM,0.027098399999999995,0.02930587816755767,34.12284710536416
2025-05,nippon:BF,0.08639382999999999,0.08924436553834345,11.205189190015076
2025-05,nippon:EA,0.030951310000000003,0.03219465970930857,31.061052020092202
2025-05,nippon:EO,0.017496240000000003,0.017945620592198154,55.72390182119137
2025-05,nippon:GF,0.01393257,0.014713509994750261,67.96474806873391
2025-05,nippon:GS,0.018790169999999995,0.019568935147438085,51.1014008920622
2025-05,nippon:IT,0.02487653,0.026249309843888204,38.096239708673195
2025-05,nippon:LC,0.01945929000000001,0.021657181880922766,46.17405927965509
2025-05,nippon:LE,0.036999420000000005,0.04343016847648101,23.02546904789319
2025-05,nippon:ME,0.034849200000000004,0.03841970619638425,26.02830940165055
2025-05,nippon:MF,0.00646515,0.01985010737998814,50.3775612321447
2025-05,nippon:NE,0.014687319999999999,0.031540205659907984,31.705563710738257
2025-05,nippon:PH,0.05019556000000002,0.05163111142197668,19.368167224352096
2025-05,nippon:PS,0.033057670000000004,0.03369483082723533,29.678142772917738
2025-05,nippon:QP,0.038214359999999996,0.03983881310103509,25.101149410849743
2025-05,nippon:SC,0.006294569999999998,0.006871498168950865,145.52867153753158
2025-05,nippon:SE,0.02588039,0.027971191533511637,35.75106905266882
2025-05,nippon:SH,0.016408089999999997,0.031345915506142144,31.90208305780869
2025-05,nippon:TS,0.02800037,0.03035072235119602,32.94814497094147
2025-05,ppfas:PPDAAF,0.0026627999999999995,0.17658012286602504,5.663151569776177
2025-05,ppfas:PPFCF,0.02980738000000001,0.07124982168051347,14.03512284541613
2025-05,ppfas:PPTSF,0.04049473000000001,0.05971333133525698,16.74667913577889
2025-05,sbi:SBAF,0.015145920000000002,0.028990744656839353,34.49376729838794
2025-05,sbi:SBFS,0.11150004999999999,0.1189692220998707,8.405535333840659
2025-05,sbi:SBI-AOF,0.07483415,0.07825479135525652,12.778770253954912
2025-05,sbi:SBLUECHIP,0.04075247000000001,0.042877928486285945,23.322022198899827
2025-05,sbi:SCF,0.01950045999999999,0.033286485275191485,30.042222593723434
2025-05,sbi:SCOF,0.028785290000000005,0.03289145045150303,30.40303745419969
2025-05,sbi:SDYF,0.03191247,0.03477923883958105,28.75278566654353
2025-05,sbi:SEHF,0.02252999,0.04153512258904225,24.076009354642398
2025-05,sbi:SEMVF,0.03724017999999999,0.03738958879683214,26.74541315321247
2025-05,sbi:SEOF,0.04724344999999999,0.05419096531665577,18.453260504895393
2025-05,sbi:SFEF,0.032735850000000004,0.0545451964325052,18.33342008837406
2025-05,sbi:SFLEXI,0.036789720000000005,0.04400013892620378,22.727200968096522
2025-05,sbi:SHOF,0.044846839999999985,0.05382457190787788,18.578875122528153
2025-05,sbi:SIF,0.038360059999999994,0.04549929851008773,21.978360826338637
2025-05,sbi:SIOF,0.03460779,0.03812953740585074,26.226386891506223
2025-05,sbi:SLMF,0.022872929999999996,0.02496934605756091,40.049106520240336
2025-05,sbi:SLTEF,0.026232560000000012,0.031087642764628873,32.16712208034593
2025-05,sbi:SMAAF,0.00664309,0.028464008556482977,35.13208612257248
2025-05,sbi:SMCF,0.025033120000000002,0.028270646123406382,35.37237867273435
2025-05,sbi:SMCOMMA,0.04518850000000001,0.04775081645088513,20.94205030040829
2025-05,sbi:SMEEF,0.03852768,0.041631562795803975,24.020236879043836
2025-05,sbi:SMGLF,0.03479526999999999,0.038643754779552335,25.877402589489893
2025-05,sbi:SMIDCAP,0.01922045,0.021999816886144413,45.45492379210686
2025-05,sbi:SPSU,0.06336143000000002,0.06960447763760005,14.366891814152543
2025-05,sbi:SQF,0.04549246999999999,0.046936216278678056,21.305509461236117
2025-05,sbi:SSCF,0.014086390000000002,0.021077746916178017,47.44340104171475
2025-05,sbi:STOF,0.061273070000000006,0.08603747706946518,11.622841976091618
2025-05,uti:002,0.004973789999999999,0.033748247123865004,29.6311685857264
2025-05,uti:017,0.03574507,0.03898868490479857,25.648467047343882
2025-05,uti:042,0.029254280000000004,0.03167689743925694,31.568748231028067
2025-05,uti:049,0.020461030000000005,0.022336383609976355,44.770004735831925
2025-05,uti:066,0.015131989999999998,0.03285037618503323,30.441051705691095
2025-05,uti:101,0.029664700000000006,0.03370149009694449,29.67227849936119
2025-05,uti:118,0.03564619999999999,0.03762101908717223,26.580885480079232
2025-05,uti:125,0.03357883,0.035843018802090336,27.899435745676666
2025-05,uti:160,0.012831459999999994,0.01356461725343927,73.72121021302335
2025-05,uti:161,0.04631502,0.052216106288067936,19.151179034360766
2025-05,uti:162,0.05977256,0.06397470250843307,15.631178587632842
2025-05,uti:163,0.08797726999999998,0.09169836680015873,10.90531963540128
2025-05,uti:190,0.02710612,0.028820598617748716,34.697405604343196
2025-05,uti:193,0.03082957999999999,0.032035358872606015,31.215507963455877
2025-05,uti:251,0.03363431,0.0349426607068893,28.61831296672952
2025-05,uti:322,0.01019846,0.022909864554399643,43.649319603155774
2025-05,uti:751,0.012961950000000003,0.013968417955471563,71.59006862393392
2025-05,uti:753,0.04246279000000001,0.044494702434298664,22.47458563132567
2025-05,uti:773,0.020083049999999998,0.043856837992964276,22.801461431406086
2025-05,uti:775,0.04690567,0.0509065142596275,19.643851372339423
2025-05,uti:783,0.02465937,0.02880161579090212,34.720274281135325
2025-05,uti:787,0.01273905,0.022060947097211417,45.32896958564411
2025-06,absl:ABSLBCF,0.023978956023297415,0.025641904886501404,38.99866271348769
2025-06,absl:ABSLCONF,0.054268391494076716,0.05787324724724865,17.279141011869537
2025-06,absl:ABSLESG,0.028526014325741013,0.029703850381802042,33.665669169026195
2025-06,absl:ABSLMAAF,0.011089132967634347,0.02511128241299731,39.82273718854007
2025-06,absl:ABSLMCF,0.013717233149462648,0.014938101339091733,66.94291177307022
2025-06,absl:ABSLQF,0.027706231430097834,0.02788424988704543,35.86253903371393
2025-06,absl:ABSLSO,0.024802804151244175,0.02550842921059405,39.202727527600345
2025-06,absl:ABSLTNLF,0.05312161469478667,0.05414570452015578,18.468685722387253
2025-06,absl:ADVG,0.017492005869964612,0.018132099151983234,55.15081246898118
2025-06,absl:BDYP,0.023879279080648325,0.027588803263836115,36.24658853219695
2025-06,absl:BINFRA,0.02369258832169936,0.02476370019565921,40.38168739319855
2025-06,absl:BSL95F,0.017669656680730114,0.030053612214522855,33.273870470610795
2025-06,absl:BSLBKFS,0.09379425403078925,0.09795588971348429,10.20867660867505
2025-06,absl:BSLDAAF,0.011159219791345461,0.021443056363561676,46.63514300598055
2025-06,absl:BSLEQTY,0.023448815168381012,0.024657954739618446,40.5548639601191
2025-06,absl:BSLFEF,0.03058821063200237,0.03337488781097587,29.962647534986885
2025-06,absl:BSLMFG,0.023704344539969266,0.024193459986707033,41.333484361039915
2025-06,absl:BSLNMF,0.06988026781716421,0.07970942100351029,12.54556848375503
2025-06,absl:BSLPHF,0.04914384220785847,0.05073633570615369,19.709740289319168
2025-06,absl:BSLR96,0.029876032616600483,0.030372059399638274,32.92499816498811
2025-06,absl:BSLTA1,0.01260142431891672,0.014188688152968663,70.47867915757755
2025-06,absl:BTOP100,0.03715679091530513,0.04051233479665143,24.68384024321046
2025-06,absl:GENNEXT,0.02124617228834539,0.021561797574451407,46.37832242636861
2025-06,absl:MIDCAP,0.016559777714871254,0.017846684971621753,56.032815146908966
2025-06,absl:MNC,0.022443193006756398,0.02340662544035893,42.72294622512084
2025-06,absl:PSUEQ,0.05247756174679795,0.05463430595837026,18.30351795375548
2025-06,absl:PURE,0.018569221526109257,0.01939811636043725,51.55139712634754
2025-06,axis:AXISBCF,0.020120950000000002,0.021946785375863226,45.5647596162209
2025-06,axis:AXISCON,0.03172825,0.032015743371540596,31.23463317390653
2025-06,axis:AXISDEF,0.01628322000000001,0.03480391402482821,28.732400593985666
2025-06,axis:AXISEHF,0.01692506,0.027187934222299332,36.78102175117842
2025-06,axis:AXISEQF,0.038388349999999995,0.04347313822700045,23.00271019723431
2025-06,axis:AXISESG,0.030203849999999997,0.03433596306085005,29.123982869733524
2025-06,axis:AXISF25,0.04786169999999999,0.05193326822916666,19.25547985132162
2025-06,axis:AXISGOF,0.017712859999999997,0.021877450626083157,45.709164979568534
2025-06,axis:AXISIMF,0.02039959999999999,0.020654927120900633,48.414598325457376
2025-06,axis:AXISMCF,0.014931279999999996,0.01602073551382926,62.419106734318774
2025-06,axis:AXISMIF,0.03653596,0.040043487608337626,24.97284976226161
2025-06,axis:AXISMLC,0.015957379999999997,0.016642508123211153,60.08709700464615
2025-06,axis:AXISMLF,0.03315057,0.037176715745180874,26.89855679706262
2025-06,axis:AXISQUA,0.04268642,0.044519156127183976,22.4622406845081
2025-06,axis:AXISSCF,0.010156890000000002,0.012912532845347782,77.44413988927718
2025-06,axis:AXISSSF,0.01446099,0.021776565715602374,45.920923117988465
2025-06,axis:AXISTAF,0.011521810000000002,0.025161026564974733,39.744006367055164
2025-06,axis:AXISTSF,0.025410509999999997,0.026823777305510967,37.28035722226747
2025-06,axis:AXISVAL,0.02294618999999999,0.023780572034612552,42.051133107500654
2025-06,dsp:Aggressive Hybrid,0.018783340000000003,0.04066924212941102,24.5886067121183
2025-06,dsp:Banking and Financial Services,0.06479033999999999,0.07536390840784615,13.26895089607494
2025-06,dsp:Business Cycle Fund,0.02803531,0.03229632982852239,30.96327060410603
2025-06,dsp:DAAF,0.011522899999999997,0.025792231043094072,38.77136484739083
2025-06,dsp:Flexi Cap,0.026585969999999997,0.028889739207381183,34.61436577262369
2025-06,dsp:Focused,0.03568751,0.04105867014539589,24.355391844373578
2025-06,dsp:HEALTHCARE,0.04647173,0.06370468850560848,15.69743175044269
2025-06,dsp:Large & Mid Cap,0.019087519999999997,0.021824309342941873,45.82046489014814
2025-06,dsp:Large Cap,0.03849290000000001,0.04968415442959017,20.127141368927767
2025-06,dsp:MIDCAP,0.01928527,0.021989236997841295,45.476793946882786
2025-06,dsp:Multi Asset,0.005481239999999999,0.0430555485732671,23.22581021812583
2025-06,dsp:Multicap Fund,0.020513930000000003,0.02234740958770326,44.74791568461042
2025-06,dsp:NRNEF,0.04399372000000001,0.06309831116210693,15.84828470972675
2025-06,dsp:QUANT,0.029726409999999995,0.031600106392431784,31.64546307475407
2025-06,dsp:SMALLCAP,0.01597485000000001,0.018706771801389813,53.45657768304552
2025-06,dsp:TAX,0.026893179999999996,0.029462641734264255,33.94128771681146
2025-06,dsp:TIGER,0.018115760000000005,0.021026811931409074,47.55832711407082
2025-06,dsp:VALUE,0.0152928,0.035128724927070136,28.46673205691567
2025-06,hdfc:HDFCBKGFSF,0.09424504999999998,0.09582921326570885,10.435231240261428
2025-06,hdfc:HDFCBUSICY,0.03049800000000001,0.03389261821042443,29.50494983277591
2025-06,hdfc:HDFCCB,0.027075430000000004,0.027508345056070978,36.352604926311415
2025-06,hdfc:HDFCCS,0.03841699,0.05456270495195058,18.327537113136668
2025-06,hdfc:HDFCDFNFND,0.10808009999999998,0.12421346104904839,8.050657244025494
2025-06,hdfc:HDFCDIVYLD,0.01684588,0.01746910789319773,57.243907709184654
2025-06,hdfc:HDFCEQ,0.03706813,0.04912030269703944,20.358180733692254
2025-06,hdfc:HDFCGR,0.012740200000000004,0.0284148492154235,35.19286667399251
2025-06,hdfc:HDFCHOF117,0.04917442000000002,0.05162256869793067,19.3713723517227
2025-06,hdfc:HDFCLARGEF,0.011019690000000009,0.011490471987959423,87.02862693959612
2025-06,hdfc:HDFCMANFFN,0.020694879999999995,0.02126085326879065,47.03480087828486
2025-06,hdfc:HDFCMNCFND,0.040911109999999994,0.04370582430275957,22.880245732760617
2025-06,hdfc:HDFCMULCAP,0.009493469999999999,0.00995182216830612,100.48411065711477
2025-06,hdfc:HDFCNCCFND,0.04096459,0.04163636738964784,24.017465083868785
2025-06,hdfc:HDFCPHARHC,0.05064572,0.05400490271599477,18.516837355654147
2025-06,hdfc:HDFCPM,0.026018470000000002,0.056885683377487194,17.57911552831508
2025-06,hdfc:HDFCSMALLF,0.017496680000000004,0.020065404069375542,49.837022795181674
2025-06,hdfc:HDFCT2,0.04206470999999999,0.04409562715017456,22.677985655909676
2025-06,hdfc:HDFCTECHFD,0.06952583999999999,0.0765526877623983,13.062898628768814
2025-06,hdfc:HDFCTRALFD,0.05065244999999999,0.052302445175413353,19.119564996362463
2025-06,hdfc:HDFCTS,0.04172582,0.04934088728556265,20.26716694842665
2025-06,hdfc:HDINFG,0.025169770000000005,0.030361228947410498,32.93674316451837
2025-06,hdfc:MIDCAP,0.018243870000000006,0.021161826664683178,47.25489986499572
2025-06,hdfc:MY2005,0.016671279999999993,0.037027458627712714,27.006984466699617
2025-06,icici:BAF,0.01325544770012352,0.03034489230032868,32.95447517502537
2025-06,icici:BANFIN SERVICES,0.09251006669862688,0.10587362457856724,9.445223057022242
2025-06,icici:BCYCLE,0.036947902931161944,0.04497794084689977,22.233120973765697
2025-06,icici:BHACON,0.03404515515228516,0.037826065152870965,26.43679684785032
2025-06,icici:BLUECHIP,0.037846345016157586,0.04572017193081637,21.87218371604545
2025-06,icici:COMFUND,0.0447550590125374,0.04807642603652659,20.80021504178033
2025-06,icici:DISCO,0.030326185626990868,0.03733172997778999,26.786864701821656
2025-06,icici:DIVYLD,0.03487055193916352,0.03957745392742137,25.266910848632097
2025-06,icici:E&DF,0.02165636120845575,0.04012977562605326,24.919152534478037
2025-06,icici:ENERGY,0.04425871536794745,0.0520424618632492,19.21507869146693
2025-06,icici:ESGFUND,0.03474009248585936,0.0424359818004439,23.56490783464186
2025-06,icici:EXPORTS,0.03201667988880762,0.04007911216393496,24.950652497233865
2025-06,icici:FLEXCAP,0.03731893931268319,0.04041339585420623,24.74427052870193
2025-06,icici:FMCG,0.14658188153553575,0.16161720582080313,6.187460022720436
2025-06,icici:FOCUSED,0.03620435822552039,0.03945497548450759,25.345345871337837
2025-06,icici:HOUSING,0.041364069718228084,0.05148511440608911,19.42308979081788
2025-06,icici:INDOPP,0.024878170021982657,0.030433575593630035,32.85844599243564
2025-06,icici:INFRA,0.02745774139810521,0.031122319204801033,32.13128152241741
2025-06,icici:INNOVA,0.020985304459802363,0.02565047288182447,38.985636039037104
2025-06,icici:LARGE & MIDCAP,0.01830335504629064,0.0216355750937854,46.22017190045666
2025-06,icici:LTEF,0.035027048927708124,0.03648429481229412,27.409053817398433
2025-06,icici:MGFINDIA,0.020563632038267787,0.021680961698150193,46.123415276607375
2025-06,icici:MIDCAP,0.021642754854988486,0.0227326514561135,43.989589244815946
2025-06,icici:MNCFUND,0.033901766327381774,0.04000589206998134,24.996317998626907
2025-06,icici:MULTI,0.01104057391190442,0.023897004585171286,41.84624882319042
2025-06,icici:MULTICAP,0.01558747599943795,0.018195178916366135,54.95961345565685
2025-06,icici:PHARMA,0.054339924761937684,0.05841918851071294,17.117663313940408
2025-06,icici:PSUEQU,0.058663595706710106,0.0703880838472251,14.206950173135347
2025-06,icici:QUALITY,0.02662243619330204,0.035126277689046366,28.46871532624238
2025-06,icici:QUANT,0.02192551018939131,0.02710481789789171,36.89380994062251
2025-06,icici:RURALOPP,0.03443217133116208,0.04267519737215547,23.432814880253506
2025-06,icici:SMALL,0.0121732231774432,0.015957455039884234,62.66663434116464
2025-06,icici:TECH,0.06967242141194185,0.0906010275279419,11.037402414576302
2025-06,icici:TRANSPO,0.05219559211403475,0.06470831894642927,15.45396351322123
2025-06,icici:VARIANCE,0.03026528125750395,0.03878271230944924,25.784684475416494
2025-06,kotak:BAL,0.015031150000000005,0.026278707925662097,38.05362131307317
2025-06,kotak:BFS,0.09001490999999999,0.09200979177738589,10.868408466997307
2025-06,kotak:CMP,0.042312369999999995,0.04351364197617137,22.981298613147867
2025-06,kotak:CON,0.02464696999999999,0.025720942554985478,38.87882405017737
2025-06,kotak:ELS,0.029699899999999998,0.0299028940017573,33.44157926457664
2025-06,kotak:EME,0.019339830000000013,0.020703746217371453,48.30043749091897
2025-06,kotak:ESG,0.0329176,0.033941582236839955,29.46238607917951
2025-06,kotak:HLC,0.05189139,0.0538879554548691,18.557022465576654
2025-06,kotak:K30,0.031156090000000008,0.03406862752870339,29.35251791864768
2025-06,kotak:KBA,0.011393609999999998,0.02298225615902281,43.511828998886216
2025-06,kotak:KBC,0.023538240000000002,0.023708634907425072,42.17872534225157
2025-06,kotak:KEO,0.03983921999999999,0.04984662853024639,20.061537349375815
2025-06,kotak:KFE,0.03941399000000001,0.040483695129616325,24.701302507053963
2025-06,kotak:KIE,0.029128280000000006,0.029445432037203578,33.96112506471376
2025-06,kotak:KMI,0.022603699999999997,0.023487755634320175,42.57537482801489
2025-06,kotak:KMN,0.031038240000000005,0.032690573256651055,30.589858187835393
2025-06,kotak:KOP,0.021917919999999994,0.022517341539409347,44.41021593289876
2025-06,kotak:KPF,0.019027310000000002,0.028652911495418917,34.90046727572107
2025-06,kotak:KQT,0.02198467,0.023131287699974894,43.2314885781774
2025-06,kotak:MAF,0.013493060000000003,0.029060708158904543,34.410723735016354
2025-06,kotak:MID,0.016833469999999996,0.018170721538202053,55.03358784611849
2025-06,kotak:MUC,0.02133773999999999,0.021841524369861566,45.784350170168004
2025-06,kotak:SEF,0.030236879999999997,0.03148363182007496,31.762536346342625
2025-06,kotak:SPO,0.0293828,0.03061932596049656,32.65911213362917
2025-06,kotak:TAL,0.051833849999999994,0.05264140655190487,18.99645289709331
2025-06,kotak:TCH,0.08658325999999998,0.09406639607679891,10.630788907694168
2025-06,mirae:MABAF,0.010365897840129446,0.022098855843701352,45.2512115139672
2025-06,mirae:MABFF,0.11300902002754375,0.11392715778619851,8.77753838006431
2025-06,mirae:MAEBF,0.016191278910949833,0.016718168506889845,59.81516453718497
2025-06,mirae:MAFCF,0.019382383227680412,0.020373591856589095,49.08314680293286
2025-06,mirae:MAFF,0.042207070413788156,0.044210858880197004,22.618877473287938
2025-06,mirae:MAHCF,0.05168247366741715,0.052608525490957486,19.00832594465859
2025-06,mirae:MAIPF,0.015900474651863478,0.02754186711640836,36.308359043829654
2025-06,mirae:MAMAAF,0.009501282652438905,0.021342318636675676,46.855265213853166
2025-06,mirae:MAMCF,0.016123089452429417,0.01665943246089848,60.026054449760515
2025-06,mirae:MAMPF,0.01727791237981776,0.017912256728652584,55.827694698032786
2025-06,mirae:MASCF,0.015049364902551933,0.016780950572732625,59.5913798605009
2025-06,mirae:MATSF,0.025527248785919294,0.026950247996327024,37.10540994414178
2025-06,mirae:MICCF,0.03691898373297714,0.038355252433618835,26.07204845622364
2025-06,mirae:MIIOF,0.033679013428272495,0.03433969846710169,29.120814818977678
2025-06,nippon:AM,0.027685610000000003,0.028668976240005323,34.88091069692882
2025-06,nippon:BF,0.07430764000000004,0.07900764353851342,12.65700323681386
2025-06,nippon:EA,0.029890509999999988,0.03135932792263189,31.888438504394873
2025-06,nippon:EO,0.016297809999999996,0.01661864812502338,60.17336623754967
2025-06,nippon:GF,0.014171600000000003,0.014864946284128454,67.27235880211127
2025-06,nippon:GS,0.01970129999999999,0.020438491027638013,48.92729109246602
2025-06,nippon:IT,0.025036960000000004,0.02654387038640355,37.673481125504054
2025-06,nippon:LC,0.019249239999999994,0.020534466815226127,48.69861043864595
2025-06,nippon:LE,0.03730024,0.042339968096074446,23.61834561922391
2025-06,nippon:ME,0.03725988,0.03974763520010705,25.158729443036318
2025-06,nippon:MF,0.006332510000000001,0.01843454579228553,54.24597987212026
2025-06,nippon:NE,0.014737129999999998,0.03127028442085395,31.9792422269465
2025-06,nippon:PH,0.048320289999999995,0.04887588713577481,20.459986684682555
2025-06,nippon:PS,0.03309719000000001,0.03374874013975145,29.630735721068746
2025-06,nippon:QP,0.03707091,0.038262934719410495,26.134952986047555
2025-06,nippon:SC,0.00652554,0.007083615261410342,141.17085176092706
2025-06,nippon:SE,0.025032540000000002,0.0268701624660867,37.2160012527694
2025-06,nippon:SH,0.015197790000000001,0.028921728154796995,34.57608046959458
2025-06,nippon:TS,0.027594469999999992,0.030060789105041796,33.26592647004998
2025-06,ppfas:PPDAAF,0.0028017999999999997,0.17592129816832888,5.684360054250839
2025-06,ppfas:PPFCF,0.03070920000000001,0.06927569974340028,14.435076133536528
2025-06,ppfas:PPTSF,0.04200136,0.057698119585756304,17.33158735812364
2025-06,sbi:SBAF,0.015380470000000002,0.02915664295515425,34.29750131172842
2025-06,sbi:SBFS,0.08172592000000002,0.09320452728610085,10.72909255717158
2025-06,sbi:SBI-AOF,0.06968817999999999,0.0733077501643656,13.64112249738764
2025-06,sbi:SBLUECHIP,0.03973749,0.04430051330860218,22.573101874325737
2025-06,sbi:SCF,0.019968729999999994,0.032004144103071376,31.245953548372878
2025-06,sbi:SCOF,0.02838200999999999,0.031191585515033676,32.05992845467959
2025-06,sbi:SDYF,0.03451438999999999,0.03621042511685507,27.616356250248064
2025-06,sbi:SEHF,0.022037750000000002,0.04005997685336713,24.962570589102768
2025-06,sbi:SEMVF,0.03629662,0.03653003817674021,27.37473186208523
2025-06,sbi:SEOF,0.04943565000000002,0.05376425243750281,18.59971923095983
2025-06,sbi:SFEF,0.029982459999999996,0.048065449061505325,20.804965303047183
2025-06,sbi:SFLEXI,0.034409459999999996,0.04072469362619782,24.555126410004696
2025-06,sbi:SHOF,0.04484566000000001,0.052731507134481485,18.96399428618063
2025-06,sbi:SIF,0.03974248000000001,0.04390648497866618,22.775678820244714
2025-06,sbi:SIOF,0.03736916000000001,0.039963212057889684,25.023013629420618
2025-06,sbi:SLMF,0.022758709999999994,0.02526525553696536,39.580046935876396
2025-06,sbi:SLTEF,0.026149770000000006,0.02965133095790255,33.72529892232322
2025-06,sbi:SMAAF,0.00679593,0.026722123114210055,37.422176214292975
2025-06,sbi:SMCF,0.024635329999999997,0.02761559848455336,36.211418722623186
2025-06,sbi:SMCOMMA,0.044863600000000003,0.048057375945329286,20.80846031080876
2025-06,sbi:SMEEF,0.03859660999999998,0.04152455584699293,24.08213596997249
2025-06,sbi:SMGLF,0.034228810000000005,0.03611768358680166,27.687268415115803
2025-06,sbi:SMIDCAP,0.020018170000000002,0.022611919778270883,44.22446257574992
2025-06,sbi:SPSU,0.061791889999999995,0.06799426647274677,14.707122407163794
2025-06,sbi:SQF,0.042548,0.04332432864498957,23.08171946977531
2025-06,sbi:SSCF,0.014210060000000002,0.020847622917417825,47.96709936481619
2025-06,sbi:STOF,0.06041654,0.08636301623797739,11.57903051051914
2025-06,uti:002,0.005195449999999999,0.03341716595649812,29.924739916657874
2025-06,uti:017,0.03514865000000002,0.03806731645252142,26.269253868925247
2025-06,uti:042,0.02927969,0.0316846263299284,31.561047606719868
2025-06,uti:049,0.019877919999999997,0.021813636828327026,45.84288295757301
2025-06,uti:066,0.015125519999999996,0.03231053688461169,30.94965594571296
2025-06,uti:101,0.029561010000000006,0.03224346474514108,31.014036732845057
2025-06,uti:118,0.03622924999999999,0.037047131747696214,26.992642961143282
2025-06,uti:125,0.0319715,0.03407799877968755,29.34444614734999
2025-06,uti:160,0.012792789999999998,0.013509843734913318,74.0201011663601
2025-06,uti:161,0.04738762000000002,0.05395110415984706,18.53530183621797
2025-06,uti:162,0.05767965000000001,0.06267779757793397,15.954612935411358
2025-06,uti:163,0.08454579999999999,0.08813975491614913,11.34561811467867
2025-06,uti:190,0.027029769999999998,0.02878095252474936,34.74520167948154
2025-06,uti:193,0.030746559999999992,0.03135816846338309,31.889617570225738
2025-06,uti:251,0.033655540000000005,0.03514359135071566,28.454690074798975
2025-06,uti:322,0.010927760000000005,0.024285387662681023,41.177024385601406
2025-06,uti:751,0.013289620000000002,0.014595996097255134,68.51193939330088
2025-06,uti:753,0.04257858000000001,0.044046097298735966,22.70348705851626
2025-06,uti:773,0.02020859999999999,0.04432730832079241,22.559456864899115
2025-06,uti:775,0.04786784,0.051638268041436425,19.365482963091704
2025-06,uti:783,0.0234057,0.02787093081099804,35.879677172654524
2025-06,uti:787,0.016476870000000005,0.019079317751007196,52.4127756060465
2025-07,absl:ABSLBCF,0.02339480877909639,0.025392523981054356,39.38167000437259
2025-07,absl:ABSLCONF,0.054203971130363036,0.05616761929329156,17.803852336668932
2025-07,absl:ABSLESG,0.028761223878069623,0.031191872787175227,32.059633187884685
2025-07,absl:ABSLMAAF,0.010706454455365451,0.023728727728030644,42.143009581533704
2025-07,absl:ABSLMCF,0.014225814857124874,0.014971326956635729,66.79434647953973
2025-07,absl:ABSLQF,0.028167798718673684,0.02847581116965181,35.11752462615546
2025-07,absl:ABSLSO,0.024320732814192083,0.02557948094939789,39.093834702050074
2025-07,absl:ABSLTNLF,0.05402287597764705,0.05525071118424485,18.09931453488978
2025-07,absl:ADVG,0.017372042201460762,0.018189547573272468,54.97662852645052
2025-07,absl:BDYP,0.02415123583258794,0.02790050425770391,35.841646113757214
2025-07,absl:BINFRA,0.022249701084192854,0.025106240191874563,39.83073500283177
2025-07,absl:BSL95F,0.017894240748933914,0.031014578871271285,32.24290112564763
2025-07,absl:BSLBKFS,0.09911258017656611,0.1035507230008629,9.657103021788336
2025-07,absl:BSLDAAF,0.010775387228085343,0.02433722348987888,41.0893214838525
2025-07,absl:BSLEQTY,0.02342139186610984,0.024896415235148656,40.16642518832206
2025-07,absl:BSLFEF,0.031002708073623795,0.03418865925733408,29.24946522392457
2025-07,absl:BSLMFG,0.022396062898564703,0.023087230974458466,43.31398603437137
2025-07,absl:BSLNMF,0.07070741090511735,0.0813603920878992,12.290992881642353
2025-07,absl:BSLPHF,0.044531837471865156,0.04631920613989832,21.589316470141803
2025-07,absl:BSLR96,0.030985078581579967,0.03193306244923061,31.31550572670157
2025-07,absl:BSLTA1,0.012440587025862097,0.01387225175456843,72.08635034111737
2025-07,absl:BTOP100,0.03769190917451358,0.04126053581002467,24.236233979226213
2025-07,absl:GENNEXT,0.021621834682890615,0.021978780071059443,45.49843061202245
2025-07,absl:MIDCAP,0.016885597365559248,0.018147336659238813,55.1045047974519
2025-07,absl:MNC,0.0222135799761738,0.02370879940788838,42.1784326905765
2025-07,absl:PSUEQ,0.05737625835476854,0.06093964878962521,16.409677769102057
2025-07,absl:PURE,0.01879974051612541,0.02052534199763763,48.72026006266279
2025-07,axis:AXISBCF,0.02017426,0.022325541103542557,44.791747503997684
2025-07,axis:AXISCON,0.03242242000000001,0.03314765760064451,30.168044211382114
2025-07,axis:AXISDEF,0.015877220000000004,0.03365998278885074,29.70886842910781
2025-07,axis:AXISEHF,0.016665170000000003,0.026872534139581804,37.21271670195977
2025-07,axis:AXISEQF,0.039817139999999994,0.04397047886959616,22.742531482673034
2025-07,axis:AXISESG,0.03301398999999999,0.035889733494786094,27.863121361580344
2025-07,axis:AXISF25,0.0464226,0.05310143269753209,18.83188360841487
2025-07,axis:AXISGOF,0.017409609999999996,0.021130237161943382,47.32554548895694
2025-07,axis:AXISIMF,0.018816699999999995,0.01902923062634259,52.55073206247643
2025-07,axis:AXISMCF,0.013716540000000004,0.01626225715226603,61.49207890619644
2025-07,axis:AXISMIF,0.03676524000000001,0.038770184249391985,25.79301644705706
2025-07,axis:AXISMLC,0.015864890000000003,0.016408352859994684,60.94456942342499
2025-07,axis:AXISMLF,0.03351624000000001,0.03730971081685776,26.80267356958894
2025-07,axis:AXISQUA,0.04421371000000001,0.04506589480427515,22.189729158670463
2025-07,axis:AXISSCF,0.009941980000000003,0.01237835706026701,80.78616533125191
2025-07,axis:AXISSOF,0.026836779999999994,0.06278278452318797,15.92793323193022
2025-07,axis:AXISSSF,0.014485940000000003,0.021991892570055533,45.47130251816589
2025-07,axis:AXISTAF,0.011497409999999996,0.024769842253163928,40.37167414226334
2025-07,axis:AXISTSF,0.025886699999999988,0.027275984830722546,36.66228758397171
2025-07,axis:AXISVAL,0.0220422,0.02266339364799842,44.124018473655106
2025-07,dsp:Aggressive Hybrid,0.01861167999999999,0.04151018671965218,24.09047221959543
2025-07,dsp:Banking and Financial Services,0.061187219999999994,0.07815747022651393,12.794682288229472
2025-07,dsp:Business Cycle Fund,0.02684949,0.03129195612810058,31.957094529542275
2025-07,dsp:DAAF,0.011743209999999995,0.02665895932394104,37.510841584200605
2025-07,dsp:Flexi Cap,0.026862629999999988,0.028757081848762293,34.77404297345421
2025-07,dsp:Focused,0.03485774,0.0412732058430356,24.228793949349562
2025-07,dsp:HEALTHCARE,0.04662947,0.06374168431885759,15.688320926658603
2025-07,dsp:Large & Mid Cap,0.01934565,0.021074711880675796,47.45023351502793
2025-07,dsp:Large Cap,0.04063314,0.049154301659779714,20.344099422294214
2025-07,dsp:MIDCAP,0.019138459999999996,0.021503801625242926,46.50340518516121
2025-07,dsp:Multi Asset,0.005311440000000001,0.04370765580146997,22.879286973024257
2025-07,dsp:Multicap Fund,0.01950153,0.021777649573941446,45.918637665865155
2025-07,dsp:NRNEF,0.043891519999999996,0.06439338456222585,15.529545570533893
2025-07,dsp:QUANT,0.031220210000000012,0.032474361731479294,30.79352284946194
2025-07,dsp:SMALLCAP,0.015591969999999997,0.018651920296765153,53.613782607329306
2025-07,dsp:TAX,0.027477839999999993,0.029902516662169334,33.442001263563654
2025-07,dsp:TIGER,0.01819683,0.02139199658176284,46.7464547396442
2025-07,dsp:VALUE,0.01527094,0.03559452246372588,28.09421031056373
2025-07,hdfc:HDFCBKGFSF,0.09825751999999999,0.10344582900227649,9.666895317528882
2025-07,hdfc:HDFCBUSICY,0.028375630000000002,0.032843295240779405,30.447614731373374
2025-07,hdfc:HDFCCB,0.02691032000000001,0.027702404890158558,36.09794903962493
2025-07,hdfc:HDFCCS,0.03869974,0.053162617269004536,18.810210094434744
2025-07,hdfc:HDFCDFNFND,0.1024009,0.1143767853623664,8.743032922562202
2025-07,hdfc:HDFCDIVYLD,0.01703815000000001,0.017657700620954255,56.63251526720913
2025-07,hdfc:HDFCEQ,0.03739109,0.048076123306891295,20.800346018262637
2025-07,hdfc:HDFCGR,0.012413670000000002,0.028732467989492465,34.80383238800449
2025-07,hdfc:HDFCHOF117,0.049456779999999985,0.05265007888870738,18.993323867829652
2025-07,hdfc:HDFCINNOVF,0.02699672,0.03755987841586684,26.62415434171264
2025-07,hdfc:HDFCLARGEF,0.011037550000000004,0.011273041008405345,88.70720857436652
2025-07,hdfc:HDFCMANFFN,0.020173840000000002,0.02061675721733256,48.50423320498228
2025-07,hdfc:HDFCMNCFND,0.04167808,0.0453368824784283,22.057096680077397
2025-07,hdfc:HDFCMULCAP,0.00921064,0.00947790127211557,105.50859006540266
2025-07,hdfc:HDFCNCCFND,0.043930369999999996,0.044115460384434334,22.667790187061932
2025-07,hdfc:HDFCPHARHC,0.04926182,0.05108430361579718,19.575484624806798
2025-07,hdfc:HDFCPM,0.024442729999999992,0.053282863849432656,18.767759984257072
2025-07,hdfc:HDFCSMALLF,0.017042629999999996,0.020539752744601635,48.686077794331055
2025-07,hdfc:HDFCT2,0.040716499999999996,0.04421706991641126,22.615700268932745
2025-07,hdfc:HDFCTECHFD,0.07087711000000001,0.07512754953185458,13.310696358810338
2025-07,hdfc:HDFCTRALFD,0.05097612000000002,0.0520531964116382,19.21111610691437
2025-07,hdfc:HDFCTS,0.04244434000000001,0.04844713364745418,20.641056027729483
2025-07,hdfc:HDINFG,0.02534024,0.03091218782096708,32.34969992391549
2025-07,hdfc:MIDCAP,0.0187017,0.0217349980781965,46.008745728997866
2025-07,hdfc:MY2005,0.017254670000000003,0.03884242628549112,25.745044674861923
2025-07,icici:BAF,0.01343745823917309,0.029791889130558972,33.56618291702261
2025-07,icici:BANFIN SERVICES,0.1000522381229785,0.1104455632950516,9.054234232375036
2025-07,icici:BCYCLE,0.03992516855629929,0.04902924508099082,20.39599015542891
2025-07,icici:BHACON,0.039284993243333025,0.044626921962108615,22.407998491338258
2025-07,icici:BLUECHIP,0.039274206450060085,0.047820464263161236,20.911549383897462
2025-07,icici:COMFUND,0.042484783948174176,0.048937288814205344,20.434315513403014
2025-07,icici:DISCO,0.03254087429222834,0.04023795694670472,24.852156418490697
2025-07,icici:DIVYLD,0.03454453689321988,0.038646212950014865,25.87575660501077
2025-07,icici:E&DF,0.022610555496369353,0.039377296770735586,25.395344069001197
2025-07,icici:ENERGY,0.04682979477974373,0.05479776911559494,18.24891808807978
2025-07,icici:ESGFUND,0.03715606500806639,0.04110467745174919,24.328131541084392
2025-07,icici:EXPORTS,0.03350748613100484,0.03930254012452439,25.44364809072506
2025-07,icici:FLEXCAP,0.037323447304822704,0.03917706650437783,25.525137260806787
2025-07,icici:FMCG,0.1400488415755672,0.15439396794724433,6.476936976849349
2025-07,icici:FOCUSED,0.03716230717405237,0.04050568252251641,24.68789408607341
2025-07,icici:HOUSING,0.044043435581751576,0.055369552484454104,18.060467443379935
2025-07,icici:INDOPP,0.02919611319935618,0.03334127564370552,29.99285362342725
2025-07,icici:INFRA,0.026233277862378147,0.030744226368946748,32.526432377887105
2025-07,icici:INNOVA,0.02265464798167343,0.027006455617715957,37.028183711157205
2025-07,icici:LARGE & MIDCAP,0.01814731732324259,0.021614464233274334,46.26531517078052
2025-07,icici:LTEF,0.03643000484985254,0.037549313364992926,26.631645438616623
2025-07,icici:MGFINDIA,0.020922382798583158,0.02174985298902308,45.977322260738475
2025-07,icici:MIDCAP,0.02174608074075217,0.02267665486668694,44.098214920977895
2025-07,icici:MNCFUND,0.03476175892085261,0.040507325368232004,24.686892825174112
2025-07,icici:MOMACT,0.0028268764272108915,0.04359370950816913,22.939089407213846
2025-07,icici:MULTI,0.010371404370692979,0.023639404122650882,42.302250717132786
2025-07,icici:MULTICAP,0.015496856402560533,0.01815286422789309,55.087725410485525
2025-07,icici:PHARMA,0.05016668001425955,0.054563893646907106,18.327137840843655
2025-07,icici:PSUEQU,0.06086776189648527,0.06893830682911016,14.505723247292405
2025-07,icici:QUALITY,0.023278743926458567,0.030343645305684425,32.95582946366253
2025-07,icici:QUANT,0.024635669875343814,0.027576153025234133,36.263216231971484
2025-07,icici:RURALOPP,0.033185112893901365,0.047567484828847754,21.022763839586922
2025-07,icici:SMALL,0.01227673009433423,0.017358826500920216,57.607580785889446
2025-07,icici:TECH,0.07268483495585246,0.09360071096581668,10.683679532789059
2025-07,icici:TRANSPO,0.058610030216612194,0.06706065896148851,14.911872556669604
2025-07,icici:VARIANCE,0.029015831243909117,0.038302353456955186,26.108056287554664
2025-07,kotak:BAL,0.013295180000000005,0.025518812801437522,39.186775959407804
2025-07,kotak:BFS,0.09289778,0.0955158267852191,10.46946913047868
2025-07,kotak:CMP,0.03762446999999999,0.0407317656526748,24.55086304205748
2025-07,kotak:CON,0.024567909999999995,0.025430186331760977,39.32334537207272
2025-07,kotak:ELS,0.02989524,0.03033042580227923,32.970193248155894
2025-07,kotak:EME,0.019809220000000006,0.020634431353304093,48.46268757679503
2025-07,kotak:ESG,0.03233049999999999,0.03416373128706066,29.270807441889254
2025-07,kotak:HLC,0.04854430999999999,0.05446309746499709,18.361056321533866
2025-07,kotak:K30,0.031615939999999995,0.03442012860192696,29.052767686173503
2025-07,kotak:KBA,0.010785400000000004,0.02346263955238819,42.620950544254214
2025-07,kotak:KBC,0.02306199,0.02334594178731128,42.833996979445416
2025-07,kotak:KEO,0.03758741,0.04793638394600757,20.860981110430338
2025-07,kotak:KFE,0.03978474,0.04069111672086596,24.575388452959587
2025-07,kotak:KIE,0.026934810000000007,0.027453957472312066,36.424621150102766
2025-07,kotak:KMI,0.021729979999999996,0.022990482883532722,43.49625908537419
2025-07,kotak:KMN,0.03083105000000001,0.031887189097695584,31.360556646627337
2025-07,kotak:KOP,0.021831119999999985,0.022684959178520307,44.082071831404015
2025-07,kotak:KPF,0.019043699999999997,0.028363473299935663,35.25661294811409
2025-07,kotak:KQT,0.024462209999999998,0.025341398131422034,39.4611218692015
2025-07,kotak:MAF,0.014800800000000001,0.03123226398716204,32.0181719907032
2025-07,kotak:MID,0.0169365,0.01766366651848648,56.61338765388362
2025-07,kotak:MUC,0.020912659999999996,0.021519473871231567,46.46953759110513
2025-07,kotak:SEF,0.030297130000000002,0.03175989916964527,31.48624605696974
2025-07,kotak:SPO,0.028792460000000002,0.030114711454172178,33.20636166551937
2025-07,kotak:TAL,0.04923884000000001,0.050564944088067075,19.776547132304493
2025-07,kotak:TCH,0.09084191,0.09656780017808111,10.355418660836174
2025-07,mirae:MABAF,0.01043543137607787,0.023392737131179956,42.74831091343773
2025-07,mirae:MABFF,0.11924517004875718,0.12412335596706393,8.056501471530865
2025-07,mirae:MAEBF,0.017069584658253357,0.017400859668896828,57.46842506795514
2025-07,mirae:MAFCF,0.01864325568352863,0.020377878872746058,49.07282088801832
2025-07,mirae:MAFF,0.04191180642765269,0.04580980521949987,21.829387730605973
2025-07,mirae:MAHCF,0.0504122668664863,0.050791641435761405,19.68827885321933
2025-07,mirae:MAIPF,0.016140571411285876,0.02906112701131885,34.410227779897035
2025-07,mirae:MAMAAF,0.010068810048945448,0.02171513496526085,46.05083051980873
2025-07,mirae:MAMCF,0.016370639747233313,0.017064226136831544,58.602130092591366
2025-07,mirae:MAMPF,0.017597720676522346,0.018098216867051466,55.25406217341446
2025-07,mirae:MASCF,0.014573434814297811,0.016767482508637545,59.63924515709876
2025-07,mirae:MATSF,0.0269006971799764,0.027437296381827337,36.44673972550496
2025-07,mirae:MICCF,0.03605205633093964,0.03771538589158413,26.514378054478332
2025-07,mirae:MIIOF,0.034526735411497124,0.035277693922049644,28.34652407296298
2025-07,nippon:AM,0.02585953,0.02780969934985527,35.958677129862764
2025-07,nippon:BF,0.08040785999999998,0.08277460446665749,12.081000041538234
2025-07,nippon:EA,0.030165309999999994,0.030858778026021966,32.40569017855277
2025-07,nippon:EO,0.015815000000000003,0.016420148821472517,60.900787859626874
2025-07,nippon:GF,0.013872900000000007,0.01426965344436719,70.07878669924814
2025-07,nippon:GS,0.02002985,0.020457195703956717,48.88255528623532
2025-07,nippon:IT,0.025732230000000002,0.02749004667187469,36.3768025546173
2025-07,nippon:LC,0.018912179999999994,0.020615407664280393,48.50740845317677
2025-07,nippon:LE,0.03770366000000001,0.040387729989008345,24.759995183491455
2025-07,nippon:MC,0.03533325,0.07321313241972384,13.658751742339016
2025-07,nippon:ME,0.03824986,0.04136575359010636,24.174586782801285
2025-07,nippon:MF,0.006285220000000003,0.018530099493569617,53.96625098246362
2025-07,nippon:NE,0.01195505,0.024987099458000626,40.020651523833024
2025-07,nippon:PH,0.04688919,0.04740925770470623,21.092926749214467
2025-07,nippon:PS,0.03266164,0.03351411027111367,29.83817836458918
2025-07,nippon:QP,0.03803741000000001,0.038848954956809005,25.74071815089408
2025-07,nippon:SC,0.0063670399999999966,0.006943353929239691,144.02261647484556
2025-07,nippon:SE,0.025035299999999993,0.027210370784383132,36.75069362060773
2025-07,nippon:SH,0.014960939999999999,0.029281262203021276,34.15153325927387
2025-07,nippon:TS,0.027877449999999998,0.029683551319936267,33.6886913975274
2025-07,ppfas:PPDAAF,0.00278978,0.17461269227687876,5.726960548860482
2025-07,ppfas:PPFCF,0.029145809999999998,0.07034109280979552,14.216441059624007
2025-07,ppfas:PPTSF,0.04174965,0.058126399874696526,17.20388673917027
2025-07,sbi:SBAF,0.014256419999999999,0.0287160832480833,34.82369066006753
2025-07,sbi:SBFS,0.07367713,0.08609052142309018,11.615680605365597
2025-07,sbi:SBI-AOF,0.06703042,0.07162419840276579,13.96176183887853
2025-07,sbi:SBIRIOS,0.027054579999999998,0.03885905235928884,25.734029506279526
2025-07,sbi:SBLUECHIP,0.04044221,0.04453897581217543,22.452245067715143
2025-07,sbi:SCF,0.019627949999999998,0.03173054189640908,31.515377306341218
2025-07,sbi:SCOF,0.030436,0.031549153842903785,31.696571165724805
2025-07,sbi:SDYF,0.03571036,0.03753433500402708,26.642272998648025
2025-07,sbi:SEHF,0.021473620000000002,0.03904503542880551,25.6114507009065
2025-07,sbi:SEMVF,0.040720450000000005,0.04082652998111523,24.493876909513524
2025-07,sbi:SEOF,0.0466953,0.0530948885011094,18.834204727242348
2025-07,sbi:SFEF,0.03031013,0.04818722304488494,20.75238905276883
2025-07,sbi:SFLEXI,0.032300319999999993,0.03996570160145803,25.021454895802904
2025-07,sbi:SHOF,0.04271849000000002,0.04885396073185228,20.469169439275582
2025-07,sbi:SIF,0.04159880999999999,0.046297320930000406,21.59952195747909
2025-07,sbi:SIOF,0.037489619999999994,0.041435001142375326,24.134185409187936
2025-07,sbi:SLMF,0.02191848,0.024585692261533995,40.67406316496399
2025-07,sbi:SLTEF,0.025703860000000002,0.029264006678751234,34.17167071404839
2025-07,sbi:SMAAF,0.006276389999999997,0.025095520787864013,39.84774846687349
2025-07,sbi:SMCF,0.023551500000000003,0.0266540289723857,37.5177801838524
2025-07,sbi:SMCOMMA,0.042052210000000007,0.0456200634674627,21.920179938224404
2025-07,sbi:SMEEF,0.03909386,0.04259685496489293,23.475911562582976
2025-07,sbi:SMGLF,0.031894759999999994,0.03443563611061014,29.039684261615395
2025-07,sbi:SMIDCAP,0.019565739999999998,0.021716049303789696,46.0488915829404
2025-07,sbi:SPSU,0.06660784,0.07032684746943528,14.219320728610928
2025-07,sbi:SQF,0.042657139999999996,0.04421726482975047,22.615600577066342
2025-07,sbi:SSCF,0.014396490000000001,0.020732604175161855,48.233207538782004
2025-07,sbi:STOF,0.061273369999999994,0.083252719956718,12.011619566542533
2025-07,uti:002,0.005062830000000002,0.034032516765257655,29.38366289209787
2025-07,uti:017,0.03526448999999999,0.03778273943147172,26.467112100586185
2025-07,uti:042,0.029595140000000002,0.03205932764189708,31.192170065760802
2025-07,uti:049,0.019460509999999993,0.021503998649946694,46.502979110002826
2025-07,uti:066,0.014733300000000005,0.03333634718728686,29.997287776669175
2025-07,uti:101,0.029992119999999994,0.03281643353582744,30.47253745317105
2025-07,uti:118,0.03477336000000001,0.03645971057582574,27.427535331644687
2025-07,uti:125,0.033120009999999984,0.03354129911468313,29.813991300123416
2025-07,uti:160,0.012494390000000001,0.012964550863152834,77.1334086738128
2025-07,uti:161,0.04727914,0.05309990006974095,18.832427154977857
2025-07,uti:162,0.059118569999999995,0.06437554876936552,15.533848163106788
2025-07,uti:163,0.09460540999999996,0.09733078788440076,10.27424129338904
2025-07,uti:190,0.026529639999999997,0.029657376966272773,33.718423619770185
2025-07,uti:193,0.03082053999999999,0.031357571015514514,31.89022515504274
2025-07,uti:251,0.03258103999999999,0.03356727887802408,29.790916434834482
2025-07,uti:322,0.01036434,0.0239235649171091,41.79979043528096
2025-07,uti:751,0.012924879999999996,0.014436457351393801,69.26907174379957
2025-07,uti:753,0.042622,0.04421684683650258,22.61581436816667
2025-07,uti:773,0.020244099999999994,0.04349857639772543,22.989258104830544
2025-07,uti:775,0.04638471,0.05121235025483065,19.526539887820793
2025-07,uti:783,0.023801340000000004,0.028255649945218012,35.391151926740235
2025-07,uti:787,0.015794489999999998,0.018024412449942986,55.480310538675184
2025-08,absl:ABSLBCF,0.02326087614534608,0.02475118227100521,40.40211045479838
2025-08,absl:ABSLCONF,0.05141357886358101,0.05282747748609166,18.92954287403328
2025-08,absl:ABSLESG,0.028808027972526826,0.029449130572127027,33.956859865549944
2025-08,absl:ABSLMAAF,0.010370965293846512,0.024313016771809987,41.13023115911563
2025-08,absl:ABSLMCF,0.01395271430905759,0.01488874480392255,67.1648290819346
2025-08,absl:ABSLQF,0.028240180758523234,0.028705758928113237,34.83621535679523
2025-08,absl:ABSLSO,0.02408248679569011,0.024935283344082883,40.103815392869755
2025-08,absl:ABSLTNLF,0.052022726212814244,0.053385412154081456,18.73170890043503
2025-08,absl:ADVG,0.017325463239475414,0.018481618431749867,54.10781548666128
2025-08,absl:BDYP,0.02448381326341809,0.028502311813394885,35.08487334455594
2025-08,absl:BINFRA,0.02370082601047043,0.02584389486545639,38.693858073870494
2025-08,absl:BSL95F,0.0172524715360421,0.029885572217925108,33.46096212272652
2025-08,absl:BSLBKFS,0.0962538262346583,0.10149628415826298,9.852577444517099
2025-08,absl:BSLDAAF,0.011012402596180743,0.023485960778921497,42.578628543801955
2025-08,absl:BSLEQTY,0.02275501272719759,0.02363559567216127,42.30906696283651
2025-08,absl:BSLFEF,0.029404279372665747,0.03281236148307125,30.476319131005734
2025-08,absl:BSLMFG,0.023312578598865808,0.023731894248414244,42.137386486408246
2025-08,absl:BSLNMF,0.0721887587264122,0.08371766858987954,11.944909800329627
2025-08,absl:BSLPHF,0.04366026323161285,0.04559338163906603,21.93300790707668
2025-08,absl:BSLR96,0.029581323961760757,0.030801570993930494,32.4658765034112
2025-08,absl:BSLTA1,0.012802204668775281,0.013873227325256594,72.08128120120055
2025-08,absl:BTOP100,0.03670147207612339,0.04028397901064508,24.823764299344635
2025-08,absl:GENNEXT,0.021820267119663696,0.022127160805365236,45.19332637369035
2025-08,absl:MIDCAP,0.016342159098610025,0.017434261499734947,57.35832286416049
2025-08,absl:MNC,0.022315492450024083,0.023823050622764273,41.976152249974376
2025-08,absl:PSUEQ,0.05878589848149615,0.06326176281992375,15.807336935053895
2025-08,absl:PURE,0.018354299531345535,0.01982300028133993,50.44645037619932
2025-08,axis:AXISBCF,0.01973093999999999,0.020544502290712197,48.67482238555286
2025-08,axis:AXISCON,0.03399405999999999,0.034796660279886066,28.738390177578108
2025-08,axis:AXISDEF,0.015233889999999996,0.031438914876180994,31.807713591210113
2025-08,axis:AXISEHF,0.016756359999999988,0.027555812477416914,36.28998422091672
2025-08,axis:AXISEQF,0.039087360000000015,0.042236331966061726,23.676298424861628
2025-08,axis:AXISESG,0.03273123,0.035228841798964405,28.385832429762033
2025-08,axis:AXISF25,0.04663498999999999,0.053241832331838254,18.78222360506565
2025-08,axis:AXISGOF,0.01631069999999999,0.020056360997233725,49.859493461347505
2025-08,axis:AXISIMF,0.018531089999999993,0.019513594610226243,51.24632442020409
2025-08,axis:AXISMCF,0.013550350000000003,0.017018791865539094,58.7585774537189
2025-08,axis:AXISMIF,0.03652696000000001,0.039601280252345245,25.251708874759892
2025-08,axis:AXISMLC,0.01501383,0.015471444222498633,64.63520700580726
2025-08,axis:AXISMLF,0.032619529999999994,0.03821446333778435,26.16810266732845
2025-08,axis:AXISQUA,0.04153848999999999,0.044504767942108156,22.469502622748216
2025-08,axis:AXISSCF,0.00963078,0.012087812009105777,82.72795765244345
2025-08,axis:AXISSOF,0.03741365,0.046990308167695075,21.280984079340016
2025-08,axis:AXISSSF,0.013867420000000002,0.021021790266764755,47.56968780061469
2025-08,axis:AXISTAF,0.011040029999999996,0.02288894383049789,43.68921551843607
2025-08,axis:AXISTSF,0.02560319000000001,0.026588294555658486,37.610535640285406
2025-08,axis:AXISVAL,0.02078586999999999,0.021497904458333942,46.516161700232
2025-08,dsp:Aggressive Hybrid,0.018943289999999998,0.04191111214653846,23.86002061943833
2025-08,dsp:Banking and Financial Services,0.05847789000000001,0.07508656999093163,13.317960856658816
2025-08,dsp:Business Cycle Fund,0.026744250000000004,0.031412997668748416,31.833956457930203
2025-08,dsp:DAAF,0.014091460000000002,0.031788381068413876,31.458034866507795
2025-08,dsp:Flexi Cap,0.027008790000000005,0.0281741632683602,35.493511927043016
2025-08,dsp:Focused,0.03536961,0.03985072836431146,25.09364423300116
2025-08,dsp:HEALTHCARE,0.045488380000000016,0.06419225430848528,15.578203488451324
2025-08,dsp:Large & Mid Cap,0.020692899999999993,0.02197453952747405,45.50721068579083
2025-08,dsp:Large Cap,0.041078489999999995,0.05117942447718039,19.539102094551197
2025-08,dsp:MIDCAP,0.018871290000000002,0.02126216974612238,47.031888652021124
2025-08,dsp:Multi Asset,0.005621159999999999,0.045730097113285385,21.867436614506612
2025-08,dsp:Multicap Fund,0.019247680000000007,0.021345040238642584,46.849290927529964
2025-08,dsp:NRNEF,0.04273815,0.06477132965306934,15.438929621427228
2025-08,dsp:QUANT,0.030186669999999995,0.03167004120780389,31.57558253361501
2025-08,dsp:SMALLCAP,0.015572530000000003,0.01897573719210882,52.69887487774948
2025-08,dsp:TAX,0.029743079999999995,0.031096265070821864,32.15820284920058
2025-08,dsp:TIGER,0.01740629,0.021754320624673293,45.96788000199928
2025-08,dsp:VALUE,0.013389869999999996,0.03174081323882111,31.505178915105237
2025-08,hdfc:HDFCBKGFSF,0.0961839,0.09945851594057446,10.05444320723115
2025-08,hdfc:HDFCBUSICY,0.027912249999999996,0.0307268405806559,32.54483640695394
2025-08,hdfc:HDFCCB,0.0260379,0.02631082109478335,38.00717569389236
2025-08,hdfc:HDFCCS,0.03737378,0.050815649408623854,19.67897707965317
2025-08,hdfc:HDFCDFNFND,0.09631272999999997,0.10916289597247704,9.160621757892237
2025-08,hdfc:HDFCDIVYLD,0.017825949999999997,0.018557176809426888,53.88750725767771
2025-08,hdfc:HDFCEQ,0.036003600000000024,0.045864692304164616,21.803264118032637
2025-08,hdfc:HDFCGR,0.012154770000000007,0.02842654450091954,35.178387579526316
2025-08,hdfc:HDFCHOF117,0.04961082,0.051719724882716714,19.334982973472314
2025-08,hdfc:HDFCINNOVF,0.03137365999999999,0.03390119769537649,29.49748292038608
2025-08,hdfc:HDFCLARGEF,0.010702020000000008,0.011034932435241522,90.62130700559318
2025-08,hdfc:HDFCMANFFN,0.02249991000000001,0.022576605211329474,44.29363895233356
2025-08,hdfc:HDFCMNCFND,0.045696909999999986,0.04839744431929097,20.6622480600986
2025-08,hdfc:HDFCMULCAP,0.008878519999999999,0.009290052997286531,107.64201240747316
2025-08,hdfc:HDFCNCCFND,0.0427561,0.045591987260035896,21.933678703155802
2025-08,hdfc:HDFCPHARHC,0.04892615,0.0500306665182842,19.987740911557516
2025-08,hdfc:HDFCPM,0.02339223,0.05129536518083713,19.49493870400554
2025-08,hdfc:HDFCSMALLF,0.0173931,0.021636127141327385,46.21899258901515
2025-08,hdfc:HDFCT2,0.039385,0.04170393743195912,23.978551225085685
2025-08,hdfc:HDFCTECHFD,0.06908210000000002,0.07536655857472775,13.268484310696978
2025-08,hdfc:HDFCTRALFD,0.05088428999999999,0.05325374899431583,18.778020681825378
2025-08,hdfc:HDFCTS,0.04111017,0.04741946167633434,21.088387861203213
2025-08,hdfc:HDINFG,0.024707290000000007,0.030810158491446013,32.45682751932728
2025-08,hdfc:MIDCAP,0.019075260000000004,0.022045390487828564,45.36095654790547
2025-08,hdfc:MY2005,0.01618853,0.036486192666258466,27.407628116944508
2025-08,icici:BAF,0.013706444078870509,0.030868054812276724,32.3959512862561
2025-08,icici:BANFIN SERVICES,0.1015011370812875,0.10864425303199794,9.204352481538804
2025-08,icici:BCYCLE,0.037986787834298937,0.04862957434658105,20.563618198116224
2025-08,icici:BHACON,0.03892537220198833,0.043550222808359865,22.96199503732598
2025-08,icici:BLUECHIP,0.03768661949769334,0.04646190058682739,21.523011055718936
2025-08,icici:COMFUND,0.04342277649216135,0.0492728959127568,20.29513349023797
2025-08,icici:DISCO,0.03328546484505146,0.04023483285838972,24.854086097973717
2025-08,icici:DIVYLD,0.03140661510850962,0.0374547505235289,26.69888294601788
2025-08,icici:E&DF,0.020998207033728875,0.039837400796476165,25.10203928988398
2025-08,icici:ENERGY,0.04346437410252116,0.05448298814083075,18.35435305815354
2025-08,icici:ESGFUND,0.03757930967453129,0.042429206019653276,23.568671059665796
2025-08,icici:EXPORTS,0.03449089802918254,0.03751243452398499,26.657827269531445
2025-08,icici:FLEXCAP,0.03774109645062722,0.04081665499560747,24.499802840473233
2025-08,icici:FMCG,0.1481101996402519,0.15583093591531377,6.4172110250524925
2025-08,icici:FOCUSED,0.03721805995550559,0.038817460834417984,25.76160260109898
2025-08,icici:HOUSING,0.04290322409931837,0.054046997772004564,18.502415327831276
2025-08,icici:INDOPP,0.03007784566231129,0.03415178970408438,29.28104233086224
2025-08,icici:INFRA,0.026841082879339437,0.030221286566315494,33.08925971121942
2025-08,icici:INNOVA,0.021206042346174687,0.027721963600651888,36.07248080999878
2025-08,icici:LARGE & MIDCAP,0.020354248940806573,0.022374246361595494,44.69424282895447
2025-08,icici:LTEF,0.03537434564916972,0.03741075083125487,26.730284150419894
2025-08,icici:MGFINDIA,0.021622022918610085,0.02220422175513003,45.0364804958301
2025-08,icici:MIDCAP,0.0221387559715915,0.02294698342870871,43.57871277968987
2025-08,icici:MNCFUND,0.03207834205595939,0.03743564728789957,26.71250726104669
2025-08,icici:MOMACT,0.02648753702494934,0.040588675647514935,24.63741386105623
2025-08,icici:MULTI,0.010068086569606583,0.022848596254809717,43.76636485007241
2025-08,icici:MULTICAP,0.014995983598260532,0.01584353342749678,63.11723357521241
2025-08,icici:PHARMA,0.05324983242660076,0.057922487886930524,17.264451795511313
2025-08,icici:PSUEQU,0.06356049240495663,0.07312206970581554,13.675761695794396
2025-08,icici:QUALITY,0.02327935358578875,0.029814220834294546,33.541040886425755
2025-08,icici:QUANT,0.022755327654071168,0.02779826538262881,35.973467633160375
2025-08,icici:RURALOPP,0.03728413015711584,0.04582096998212358,21.82406877004429
2025-08,icici:SMALL,0.012259652253254634,0.01677714574121624,59.604894385778046
2025-08,icici:TECH,0.06883210286232495,0.09022664409417017,11.083200644770663
2025-08,icici:TRANSPO,0.060137829288415656,0.06913233873453771,14.465010417771555
2025-08,icici:VARIANCE,0.03266330506547647,0.03881450803390191,25.763562406267422
2025-08,kotak:BAL,0.01423765,0.024617269253894934,40.621889848394964
2025-08,kotak:BFS,0.08816684,0.09150317762062372,10.92858221980055
2025-08,kotak:CMP,0.04301942,0.045778179743944374,21.844468381954
2025-08,kotak:CON,0.024779449999999988,0.025318364296414975,39.49702233100413
2025-08,kotak:ELS,0.029386659999999995,0.030092656594117008,33.230698555058645
2025-08,kotak:EME,0.01969294,0.020555243996593742,48.64938602362066
2025-08,kotak:ESG,0.03282476999999999,0.03379780021885064,29.587724453210196
2025-08,kotak:HLC,0.04732625,0.05201114276194196,19.22664926969704
2025-08,kotak:K30,0.030967250000000012,0.0332750014562464,30.05259072084216
2025-08,kotak:KBA,0.01035023,0.02309132415761763,43.306308168997255
2025-08,kotak:KBC,0.022048299999999996,0.023108077085349808,43.27491189796947
2025-08,kotak:KEO,0.037849810000000005,0.04646963728025413,21.519427706506328
2025-08,kotak:KFE,0.03898620999999999,0.0413752812139692,24.169020020155852
2025-08,kotak:KIE,0.02670692,0.027062972372236985,36.95085618259239
2025-08,kotak:KMI,0.022038809999999995,0.02379946361708379,42.01775368089294
2025-08,kotak:KMN,0.033857370000000005,0.034274240388251845,29.17643071508506
2025-08,kotak:KOP,0.021531139999999994,0.022146912762447072,45.15302023023399
2025-08,kotak:KPF,0.01903983,0.02896961478695374,34.5189263769687
2025-08,kotak:KQT,0.024861929999999997,0.02551599659516178,39.19110101267278
2025-08,kotak:MAF,0.015116400000000002,0.03156720906144546,31.67844195707969
2025-08,kotak:MID,0.017031639999999997,0.017279570035602022,57.87181034826946
2025-08,kotak:MUC,0.02233706,0.022772187311600092,43.9132168691851
2025-08,kotak:SEF,0.028362960000000003,0.031046846904359097,32.209389993146004
2025-08,kotak:SPO,0.03066729,0.0320035933182489,31.24649129414433
2025-08,kotak:TAL,0.04757464,0.05110941629607627,19.565866184168712
2025-08,kotak:TCH,0.09085986000000003,0.09724750811171337,10.28303983739354
2025-08,mirae:MABAF,0.00997516381230373,0.022692079921577565,44.068238938693085
2025-08,mirae:MABFF,0.12244441331561158,0.12461532239648124,8.024695364654749
2025-08,mirae:MAEBF,0.017677906172564175,0.01795817559744408,55.68494386157613
2025-08,mirae:MAFCF,0.018127634883158612,0.019364171589355335,51.64176507037922
2025-08,mirae:MAFF,0.0425702873296938,0.045051376370613135,22.196880108024775
2025-08,mirae:MAHCF,0.051139154771406174,0.0515659977345774,19.392623898159417
2025-08,mirae:MAIPF,0.015848060677447377,0.0274978373155208,36.36649633662509
2025-08,mirae:MAMAAF,0.00954666808655053,0.02179794924394528,45.87587523985842
2025-08,mirae:MAMCF,0.017295871775908713,0.017723178704424275,56.423287079442915
2025-08,mirae:MAMPF,0.018571223338371187,0.018715197699730637,53.432510628214885
2025-08,mirae:MASCF,0.01478353232050539,0.01672427018427861,59.79334159167283
2025-08,mirae:MATSF,0.02809557925671488,0.028278202531324896,35.36292658248911
2025-08,mirae:MICCF,0.03816812503416895,0.03946573935728219,25.338433190039318
2025-08,mirae:MIIOF,0.03467123678840149,0.034923982844522944,28.6336184636177
2025-08,nippon:AM,0.027432980000000003,0.028834171973589038,34.68107219849977
2025-08,nippon:BF,0.07828863000000001,0.08116845344931581,12.32005733144136
2025-08,nippon:EA,0.029196879999999984,0.030117351804422272,33.20345050567047
2025-08,nippon:EO,0.015423879999999994,0.01623164727749882,61.60804155633998
2025-08,nippon:GF,0.013589480000000001,0.01427188084878071,70.06784954244017
2025-08,nippon:GS,0.01931209,0.02065694799871828,48.40986190515888
2025-08,nippon:IT,0.02607983000000001,0.02988945608296285,33.456614172715085
2025-08,nippon:LC,0.0192138,0.020087947106276732,49.78109483808514
2025-08,nippon:LE,0.037319969999999994,0.041186855145018735,24.27959106076452
2025-08,nippon:MC,0.043246599999999996,0.050282606979918716,19.88759255062826
2025-08,nippon:ME,0.038489609999999994,0.04031489045095223,24.804730679266427
2025-08,nippon:MF,0.0057673,0.017813448809461296,56.137360636693096
2025-08,nippon:NE,0.011243299999999994,0.023183354387428096,43.13439648501778
2025-08,nippon:PH,0.04673716,0.04724603953243757,21.165795268689834
2025-08,nippon:PS,0.03279564999999999,0.03321281323014268,30.10886169354778
2025-08,nippon:QP,0.03757586,0.03827691548683088,26.125407109777395
2025-08,nippon:SC,0.006168040000000005,0.0068459184650182985,146.07243792193296
2025-08,nippon:SE,0.02378057999999999,0.027097465908618522,36.90381983954978
2025-08,nippon:SH,0.014398999999999999,0.028323914322077072,35.30585457323426
2025-08,nippon:TS,0.027009190000000002,0.028913977801085466,34.58534854247757
2025-08,ppfas:PPDAAF,0.0029038599999999994,0.15699935121107267,6.36945307280654
2025-08,ppfas:PPFCF,0.028159499999999994,0.06952877811669267,14.382533780784465
2025-08,ppfas:PPTSF,0.04088396999999999,0.05583544695547386,17.90976977040146
2025-08,sbi:SBAF,0.013619949999999999,0.028466885982325118,35.128534979937484
2025-08,sbi:SBFS,0.07003145999999999,0.0738202083746189,13.54642613476858
2025-08,sbi:SBI-AOF,0.06571193,0.07011384474519212,14.262518388974417
2025-08,sbi:SBIRIOS,0.02645972,0.03929363610405207,25.449413674823468
2025-08,sbi:SBLUECHIP,0.04007603,0.04131430184165504,24.204693179439197
2025-08,sbi:SCF,0.018188949999999995,0.030878120722766265,32.38539058054481
2025-08,sbi:SCOF,0.029200660000000007,0.0318703833737103,31.37709353144758
2025-08,sbi:SDYF,0.034608749999999994,0.03731153772092832,26.801361216455373
2025-08,sbi:SEHF,0.020998750000000004,0.037122931650086524,26.937527709982714
2025-08,sbi:SEMVF,0.04106432,0.04113010183967828,24.31309321571624
2025-08,sbi:SEOF,0.04802349000000001,0.05532246558203733,18.075839344454135
2025-08,sbi:SFEF,0.03017407,0.04591066120099694,21.781433197444024
2025-08,sbi:SFLEXI,0.03189573,0.037029086735483926,27.005797014208515
2025-08,sbi:SHOF,0.04074485000000001,0.04819136816028523,20.750604064071904
2025-08,sbi:SIF,0.04133575000000002,0.04368858613670212,22.88927357069848
2025-08,sbi:SIOF,0.04113115999999999,0.04179724082986472,23.925024239530327
2025-08,sbi:SLMF,0.02085955999999999,0.02384022842483533,41.94590681682645
2025-08,sbi:SLTEF,0.02466596999999999,0.027791001097050707,35.98287073243015
2025-08,sbi:SMAAF,0.005485959999999998,0.025349723378252795,39.448162217733994
2025-08,sbi:SMCF,0.02089499999999999,0.02592287545690384,38.5759674563293
2025-08,sbi:SMCOMMA,0.04119839000000001,0.04240242858490702,23.583554842798467
2025-08,sbi:SMEEF,0.03894500999999999,0.040842030418364546,24.484580951449264
2025-08,sbi:SMGLF,0.03346534,0.03569974262309892,28.011406428262784
2025-08,sbi:SMIDCAP,0.018969480000000004,0.021250818240544443,47.057011578598875
2025-08,sbi:SPSU,0.06944934,0.07498197824225802,13.336537971419167
2025-08,sbi:SQF,0.04491068,0.046591165569029605,21.463296480926136
2025-08,sbi:SSCF,0.01429532,0.020385809820324265,49.05372947230279
2025-08,sbi:STOF,0.05898739000000001,0.081203398127812,12.314755577420868
2025-08,uti:002,0.005064860000000002,0.033713194690727304,29.66197683647722
2025-08,uti:017,0.033497769999999996,0.03611379517959996,27.690249530043364
2025-08,uti:042,0.029202759999999998,0.03150298715023985,31.743021550017883
2025-08,uti:049,0.019220869999999994,0.021079351931608696,47.439788625592904
2025-08,uti:066,0.014336699999999997,0.032497612439739754,30.771491347381215
2025-08,uti:101,0.032359879999999994,0.03463485077782497,28.872652185360412
2025-08,uti:118,0.03602841,0.03650138583226808,27.396220094086857
2025-08,uti:125,0.03164034,0.032308869967957794,30.95125273622217
2025-08,uti:160,0.012451110000000003,0.012909120295339327,77.46461239198749
2025-08,uti:161,0.04942728000000001,0.054354340035358766,18.397794901924605
2025-08,uti:162,0.059472000000000025,0.06628712221512055,15.085886467581377
2025-08,uti:163,0.09372881999999996,0.09711726467256941,10.296830366583091
2025-08,uti:190,0.027221000000000013,0.030741484006997347,32.529333970096594
2025-08,uti:193,0.029932359999999995,0.030270439643014548,33.03552944037825
2025-08,uti:251,0.03363312000000001,0.034552934314749775,28.941102104116386
2025-08,uti:322,0.010229280000000004,0.023426369973441847,42.68693788810158
2025-08,uti:751,0.012969380000000003,0.014578459376378122,68.59435377789833
2025-08,uti:753,0.042198690000000004,0.043449592917702444,23.015175352599798
2025-08,uti:773,0.019398859999999993,0.041829433695373244,23.90661100703857
2025-08,uti:775,0.04688139999999999,0.051403634768783756,19.453877230628777
2025-08,uti:783,0.026521729999999997,0.030578955263888912,32.70222907781657
2025-08,uti:787,0.015178810000000001,0.017366304241162242,57.582775593080065
2025-09,absl:ABSLBCF,0.022723182917895823,0.023922808872426597,41.801111455293984
2025-09,absl:ABSLCONF,0.04773116230900963,0.049439439058207114,20.226766707904154
2025-09,absl:ABSLESG,0.02841029088133667,0.029192314143756358,34.25559190256521
2025-09,absl:ABSLMAAF,0.009757541793335116,0.023420200527699803,42.69818265720094
2025-09,absl:ABSLMCF,0.014290338078472884,0.015134903365672355,66.07244036113975
2025-09,absl:ABSLQF,0.02792537165519028,0.02807409494253288,35.62002629281479
2025-09,absl:ABSLSO,0.022494208477330472,0.02385745725298137,41.91561528943048
2025-09,absl:ABSLTNLF,0.05131743723547473,0.05249484263417446,19.049490384584825
2025-09,absl:ADVG,0.01753728862128496,0.018433406215778433,54.2493334272659
2025-09,absl:BDYP,0.024232234566215677,0.028098404732986217,35.58920904951044
2025-09,absl:BINFRA,0.023170270303393223,0.025766570835168225,38.80997616629381
2025-09,absl:BSL95F,0.01717781526151353,0.02973359509118588,33.63199091577178
2025-09,absl:BSLBKFS,0.08951372857270522,0.09418209575757573,10.61772932483893
2025-09,absl:BSLDAAF,0.010489195382758373,0.023191260370217598,43.11969181650032
2025-09,absl:BSLEQTY,0.022082599748640585,0.023203402133927603,43.09712835333823
2025-09,absl:BSLFEF,0.029652014401670045,0.03284245186870857,30.44839660563753
2025-09,absl:BSLMFG,0.02377382621486555,0.024356114778494233,41.05745144882352
2025-09,absl:BSLNMF,0.07060885594956058,0.08236455027064168,12.141145635034732
2025-09,absl:BSLPHF,0.044100976074648156,0.04560414517949177,21.927831254464586
2025-09,absl:BSLR96,0.029887797146430098,0.030903378965707922,32.35892104580715
2025-09,absl:BSLTA1,0.012817026988820465,0.014119142428428702,70.8258313186581
2025-09,absl:BTOP100,0.03633770014434397,0.04016053852414782,24.90006450981024
2025-09,absl:GENNEXT,0.021764971534729956,0.02218496262278179,45.07557740814482
2025-09,absl:MIDCAP,0.016107499441823644,0.017072484540890942,58.57378272066159
2025-09,absl:MNC,0.02320328191727265,0.02390675072645445,41.8291892295272
2025-09,absl:PSUEQ,0.06006701006461678,0.06306908043147816,15.855629940354957
2025-09,absl:PURE,0.01797303546813733,0.01946094830062782,51.38495743127479
2025-09,axis:AXISBCF,0.019861929999999996,0.021113854688777828,47.36226590265905
2025-09,axis:AXISCON,0.03631518000000001,0.03758211052800973,26.608404529455733
2025-09,axis:AXISDEF,0.01542619,0.030922903391933737,32.33848993173296
2025-09,axis:AXISEHF,0.01642201,0.027647482655474617,36.16965828178158
2025-09,axis:AXISEQF,0.03969326000000002,0.04324996404304373,23.121406505789658
2025-09,axis:AXISESG,0.034308589999999986,0.03532560534652511,28.308078239298098
2025-09,axis:AXISF25,0.04815952,0.053160707081540366,18.810885988896903
2025-09,axis:AXISGOF,0.016169340000000004,0.019820948604352146,50.451672115250176
2025-09,axis:AXISIMF,0.02036924,0.02068241813924481,48.35024576272848
2025-09,axis:AXISMCF,0.014018770000000005,0.016696849684284542,59.89153755999989
2025-09,axis:AXISMIF,0.03880787000000001,0.041390430461598814,24.160173954406666
2025-09,axis:AXISMLC,0.014576209999999992,0.01519272706616312,65.82096786476052
2025-09,axis:AXISMLF,0.03252062,0.03786053673575564,26.412726448634736
2025-09,axis:AXISQUA,0.04259557999999999,0.04339028875912737,23.04663159886542
2025-09,axis:AXISSCF,0.00940479,0.011822702864480483,84.58302737222199
2025-09,axis:AXISSOF,0.03867226999999999,0.04726966482005547,21.155216644898278
2025-09,axis:AXISSSF,0.01319476,0.02004155839674094,49.89631944802332
2025-09,axis:AXISTAF,0.010417889999999996,0.022144106515934944,45.158742317302256
2025-09,axis:AXISTSF,0.025422169999999997,0.026715177933170995,37.431904908196266
2025-09,axis:AXISVAL,0.019940109999999994,0.02040676684246169,49.00335304068035
2025-09,dsp:Aggressive Hybrid,0.02009183,0.04170377857655113,23.978642562673496
2025-09,dsp:Banking and Financial Services,0.055478409999999985,0.06829442669623417,14.642483265111604
2025-09,dsp:Business Cycle Fund,0.027743429999999996,0.032056352954075454,31.195064561231252
2025-09,dsp:DAAF,0.0145111,0.03315197008753836,30.164119880643064
2025-09,dsp:Flexi Cap,0.028219879999999992,0.02893296889530623,34.56264732521899
2025-09,dsp:Focused,0.035627599999999995,0.041983506570466594,23.81887749946672
2025-09,dsp:HEALTHCARE,0.04595017999999998,0.06417134987669369,15.5832782374302
2025-09,dsp:Large & Mid Cap,0.021630799999999995,0.02277297491309005,43.91169813414205
2025-09,dsp:Large Cap,0.041349949999999996,0.050386532188850516,19.846573212301344
2025-09,dsp:MIDCAP,0.01876559,0.02065785783417498,48.40772978627371
2025-09,dsp:Multi Asset,0.0054635199999999995,0.04584911563182676,21.810671508478062
2025-09,dsp:Multicap Fund,0.01897845,0.021713529369277652,46.05423572525682
2025-09,dsp:NRNEF,0.048003350000000014,0.06426026622321612,15.561715796918334
2025-09,dsp:QUANT,0.031202810000000004,0.03198479702692003,31.264853710290836
2025-09,dsp:SMALLCAP,0.015503110000000007,0.01879144599278198,53.21570252678331
2025-09,dsp:TAX,0.0300086,0.031919826419523144,31.32849116586578
2025-09,dsp:TIGER,0.017758150000000007,0.021918770866736145,45.62299620174399
2025-09,dsp:VALUE,0.01298393,0.030797492609475147,32.47017582503909
2025-09,hdfc:HDFCBKGFSF,0.09240417000000001,0.09774420056357146,10.230786013228622
2025-09,hdfc:HDFCBUSICY,0.027456699999999997,0.029521195109997195,33.873967374083556
2025-09,hdfc:HDFCCB,0.025306179999999998,0.026242404005292826,38.10626495188132
2025-09,hdfc:HDFCCS,0.038029639999999997,0.05197371042888134,19.240496623160247
2025-09,hdfc:HDFCDFNFND,0.10071059000000002,0.10373807257356028,9.639662422789895
2025-09,hdfc:HDFCDIVYLD,0.01785519999999999,0.018410629546358928,54.31644786952818
2025-09,hdfc:HDFCEQ,0.035663419999999994,0.04607391034799338,21.704257191262087
2025-09,hdfc:HDFCGR,0.012794230000000004,0.028407935685447732,35.20143142651019
2025-09,hdfc:HDFCHOF117,0.04870929000000003,0.05089412969189777,19.64863150335387
2025-09,hdfc:HDFCINNOVF,0.03070867,0.03309313316411892,30.21774925452648
2025-09,hdfc:HDFCLARGEF,0.01039061,0.01062517986458263,94.11605382167158
2025-09,hdfc:HDFCMANFFN,0.022463420000000005,0.02257163382977207,44.3033945855083
2025-09,hdfc:HDFCMNCFND,0.049135769999999995,0.049680755467287264,20.128518388945572
2025-09,hdfc:HDFCMULCAP,0.009036390000000012,0.009881130947885319,101.20299035344857
2025-09,hdfc:HDFCNCCFND,0.043224720000000015,0.04694093221070822,21.30336899811033
2025-09,hdfc:HDFCPHARHC,0.048691269999999995,0.04966986518721993,20.132931632302885
2025-09,hdfc:HDFCPM,0.02214119999999999,0.04914702786250161,20.347110364388563
2025-09,hdfc:HDFCSMALLF,0.016680589999999995,0.020680546682568957,48.354621149491734
2025-09,hdfc:HDFCT2,0.03891666000000002,0.040504769377564816,24.688450653267758
2025-09,hdfc:HDFCTECHFD,0.07105012999999999,0.07478645453793424,13.371405372516568
2025-09,hdfc:HDFCTRALFD,0.05331166000000001,0.05378391721485345,18.592918697335623
2025-09,hdfc:HDFCTS,0.041389260000000004,0.04706165598772095,21.248721045024727
2025-09,hdfc:HDINFG,0.022998610000000003,0.029002386851540753,34.47992074303619
2025-09,hdfc:MIDCAP,0.019167239999999995,0.02187801336839798,45.7079892566692
2025-09,hdfc:MY2005,0.01519074,0.03418600185851167,29.251738888296433
2025-09,icici:BAF,0.01380345653852917,0.029870513967241916,33.477830381381104
2025-09,icici:BANFIN SERVICES,0.10015592906414525,0.10900906902398048,9.173548668505864
2025-09,icici:BCYCLE,0.036041311004231066,0.04651858210242124,21.496785903712038
2025-09,icici:BHACON,0.03949503483365601,0.042112083354314614,23.746153605994525
2025-09,icici:BLUECHIP,0.03754584813066601,0.04609036158784763,21.696510193221485
2025-09,icici:COMFUND,0.04421115530060267,0.050589799155661384,19.766830797708206
2025-09,icici:DISCO,0.03387063026757361,0.040900953909393835,24.449307520192757
2025-09,icici:DIVYLD,0.03011020616006182,0.036077257030179874,27.71829352667985
2025-09,icici:E&DF,0.020038392789390663,0.03758980286279866,26.60295941561497
2025-09,icici:ENERGY,0.043815354158580365,0.05185630414990397,19.284058445608522
2025-09,icici:ESGFUND,0.0353244579304344,0.042069184408557767,23.77036812238696
2025-09,icici:EXPORTS,0.034410730468631454,0.03811730567620304,26.23480286079896
2025-09,icici:FLEXCAP,0.03613117687514355,0.03945560739415307,25.34493994757739
2025-09,icici:FMCG,0.15446098144852416,0.1626109269468676,6.149648235673274
2025-09,icici:FOCUSED,0.03875986281930142,0.04008891623694616,24.944550610684622
2025-09,icici:HOUSING,0.04424882354731251,0.05242122051272841,19.076244128218832
2025-09,icici:INDOPP,0.02942858610771757,0.03300468090101545,30.298732564605196
2025-09,icici:INFRA,0.02447264948563861,0.028954845942572197,34.5365332622856
2025-09,icici:INNOVA,0.021047610698980434,0.02610789323387978,38.30259266964968
2025-09,icici:LARGE & MIDCAP,0.019655737500383068,0.021467124994944856,46.58285635526337
2025-09,icici:LTEF,0.035233597778527914,0.036475349443365626,27.41577572965203
2025-09,icici:MGFINDIA,0.019854414680466993,0.021609309029210995,46.27635241127894
2025-09,icici:MIDCAP,0.02230052473160551,0.02320248258002057,43.098836365945175
2025-09,icici:MNCFUND,0.029491900357646754,0.03398097829287533,29.42822868079894
2025-09,icici:MOMACT,0.0266647901344746,0.03900155026435477,25.640006441332254
2025-09,icici:MULTI,0.009488346754635313,0.021286631771028953,46.97784087010878
2025-09,icici:MULTICAP,0.013242566074115301,0.01435570457244698,69.65871963674343
2025-09,icici:PHARMA,0.053082344463638936,0.0557847985990105,17.92603047988306
2025-09,icici:PSUEQU,0.05747412828553751,0.0668991019454926,14.947883767031286
2025-09,icici:QUALITY,0.023997581010184094,0.02816103215931875,35.51006207239072
2025-09,icici:QUANT,0.023037267372348402,0.02508588309911631,39.863057483323225
2025-09,icici:RURALOPP,0.03417120594113806,0.046983919246106676,21.283877889409258
2025-09,icici:SMALL,0.012149656454479045,0.016418343805616877,60.90748322969642
2025-09,icici:TECH,0.06878342879357253,0.0901390978228563,11.093965040178526
2025-09,icici:TRANSPO,0.06224999028356959,0.06603705453426972,15.143013374120935
2025-09,icici:VARIANCE,0.033357244410770884,0.038700875885820704,25.839208470379393
2025-09,kotak:BAL,0.014909050000000002,0.025737509939394613,38.853797525663886
2025-09,kotak:BFS,0.08466707,0.08692971040500858,11.503546892552212
2025-09,kotak:CMP,0.043858140000000004,0.0485553796593885,20.595040282146027
2025-09,kotak:CON,0.023614329999999985,0.024886770412929013,40.181991612719926
2025-09,kotak:ELS,0.02885136000000001,0.030714219163611067,32.55821008091127
2025-09,kotak:EME,0.01937096,0.020136789490351775,49.660349306384425
2025-09,kotak:ESG,0.03341936,0.034361184960855676,29.102605196508847
2025-09,kotak:HLC,0.0480733,0.05038399886372859,19.847571104958472
2025-09,kotak:K30,0.030510239999999994,0.032601190371118076,30.673726591465698
2025-09,kotak:KAM,0.021586049999999996,0.021764150176079397,45.94711908848537
2025-09,kotak:KBA,0.01028907,0.022562261187633475,44.32179876315352
2025-09,kotak:KBC,0.021929510000000006,0.023063786804402662,43.3580143833583
2025-09,kotak:KEO,0.03566541999999999,0.04420803803604137,22.620320747659797
2025-09,kotak:KFE,0.03989620999999999,0.04177109341428301,23.94000056646984
2025-09,kotak:KIE,0.026169869999999994,0.026481429044176257,37.76231253728046
2025-09,kotak:KMI,0.023176500000000017,0.02478534128836937,40.34642849438004
2025-09,kotak:KMN,0.03816014,0.03837473767302559,26.05881005677652
2025-09,kotak:KOP,0.021567769999999986,0.022767313975850148,43.922616478198734
2025-09,kotak:KPF,0.01812266,0.028760719968772865,34.76964419130524
2025-09,kotak:KQT,0.02211524,0.02350434690190244,42.54532168766876
2025-09,kotak:MAF,0.013779040000000006,0.03199974435578538,31.250249654547805
2025-09,kotak:MID,0.01642099,0.01725618504198584,57.95023625250371
2025-09,kotak:MUC,0.022006869999999998,0.02284429028208821,43.77461447266242
2025-09,kotak:SEF,0.0285061,0.030209365663197017,33.10231704793007
2025-09,kotak:SPO,0.03195399,0.033926106063972186,29.475826023604565
2025-09,kotak:TAL,0.05077198999999999,0.05145923372693896,19.432858353592213
2025-09,kotak:TCH,0.09114929,0.09892391753789932,10.108778795753658
2025-09,mirae:MABAF,0.009754819635545644,0.022304162682604364,44.83468015501554
2025-09,mirae:MABFF,0.11832722072883212,0.12056655503058812,8.294174116082996
2025-09,mirae:MAEBF,0.018229255316088835,0.018659834950353425,53.59104207837913
2025-09,mirae:MAFCF,0.018101567705999733,0.01886631878029329,53.00451093005725
2025-09,mirae:MAFF,0.04421981429607712,0.04440050709347238,22.52226529518661
2025-09,mirae:MAHCF,0.05112935170489146,0.051241086890230686,19.515589162700877
2025-09,mirae:MAIPF,0.015928577760964485,0.02696709735451288,37.08222604954005
2025-09,mirae:MAMAAF,0.009322335080815015,0.020675370475592526,48.366727028205354
2025-09,mirae:MAMCF,0.017445335409625784,0.01786812386828664,55.965584712273944
2025-09,mirae:MAMPF,0.018542842554729867,0.01909844420012868,52.3602859751928
2025-09,mirae:MASCF,0.014735268302323055,0.016608448140799696,60.21032136912522
2025-09,mirae:MATSF,0.02865474350255266,0.029127860583195248,34.331392006762435
2025-09,mirae:MICCF,0.042262972846346926,0.043596416605561086,22.93766501608395
2025-09,mirae:MIIOF,0.035157475860563066,0.035315854914533096,28.315893878827847
2025-09,nippon:AM,0.027748399999999996,0.028704778935423492,34.837404679188715
2025-09,nippon:BF,0.07397036000000003,0.07698893925057917,12.98887878874727
2025-09,nippon:EA,0.028891679999999993,0.029406965314134847,34.00554900234254
2025-09,nippon:EO,0.015314639999999996,0.015739852751680754,63.532995878453605
2025-09,nippon:GF,0.013487049999999999,0.014360837911270451,69.63381984941111
2025-09,nippon:GS,0.01892662999999999,0.019487675299967207,51.314483878006875
2025-09,nippon:IT,0.02691823,0.02962015409456947,33.76079667942508
2025-09,nippon:LC,0.019635999999999997,0.020173014522721217,49.571173355062164
2025-09,nippon:LE,0.03780115000000001,0.04178810227439641,23.930256354634714
2025-09,nippon:MC,0.04098094,0.04972806483245421,20.1093688919776
2025-09,nippon:ME,0.04166136000000001,0.0444062923303606,22.519331102009154
2025-09,nippon:MF,0.005662769999999999,0.018510647290639518,54.022962260519165
2025-09,nippon:NE,0.011151839999999994,0.022784889576695118,43.88873584986876
2025-09,nippon:PH,0.048780859999999995,0.04933182944359691,20.270888213122944
2025-09,nippon:PS,0.03189855,0.03226532642074104,30.993022880350356
2025-09,nippon:QP,0.03693168,0.03760553355578612,26.591831186666848
2025-09,nippon:SC,0.0062148,0.0068630678164922415,145.70743386754214
2025-09,nippon:SE,0.023629909999999994,0.02654472671493153,37.672265785184955
2025-09,nippon:SH,0.01411531,0.02764941546227526,36.167129875291415
2025-09,nippon:TS,0.02688877,0.02843097256824895,35.172908615752974
2025-09,ppfas:PPDAAF,0.00284836,0.1586299844063266,6.303978429692874
2025-09,ppfas:PPFCF,0.02779618,0.06972298312100693,14.342472958514431
2025-09,ppfas:PPTSF,0.040704119999999996,0.055473073642414175,18.026763875499583
2025-09,sbi:SBAF,0.013752180000000003,0.028226738696726653,35.42740132837118
2025-09,sbi:SBFS,0.06696295000000001,0.06934140958103016,14.421397056133275
2025-09,sbi:SBI-AOF,0.07121669999999998,0.07334267230734545,13.634627271412464
2025-09,sbi:SBIRIOS,0.03044519,0.037115041733467545,26.943254090383398
2025-09,sbi:SBLUECHIP,0.039464920000000014,0.04197841272369814,23.821767787695993
2025-09,sbi:SCF,0.018578999999999988,0.03013434477725853,33.184726842133614
2025-09,sbi:SCOF,0.029410669999999996,0.03237635692071685,30.886736344326746
2025-09,sbi:SDYF,0.03401162999999999,0.03605127829681696,27.738267469098094
2025-09,sbi:SEHF,0.01858492,0.035514335011708996,28.157643939279794
2025-09,sbi:SEMVF,0.03983811,0.03984607881730265,25.09657235245348
2025-09,sbi:SEOF,0.04897147,0.05541087845262807,18.046997772376432
2025-09,sbi:SFEF,0.029807450000000003,0.046469525379902156,21.519479526091633
2025-09,sbi:SFLEXI,0.030586689999999993,0.03454980053435652,28.94372715713928
2025-09,sbi:SHOF,0.040278599999999984,0.04727929205368052,21.150908919376548
2025-09,sbi:SIF,0.039843909999999996,0.04696219481738408,21.293723683242934
2025-09,sbi:SIOF,0.041695670000000004,0.04360156367470772,22.934957274940057
2025-09,sbi:SLMF,0.020801090000000005,0.023043447661506747,43.39628404088439
2025-09,sbi:SLTEF,0.024209049999999982,0.02766241953973572,36.150127741485115
2025-09,sbi:SMAAF,0.0050444899999999996,0.025531347389225394,39.16753725351819
2025-09,sbi:SMCF,0.021124709999999998,0.024985456490556706,40.02328315986348
2025-09,sbi:SMCOMMA,0.03654711,0.04145857420391458,24.120462876544813
2025-09,sbi:SMEEF,0.03904784999999999,0.04015644041776061,24.902605649222696
2025-09,sbi:SMGLF,0.034990959999999995,0.03615282353554294,27.660356846454043
2025-09,sbi:SMIDCAP,0.018540110000000002,0.021130572612667764,47.32479418946274
2025-09,sbi:SPSU,0.06988587,0.07302057844429895,13.694769629397186
2025-09,sbi:SQF,0.045938420000000015,0.04850336321260165,20.61712701481678
2025-09,sbi:SSCF,0.014190460000000002,0.020668388481331394,48.383065806182444
2025-09,sbi:STOF,0.062086390000000005,0.0858720934309506,11.645226755815566
2025-09,uti:002,0.004986990000000002,0.03405034941791674,29.368274249597455
2025-09,uti:017,0.03266360000000002,0.03452991570089761,28.96039505749517
2025-09,uti:042,0.029620870000000004,0.031801908146483024,31.444654056413597
2025-09,uti:049,0.01898398999999999,0.02012244360749516,49.6957536324029
2025-09,uti:066,0.014181079999999997,0.0306503933109941,32.62600873840358
2025-09,uti:101,0.031660640000000004,0.034353993055555546,29.1086977395277
2025-09,uti:118,0.03612191,0.03686277773835772,27.12763555415537
2025-09,uti:125,0.03131558999999999,0.0324278896383987,30.83765274740155
2025-09,uti:160,0.012539560000000002,0.01313153154300365,76.15257951634668
2025-09,uti:161,0.04944477999999999,0.053584019010257514,18.66228062901686
2025-09,uti:162,0.0592005,0.0672278738583168,14.874782476499357
2025-09,uti:163,0.09080353,0.09169998816732386,10.905126816105058
2025-09,uti:190,0.026962829999999993,0.03073013251582739,32.5413500734159
2025-09,uti:193,0.029836789999999985,0.030559785319402673,32.72274296263107
2025-09,uti:251,0.033393439999999996,0.035564246012347686,28.118127392685512
2025-09,uti:322,0.009991650000000001,0.023554563268318666,42.45461860653638
2025-09,uti:751,0.012793480000000006,0.013778283353847603,72.57798190953511
2025-09,uti:753,0.04326248000000001,0.04630392755098716,21.596440148599896
2025-09,uti:773,0.019574049999999996,0.04084059213157323,24.48544322712979
2025-09,uti:775,0.046960180000000004,0.050912620400947045,19.64149541164451
2025-09,uti:783,0.02712037,0.03101555066701339,32.24189087390767
2025-09,uti:787,0.01633621,0.017430541024511904,57.370565755459815
2025-10,absl:ABSLBCF,0.020708048687236268,0.021888209876417247,45.68669642908615
2025-10,absl:ABSLCONF,0.04757846029893564,0.04862655718315518,20.56489412222694
2025-10,absl:ABSLESG,0.02883906056223251,0.029731675302032246,33.634162550256534
2025-10,absl:ABSLMAAF,0.010213763062243263,0.02328791360549891,42.940729553542866
2025-10,absl:ABSLMCF,0.01380937440093714,0.014820572110983296,67.47377850946224
2025-10,absl:ABSLQF,0.02807525431075538,0.028300773255918708,35.334723576532106
2025-10,absl:ABSLSO,0.022106680499299564,0.023599336657445017,42.37407239514609
2025-10,absl:ABSLTNLF,0.05101486039328421,0.052156277270930626,19.173147554328065
2025-10,absl:ADVG,0.01743995987685354,0.018233424180392067,54.844333686668904
2025-10,absl:BDYP,0.024513557859041562,0.028345059437993075,35.27951677743257
2025-10,absl:BINFRA,0.023964645248312735,0.02638408881155326,37.901631060387906
2025-10,absl:BSL95F,0.01755942627112759,0.029555417457730677,33.83474455842729
2025-10,absl:BSLBKFS,0.08195519148925899,0.08604520813486213,11.621797676782414
2025-10,absl:BSLDAAF,0.010323975600632116,0.022219352254890717,45.00581243451367
2025-10,absl:BSLEQTY,0.021772582196971462,0.02267751743781506,44.09653758362839
2025-10,absl:BSLFEF,0.030094158405724967,0.03269856582327316,30.582381056243495
2025-10,absl:BSLMFG,0.023804595546878103,0.024366316626295854,41.04026124821883
2025-10,absl:BSLNMF,0.06929206248480235,0.08115607397923917,12.32193662122953
2025-10,absl:BSLPHF,0.043221308398162614,0.04618022587949991,21.65428992507191
2025-10,absl:BSLR96,0.030171995260938667,0.030947825114109925,32.31244833240556
2025-10,absl:BSLTA1,0.01266700121550584,0.014260986461519612,70.1213764348138
2025-10,absl:BTOP100,0.036711876901777706,0.03926900119017296,25.465379044329993
2025-10,absl:GENNEXT,0.02166891973662291,0.021890134011913167,45.68268058367183
2025-10,absl:MIDCAP,0.01642402421268359,0.017318940047534526,57.740254152698974
2025-10,absl:MNC,0.0225749700794754,0.023316608099752445,42.887884709552466
2025-10,absl:PSUEQ,0.062315550369390044,0.06498597195550947,15.387936348549461
2025-10,absl:PURE,0.0184164029419458,0.019499980037461763,51.282103780561926
2025-10,axis:AXISBCF,0.018967630000000003,0.020448916595416224,48.90234626044479
2025-10,axis:AXISCON,0.03805818,0.03822619022221709,26.160074916877257
2025-10,axis:AXISDEF,0.015237960000000004,0.030262138569262416,33.044591270747496
2025-10,axis:AXISEHF,0.01697818,0.028282116669940516,35.35803248640312
2025-10,axis:AXISEQF,0.04021327,0.04294255768547395,23.286922202546567
2025-10,axis:AXISESG,0.03473046,0.03562249135542922,28.072152226028685
2025-10,axis:AXISF25,0.04936748000000002,0.05347797699807476,18.699286250786948
2025-10,axis:AXISGOF,0.016553830000000005,0.0195792036537814,51.07460025867122
2025-10,axis:AXISIMF,0.020455519999999994,0.02078677809573361,48.10750350027767
2025-10,axis:AXISMCF,0.014484499999999996,0.01631613568662675,61.28902205806203
2025-10,axis:AXISMIF,0.03866812,0.039984590242359154,25.00963481027781
2025-10,axis:AXISMLC,0.014551989999999999,0.014856456890431389,67.3108001036284
2025-10,axis:AXISMLF,0.03242395,0.037176214922790024,26.898919163149472
2025-10,axis:AXISQUA,0.042296870000000014,0.0439780410021917,22.738620848303903
2025-10,axis:AXISSCF,0.009451709999999999,0.011527456146422203,86.74940830812632
2025-10,axis:AXISSOF,0.0404379,0.04609780931013444,21.69300482962763
2025-10,axis:AXISSSF,0.013665399999999998,0.02017542435064791,49.565252389245835
2025-10,axis:AXISTAF,0.010236800000000002,0.019411170722202182,51.51672788371369
2025-10,axis:AXISTSF,0.02443854,0.02523975064445769,39.62004276851232
2025-10,axis:AXISVAL,0.02126846,0.021735409629825002,46.00787457107848
2025-10,dsp:Aggressive Hybrid,0.019868890000000004,0.04203665983471075,23.788759714307137
2025-10,dsp:Banking and Financial Services,0.050080120000000006,0.05684656943353664,17.59121104342402
2025-10,dsp:Business Cycle Fund,0.02483929999999999,0.030720392226858805,32.55166772010486
2025-10,dsp:DAAF,0.014537000000000001,0.031962420970127324,31.286741418449456
2025-10,dsp:Flexi Cap,0.02660941,0.027791602227659626,35.98209242519846
2025-10,dsp:Focused,0.03465359,0.04061498952282846,24.621451630263998
2025-10,dsp:HEALTHCARE,0.04468988000000001,0.06397413977669889,15.631316083193777
2025-10,dsp:Large & Mid Cap,0.02101893999999999,0.02209252260099153,45.264183636282404
2025-10,dsp:Large Cap,0.04184988999999999,0.051176344252934575,19.54027812259485
2025-10,dsp:MIDCAP,0.01894342,0.02054636433836749,48.670411150679264
2025-10,dsp:Multi Asset,0.006379419999999999,0.04690286489335173,21.320659244884325
2025-10,dsp:Multicap Fund,0.018914490000000003,0.02089185728538256,47.86553853685721
2025-10,dsp:NRNEF,0.04779668000000001,0.06615457439446369,15.116112667239644
2025-10,dsp:QUANT,0.02875312000000001,0.03109539425416875,32.15910342947129
2025-10,dsp:SMALLCAP,0.01550668,0.018006233278834705,55.53632370049557
2025-10,dsp:TAX,0.030034639999999998,0.030656850205496765,32.61913710302503
2025-10,dsp:TIGER,0.018896890000000003,0.021182948507155047,47.207781280411744
2025-10,dsp:VALUE,0.01247748,0.02840284755990296,35.20773745980759
2025-10,hdfc:HDFCBKGFSF,0.09103063999999998,0.09670859092186064,10.340342987811576
2025-10,hdfc:HDFCBUSICY,0.027592259999999997,0.028531648550812302,35.048798467396296
2025-10,hdfc:HDFCCB,0.02500898,0.025976515856437756,38.49630972554659
2025-10,hdfc:HDFCCS,0.03859163,0.05297684265725503,18.876172112968547
2025-10,hdfc:HDFCDFNFND,0.09844176999999998,0.10070484039178466,9.930009283660791
2025-10,hdfc:HDFCDIVYLD,0.01785279,0.0183596407465659,54.46729670824557
2025-10,hdfc:HDFCEQ,0.03557228,0.04684643975918184,21.346339340632632
2025-10,hdfc:HDFCGR,0.01304918,0.028005972235731293,35.70666969112233
2025-10,hdfc:HDFCHOF117,0.048750879999999996,0.051304022634231616,19.4916489712596
2025-10,hdfc:HDFCINNOVF,0.029819389999999998,0.032730066644147376,30.55294726015521
2025-10,hdfc:HDFCLARGEF,0.010097150000000006,0.010532821079549424,94.94132601773752
2025-10,hdfc:HDFCMANFFN,0.02202312,0.022191454610434737,45.062390796581035
2025-10,hdfc:HDFCMNCFND,0.04802313999999998,0.049156967074642094,20.342996313860375
2025-10,hdfc:HDFCMULCAP,0.010292330000000002,0.010842471701313522,92.22989255105495
2025-10,hdfc:HDFCNCCFND,0.03944190000000001,0.04159281239959521,24.04261559407635
2025-10,hdfc:HDFCPHARHC,0.048536050000000004,0.05021911293640468,19.912737233458444
2025-10,hdfc:HDFCPM,0.022491990000000003,0.04728326195117458,21.149133091380527
2025-10,hdfc:HDFCSMALLF,0.017139350000000005,0.020977492512226,47.67013976609382
2025-10,hdfc:HDFCT2,0.038582609999999996,0.04089637604923826,24.452044327742485
2025-10,hdfc:HDFCTECHFD,0.07192334,0.07467543133337753,13.391285221181333
2025-10,hdfc:HDFCTRALFD,0.049082030000000006,0.04980655146019149,20.077679957410073
2025-10,hdfc:HDFCTS,0.041998690000000005,0.04731967321231209,21.13285938204261
2025-10,hdfc:HDINFG,0.02367883,0.028891839847010135,34.611849065177644
2025-10,hdfc:MIDCAP,0.019408999999999996,0.021993889984271014,45.467172960997466
2025-10,hdfc:MY2005,0.015153660000000001,0.03512782419763786,28.467461986081226
2025-10,icici:BAF,0.01335870239667406,0.030459691696770007,32.83027320023865
2025-10,icici:BANFIN SERVICES,0.10121233746872188,0.10734680113727187,9.315601297902022
2025-10,icici:BCYCLE,0.03554497942915058,0.04666380596558785,21.4298850963303
2025-10,icici:BHACON,0.0363584300073603,0.039446478979055545,25.35080508784976
2025-10,icici:BLUECHIP,0.038570934401403946,0.04741200270915126,21.09170553571626
2025-10,icici:COMFUND,0.04392444435212731,0.050810558447351016,19.680948813742756
2025-10,icici:CONGLO,0.015437431394136971,0.07066067340488894,14.152143643890197
2025-10,icici:DISCO,0.03621771364768477,0.04326467321195577,23.113545665789516
2025-10,icici:DIVYLD,0.028892826712637498,0.033397312458240666,29.94252909572829
2025-10,icici:E&DF,0.021164935584999718,0.03858773611277927,25.914969385022452
2025-10,icici:ENERGY,0.04381347082886478,0.051042678224471685,19.591448465973407
2025-10,icici:ESGFUND,0.03409505626077369,0.03894305847659931,25.67851727929626
2025-10,icici:EXPORTS,0.03435434845337267,0.03673820277111172,27.219622207168175
2025-10,icici:FLEXCAP,0.035431936745044225,0.038227104260329665,26.159449410290648
2025-10,icici:FMCG,0.1609085508631873,0.169206652597466,5.90993311816734
2025-10,icici:FOCUSED,0.038868486065332705,0.042731560235050835,23.401907033100645
2025-10,icici:HOUSING,0.04396948003761607,0.05018119551377005,19.927783500606186
2025-10,icici:INDOPP,0.030089866332942774,0.033283619538793247,30.044809244212885
2025-10,icici:INFRA,0.02475882323189277,0.028691752768220887,34.85322099623012
2025-10,icici:INNOVA,0.019431418941962257,0.02458709106115583,40.67174915132032
2025-10,icici:LARGE & MIDCAP,0.017958666040996447,0.020916236254936924,47.809748743107015
2025-10,icici:LTEF,0.03519728488693496,0.036669635982109185,27.27051886983257
2025-10,icici:MGFINDIA,0.019376574371812852,0.021652642116532193,46.18374028527823
2025-10,icici:MIDCAP,0.023300732063194936,0.023921200387905933,41.8039222022311
2025-10,icici:MNCFUND,0.028054184671728228,0.03138032788932262,31.867098506012013
2025-10,icici:MOMACT,0.02578136449412675,0.03174302016075402,31.50298852899844
2025-10,icici:MULTI,0.009320262395095726,0.021028655748658382,47.55415714405803
2025-10,icici:MULTICAP,0.012647033521418452,0.013375130495429077,74.76562567682969
2025-10,icici:PHARMA,0.052274216987910994,0.05544747399334857,18.035086686184464
2025-10,icici:PSUEQU,0.05498849521093477,0.06259824485909991,15.974888788828876
2025-10,icici:QUALITY,0.023772401702393517,0.027549956996432,36.29769731145171
2025-10,icici:QUANT,0.023306218437100398,0.02594540215017006,38.542474470508274
2025-10,icici:RURALOPP,0.037201130459523245,0.041902226323719115,23.865080396311576
2025-10,icici:SMALL,0.012374901834293002,0.015820142050625867,63.210557579060335
2025-10,icici:TECH,0.06238341025270214,0.08248315944528671,12.12368690439564
2025-10,icici:TRANSPO,0.05468294973618754,0.05910224665516371,16.91983057487766
2025-10,icici:VARIANCE,0.03775891781272558,0.04085523539104979,24.47666719891354
2025-10,kotak:BAL,0.015086810000000003,0.025242134379425275,39.61630125917935
2025-10,kotak:BFS,0.08120034,0.08472127131456188,11.803411167982794
2025-10,kotak:CMP,0.042830370000000006,0.04665843264468966,21.432353024267588
2025-10,kotak:CON,0.023757189999999997,0.024986001293767466,40.02241047868036
2025-10,kotak:ELS,0.029208090000000006,0.030832568951954215,32.43323647660629
2025-10,kotak:EME,0.019461269999999996,0.019957078673289542,50.10753409207106
2025-10,kotak:ESG,0.03413509,0.035680795998150314,28.02628058106775
2025-10,kotak:HLC,0.04932769,0.05062540076684293,19.752930048011574
2025-10,kotak:K30,0.031072479999999996,0.03292908922589814,30.368286020298363
2025-10,kotak:KAM,0.022056350000000002,0.022087261343122302,45.27496571282195
2025-10,kotak:KBA,0.01070233,0.022695734548592847,44.061142760501696
2025-10,kotak:KBC,0.02322198,0.023636145782645133,42.30808225655179
2025-10,kotak:KEO,0.036357949999999986,0.04302143256692372,23.244228291199036
2025-10,kotak:KFE,0.03983223,0.04271202461902079,23.412610591975398
2025-10,kotak:KIE,0.02682310999999999,0.026839211111137684,37.25891926775083
2025-10,kotak:KMI,0.023963289999999998,0.025463226569681387,39.27232070387664
2025-10,kotak:KMN,0.03519113000000001,0.03656003989622604,27.35226774474134
2025-10,kotak:KOP,0.022241939999999998,0.023339688646328415,42.845473011796614
2025-10,kotak:KPF,0.017926680000000004,0.028278444692167233,35.36262375409165
2025-10,kotak:KQT,0.026316929999999995,0.027296106580746084,36.6352614077706
2025-10,kotak:MAF,0.01608798,0.03428628056902338,29.166184940558114
2025-10,kotak:MID,0.0167182,0.017168455801418618,58.24635666519121
2025-10,kotak:MUC,0.022993779999999995,0.023460646872768085,42.62457064475697
2025-10,kotak:SEF,0.028901240000000005,0.030216124890745672,33.09491219061883
2025-10,kotak:SPO,0.032497330000000005,0.03458846230573351,28.9113748729511
2025-10,kotak:TAL,0.04763036999999999,0.05145688899597194,19.4337438487251
2025-10,kotak:TCH,0.08888656000000002,0.0970131751806399,10.307878266410578
2025-10,mirae:MABAF,0.010246012322147722,0.023080029834833926,43.327500317644
2025-10,mirae:MABFF,0.11381315014014962,0.11910408374509597,8.39601773974584
2025-10,mirae:MAEBF,0.018690254505462543,0.019056667301545493,52.47507259146515
2025-10,mirae:MAFCF,0.018481424130097675,0.01904007425685366,52.52080356987265
2025-10,mirae:MAFF,0.04297364785111328,0.04343877409277285,23.020907493021898
2025-10,mirae:MAHCF,0.05235424773510098,0.05308290144810444,18.838457822009453
2025-10,mirae:MAIPF,0.016355963564200087,0.02833382018238802,35.29351120190946
2025-10,mirae:MAMAAF,0.009899555989474883,0.02128967467064454,46.97112640142214
2025-10,mirae:MAMCF,0.017274436781667332,0.018136700071106,55.13682180768503
2025-10,mirae:MAMPF,0.018036380639796422,0.018691310177384454,53.50079745666785
2025-10,mirae:MASCF,0.01442220623379502,0.01630461547530423,61.33232651298333
2025-10,mirae:MATSF,0.02803060300014623,0.02892574639737233,34.57127730646362
2025-10,mirae:MICCF,0.04301179371427889,0.043674812406993904,22.8964921630634
2025-10,mirae:MIIOF,0.034942982049842204,0.03519024637629413,28.416965010897137
2025-10,nippon:AM,0.028240330000000004,0.029326900764670285,34.09838659817359
2025-10,nippon:BF,0.07307771999999998,0.0761530735372359,13.131446356016594
2025-10,nippon:EA,0.029085339999999998,0.02969988527411024,33.670163731969446
2025-10,nippon:EO,0.015469989999999996,0.01581922776942783,63.21421086891458
2025-10,nippon:GF,0.013879179999999994,0.014594069931848813,68.52098178710848
2025-10,nippon:GS,0.018194620000000012,0.018814062470982114,53.151731665734125
2025-10,nippon:IT,0.02750299,0.02894929412926141,34.54315658043
2025-10,nippon:LC,0.02009411999999999,0.02059353716474824,48.5589237050441
2025-10,nippon:LE,0.03919533999999999,0.042247546074270705,23.670013833277117
2025-10,nippon:MC,0.04156337,0.048587124186534124,20.58158445766068
2025-10,nippon:ME,0.04259486000000001,0.04411676668847637,22.6671189904134
2025-10,nippon:MF,0.005711010000000001,0.01861444921355801,53.72170771894989
2025-10,nippon:NE,0.011546730000000002,0.022317158101772983,44.80857264351034
2025-10,nippon:PH,0.05050491,0.050839899691455956,19.66959034280034
2025-10,nippon:PS,0.03207164,0.03247305765053048,30.794759482209212
2025-10,nippon:QP,0.03542919000000001,0.03695788606323184,27.057824635561786
2025-10,nippon:SC,0.0064914699999999975,0.007062811242089036,141.58668067479323
2025-10,nippon:SE,0.02382746999999999,0.026407187924247892,37.86847743381904
2025-10,nippon:SH,0.013923180000000004,0.027713477202431638,36.0835268954362
2025-10,nippon:TS,0.026447480000000002,0.02783256656163723,35.92913351290934
2025-10,ppfas:PPDAAF,0.0028787200000000004,0.1598432839301619,6.256127723432635
2025-10,ppfas:PPFCF,0.027169389999999998,0.0694424859792422,14.400406118797658
2025-10,ppfas:PPTSF,0.04002493000000001,0.05353029824860728,18.681009310946955
2025-10,sbi:SBAF,0.014351520000000001,0.027715045199899545,36.08148544544407
2025-10,sbi:SBFS,0.062230839999999996,0.067049011465474,14.914462989733067
2025-10,sbi:SBI-AOF,0.07283408999999999,0.07610103991356376,13.140424902679502
2025-10,sbi:SBIRIOS,0.03129982,0.036883657575150226,27.112278600963208
2025-10,sbi:SBLUECHIP,0.03674010000000001,0.04057247182285944,24.647253545853168
2025-10,sbi:SCF,0.018755119999999986,0.030575564901751884,32.70585525445854
2025-10,sbi:SCOF,0.030368230000000006,0.0313574700660944,31.890327819566693
2025-10,sbi:SDYF,0.03431841,0.03556631497945274,28.11649170226707
2025-10,sbi:SEHF,0.019479950000000003,0.03618685162232594,27.634346597398853
2025-10,sbi:SEMVF,0.040094470000000014,0.040150661251928677,24.906190055636106
2025-10,sbi:SEOF,0.050744590000000006,0.05539558020153278,18.051981698935798
2025-10,sbi:SFEF,0.030867030000000004,0.04773915414628002,20.947166280656084
2025-10,sbi:SFLEXI,0.030848849999999994,0.03576745897652858,27.958374137123432
2025-10,sbi:SHOF,0.041542760000000005,0.04908171077504728,20.374187945143742
2025-10,sbi:SIF,0.040520250000000015,0.043270372517699385,23.110501292563598
2025-10,sbi:SIOF,0.043299239999999996,0.04536189052401759,22.04493658549204
2025-10,sbi:SLMF,0.019224119999999994,0.02104323069633874,47.52122021710229
2025-10,sbi:SLTEF,0.024245229999999993,0.02773933138216721,36.04989558770945
2025-10,sbi:SMAAF,0.005772689999999997,0.025170309857354328,39.72934801626279
2025-10,sbi:SMCF,0.02103732,0.024136190614653618,41.43155877269538
2025-10,sbi:SMCOMMA,0.03849267000000001,0.04113918284098007,24.307726380113408
2025-10,sbi:SMEEF,0.03754061,0.03895325404271708,25.671796222810446
2025-10,sbi:SMGLF,0.035189569999999996,0.03682819447805808,27.153109571955564
2025-10,sbi:SMIDCAP,0.019932230000000002,0.021859493922583573,45.74671323780629
2025-10,sbi:SPSU,0.07187049,0.07400095911261233,13.513338367388341
2025-10,sbi:SQF,0.04825218000000001,0.05094631056836159,19.62850673275279
2025-10,sbi:SSCF,0.014579080000000001,0.020691510194632265,48.329000183825016
2025-10,sbi:STOF,0.06341128,0.08698697309606634,11.495974217836316
2025-11,absl:ABSLBCF,0.020587714894254795,0.022084384414101182,45.280863674945195
2025-11,absl:ABSLCONF,0.049550537959844314,0.05072515229998892,19.714085708131396
2025-11,absl:ABSLESG,0.029395102236454702,0.03015863107846009,33.15800367060494
2025-11,absl:ABSLMAAF,0.009912679571281892,0.02310925333608345,43.27270922416915
2025-11,absl:ABSLMCF,0.014127281979842534,0.015064982843535522,66.37909982281236
2025-11,absl:ABSLQF,0.028961404790324264,0.029146081213321646,34.309929787162446
2025-11,absl:ABSLSO,0.022444657480914464,0.024485846062822277,40.839920231236576
2025-11,absl:ABSLTNLF,0.0522364298201621,0.05304410819194606,18.85223513196579
2025-11,absl:ADVG,0.01753293847689667,0.018321232342353454,54.58148127341225
2025-11,absl:BDYP,0.02480491742457568,0.028222711713824494,35.43245631886479
2025-11,absl:BINFRA,0.025080659729861943,0.02651230323079018,37.718337456198284
2025-11,absl:BSL95F,0.01817076495104666,0.030649050457952628,32.62743820960777
2025-11,absl:BSLBKFS,0.07875690212073433,0.08068046585869537,12.394573944967183
2025-11,absl:BSLDAAF,0.01032774373436186,0.021753839231070615,45.968897231331844
2025-11,absl:BSLEQTY,0.021823830032060156,0.022487077281652095,44.46998547098564
2025-11,absl:BSLFEF,0.03049413548098897,0.033055113342949284,30.25250555413091
2025-11,absl:BSLMFG,0.02424184468877861,0.02458785963192094,40.67047782808066
2025-11,absl:BSLNMF,0.06830511774783976,0.0787044988802712,12.705753981373348
2025-11,absl:BSLPHF,0.04653191561540333,0.04877857428111038,20.50080418990951
2025-11,absl:BSLR96,0.031509596381907326,0.03217006163078742,31.084802120583415
2025-11,absl:BSLTA1,0.012913708261967437,0.01424193525834631,70.21517664981396
2025-11,absl:BTOP100,0.03699481687516621,0.04003880249310514,24.975771944533168
2025-11,absl:GENNEXT,0.0216199902376205,0.021959365471945488,45.538656446041884
2025-11,absl:MIDCAP,0.016935485714012724,0.01732265237325105,57.72788014519995
2025-11,absl:MNC,0.02260633441647406,0.023246321343533532,43.0175590030795
2025-11,absl:PSUEQ,0.06278123639285893,0.06699581264963109,14.926305995118136
2025-11,absl:PURE,0.018702591887081902,0.019584025621252436,51.062024700111074
2025-11,axis:AXISBCF,0.019415779999999994,0.019946771843041368,50.13342549204823
2025-11,axis:AXISCON,0.03734786999999999,0.03770143062325613,26.524192410437337
2025-11,axis:AXISDEF,0.015726900000000012,0.03042183066033999,32.871131627974954
2025-11,axis:AXISEHF,0.017755940000000008,0.029562439125910514,33.826708132602384
2025-11,axis:AXISEQF,0.04160825000000001,0.04498836583932636,22.22796897249944
2025-11,axis:AXISESG,0.03518773000000001,0.03648209994851224,27.41070282169381
2025-11,axis:AXISF25,0.05057778000000001,0.05377685542441327,18.5953602550369
2025-11,axis:AXISGOF,0.01587315,0.01902155498214612,52.571937517127964
2025-11,axis:AXISIMF,0.02010576,0.020680768075573258,48.35410350068831
2025-11,axis:AXISMCF,0.013659359999999994,0.01571853817097884,63.619147602815985
2025-11,axis:AXISMIF,0.03795298999999999,0.038466717240080155,25.99649961702623
2025-11,axis:AXISMLC,0.013925579999999998,0.014697064791757431,68.04079686447534
2025-11,axis:AXISMLF,0.03383372,0.03921979663496598,25.49732751822739
2025-11,axis:AXISQUA,0.04161497,0.04371364045874031,22.87615466261299
2025-11,axis:AXISSCF,0.009641580000000002,0.011421055344850816,87.55758288579261
2025-11,axis:AXISSOF,0.042918330000000005,0.045736635668233605,21.86431042400765
2025-11,axis:AXISSSF,0.01961864,0.030050117635525925,33.27773994527654
2025-11,axis:AXISTAF,0.010154370000000005,0.018904427970973293,52.897659825277174
2025-11,axis:AXISTSF,0.025055980000000002,0.02570994220347844,38.89545888845696
2025-11,axis:AXISVAL,0.021480590000000004,0.021947759248971584,45.56273780189463
2025-11,dsp:Aggressive Hybrid,0.020778759999999993,0.04382133359945451,22.81993535706654
2025-11,dsp:Banking and Financial Services,0.05038039,0.056260533343717285,17.7744493442786
2025-11,dsp:Business Cycle Fund,0.02582046,0.031111949209623558,32.141991273586925
2025-11,dsp:DAAF,0.015137400000000004,0.03277513934208435,30.510930542893753
2025-11,dsp:Flexi Cap,0.02768618,0.028628766091452047,34.92990221113928
2025-11,dsp:Focused,0.0353663,0.041209043456796754,24.266518126012617
2025-11,dsp:HEALTHCARE,0.04241692,0.06657569107038067,15.020497480722316
2025-11,dsp:Large & Mid Cap,0.021566649999999982,0.022223990983056916,44.99641854437297
2025-11,dsp:Large Cap,0.04331934999999999,0.05273973842718219,18.96103450305695
2025-11,dsp:MIDCAP,0.019056240000000002,0.02119518989142762,47.180516198368636
2025-11,dsp:Multi Asset,0.007050379999999999,0.047863294049983136,20.892836981836446
2025-11,dsp:Multicap Fund,0.01883213,0.020404401569156135,49.009033497538496
2025-11,dsp:NRNEF,0.04549592000000001,0.06572427422337278,15.215078626830714
2025-11,dsp:QUANT,0.029835909999999997,0.031174190242062423,32.077817971699204
2025-11,dsp:SMALLCAP,0.016713150000000006,0.01943648785990977,51.44962439755524
2025-11,dsp:TAX,0.030232220000000004,0.03095853065771326,32.301274600409755
2025-11,dsp:TIGER,0.01971409,0.02132446566713422,46.89449272068862
2025-11,dsp:VALUE,0.013545399999999999,0.02868306339369085,34.86377958568961
2025-11,hdfc:HDFCBKGFSF,0.09250821999999997,0.09469234049822121,10.560516243853797
2025-11,hdfc:HDFCBUSICY,0.028794780000000006,0.03062869908587395,32.64911765257451
2025-11,hdfc:HDFCCB,0.025542729999999993,0.02595113837579148,38.5339550627517
2025-11,hdfc:HDFCCS,0.038644609999999996,0.05467727145253512,18.289135017794216
2025-11,hdfc:HDFCDFNFND,0.09996566000000003,0.10341108573588777,9.67014312714986
2025-11,hdfc:HDFCDIVYLD,0.018498020000000007,0.01889650264503761,52.919845475353554
2025-11,hdfc:HDFCEQ,0.036287300000000015,0.04885867393643763,20.467194858807332
2025-11,hdfc:HDFCGR,0.013545829999999998,0.028344741924749332,35.279911972909716
2025-11,hdfc:HDFCHOF117,0.050581459999999995,0.05303443187838929,18.855674786769697
2025-11,hdfc:HDFCINNOVF,0.030755700000000004,0.03191953210466221,31.328780031018646
2025-11,hdfc:HDFCLARGEF,0.010622590000000008,0.010915314166488357,91.61440383183374
2025-11,hdfc:HDFCMANFFN,0.02239987000000001,0.022639209687285115,44.17115322544281
2025-11,hdfc:HDFCMNCFND,0.04719243,0.048316420197869275,20.696897574462675
2025-11,hdfc:HDFCMULCAP,0.011355299999999999,0.011999177800651406,83.33904344226923
2025-11,hdfc:HDFCNCCFND,0.03887652,0.03906380123844942,25.599147248776383
2025-11,hdfc:HDFCPHARHC,0.04984649,0.05149115827326309,19.420809970772254
2025-11,hdfc:HDFCPM,0.023092879999999996,0.0475895018245794,21.0130377848064
2025-11,hdfc:HDFCSMALLF,0.016386859999999996,0.02033902150635008,49.166573706005885
2025-11,hdfc:HDFCT2,0.040226040000000005,0.04157863627996916,24.05081285654763
2025-11,hdfc:HDFCTECHFD,0.07701164999999999,0.07774069524332936,12.863275751136356
2025-11,hdfc:HDFCTRALFD,0.04754963,0.048919432319058126,20.44177441548965
2025-11,hdfc:HDFCTS,0.04339674000000001,0.048656979926344414,20.55203593633991
2025-11,hdfc:HDINFG,0.024856019999999996,0.029636731890476223,33.74191201970385
2025-11,hdfc:MIDCAP,0.01978498,0.02253494143870682,44.3755313374085
2025-11,hdfc:MY2005,0.015613349999999998,0.034874985483972845,28.673847060368246
2025-11,icici:BAF,0.01425619413172042,0.029959809108033815,33.378049786433614
2025-11,icici:BANFIN SERVICES,0.09684874914824243,0.10894379491768887,9.17904503653042
2025-11,icici:BCYCLE,0.03541848420411191,0.04638572857691096,21.55835492250437
2025-11,icici:BHACON,0.03368751899187249,0.037448315355973046,26.703470917030156
2025-11,icici:BLUECHIP,0.03892009261685985,0.04764072564993841,20.9904443384836
2025-11,icici:COMFUND,0.04562774231319429,0.051147840945697985,19.551167390656193
2025-11,icici:CONGLO,0.035232482836206135,0.0401971900129151,24.87736082245317
2025-11,icici:DISCO,0.037457378152455534,0.04392755435959698,22.764754709853932
2025-11,icici:DIVYLD,0.02913040631497839,0.03275491176434611,30.529772364964973
2025-11,icici:E&DF,0.021184123540418088,0.0374080386877781,26.73222213937451
2025-11,icici:ENERGY,0.04098266189198362,0.046597254071005255,21.46049203835471
2025-11,icici:ESGFUND,0.03588537351573217,0.038045302462428134,26.28445393455752
2025-11,icici:EXPORTS,0.0353238351096195,0.03795715814702053,26.34549183388998
2025-11,icici:FLEXCAP,0.03466084425187025,0.03741626289243329,26.726346318307233
2025-11,icici:FMCG,0.15168525594391374,0.16278241933318247,6.143169539415701
2025-11,icici:FOCUSED,0.039044571684746926,0.04194413837645203,23.841233571778712
2025-11,icici:HOUSING,0.044894338263318276,0.04999773997582955,20.0009040505317
2025-11,icici:INDOPP,0.02898392361793152,0.03296969709378349,30.330882238786245
2025-11,icici:INFRA,0.024183573442584868,0.027721247380495452,36.073412796842454
2025-11,icici:INNOVA,0.02040861762705472,0.02551905236230843,39.18640809237091
2025-11,icici:LARGE & MIDCAP,0.01842326221988938,0.02073673159663236,48.223607242059295
2025-11,icici:LTEF,0.035575653896642266,0.03628505077603502,27.559559063934515
2025-11,icici:MGFINDIA,0.019913805998759207,0.021618937275493137,46.2557426971021
2025-11,icici:MIDCAP,0.02378193704224692,0.024551502886311753,40.730704129625074
2025-11,icici:MNCFUND,0.02900681291989696,0.031593273709227064,31.652307044962615
2025-11,icici:MOMACT,0.028211835370570693,0.03173639979745021,31.509560201606195
2025-11,icici:MULTI,0.010619091311540527,0.020994677361993577,47.63112015287687
2025-11,icici:MULTICAP,0.013130683658140888,0.01363299504403224,73.35145335050524
2025-11,icici:PHARMA,0.05530313151962215,0.057932385866426205,17.26150209497127
2025-11,icici:PSUEQU,0.05272758545189925,0.0606748543644701,16.48129213451526
2025-11,icici:QUALITY,0.02676444533838632,0.02812499641435453,35.55556008852028
2025-11,icici:QUANT,0.022194222251373005,0.02805881699685349,35.6394212953504
2025-11,icici:RURALOPP,0.035186781327559674,0.042525578051576855,23.515259423097245
2025-11,icici:SMALL,0.01295459210628472,0.01620727875675216,61.700672581039385
2025-11,icici:TECH,0.06133766944282183,0.08309880734630534,12.033867054584881
2025-11,icici:TRANSPO,0.05466073266986731,0.05718664965288183,17.48659881405741
2025-11,icici:VARIANCE,0.03651992265805782,0.04055932851476039,24.65524052342432
2025-11,kotak:BAL,0.01460643,0.02565816499281318,38.973948459685204
2025-11,kotak:BFS,0.08035372999999998,0.08300497445812227,12.047470727245638
2025-11,kotak:CMP,0.040210199999999995,0.04372189922375257,22.871833514879317
2025-11,kotak:CON,0.023768389999999993,0.024753479211152205,40.39836143718614
2025-11,kotak:ELS,0.0297119,0.031114548840036668,32.139305800032986
2025-11,kotak:EME,0.019273290000000005,0.0200720782242932,49.820451516061844
2025-11,kotak:ESG,0.03447787,0.03558651484612387,28.100532022424815
2025-11,kotak:HLC,0.052062810000000015,0.05308771668033609,18.836749111313807
2025-11,kotak:K30,0.03161818,0.033687486404899776,29.6846130928472
2025-11,kotak:KAM,0.01844386,0.02067949172643629,48.357087941461245
2025-11,kotak:KBA,0.011377540000000004,0.02323274334454436,43.042699915799034
2025-11,kotak:KBC,0.023060570000000002,0.024144278959244807,41.41767918139057
2025-11,kotak:KEO,0.038521950000000006,0.04271057194687896,23.413406901779364
2025-11,kotak:KFE,0.040023710000000004,0.04279318158031007,23.36820874426683
2025-11,kotak:KIE,0.02966776,0.03024568980141509,33.06256218871932
2025-11,kotak:KMI,0.026134239999999993,0.027913748143444113,35.82464077776894
2025-11,kotak:KMN,0.03536833,0.036714189583193294,27.237425402895763
2025-11,kotak:KOP,0.022496469999999987,0.023371566662515577,42.78703325455059
2025-11,kotak:KPF,0.017433729999999998,0.027521576411815678,36.335127938771556
2025-11,kotak:KQT,0.02625882,0.02728583140838001,36.64905734530341
2025-11,kotak:MAF,0.014954800000000002,0.033655030669583606,29.713239896220614
2025-11,kotak:MID,0.016786289999999995,0.017144432917539167,58.32797181509433
2025-11,kotak:MUC,0.02342322000000001,0.02369731163743073,42.198879573346424
2025-11,kotak:ROF,1.849e-05,1.0,1.0
2025-11,kotak:SEF,0.028704420000000005,0.03015818442317266,33.15849475446637
2025-11,kotak:SPO,0.034891759999999994,0.03848278747000998,25.98564360181315
2025-11,kotak:TAL,0.05123948999999999,0.05216387507580456,19.17035493522672
2025-11,kotak:TCH,0.08701681999999998,0.09410534664217428,10.62638878322605
2025-11,mirae:MABAF,0.010406558008677898,0.023560253113249736,42.44436573720948
2025-11,mirae:MABFF,0.110369679203488,0.11651319821322519,8.582718656215652
2025-11,mirae:MAEBF,0.01930737660564688,0.019521991277179754,51.22428269748029
2025-11,mirae:MAFCF,0.019348768361382156,0.020036394916135243,49.90917798264713
2025-11,mirae:MAFF,0.04501254833422908,0.04522099513615295,22.113622156902235
2025-11,mirae:MAHCF,0.05451641779477324,0.055116492752977246,18.143389574547676
2025-11,mirae:MAIPF,0.016686255638701297,0.028871814630529638,34.63585551503853
2025-11,mirae:MAMAAF,0.009573460768331547,0.021496552042113377,46.5190881793938
2025-11,mirae:MAMCF,0.017943942768357975,0.018643597283571896,53.63771727043074
2025-11,mirae:MAMPF,0.018880867451525108,0.019067282830768438,52.4458575915349
2025-11,mirae:MASCF,0.014546367035545635,0.015951833677994767,62.688717810509765
2025-11,mirae:MATSF,0.028731094390192894,0.02890172857843646,34.60000661504027
2025-11,mirae:MICCF,0.043439451813630285,0.045054766712709755,22.195209807132446
2025-11,mirae:MIIOF,0.03570147514447153,0.036064245385164014,27.728294029725536
2025-11,nippon:AM,0.028230059999999998,0.029096405472957294,34.36850647855514
2025-11,nippon:BF,0.07025462999999997,0.07428407689613467,13.46183518438572
2025-11,nippon:EA,0.030190049999999996,0.03046360556204577,32.826055273177765
2025-11,nippon:EO,0.015081079999999993,0.015537589289408533,64.36004848459132
2025-11,nippon:GF,0.014070370000000007,0.014611739477272186,68.43812138557828
2025-11,nippon:GS,0.018218879999999993,0.018900601250354743,52.9083697790424
2025-11,nippon:IT,0.027094210000000004,0.028228660882985965,35.42498895520482
2025-11,nippon:LC,0.02186218000000001,0.022351201947407327,44.74032324315324
2025-11,nippon:LE,0.038216,0.042025485901535965,23.79508478124346
2025-11,nippon:MC,0.04087734,0.04852734382734995,20.60693870980841
2025-11,nippon:ME,0.04235572000000001,0.04386908225927807,22.79509733278055
2025-11,nippon:MF,0.005959920000000003,0.019279281610682698,51.8691526060752
2025-11,nippon:NE,0.012169720000000004,0.02278680882667066,43.8850392613799
2025-11,nippon:PH,0.051367990000000016,0.05191685026852228,19.26156912115892
2025-11,nippon:PS,0.033752890000000015,0.03419599312998003,29.24319221257792
2025-11,nippon:QP,0.03659547000000001,0.03727071054436732,26.830720031741624
2025-11,nippon:SC,0.006653690000000002,0.007242330312561827,138.0771045840728
2025-11,nippon:SE,0.024882300000000006,0.027123195640318815,36.86881196673939
2025-11,nippon:SH,0.01420569,0.027982891966758995,35.73612052635248
2025-11,nippon:TS,0.026892319999999997,0.028699713134348714,34.84355384734381
2025-11,ppfas:PPDAAF,0.0028164400000000003,0.1596997931484977,6.261748874465634
2025-11,ppfas:PPFCF,0.026879219999999995,0.06615955015713844,15.11497580658962
2025-11,ppfas:PPTSF,0.03895413000000001,0.05251031394751598,19.043877760843312
2025-11,sbi:SBAF,0.013931920000000009,0.02817430734325519,35.493330423947256
2025-11,sbi:SBFS,0.05368608000000001,0.05712887388969391,17.50428341946367
2025-11,sbi:SBI-AOF,0.06620917999999999,0.06771755882714885,14.767218684780572
2025-11,sbi:SBIRIOS,0.032677819999999996,0.03984558877467567,25.096881003689965
2025-11,sbi:SBLUECHIP,0.03761307,0.03988511733299969,25.07200848003101
2025-11,sbi:SCF,0.0192819,0.031306306832882866,31.942445505888955
2025-11,sbi:SCOF,0.031963210000000006,0.03345159699374022,29.893939000494637
2025-11,sbi:SDYF,0.03507351000000001,0.03551964778729927,28.153432319719375
2025-11,sbi:SEHF,0.019658209999999995,0.03556165991835087,28.120172182513066
2025-11,sbi:SEMVF,0.040616010000000015,0.04062413442064278,24.615909095945174
2025-11,sbi:SEOF,0.053403049999999994,0.056442758384391487,17.71706466203709
2025-11,sbi:SFEF,0.02942387,0.047785098755901104,20.927025914674026
2025-11,sbi:SFLEXI,0.029977210000000004,0.0352103359729879,28.40075143750869
2025-11,sbi:SHOF,0.042541609999999994,0.050470074650292907,19.813721436494774
2025-11,sbi:SIF,0.041427799999999994,0.04430359035343161,22.57153409063479
2025-11,sbi:SIOF,0.04347132,0.04993896534017085,20.024443702192624
2025-11,sbi:SLMF,0.018970890000000008,0.021033659050004653,47.54284538047501
2025-11,sbi:SLTEF,0.024442259999999997,0.02844342504442417,35.15750998475594
2025-11,sbi:SMAAF,0.005405169999999999,0.024313415027736884,41.12955744222662
2025-11,sbi:SMCF,0.022195529999999998,0.023143764999098218,43.20818155727749
2025-11,sbi:SMCOMMA,0.03644328,0.04226297833291871,23.661370765748853
2025-11,sbi:SMEEF,0.03802177000000001,0.04010347353640449,24.935495901426993
2025-11,sbi:SMGLF,0.03468125,0.03575283357023887,27.969811065056764
2025-11,sbi:SMIDCAP,0.02130976,0.023055275857372715,43.37402016728487
2025-11,sbi:SPSU,0.07053664,0.07647341165809542,13.076440272743353
2025-11,sbi:SQF,0.049516330000000004,0.05201347126902496,19.2257885428908
2025-11,sbi:SSCF,0.014866389999999997,0.020312598953175737,49.2305294022288
2025-11,sbi:STOF,0.05725880999999999,0.08365969352184512,11.953187465824044
2025-11,uti:002,0.005194590000000001,0.033960622573822145,29.445867720070293
2025-11,uti:017,0.03377879000000001,0.034765987958742355,28.76374464567854
2025-11,uti:042,0.029893369999999992,0.03190905171406635,31.339069833879574
2025-11,uti:049,0.019056770000000008,0.02066500119299343,48.39099648051581
2025-11,uti:066,0.014865899999999996,0.031224322621298064,32.02631525841017
2025-11,uti:101,0.028872259999999997,0.0320318723579102,31.21890562082776
2025-11,uti:118,0.035796560000000005,0.03671597350435621,27.236102016506628
2025-11,uti:125,0.03110766,0.03149701220620776,31.74904316171645
2025-11,uti:160,0.013094080000000001,0.013567451644049261,73.70580903736658
2025-11,uti:161,0.04924209999999999,0.05509413512363587,18.150752303415164
2025-11,uti:162,0.06115956000000001,0.06921634223630602,14.447455148467387
2025-11,uti:163,0.08782083,0.0910142195263991,10.987294130561054
2025-11,uti:190,0.027200400000000003,0.03140864452029521,31.838368553403622
2025-11,uti:193,0.03064214,0.031276935430418346,31.97244187253241
2025-11,uti:251,0.034364120000000005,0.03622324165468507,27.606585007851198
2025-11,uti:322,0.00913831,0.02062095491369201,48.494359460337826
2025-11,uti:751,0.012583109999999998,0.013998441929073234,71.4365216548214
2025-11,uti:753,0.04570531000000001,0.047444519328411074,21.07725010507531
2025-11,uti:773,0.020815049999999995,0.04141975309747471,24.143070038265588
2025-11,uti:775,0.045521200000000005,0.04782666727856289,20.90883720112827
2025-11,uti:783,0.026943459999999992,0.030324838381714236,32.9762680813823
2025-11,uti:787,0.01593905,0.01754629771362408,56.992079829098955
2025-12,absl:ABSLBCF,0.020413179257255196,0.021892620912137284,45.677491242978554
2025-12,absl:ABSLCONF,0.04947139348164619,0.05321288978004167,18.7924392780312
2025-12,absl:ABSLESG,0.028121756405456715,0.02882462782505845,34.69255547961172
2025-12,absl:ABSLMAAF,0.00926910747512136,0.022452199372588657,44.53906645871298
2025-12,absl:ABSLMCF,0.014609793301639232,0.01568931779117522,63.737634313358775
2025-12,absl:ABSLQF,0.02956739714748921,0.029804607214442717,33.55185971098522
2025-12,absl:ABSLSO,0.022279207501380557,0.02404905755333001,41.5816710398089
2025-12,absl:ABSLTNLF,0.05118380899161946,0.05243884248274162,19.069833593850102
2025-12,absl:ADVG,0.017893605473105853,0.018497760062806266,54.060599586363736
2025-12,absl:BDYP,0.02502862050168581,0.02827162286129769,35.371156615453636
2025-12,absl:BINFRA,0.02450788837516861,0.026671064298102294,37.49381685046413
2025-12,absl:BSL95F,0.017892692523762598,0.03042682230890843,32.86573898015035
2025-12,absl:BSLBKFS,0.07250957176319803,0.07516968293539898,13.303235572503379
2025-12,absl:BSLDAAF,0.009984166769117267,0.02103540019788314,47.538910151119126
2025-12,absl:BSLEQTY,0.021259200725883852,0.022122995531296062,45.20183528425708
2025-12,absl:BSLFEF,0.02983448728308642,0.03229306399890832,30.96640195039422
2025-12,absl:BSLMFG,0.024310599718522764,0.024598429411597747,40.653001997294865
2025-12,absl:BSLNMF,0.06687468163098714,0.07724516252689896,12.945794497510075
2025-12,absl:BSLPHF,0.04795676781792663,0.04912329038260314,20.356942546221354
2025-12,absl:BSLR96,0.03139455850577486,0.032179359307224986,31.075820697756328
2025-12,absl:BSLTA1,0.013107163320099958,0.01444721185397974,69.21750785599038
2025-12,absl:BTOP100,0.0364814930311544,0.04024666414846455,24.846779755736627
2025-12,absl:GENNEXT,0.021463174464696522,0.021895371176124317,45.67175372164708
2025-12,absl:MIDCAP,0.016590077421840637,0.01745358827703314,57.29480861628218
2025-12,absl:MNC,0.02335265419529008,0.024143419340052683,41.419153845414584
2025-12,absl:PSUEQ,0.0630875831251041,0.06666093074024199,15.001290694495482
2025-12,absl:PURE,0.018644708570534664,0.020171877544224167,49.57396741119574
2025-12,axis:AXISBCF,0.019502400000000003,0.020381340413824486,49.064486422183926
2025-12,axis:AXISCON,0.03718513000000001,0.03782542941274155,26.437241176782216
2025-12,axis:AXISDEF,0.01568371000000001,0.030790547394162416,32.477499902765295
2025-12,axis:AXISEHF,0.017775349999999995,0.03073404508695058,32.53720742488895
2025-12,axis:AXISEQF,0.04044032000000001,0.04479035775339551,22.32623381813
2025-12,axis:AXISESG,0.03456423,0.03550231148153076,28.167180058690725
2025-12,axis:AXISF25,0.04301987,0.04960093780414464,20.160909133384173
2025-12,axis:AXISGOF,0.015305319999999999,0.01873690005284172,53.370621457114275
2025-12,axis:AXISIMF,0.02065703999999998,0.02123058510585815,47.101857768586434
2025-12,axis:AXISMCF,0.013718349999999997,0.015885101883399543,62.95206712177484
2025-12,axis:AXISMIF,0.03784378,0.03989115356560092,25.06821464452017
2025-12,axis:AXISMLC,0.013846249999999996,0.014455495807506887,69.1778416538774
2025-12,axis:AXISMLF,0.03157522,0.037763648829766794,26.480491980736794
2025-12,axis:AXISQUA,0.03850831000000001,0.03944143075086191,25.35404981418295
2025-12,axis:AXISSCF,0.009575650000000002,0.011345426614711036,88.14124263104844
2025-12,axis:AXISSOF,0.043815069999999984,0.04544530158201772,22.004474944351358
2025-12,axis:AXISSSF,0.019823689999999998,0.028727383805486947,34.809991984337934
2025-12,axis:AXISTAF,0.012248270000000006,0.025585157226077775,39.085161414632466
2025-12,axis:AXISTSF,0.024781930000000008,0.02577744862139619,38.79359880364439
2025-12,axis:AXISVAL,0.022164839999999977,0.023460219478737974,42.6253471714662
2025-12,dsp:Aggressive Hybrid,0.020059200000000003,0.04465856475451817,22.39212132089016
2025-12,dsp:Banking and Financial Services,0.04900969,0.051333860836343316,19.480319300122087
2025-12,dsp:Business Cycle Fund,0.02715823,0.032163622701280634,31.091025077849324
2025-12,dsp:DAAF,0.01575991999999999,0.0327593925147235,30.525596576632378
2025-12,dsp:Flexi Cap,0.027003839999999994,0.02793455686120808,35.797954661263
2025-12,dsp:Focused,0.03612327999999999,0.04153329198164293,24.077070520727915
2025-12,dsp:HEALTHCARE,0.042158539999999994,0.06438338616537596,15.531957226222733
2025-12,dsp:Large & Mid Cap,0.02063343,0.021383714178089503,46.76456071530524
2025-12,dsp:Large Cap,0.0434173,0.05199487098937374,19.232666241336982
2025-12,dsp:MIDCAP,0.01885183,0.02106102141892347,47.48107796431436
2025-12,dsp:Multi Asset,0.005668489999999998,0.04572306494541896,21.870799807356114
2025-12,dsp:Multicap Fund,0.0186514,0.020070461941082276,49.82446357914153
2025-12,dsp:NRNEF,0.04532191000000001,0.06722272288581096,14.87592226364688
2025-12,dsp:QUANT,0.03040369,0.031165649937278033,32.08660823735539
2025-12,dsp:SMALLCAP,0.016999910000000003,0.019210750609924786,52.0541867574593
2025-12,dsp:TAX,0.02923933999999998,0.030185671673815914,33.128300433593935
2025-12,dsp:TIGER,0.01990134,0.021603336390017703,46.28914635898888
2025-12,dsp:VALUE,0.012911330000000002,0.0271268078727544,36.863902479450196
2025-12,hdfc:HDFCBKGFSF,0.0915385,0.09275887659438137,10.780639403092689
2025-12,hdfc:HDFCBUSICY,0.029199359999999994,0.03152550875512797,31.720344555497114
2025-12,hdfc:HDFCCB,0.02526192000000001,0.025516446554379936,39.190409913419096
2025-12,hdfc:HDFCCS,0.0390063,0.054396763139967975,18.383446776546357
2025-12,hdfc:HDFCDFNFND,0.09767209,0.09975596721615367,10.02446297606614
2025-12,hdfc:HDFCDIVYLD,0.018124929999999994,0.01858669315814773,53.801931924702615
2025-12,hdfc:HDFCEQ,0.03417405000000001,0.04789514166347208,20.878944403721526
2025-12,hdfc:HDFCGR,0.01366338000000001,0.027773244906984323,36.00587555934177
2025-12,hdfc:HDFCHOF117,0.05021896999999998,0.05253594766441904,19.034585735231133
2025-12,hdfc:HDFCINNOVF,0.031636290000000004,0.03225908091278493,30.999023273588666
2025-12,hdfc:HDFCLARGEF,0.010446040000000005,0.010710001261491015,93.37067060819216
2025-12,hdfc:HDFCMANFFN,0.022305760000000004,0.022694425641310103,44.063683999110545
2025-12,hdfc:HDFCMNCFND,0.045774940000000014,0.04921680081322283,20.31826497205676
2025-12,hdfc:HDFCMULCAP,0.012063420000000007,0.012418497632136542,80.52503850483522
2025-12,hdfc:HDFCNCCFND,0.03838554,0.039611787856427834,25.24501049092964
2025-12,hdfc:HDFCPHARHC,0.04814522,0.05033562506011601,19.86664512074096
2025-12,hdfc:HDFCPM,0.022826159999999998,0.04669066052605397,21.41755950190483
2025-12,hdfc:HDFCSMALLF,0.016145660000000003,0.019704558666195165,50.74967762234556
2025-12,hdfc:HDFCT2,0.039631599999999996,0.04056730268606733,24.650394129936714
2025-12,hdfc:HDFCTECHFD,0.07611625000000001,0.07739568660885654,12.920616688289293
2025-12,hdfc:HDFCTRALFD,0.048754849999999995,0.04983533946362535,20.066081835960937
2025-12,hdfc:HDFCTS,0.04279594999999998,0.04491734169843354,22.263116252823
2025-12,hdfc:HDINFG,0.02568071,0.029942720622750347,33.39709883410542
2025-12,hdfc:MIDCAP,0.01962469999999999,0.02274880630986532,43.95835044612151
2025-12,hdfc:MY2005,0.014779829999999994,0.03343157004805399,29.911846753311806
2025-12,icici:BAF,0.013937072077055879,0.03022770625241844,33.08223229541251
2025-12,icici:BANFIN SERVICES,0.08943130345250642,0.0960421503042069,10.412095073179524
2025-12,icici:BCYCLE,0.033330957824762086,0.04199691657151959,23.811271913189806
2025-12,icici:BHACON,0.033684084927724824,0.0359443907339931,27.82075254524446
2025-12,icici:BLUECHIP,0.038154169459843276,0.04567549495882975,21.89357774669687
2025-12,icici:COMFUND,0.04492046735211915,0.05252170370315098,19.039747942144654
2025-12,icici:CONGLO,0.035118799211473,0.03922711005453728,25.492573850321993
2025-12,icici:DISCO,0.03668888492775061,0.04132976313567231,24.19563830349866
2025-12,icici:DIVYLD,0.028984821568237784,0.03161883399834305,31.626719696634094
2025-12,icici:E&DF,0.020375377812541968,0.03688265724434686,27.113013939722947
2025-12,icici:ENERGY,0.04339912658874487,0.047705835036719185,20.961796376277658
2025-12,icici:ESGFUND,0.0356587108626997,0.03690267971082974,27.098303099829696
2025-12,icici:EXPORTS,0.03177801574659918,0.036356257767266247,27.505581195993194
2025-12,icici:FLEXCAP,0.0366950853630286,0.03818724223647091,26.186756137235413
2025-12,icici:FMCG,0.15399808016764352,0.16262652799631377,6.149058289079791
2025-12,icici:FOCUSED,0.03637609767046023,0.03868086647363278,25.85257495929313
2025-12,icici:HOUSING,0.04630428712829014,0.049716367861814485,20.114100104405804
2025-12,icici:INDOPP,0.02597711981776224,0.029471279030567434,33.93134037253036
2025-12,icici:INFRA,0.02811685575947972,0.030571309372715117,32.710407912475596
2025-12,icici:INNOVA,0.020164229754488602,0.024612737266721918,40.62936962936128
2025-12,icici:LARGE & MIDCAP,0.018437266159938726,0.02052945337635622,48.710502986489665
2025-12,icici:LTEF,0.035050447814904455,0.03651677123766203,27.384677399097033
2025-12,icici:MGFINDIA,0.01954678137941829,0.02140137964326163,46.72595957218379
2025-12,icici:MIDCAP,0.023878997275220568,0.02462395167531474,40.6108659237863
2025-12,icici:MNCFUND,0.02978387257926694,0.03230675885601379,30.95327527149488
2025-12,icici:MOMACT,0.026140132956586924,0.02981123618126201,33.544398961508165
2025-12,icici:MULTI,0.010275301068786777,0.020408984943593094,48.998027229861115
2025-12,icici:MULTICAP,0.013273477884109836,0.013925491308573386,71.81075179619255
2025-12,icici:PHARMA,0.05043195135081803,0.05264937226913905,18.99357878168207
2025-12,icici:PSUEQU,0.051511917206108364,0.05792895448348543,17.262524568522693
2025-12,icici:QUALITY,0.023528175039735737,0.02656398578511239,37.644953136529814
2025-12,icici:QUANT,0.022575083881714333,0.02554557772149161,39.145718719005345
2025-12,icici:RURALOPP,0.03886011516694511,0.04430996334078474,22.568287685301655
2025-12,icici:SMALL,0.013494842824915218,0.016357063328440197,61.13566842168359
2025-12,icici:TECH,0.053768709381483974,0.07321795245584907,13.657852568371219
2025-12,icici:TRANSPO,0.0527828578463593,0.05567726468207256,17.960652444228074
2025-12,icici:VARIANCE,0.035251988550805226,0.03796874956256899,26.337448863099706
2025-12,kotak:BAL,0.014706129999999994,0.02441535446917984,40.95783255009985
2025-12,kotak:BFS,0.07106064000000004,0.07515177009696336,13.306406471993489
2025-12,kotak:CMP,0.038324010000000006,0.04213542507232392,23.732998973750387
2025-12,kotak:CON,0.02344703,0.024299623855320744,41.152900388663255
2025-12,kotak:ELS,0.02955681,0.030706548860612675,32.56634291724985
2025-12,kotak:EME,0.019280920000000007,0.019672400775431087,50.832636616924894
2025-12,kotak:ESG,0.03413529,0.035275912283301056,28.347955737302957
2025-12,kotak:HLC,0.046751250000000015,0.050465171192443925,19.815646640464156
2025-12,kotak:K30,0.03142858,0.033361393695012516,29.97476691597266
2025-12,kotak:KAM,0.02263416,0.022661345456463405,44.12800651758225
2025-12,kotak:KBA,0.010894000000000001,0.022018242115613942,45.41688635946388
2025-12,kotak:KBC,0.02271358,0.023420141306262986,42.698290626136455
2025-12,kotak:KEO,0.035712669999999995,0.04330668782678658,23.091121722346724
2025-12,kotak:KFE,0.04041799,0.04153177886259228,24.077947715856233
2025-12,kotak:KIE,0.03249069,0.03279826921687162,30.489413736673463
2025-12,kotak:KMI,0.02698832999999998,0.028268188932133797,35.375453390409895
2025-12,kotak:KMN,0.03696246999999999,0.03885836618911389,25.734483923828698
2025-12,kotak:KOP,0.02201581999999999,0.02281172661646275,43.837102592590284
2025-12,kotak:KPF,0.017016779999999995,0.026992081670462967,37.04790212954509
2025-12,kotak:KQT,0.02287963,0.023818160560546153,41.98477029567349
2025-12,kotak:MAF,0.01432098,0.03013215411895614,33.18713942760899
2025-12,kotak:MID,0.016708,0.017475290370336842,57.22365573378021
2025-12,kotak:MUC,0.023286790000000005,0.023592495660646754,42.38635939088211
2025-12,kotak:ROF,0.03677641000000001,0.052457446945231495,19.063070321437028
2025-12,kotak:SEF,0.028271150000000005,0.029855787416685084,33.49434352688163
2025-12,kotak:SPO,0.03447050000000001,0.03735617647187593,26.76933493857067
2025-12,kotak:TAL,0.05340401,0.054039798496877504,18.504880251501703
2025-12,kotak:TCH,0.08870331999999997,0.09779149860093937,10.225837770221
2025-12,mirae:INFRA,0.041179891126105796,0.04524384935871511,22.10245180668684
2025-12,mirae:MABAF,0.010188611615682725,0.02347950878007209,42.59032884234513
2025-12,mirae:MABFF,0.10099900084431139,0.10400296097211435,9.615110864662052
2025-12,mirae:MAEBF,0.019150390846203937,0.019823264290476535,50.445778522986174
2025-12,mirae:MAFCF,0.019055029788121524,0.01990941752812464,50.22748649413626
2025-12,mirae:MAFF,0.043993558025256396,0.04452715190289463,22.458207122270306
2025-12,mirae:MAHCF,0.05330542594272876,0.05389010261039287,18.55628309394139
2025-12,mirae:MAIPF,0.01612715506965484,0.028265837001723432,35.37839689442162
2025-12,mirae:MAMAAF,0.009580490922327722,0.02055750333532252,48.644039292542395
2025-12,mirae:MAMCF,0.018104285494172305,0.019066748484626188,52.44732738811315
2025-12,mirae:MAMPF,0.019190151840850166,0.019495505662294334,51.29387343535642
2025-12,mirae:MASCF,0.015028568854680225,0.01616548957204921,61.860174140908214
2025-12,mirae:MATSF,0.02816614660265923,0.028805203555134492,34.71594977921103
2025-12,mirae:MICCF,0.04492255574437553,0.04583757127517303,21.81616460428891
2025-12,mirae:MIIOF,0.03478493849009062,0.03531791068124101,28.314245681898353
2025-12,nippon:AM,0.027477050000000006,0.028697789390652213,34.84588956965904
2025-12,nippon:BF,0.06966894,0.07189455382058439,13.909259420338545
2025-12,nippon:EA,0.029855910000000013,0.03027222545056411,33.03358062105624
2025-12,nippon:EO,0.014944780000000008,0.015266719075852721,65.50195854338435
2025-12,nippon:GF,0.013885499999999997,0.014535060821465032,68.79916171545865
2025-12,nippon:GS,0.01755353,0.01878369503793591,53.237661598550275
2025-12,nippon:IT,0.027288879999999988,0.02826390677536747,35.38081299049284
2025-12,nippon:LC,0.021813929999999992,0.02195861774778813,45.54020710619315
2025-12,nippon:LE,0.04059497,0.04304714136813618,23.230346271964244
2025-12,nippon:MC,0.04537670000000002,0.052329546880350984,19.109662888663117
2025-12,nippon:ME,0.041302639999999995,0.04312880143553551,23.18636193715462
2025-12,nippon:MF,0.0053383699999999985,0.018897403380092714,52.917323078018235
2025-12,nippon:NE,0.010738629999999994,0.026127468043842614,38.27389620463691
2025-12,nippon:PH,0.04915799,0.05184940498740159,19.286624412430204
2025-12,nippon:PS,0.03305025000000001,0.033336326015061514,29.997306828238816
2025-12,nippon:QP,0.03614925999999999,0.03698777432342298,27.035960348842544
2025-12,nippon:SC,0.006796649999999999,0.007351844775819117,136.0202820507161
2025-12,nippon:SE,0.025922710000000015,0.027590779848604852,36.24399185116059
2025-12,nippon:SH,0.012721739999999995,0.03203241761014242,31.218374216105687
2025-12,nippon:TS,0.02669638,0.028314827208405228,35.31718532625023
2025-12,ppfas:PPDAAF,0.00293719,0.15672026042586523,6.380795930804612
2025-12,ppfas:PPFCF,0.027299480000000004,0.06574206042335422,15.210962260086998
2025-12,ppfas:PPTSF,0.03914142000000001,0.051452254907254955,19.43549416449378
2025-12,sbi:SBAF,0.014153480000000003,0.027747479795587275,36.03930906038651
2025-12,sbi:SBFS,0.053109450000000016,0.056643742547033867,17.65420071192603
2025-12,sbi:SBI-AOF,0.0603576,0.06294904603998461,15.885864249075514
2025-12,sbi:SBIRIOS,0.034082819999999986,0.037401813548159975,26.736671437398687
2025-12,sbi:SBLUECHIP,0.03451070999999999,0.0376423153747043,26.565847239885827
2025-12,sbi:SCF,0.019321239999999996,0.030493611272442617,32.79375443812095
2025-12,sbi:SCOF,0.03205955,0.033524980188769635,29.828503831151703
2025-12,sbi:SDYF,0.03370091,0.03554604512987559,28.132524908081106
2025-12,sbi:SEHF,0.01840257,0.032343741917939955,30.91788212189928
2025-12,sbi:SEMVF,0.0398413,0.03984129999999998,25.099582593941474
2025-12,sbi:SEOF,0.051997959999999996,0.05381201690177576,18.583209802846113
2025-12,sbi:SFEF,0.0281334,0.04932853963929186,20.27224011317509
2025-12,sbi:SFLEXI,0.030091709999999987,0.034934724479076994,28.624814276091318
2025-12,sbi:SHOF,0.041419519999999994,0.04793059624778929,20.863500108161563
2025-12,sbi:SIF,0.042121000000000006,0.04460102954352037,22.421007098596895
2025-12,sbi:SIOF,0.042991690000000006,0.04638767159756106,21.55745191687046
2025-12,sbi:SLMF,0.018566710000000007,0.02129708854146779,46.95477497090221
2025-12,sbi:SLTEF,0.02408241,0.02839716598702863,35.214781660141156
2025-12,sbi:SMAAF,0.005613429999999999,0.02758561414028646,36.25077893551713
2025-12,sbi:SMCF,0.021684799999999997,0.023836406589158032,41.95263225854056
2025-12,sbi:SMCOMMA,0.03952543,0.0437678430917804,22.847824552446358
2025-12,sbi:SMEEF,0.03782942000000001,0.04038856724875357,24.759481905881696
2025-12,sbi:SMGLF,0.03504692000000001,0.03597622178492642,27.79613729252101
2025-12,sbi:SMIDCAP,0.020659820000000002,0.022805265488056146,43.84952240629394
2025-12,sbi:SPSU,0.07282562,0.07720880722298064,12.951890282568144
2025-12,sbi:SQF,0.052144730000000014,0.05399686065835256,18.519595172896665
2025-12,sbi:SSCF,0.01566975,0.019514126366955525,51.244927966304544
2025-12,sbi:STOF,0.05086663999999999,0.0744461510802591,13.432527880748562
2025-12,uti:002,0.005052010000000002,0.03388945605987822,29.507702874697408
2025-12,uti:017,0.03288454000000001,0.034296433629960696,29.157550630174548
2025-12,uti:042,0.029545230000000002,0.03156351982052363,31.68214463045301
2025-12,uti:049,0.018100509999999997,0.01982574102780426,50.43947656723488
2025-12,uti:066,0.01446572,0.03088304063403815,32.38023133311028
2025-12,uti:101,0.029184369999999994,0.03135925709417637,31.888510528066906
2025-12,uti:118,0.03594003,0.036367905315944075,27.496771983774096
2025-12,uti:125,0.030487019999999993,0.03056032076296921,32.72216963153501
2025-12,uti:160,0.013134659999999994,0.013385117500018036,74.70984098560604
2025-12,uti:161,0.04867266999999999,0.05273629186518031,18.96227369486819
2025-12,uti:162,0.06195242000000001,0.06697130012992468,14.931769251306077
2025-12,uti:163,0.08575456000000002,0.0888547225965262,11.25432583410142
2025-12,uti:190,0.026389890000000003,0.030051468849381868,33.27624366755601
2025-12,uti:193,0.02993509,0.0303769750466813,32.919670193074424
2025-12,uti:251,0.03565054,0.03815685141752323,26.207613124513674
2025-12,uti:322,0.00930759,0.02151699211009639,46.47489736870663
2025-12,uti:751,0.013052830000000005,0.01428498400992287,70.00357853431012
2025-12,uti:753,0.045124830000000005,0.04691840374847904,21.31359807892904
2025-12,uti:773,0.020166830000000004,0.04149994029201581,24.09642021081149
2025-12,uti:775,0.04325312,0.04677658699726746,21.378216415370726
2025-12,uti:783,0.027363510000000004,0.029100269675764703,34.36394271056602
2025-12,uti:787,0.015224950000000008,0.016655176471554775,60.04139323938662
2026-01,absl:ABSLBCF,0.02082898788106326,0.02222017809157106,45.00413974536672
2026-01,absl:ABSLCONF,0.04865651631502555,0.052551512510789114,19.028948021138202
2026-01,absl:ABSLESG,0.028781411425386358,0.02911993416385293,34.340736980144584
2026-01,absl:ABSLMAAF,0.008872933866873411,0.023218666665908508,43.06879522364131
2026-01,absl:ABSLMCF,0.015113578788972648,0.016675012385233372,59.969970450250116
2026-01,absl:ABSLQF,0.03007100421048418,0.03033944883651376,32.96038782341004
2026-01,absl:ABSLSO,0.02144746888072631,0.02310686831996487,43.27717569308069
2026-01,absl:ABSLTNLF,0.05101709087371996,0.051792671719415664,19.307750822692686
2026-01,absl:ADVG,0.018649752468355863,0.01923758124716494,51.9815868300684
2026-01,absl:BDYP,0.02551331979170533,0.02917004715679497,34.281740945593796
2026-01,absl:BINFRA,0.02486879057484289,0.026711715300212244,37.43675719664676
2026-01,absl:BSL95F,0.017728218181890704,0.030125875026032728,33.194056575480985
2026-01,absl:BSLBKFS,0.06222943366797094,0.06802679129932573,14.700090668687938
2026-01,absl:BSLDAAF,0.01003408380997632,0.020948032353926286,47.7371804236578
2026-01,absl:BSLEQTY,0.020997919121984444,0.021770294015192065,45.9341522582178
2026-01,absl:BSLFEF,0.029443680968032175,0.032213142042156126,31.04323070041841
2026-01,absl:BSLMFG,0.024023933856360216,0.02454817284089899,40.736229391946004
2026-01,absl:BSLNMF,0.06800231355637842,0.07952382998897962,12.574847063308942
2026-01,absl:BSLPHF,0.045717433567716174,0.047625833543183324,20.997007833853015
2026-01,absl:BSLR96,0.03218728742655747,0.032848693397927765,30.442611153084226
2026-01,absl:BSLTA1,0.013416407809165939,0.014703931766651388,68.00902070750944
2026-01,absl:BTOP100,0.0370901553678987,0.039070319673568055,25.59487632440649
2026-01,absl:GENNEXT,0.021526276053770995,0.021815934742637197,45.83805423865675
2026-01,absl:MIDCAP,0.017012841637885957,0.01768529422246389,56.544153997155355
2026-01,absl:MNC,0.022994120233821524,0.023650214007718072,42.28291548117313
2026-01,absl:PSUEQ,0.06893870747845192,0.0717059133003305,13.94585124118893
2026-01,absl:PURE,0.01916964133865636,0.020849349023722014,47.96312819466056
2026-01,axis:AXISBCF,0.02036443,0.02104490239805857,47.51744536920503
2026-01,axis:AXISCON,0.037997770000000014,0.038761447654065945,25.79883003660477
2026-01,axis:AXISDEF,0.0169087,0.034765328123986104,28.76429057230893
2026-01,axis:AXISEHF,0.017344500000000002,0.03119966895918143,32.05162212805211
2026-01,axis:AXISEQF,0.037500750000000006,0.04460628019361025,22.418367899308667
2026-01,axis:AXISESG,0.03194214,0.035244399230280346,28.373302477542207
2026-01,axis:AXISF25,0.040701560000000005,0.04761055859245469,21.003744328227224
2026-01,axis:AXISGOF,0.01505158,0.019322096422262295,51.75421849400525
2026-01,axis:AXISIMF,0.019318029999999993,0.022553294450617455,44.3394202203848
2026-01,axis:AXISMCF,0.012794999999999999,0.016827024240383803,59.42821414615085
2026-01,axis:AXISMIF,0.0374339,0.03724000025626567,26.852846216931724
2026-01,axis:AXISMLC,0.01351987,0.01498993120409143,66.71144692959331
2026-01,axis:AXISMLF,0.02980465,0.0374672396650896,26.689983274421948
2026-01,axis:AXISQUA,0.0394932,0.0405239742939775,24.676750427921768
2026-01,axis:AXISSCF,0.00971909,0.012012219746564173,83.24856030760074
2026-01,axis:AXISSOF,0.04341916000000001,0.04584344189169033,21.813370871292758
2026-01,axis:AXISSSF,0.01958584,0.028762310063818592,34.76772198690484
2026-01,axis:AXISTAF,0.014390670000000003,0.0309485020471836,32.31174156588955
2026-01,axis:AXISTSF,0.02479035,0.026429162927518866,37.83699100658118
2026-01,axis:AXISVAL,0.02181147999999999,0.02340294685018137,42.72966162773002
2026-01,dsp:Aggressive Hybrid,0.021750170000000003,0.04620487685583095,21.64273704527366
2026-01,dsp:Banking and Financial Services,0.050046860000000006,0.054191361106027895,18.45312573056532
2026-01,dsp:Business Cycle Fund,0.026629020000000014,0.031502584490012496,31.743427283467412
2026-01,dsp:DAAF,0.01573432,0.033788580130262244,29.595798229602572
2026-01,dsp:Flexi Cap,0.028002699999999995,0.02950554610743254,33.89193327786253
2026-01,dsp:Focused,0.036235720000000006,0.04240499550528852,23.58212724902389
2026-01,dsp:HEALTHCARE,0.04027991,0.06465532303504003,15.46663063547063
2026-01,dsp:Large & Mid Cap,0.021386719999999988,0.02236887371732644,44.704977668384885
2026-01,dsp:Large Cap,0.04441658,0.05282097874987066,18.93187183704824
2026-01,dsp:MIDCAP,0.018920799999999998,0.020573220497107154,48.60687708764956
2026-01,dsp:Multi Asset,0.003938720000000001,0.04519833138710793,22.124710565869105
2026-01,dsp:Multicap Fund,0.01897198,0.020628870227828985,48.47575213551777
2026-01,dsp:NRNEF,0.040390909999999995,0.07144362269129226,13.997050574002916
2026-01,dsp:QUANT,0.030440819999999997,0.031033809058072202,32.22292172155677
2026-01,dsp:SMALLCAP,0.016679890000000003,0.018793132452876792,53.210927050478126
2026-01,dsp:TAX,0.02979691999999999,0.030761297758805744,32.508381403178596
2026-01,dsp:TIGER,0.02121664000000001,0.022181907904366423,45.08178486320168
2026-01,dsp:VALUE,0.011803829999999998,0.02605336146948549,38.38276305233132
2026-01,hdfc:HDFCBKGFSF,0.08699629,0.08799659214113023,11.364076445098979
2026-01,hdfc:HDFCBUSICY,0.027689879999999997,0.03271488657844991,30.567124162329335
2026-01,hdfc:HDFCCB,0.02585546,0.02600086097470834,38.46026487248726
2026-01,hdfc:HDFCCS,0.045490569999999994,0.055974460511214255,17.86529054263335
2026-01,hdfc:HDFCDFNFND,0.09959914,0.1037058933777593,9.642653540984387
2026-01,hdfc:HDFCDIVYLD,0.018480390000000003,0.01888230958959238,52.95962314648118
2026-01,hdfc:HDFCEQ,0.0329619,0.04887810455942368,20.459058488740034
2026-01,hdfc:HDFCGR,0.01235188000000001,0.026886231564620666,37.193758359051344
2026-01,hdfc:HDFCHOF117,0.05199217,0.053620402310731445,18.649617625115482
2026-01,hdfc:HDFCINNOVF,0.031231339999999996,0.032020525557824274,31.229968358706348
2026-01,hdfc:HDFCLARGEF,0.01038589000000001,0.010667765542380572,93.74034290754054
2026-01,hdfc:HDFCMANFFN,0.021895920000000003,0.022277444403959984,44.888452277867316
2026-01,hdfc:HDFCMNCFND,0.04902624,0.050469290247090556,19.81402938508032
2026-01,hdfc:HDFCMULCAP,0.012422620000000004,0.012892706649954927,77.56323223281404
2026-01,hdfc:HDFCNCCFND,0.039982159999999996,0.042988456233965695,23.262058878259694
2026-01,hdfc:HDFCPHARHC,0.0490788,0.05179779251576633,19.30584203362755
2026-01,hdfc:HDFCPM,0.022714339999999996,0.04430717674229892,22.569707066108904
2026-01,hdfc:HDFCSMALLF,0.016000980000000005,0.01911192331810444,52.323357694341254
2026-01,hdfc:HDFCT2,0.039639650000000026,0.041689961909825615,23.986589437595935
2026-01,hdfc:HDFCTECHFD,0.07697784000000002,0.07756622324036316,12.892209498214033
2026-01,hdfc:HDFCTRALFD,0.04849017999999999,0.04961495296839153,20.15521410726874
2026-01,hdfc:HDFCTS,0.041945319999999994,0.043232569764745286,23.130709218573134
2026-01,hdfc:HDINFG,0.026713580000000008,0.029624476301465846,33.75587098397142
2026-01,hdfc:MIDCAP,0.019988750000000007,0.022597897608390365,44.25190419611028
2026-01,hdfc:MY2005,0.013625860000000004,0.031760060602529006,31.48608601585513
2026-01,icici:BAF,0.013892790879735035,0.028768442529171545,34.76031067674199
2026-01,icici:BANFIN SERVICES,0.07672050901642334,0.08364363724645302,11.955482005804402
2026-01,icici:BCYCLE,0.03333406222263953,0.04117804602459952,24.284785135326867
2026-01,icici:BHACON,0.032930890903308786,0.035539042185718336,28.138068403032495
2026-01,icici:BLUECHIP,0.038122450910416904,0.045033630747429595,22.20562684826556
2026-01,icici:COMFUND,0.04492509201404235,0.05672825516779278,17.62789983654822
2026-01,icici:CONGLO,0.036830605492341614,0.039090848166178485,25.581435218517537
2026-01,icici:DISCO,0.0374579474643135,0.04072352568266245,24.55583064670007
2026-01,icici:DIVYLD,0.02881541210085522,0.03223914423603049,31.018193059926176
2026-01,icici:E&DF,0.02069286034468125,0.03671624706385713,27.235899090143764
2026-01,icici:ENERGY,0.03970132140848164,0.04373698669263557,22.86394366917783
2026-01,icici:ESGFUND,0.03619916006171969,0.03718001352474082,26.896170958479257
2026-01,icici:EXPORTS,0.029846620525608474,0.03279633046194951,30.49121611822413
2026-01,icici:FLEXCAP,0.03507364616538756,0.036746660746451776,27.213357069364708
2026-01,icici:FMCG,0.13214483819024617,0.142060142241162,7.039272129563231
2026-01,icici:FOCUSED,0.03506021424200835,0.0384803655433566,25.987279119614392
2026-01,icici:HOUSING,0.04209542061201315,0.04906297982787422,20.381966270867807
2026-01,icici:INDOPP,0.024678000114136678,0.028547050290175055,35.02988889693331
2026-01,icici:INFRA,0.029158701479142037,0.03268277542171128,30.59715667035109
2026-01,icici:INNOVA,0.019736030758978746,0.02395591382988511,41.74334601055776
2026-01,icici:LARGE & MIDCAP,0.019209919867898155,0.020641369171170567,48.44639867188084
2026-01,icici:LTEF,0.035220741931811544,0.036878055398594865,27.116397250113742
2026-01,icici:MGFINDIA,0.01939778612641735,0.020592153734552598,48.56218600981258
2026-01,icici:MIDCAP,0.024350946452934192,0.02512800413479793,39.796236686190824
2026-01,icici:MNCFUND,0.0316735412574878,0.03403892200663564,29.378133649621958
2026-01,icici:MOMACT,0.024568491346614978,0.02785074950813041,35.90567642382738
2026-01,icici:MULTI,0.010389550555717207,0.021168747094586486,47.23945142014245
2026-01,icici:MULTICAP,0.014465985759525126,0.0149217163251837,67.01641943911497
2026-01,icici:PHARMA,0.04911602611182499,0.051562872657380805,19.393799229237825
2026-01,icici:PSUEQU,0.044143902638536466,0.052866123585049954,18.915705033512058
2026-01,icici:QUALITY,0.022195574452671226,0.02472592643961248,40.44337842880328
2026-01,icici:QUANT,0.025585083911285757,0.02796574333617588,35.758033962445104
2026-01,icici:RURALOPP,0.036418577060386245,0.04110078023682463,24.330438357567736
2026-01,icici:SMALL,0.013654296300188858,0.016031553893288746,62.37698520407481
2026-01,icici:TECH,0.05273800489442814,0.06966055258107928,14.355326837754845
2026-01,icici:TRANSPO,0.053305232852406084,0.05655864436107601,17.68076323781561
2026-01,icici:VARIANCE,0.035155808088079304,0.038780651544982524,25.786054647382038
2026-01,kotak:BAL,0.01477339,0.024238838447377755,41.2561023570081
2026-01,kotak:BFS,0.06781949000000004,0.0701426938796854,14.256652328113937
2026-01,kotak:CMP,0.03722728,0.04061387796111858,24.62212549506706
2026-01,kotak:CON,0.023668660000000005,0.024227477426942503,41.27544863122795
2026-01,kotak:ELS,0.029235580000000004,0.03005949760312264,33.267355735716556
2026-01,kotak:EME,0.019593330000000003,0.019906612099511146,50.23456502799677
2026-01,kotak:ESG,0.03360112999999999,0.03452706828551384,28.962783394487026
2026-01,kotak:HLC,0.047099190000000006,0.04879196628013131,20.49517730559697
2026-01,kotak:K30,0.030977980000000006,0.03300538741006781,30.298083993856245
2026-01,kotak:KAM,0.022857879999999997,0.0227394809800125,43.97637751182526
2026-01,kotak:KBA,0.010644170000000003,0.02177876244875071,45.916291265547216
2026-01,kotak:KBC,0.02455059,0.024693605237155455,40.49631434519497
2026-01,kotak:KEO,0.03649318,0.04334159598330505,23.072523687987736
2026-01,kotak:KFE,0.03992686000000001,0.041286184504548955,24.221177422917805
2026-01,kotak:KIE,0.03430973,0.03450959542778358,28.97744779687862
2026-01,kotak:KMI,0.026783169999999988,0.028168496369780843,35.50065246197521
2026-01,kotak:KMN,0.03677530999999999,0.03806603759572026,26.27013640401672
2026-01,kotak:KOP,0.02226038999999999,0.02277213241908266,43.9133227225579
2026-01,kotak:KPF,0.01717837,0.02817027632169711,35.49840933685791
2026-01,kotak:KQT,0.024883780000000005,0.025616215219946448,39.037773200052406
2026-01,kotak:MAF,0.01308296,0.02802917391089733,35.677112824620735
2026-01,kotak:MID,0.016962909999999994,0.01738098508913006,57.53413830527895
2026-01,kotak:MUC,0.023221299999999997,0.02367365236153993,42.2410528264998
2026-01,kotak:ROF,0.039460940000000014,0.048803933864502734,20.490151527054344
2026-01,kotak:SEF,0.028741219999999998,0.030036538514676154,33.2927843703225
2026-01,kotak:SPO,0.03449216,0.03555068154294107,28.128855948714143
2026-01,kotak:TAL,0.05037444,0.05141801803736566,19.448435357296276
2026-01,kotak:TCH,0.09088039,0.1081945147592673,9.242612735266656
2026-01,mirae:INFRA,0.04240756802932856,0.04456116179015053,22.44106661108267
2026-01,mirae:MABAF,0.011159175479004094,0.024273111326141482,41.19785002275449
2026-01,mirae:MABFF,0.07594146760311067,0.08412249038660204,11.887427433547156
2026-01,mirae:MAEBF,0.019982649927146764,0.020666770266853228,48.386854215139174
2026-01,mirae:MAFCF,0.019385249946501655,0.020494965811619834,48.79246977972706
2026-01,mirae:MAFF,0.04427062367510888,0.044868171745178355,22.287513867944988
2026-01,mirae:MAHCF,0.05333992178885738,0.05361125811552095,18.652798594004473
2026-01,mirae:MAIPF,0.016812264705652502,0.02867369510563252,34.87517030212004
2026-01,mirae:MAMAAF,0.010314484690705597,0.021832980434957825,45.80226703262429
2026-01,mirae:MAMCF,0.019289242146888173,0.019751018753032683,50.63029975840888
2026-01,mirae:MAMPF,0.018922807367752797,0.01941062275215969,51.518182222604715
2026-01,mirae:MASCF,0.014987934485176517,0.016538545600943824,60.46480894565069
2026-01,mirae:MATSF,0.029604045026564534,0.029859046601308156,33.490687541114895
2026-01,mirae:MICCF,0.04246602559730281,0.04309277269812689,23.205747446449806
2026-01,mirae:MIIOF,0.03575882706578096,0.036176782187946746,27.64203833289453
2026-01,nippon:AM,0.027764349999999997,0.02851788110952386,35.06571880847203
2026-01,nippon:BF,0.06768747,0.06980723006551887,14.325163726757694
2026-01,nippon:EA,0.03079062000000001,0.03135242408721891,31.895460370723256
2026-01,nippon:EO,0.01647850000000001,0.016671326564725187,59.98322905604268
2026-01,nippon:GF,0.014067299999999996,0.014358724089777144,69.64407100154263
2026-01,nippon:GS,0.017637719999999996,0.01856142875977294,53.87516300292785
2026-01,nippon:IT,0.02630968,0.027360988783043702,36.5483867534687
2026-01,nippon:LC,0.022006809999999995,0.022250896774896417,44.94200885998471
2026-01,nippon:LE,0.04294393000000001,0.04459623430586492,22.423417931241975
2026-01,nippon:MC,0.04489482000000001,0.05161850384359624,19.372897808700426
2026-01,nippon:ME,0.04206406000000001,0.04378060834059366,22.841162740829105
2026-01,nippon:MF,0.006148840000000002,0.02124362570998189,47.072943839813696
2026-01,nippon:NE,0.012831749999999994,0.025135146649846903,39.7849280105987
2026-01,nippon:PH,0.049503860000000004,0.05054982897313957,19.7824606000421
2026-01,nippon:PS,0.03295836000000001,0.03306408041327665,30.244300990704613
2026-01,nippon:QP,0.03690780000000001,0.03756605342510461,26.61977793311982
2026-01,nippon:SC,0.007060710000000001,0.00769498943413087,129.95469435793285
2026-01,nippon:SE,0.024141710000000007,0.027858771939147417,35.89533674292334
2026-01,nippon:SH,0.014191770000000001,0.027444668325556656,36.43694972508716
2026-01,nippon:TS,0.02678216,0.028939795384701816,34.55449448438813
2026-01,ppfas:PPDAAF,0.00314679,0.14004399642011736,7.140613132747972
2026-01,ppfas:PPFCF,0.028286891787359936,0.06575111422485572,15.208867739947328
2026-01,ppfas:PPTSF,0.03919309000000001,0.05176916587058644,19.31651752898278
2026-01,sbi:SBAF,0.012643329999999998,0.026471569265398665,37.77637774225622
2026-01,sbi:SBFS,0.05722747999999999,0.05872111979857568,17.02964799428528
2026-01,sbi:SBI-AOF,0.05910763000000001,0.0629110770711392,15.895451906970377
2026-01,sbi:SBIRIOS,0.03241978,0.04031056304067748,24.807393510998537
2026-01,sbi:SBLUECHIP,0.035454950000000006,0.03790828269720159,26.379459285656868
2026-01,sbi:SCF,0.01887034,0.02930878973249743,34.11945730707554
2026-01,sbi:SCOF,0.031396179999999996,0.03438147687855651,29.08542886427584
2026-01,sbi:SDYF,0.03365976999999999,0.035722437481035596,27.993610473274174
2026-01,sbi:SEHF,0.018201999999999996,0.03260208561642266,30.672884298428738
2026-01,sbi:SEMVF,0.04006178000000001,0.04010989743736176,24.931502294705822
2026-01,sbi:SEOF,0.04779131000000002,0.05095064484807845,19.62683697098907
2026-01,sbi:SFEF,0.026363539999999998,0.05301260163137848,18.86343943188206
2026-01,sbi:SFLEXI,0.02807711,0.03280764383674363,30.48070153943906
2026-01,sbi:SHOF,0.04069160000000001,0.04482303605053576,22.3099568461304
2026-01,sbi:SIF,0.041007650000000014,0.04533279734168543,22.059084341580164
2026-01,sbi:SIOF,0.042335029999999996,0.04558439066666211,21.937333928900017
2026-01,sbi:SLMF,0.01901469,0.021405556923639806,46.71684103185481
2026-01,sbi:SLTEF,0.026402619999999998,0.02851781977325311,35.06579422799708
2026-01,sbi:SMAAF,0.005560450000000001,0.026542884364160076,37.67488063016485
2026-01,sbi:SMCF,0.021105919999999997,0.024111479584516014,41.47402055916067
2026-01,sbi:SMCOMMA,0.038912810000000006,0.040908743934791526,24.444651774055895
2026-01,sbi:SMEEF,0.0401151,0.041718059707707464,23.97043407594646
2026-01,sbi:SMGLF,0.03321628999999999,0.03443814112756824,29.037571926304853
2026-01,sbi:SMIDCAP,0.022044229999999998,0.022976615304919817,43.52251133289755
2026-01,sbi:SPSU,0.07829583,0.08323092354858026,12.014765154159553
2026-01,sbi:SQF,0.044548000000000004,0.047112734339002885,21.225683756846546
2026-01,sbi:SSCF,0.01619952,0.01982281306288669,50.4469268225231
2026-01,sbi:STOF,0.05142300000000001,0.07489753967633916,13.351573420453882
2026-01,uti:002,0.00501456,0.0345811118565073,28.91752018123226
2026-01,uti:017,0.03316903999999999,0.03585612527906859,27.889237674650836
2026-01,uti:042,0.030194049999999997,0.03219008472617978,31.06546654059326
2026-01,uti:049,0.017179960000000015,0.019344236512058938,51.694984155958466
2026-01,uti:066,0.013832050000000004,0.030116990979458223,33.20384830881897
2026-01,uti:101,0.031148709999999996,0.03225508222129893,31.00286625031984
2026-01,uti:118,0.035827170000000005,0.036695322244844224,27.251429850585446
2026-01,uti:125,0.030676709999999996,0.030793614570418987,32.474265004298054
2026-01,uti:160,0.01325271,0.013684414834833302,73.075832037372
2026-01,uti:161,0.047404619999999995,0.051781942281126626,19.311751470637244
2026-01,uti:162,0.06012639000000002,0.06528210353325287,15.318133851042777
2026-01,uti:163,0.07517670000000001,0.07927636295210547,12.614100379505887
2026-01,uti:190,0.025826909999999995,0.029790637425316818,33.56759325834953
2026-01,uti:193,0.029894749999999998,0.030544914073970638,32.738674516428475
2026-01,uti:251,0.03681667,0.038093345228388864,26.251304368374434
2026-01,uti:322,0.008944729999999996,0.02138757344235005,46.75612232007003
2026-01,uti:751,0.013532690000000005,0.0149160614765674,67.04182612621732
2026-01,uti:753,0.04516881999999999,0.04771040075882326,20.95979040408849
2026-01,uti:773,0.019569050000000008,0.04111473098451704,24.32218273242696
2026-01,uti:775,0.04427566,0.04830345520510709,20.702452769761088
2026-01,uti:783,0.02885021,0.030181286527133092,33.13311376243011
2026-01,uti:787,0.01457463,0.017008147395331855,58.79535123704685
2026-02,absl:ABSLBCF,0.021008374969269522,0.022235300631418983,44.97353179866511
2026-02,absl:ABSLCONF,0.04914203501539783,0.053690498288869015,18.62526949591223
2026-02,absl:ABSLESG,0.028702626019218528,0.029046510677917043,34.42754315960787
2026-02,absl:ABSLMAAF,0.010106474637120185,0.023230376599396,43.04708516976864
2026-02,absl:ABSLMCF,0.01527800113142099,0.016168761250504586,61.84765700395214
2026-02,absl:ABSLQF,0.030553747342572574,0.030781730169790817,32.48680286923572
2026-02,absl:ABSLSO,0.020490481421882936,0.02280233208393017,43.85516342447907
2026-02,absl:ABSLTNLF,0.04893563949273409,0.05237860385353818,19.091765080188367
2026-02,absl:ADVG,0.01911287992060993,0.01982491615658721,50.44157524306758
2026-02,absl:BDYP,0.025387375304285975,0.029043686188732033,34.43089122715994
2026-02,absl:BINFRA,0.024668530462825942,0.027845740170545644,35.9121357117944
2026-02,absl:BSL95F,0.017230174860339523,0.029776343191832963,33.583707494151916
2026-02,absl:BSLBKFS,0.06160771720234536,0.06705334844485654,14.913498329205467
2026-02,absl:BSLDAAF,0.009725475714975399,0.02099461435831191,47.63126309124574
2026-02,absl:BSLEQTY,0.02005575554358764,0.021016188349215054,47.58236761983291
2026-02,absl:BSLFEF,0.029329536723994125,0.03126906630366457,31.980488009736487
2026-02,absl:BSLMFG,0.023815031056685115,0.02433992064953899,41.08476828657782
2026-02,absl:BSLNMF,0.06968895369557888,0.08135478272724322,12.291840337803897
2026-02,absl:BSLPHF,0.04759698345182593,0.049111748695990054,20.361726604160797
2026-02,absl:BSLR96,0.030112894168048444,0.030543904160281677,32.73975699872606
2026-02,absl:BSLTA1,0.013472525134730151,0.014771186938101045,67.69936662439653
2026-02,absl:BTOP100,0.0357022408309001,0.03814594613385196,26.215105439803665
2026-02,absl:GENNEXT,0.02104218599194559,0.021357391967701613,46.82219633896692
2026-02,absl:MIDCAP,0.017336972659879473,0.017974504846701815,55.63435591292477
2026-02,absl:MNC,0.02367404035155373,0.02431104393072079,41.133568877161395
2026-02,absl:PSUEQ,0.07239431263908258,0.07572821787655516,13.205117300265847
2026-02,absl:PURE,0.018702412842605907,0.020984146243359213,47.65502434088624
2026-02,axis:AXISBCF,0.020803259999999994,0.021581684602316666,46.335585864907685
2026-02,axis:AXISCON,0.03748508999999999,0.0378095530576598,26.448342260882953
2026-02,axis:AXISDEF,0.016273629999999997,0.033126253242142384,30.187537138302897
2026-02,axis:AXISEHF,0.01637636999999999,0.030521254761266874,32.76405271742151
2026-02,axis:AXISEQF,0.03573958000000001,0.043044931632186624,23.231538814949708
2026-02,axis:AXISESG,0.031134,0.04038739940120695,24.760197854435653
2026-02,axis:AXISF25,0.038099549999999996,0.04858953189299589,20.580564599844365
2026-02,axis:AXISGOF,0.014945269999999993,0.019068776869089466,52.441748459546055
2026-02,axis:AXISIMF,0.019430679999999995,0.020891691113641492,47.86591925758645
2026-02,axis:AXISMCF,0.013452170000000005,0.01721813383463768,58.07830335180125
2026-02,axis:AXISMIF,0.03589331,0.036030094289660315,27.754576270619797
2026-02,axis:AXISMLC,0.013191639999999994,0.014878730972931334,67.21003302091327
2026-02,axis:AXISMLF,0.028460560000000003,0.034903416567636604,28.65049036280383
2026-02,axis:AXISQUA,0.03521601000000001,0.036855865673301486,27.132723156314395
2026-02,axis:AXISSCF,0.009569809999999996,0.01207885348225177,82.78931452139591
2026-02,axis:AXISSOF,0.042224540000000005,0.04593131467873989,21.771638956871996
2026-02,axis:AXISSSF,0.019279509999999996,0.027724775884860227,36.06882176984788
2026-02,axis:AXISTAF,0.015742809999999996,0.03571715978745137,27.997746907953562
2026-02,axis:AXISTSF,0.02409304,0.02571229765726386,38.89189575080602
2026-02,axis:AXISVAL,0.02022150999999999,0.021549390098159517,46.40502563854035
2026-02,dsp:Aggressive Hybrid,0.021456539999999996,0.04825790990572131,20.721991523330416
2026-02,dsp:Banking and Financial Services,0.04741418000000001,0.04969319749725155,20.123478672414034
2026-02,dsp:Business Cycle Fund,0.027631849999999996,0.031872586567295164,31.374924588834965
2026-02,dsp:DAAF,0.01651493,0.036713021155659685,27.238292260397095
2026-02,dsp:Flexi Cap,0.028907499999999985,0.03157680615289538,31.668813975611865
2026-02,dsp:Focused,0.03697339,0.04421013613070031,22.619247247817952
2026-02,dsp:HEALTHCARE,0.042363640000000015,0.06649206517721755,15.039388494473084
2026-02,dsp:Large & Mid Cap,0.02213692999999999,0.023551673116170055,42.459828440529016
2026-02,dsp:Large Cap,0.04237767,0.05298715638493644,18.872497945262204
2026-02,dsp:MIDCAP,0.01838775,0.020031197369118976,49.92212804720533
2026-02,dsp:Multi Asset,0.00397177,0.04604433426551844,21.718198687235173
2026-02,dsp:Multicap Fund,0.01898945,0.020583425310162676,48.582778858787364
2026-02,dsp:NRNEF,0.039537270000000006,0.07441676351646385,13.437832455301036
2026-02,dsp:QUANT,0.027555489999999995,0.02979400635695802,33.563797631615344
2026-02,dsp:SMALLCAP,0.01808866999999999,0.020182821607257827,49.54708610417464
2026-02,dsp:TAX,0.030423899999999993,0.031977858938667086,31.271637101094875
2026-02,dsp:TIGER,0.021486259999999997,0.02281703722859459,43.82689960933174
2026-02,dsp:VALUE,0.01166815,0.027271793846026328,36.66792164996166
2026-02,hdfc:HDFCBKGFSF,0.07765148999999999,0.08050787644815102,12.421144912995235
2026-02,hdfc:HDFCBUSICY,0.02957251000000001,0.03198818581968449,31.261541546524107
2026-02,hdfc:HDFCCB,0.02523696,0.02541965205611339,39.339641541611954
2026-02,hdfc:HDFCCS,0.04380146,0.05426866026393813,18.426841479713225
2026-02,hdfc:HDFCDFNFND,0.09931859999999999,0.10709717491095778,9.33731446073545
2026-02,hdfc:HDFCDIVYLD,0.018001359999999994,0.018426372386703166,54.27004181906254
2026-02,hdfc:HDFCEQ,0.034011730000000004,0.041591411664830276,24.04342531238488
2026-02,hdfc:HDFCGR,0.013230059999999998,0.02753244026798619,36.32079068424483
2026-02,hdfc:HDFCHOF117,0.051852040000000016,0.05396801580496028,18.52949353583773
2026-02,hdfc:HDFCINNOVF,0.028869029999999997,0.03175344114870586,31.492649735720246
2026-02,hdfc:HDFCLARGEF,0.01010741,0.010369113036895427,96.44026412305423
2026-02,hdfc:HDFCMANFFN,0.02146075,0.02190091435775298,45.66019407523035
2026-02,hdfc:HDFCMNCFND,0.04580408,0.04744065154200076,21.078968511102072
2026-02,hdfc:HDFCMULCAP,0.012307380000000001,0.012736748529684191,78.51297351670294
2026-02,hdfc:HDFCNCCFND,0.04029602,0.04256341571875368,23.49435502563283
2026-02,hdfc:HDFCPHARHC,0.050031000000000006,0.0518608133760783,19.28238172333154
2026-02,hdfc:HDFCPM,0.02087388999999999,0.04121064946126472,24.26557244481026
2026-02,hdfc:HDFCSMALLF,0.015384350000000001,0.018188076773927576,54.98107427353121
2026-02,hdfc:HDFCT2,0.039450370000000005,0.0406198040022745,24.618533362297985
2026-02,hdfc:HDFCTECHFD,0.07930111000000004,0.07998752373480549,12.501949720502019
2026-02,hdfc:HDFCTRALFD,0.049318099999999976,0.051667471601177115,19.354537178034033
2026-02,hdfc:HDFCTS,0.04035161000000004,0.04207550705818972,23.76679616996693
2026-02,hdfc:HDINFG,0.027126740000000007,0.029830815088565853,33.52238271167119
2026-02,hdfc:MIDCAP,0.020582099999999996,0.023174967247586623,43.150007044956546
2026-02,hdfc:MY2005,0.011904990000000002,0.02955235113415717,33.83825521902997
2026-02,icici:BAF,0.01291218186739179,0.029005565720122643,34.47614191183484
2026-02,icici:BANFIN SERVICES,0.07075908669283285,0.07624390246319993,13.115802938899442
2026-02,icici:BCYCLE,0.03411004239164289,0.04094797770567334,24.421230449714002
2026-02,icici:BHACON,0.03166104429182125,0.03392899558004243,29.47331575557208
2026-02,icici:BLUECHIP,0.03781401918743224,0.04451954706231362,22.462043439038336
2026-02,icici:COMFUND,0.04278265969833278,0.05334172466696972,18.747050385853388
2026-02,icici:CONGLO,0.03402498405348644,0.03601844244406214,27.763554783165148
2026-02,icici:DISCO,0.03602737934799917,0.041015511253207584,24.381019995741145
2026-02,icici:DIVYLD,0.026888975871685584,0.032235903300876,31.021311568856373
2026-02,icici:E&DF,0.018430033745865035,0.033547447066512935,29.808527546592362
2026-02,icici:ENERGY,0.03248583821086607,0.036762233245723634,27.201829478526715
2026-02,icici:ESGFUND,0.03333684072214399,0.036050295918333905,27.739023342979976
2026-02,icici:EXPORTS,0.02757811716454009,0.03234015963817543,30.921306857730098
2026-02,icici:FLEXCAP,0.03439722097082209,0.036306567055406976,27.543226504282632
2026-02,icici:FMCG,0.11912141021673413,0.13166515617999514,7.595023839359083
2026-02,icici:FOCUSED,0.038823276992417874,0.04079569992715393,24.512387378709793
2026-02,icici:HOUSING,0.04182641203501367,0.04614892338587295,21.668977879256847
2026-02,icici:INDOPP,0.024640664873818035,0.02881308891800778,34.70644896302714
2026-02,icici:INFRA,0.028045852925577496,0.03335825704633344,29.977585417938215
2026-02,icici:INNOVA,0.02122566624405797,0.024110061325742106,41.47646024161326
2026-02,icici:LARGE & MIDCAP,0.018681696861617636,0.02068777853493831,48.337717764677436
2026-02,icici:LTEF,0.03532607390343273,0.03686459249936724,27.126300121645574
2026-02,icici:MGFINDIA,0.01926752020999007,0.020914679800674046,47.81330670755818
2026-02,icici:MIDCAP,0.02412292141349814,0.02496333619911779,40.05874823876066
2026-02,icici:MNCFUND,0.03103591570872815,0.0351842983977565,28.421768957705414
2026-02,icici:MOMACT,0.022660012230656782,0.026352809910563567,37.946617586276766
2026-02,icici:MULTI,0.009867213136456733,0.02053034943285916,48.708376994279675
2026-02,icici:MULTICAP,0.01440267498234705,0.015050039210816475,66.44500961042674
2026-02,icici:PHARMA,0.04973492634947385,0.05180682949897656,19.302474397120847
2026-02,icici:PSUEQU,0.03475326294419868,0.04517834349865026,22.134499022299828
2026-02,icici:QUALITY,0.023238608672890734,0.026431626114596186,37.83346494326263
2026-02,icici:QUANT,0.02553254985998525,0.02755318021887489,36.29345113907995
2026-02,icici:RURALOPP,0.0353317343330343,0.03940452671166119,25.37779497562306
2026-02,icici:SMALL,0.012640511458491618,0.014869791628485302,67.25043800105114
2026-02,icici:TECH,0.044755979667661504,0.062238526317072794,16.067218476631695
2026-02,icici:TRANSPO,0.05236783269104285,0.05537035833405078,18.060204594793746
2026-02,icici:VARIANCE,0.033789329658593645,0.038146647470991404,26.214623467513086
2026-02,kotak:BAL,0.015572860000000001,0.02493987822606222,40.09642673214812
2026-02,kotak:BFS,0.06743044000000001,0.06910634912976173,14.470450437517533
2026-02,kotak:CMP,0.037848530000000005,0.03900213475166336,25.639622199329796
2026-02,kotak:CON,0.02248529,0.023246081958828022,43.01800199152426
2026-02,kotak:DYF,0.02420259,0.02810991253746913,35.57463932579119
2026-02,kotak:ELS,0.02859283999999999,0.02924424263727859,34.19476484322652
2026-02,kotak:EME,0.019858909999999997,0.02021717430016664,49.46289650338314
2026-02,kotak:ESG,0.03350950999999999,0.03429373045460326,29.15984895034275
2026-02,kotak:HLC,0.048320970000000005,0.04957210600761546,20.172634986425148
2026-02,kotak:K30,0.03164006000000002,0.033025498141306814,30.279634109416953
2026-02,kotak:KAM,0.021147229999999996,0.022489442907559075,44.4653077495256
2026-02,kotak:KBA,0.010410569999999997,0.021374113538700147,46.785566016077894
2026-02,kotak:KBC,0.023812920000000008,0.025183886454968336,39.7079299808675
2026-02,kotak:KEO,0.03787233,0.04316393047699911,23.16749167532074
2026-02,kotak:KFE,0.03817102,0.040585360289486574,24.639426454938846
2026-02,kotak:KIE,0.034826710000000004,0.03481974570266202,28.719336681529775
2026-02,kotak:KMI,0.024213030000000003,0.02777374363940708,36.00522900273116
2026-02,kotak:KMN,0.036130020000000006,0.0377892381246156,26.46256049678356
2026-02,kotak:KOP,0.021771350000000012,0.022253839727358418,44.93606551729679
2026-02,kotak:KPF,0.016752189999999997,0.02697173816696434,37.0758456058581
2026-02,kotak:KQT,0.025815400000000002,0.026127995336202314,38.273123794324334
2026-02,kotak:MAF,0.01296173,0.027990245751141396,35.726731693994566
2026-02,kotak:MID,0.01747987,0.01808601164791268,55.29134999287754
2026-02,kotak:MUC,0.021683809999999998,0.022308473813872253,44.826015815486315
2026-02,kotak:ROF,0.03902164999999999,0.04263380370896005,23.455566076780453
2026-02,kotak:SEF,0.028731549999999998,0.029776302490351233,33.58375340000801
2026-02,kotak:SPO,0.03303962999999999,0.03435285407258841,29.10966285034064
2026-02,kotak:TAL,0.049614210000000006,0.05024530662728374,19.90235640152287
2026-02,kotak:TCH,0.08887274999999999,0.1022924552665063,9.775892047899948
2026-02,mirae:INFRA,0.04109530452268207,0.04423436071796432,22.606860001344682
2026-02,mirae:MABAF,0.010908957015523768,0.02333708110200017,42.85026030587399
2026-02,mirae:MABFF,0.07410014251180294,0.08200467096683965,12.19442731993122
2026-02,mirae:MAEBF,0.020651494727136677,0.021115281860754728,47.3590647093667
2026-02,mirae:MAFCF,0.019507764399645855,0.020090158274945286,49.775615817179194
2026-02,mirae:MAFF,0.04222217073307902,0.04423732182997147,22.605346766776567
2026-02,mirae:MAHCF,0.05360100197833986,0.0539037941081581,18.55156982073465
2026-02,mirae:MAIPF,0.01688806173997323,0.029204111861671263,34.24175351527958
2026-02,mirae:MAMAAF,0.009960915925857763,0.02229591462256628,44.85126611437029
2026-02,mirae:MAMCF,0.02034933562780919,0.021162063572799737,47.25437084903815
2026-02,mirae:MAMPF,0.018799279994569245,0.019024968794087847,52.562504087300134
2026-02,mirae:MASCF,0.014799177784056988,0.01631396430197341,61.297179611888424
2026-02,mirae:MATSF,0.02971971497734512,0.03021193850406836,33.09949806316928
2026-02,mirae:MICCF,0.040700828119627885,0.04136594205589408,24.174476641890326
2026-02,mirae:MIIOF,0.03448972974727832,0.03505112298308196,28.529756392760014
2026-02,nippon:AM,0.027633089999999996,0.029655471892165674,33.7205896987995
2026-02,nippon:BF,0.06336596,0.06624884472714654,15.094602843545644
2026-02,nippon:EA,0.031050570000000006,0.031508921138210425,31.737043474564228
2026-02,nippon:EO,0.016523970000000006,0.016734156189326374,59.7580175950452
2026-02,nippon:GF,0.014014240000000004,0.014397507997805079,69.4564642820446
2026-02,nippon:GS,0.017181980000000003,0.017993112385223872,55.57682176326594
2026-02,nippon:IT,0.026201390000000005,0.026836293497723616,37.262970018002854
2026-02,nippon:LC,0.021421850000000003,0.02188774174580782,45.68767356694214
2026-02,nippon:LE,0.042802099999999996,0.045546923394557175,21.955379759404327
2026-02,nippon:MC,0.047065279999999994,0.051518901506429314,19.41035174973994
2026-02,nippon:ME,0.03724868,0.03981789631253332,25.114335326782044
2026-02,nippon:MF,0.007834830000000004,0.023138375419264792,43.21824596066539
2026-02,nippon:NE,0.012759490000000004,0.02597294500247233,38.50160233677049
2026-02,nippon:PH,0.05043879999999999,0.050763164437596764,19.69932353664243
2026-02,nippon:PS,0.030838090000000002,0.03131853861857133,31.929970046783023
2026-02,nippon:QP,0.03546772999999999,0.037043476126604455,26.99530671965757
2026-02,nippon:SC,0.006680150000000001,0.007259008844371209,137.75985419489072
2026-02,nippon:SE,0.025246010000000006,0.026693992241658467,37.46161274593489
2026-02,nippon:SH,0.014064120000000005,0.027129861111111122,36.859753756367255
2026-02,nippon:TS,0.027118940000000008,0.028786716865077017,34.73824419391025
2026-02,ppfas:PPDAAF,0.00334873,0.13992634993433503,7.146616777106544
2026-02,ppfas:PPFCF,0.028986979999999996,0.06658529810672238,15.018330298637517
2026-02,ppfas:PPLCF,0.03127189999999999,0.031246897482510392,32.00317729335282
2026-02,ppfas:PPTSF,0.040216900000000014,0.05209861683703186,19.194367542003473
2026-02,sbi:SBAF,0.01255586,0.026510451729114745,37.72097172157061
2026-02,sbi:SBFS,0.06346309,0.06647267979667557,15.04377442069083
2026-02,sbi:SBI-AOF,0.054441170000000004,0.05676699969570245,17.615868468660764
2026-02,sbi:SBIRIOS,0.030059560000000003,0.03711056790123458,26.946502210943866
2026-02,sbi:SBLUECHIP,0.03439959999999999,0.0378604110913628,26.41281410248957
2026-02,sbi:SCF,0.01850601,0.027663834396418157,36.148278856436384
2026-02,sbi:SCOF,0.03049708,0.032094249018642815,31.15823023056632
2026-02,sbi:SDYF,0.03309964,0.03392229500370199,29.479137537447528
2026-02,sbi:SEHF,0.018017759999999997,0.0324804069403215,30.787791601175726
2026-02,sbi:SEMVF,0.03993858000000001,0.04000255849194968,24.998401044804297
2026-02,sbi:SEOF,0.04297874,0.04820872959386241,20.743131138790947
2026-02,sbi:SFEF,0.027044309999999995,0.051865816057088246,19.280521854689585
2026-02,sbi:SFLEXI,0.024623230000000003,0.02921225257415817,34.232211208683815
2026-02,sbi:SHOF,0.04224474999999999,0.04790149448671456,20.876175382739866
2026-02,sbi:SIF,0.04237647000000001,0.047887535692774826,20.882260603584953
2026-02,sbi:SIOF,0.034856649999999996,0.03979483891707859,25.12888674040678
2026-02,sbi:SLMF,0.01834951,0.021413316887778,46.699911332782186
2026-02,sbi:SLTEF,0.026267649999999997,0.027457102383524192,36.42044910755245
2026-02,sbi:SMAAF,0.005862049999999999,0.02830322001664668,35.3316689553996
2026-02,sbi:SMCF,0.020813290000000005,0.024499744794447675,40.816751700476
2026-02,sbi:SMCOMMA,0.03780113,0.04150829884761142,24.091567897573444
2026-02,sbi:SMEEF,0.03955242999999999,0.04049445700776184,24.694737845437054
2026-02,sbi:SMGLF,0.031546010000000006,0.035347329307082655,28.290680501274164
2026-02,sbi:SMIDCAP,0.021238859999999995,0.024149644687809516,41.408476726151974
2026-02,sbi:SPSU,0.07985319999999999,0.08693581191245286,11.502739527032103
2026-02,sbi:SQF,0.04361941000000001,0.045650575284044446,21.905528983541963
2026-02,sbi:SQLF,0.030427939999999994,0.04076102216220853,24.533241487921938
2026-02,sbi:SSCF,0.015757,0.021324591545495753,46.89421590404263
2026-02,sbi:STOF,0.04771395000000001,0.06652442131577202,15.032073638841467
2026-02,uti:002,0.00489705,0.03469382217518336,28.823575417853622
2026-02,uti:017,0.0345153,0.03592379886910804,27.836699666524694
2026-02,uti:042,0.02996318,0.031937357067249234,31.31129472906413
2026-02,uti:049,0.017151539999999993,0.01933685088863284,51.71472882318442
2026-02,uti:066,0.013163999999999995,0.028704763612651906,34.83742327560016
2026-02,uti:101,0.031756579999999986,0.034907527519789185,28.647116282672755
2026-02,uti:118,0.03563345000000001,0.03694421562318213,27.067836821862574
2026-02,uti:125,0.028842959999999994,0.02914528285322519,34.31086961948427
2026-02,uti:160,0.01329429,0.013749695166061589,72.72888510781699
2026-02,uti:161,0.04638220000000003,0.051588326793857324,19.384230157258582
2026-02,uti:162,0.05530466999999999,0.061864105656759795,16.16446224161541
2026-02,uti:163,0.07475641999999999,0.07994578056206415,12.508477532765747
2026-02,uti:190,0.024534749999999998,0.028422136240184664,35.18384373184972
2026-02,uti:193,0.02872133,0.029263092556679,34.1727381705513
2026-02,uti:251,0.03694899,0.038261382588362466,26.136013190076376
2026-02,uti:322,0.0088882,0.020985471429612986,47.65201503116492
2026-02,uti:751,0.013202110000000001,0.014643787187680337,68.28834557506336
2026-02,uti:753,0.043697630000000015,0.045920153972216805,21.7769304651076
2026-02,uti:773,0.019838809999999995,0.0410365799965824,24.368502445459196
2026-02,uti:775,0.046381780000000004,0.048195822565544506,20.748686229808353
2026-02,uti:783,0.027097870000000007,0.028853464531582402,34.65788307346665
2026-02,uti:787,0.016869589999999997,0.01923485709904054,51.98894875334849
2026-03,absl:ABSLBCF,0.020571174680845943,0.021700977441746563,46.080873669601715
2026-03,absl:ABSLCONF,0.05088687953523205,0.05160847254084093,19.37666338039048
2026-03,absl:ABSLESG,0.028090876191674725,0.028825117990575813,34.691965539462615
2026-03,absl:ABSLMAAF,0.00999215621829212,0.02297616415808699,43.5233659160651
2026-03,absl:ABSLMCF,0.01556978756924566,0.016357403803775872,61.13439589778693
2026-03,absl:ABSLQF,0.03021880606001781,0.030726688892003366,32.544997071267595
2026-03,absl:ABSLSO,0.020551997304077883,0.023093431138811966,43.302357020449435
2026-03,absl:ABSLTNLF,0.04977387232334272,0.05069230651947123,19.726859333494595
2026-03,absl:ADVG,0.0186766097834362,0.019309465095684413,51.788073623204404
2026-03,absl:BDYP,0.02672183455081983,0.03035748395028652,32.94080634737721
2026-03,absl:BINFRA,0.024918621998651354,0.02709320814660809,36.909619362489344
2026-03,absl:BSL95F,0.015929032900056084,0.02921671485105529,34.226982913648165
2026-03,absl:BSLBKFS,0.06150340475156976,0.06542786443659676,15.284007946936057
2026-03,absl:BSLDAAF,0.009845397002323151,0.019513914241933758,51.24548502171257
2026-03,absl:BSLEQTY,0.019802825952856287,0.020187955472100005,49.534486113861895
2026-03,absl:BSLFEF,0.029734227722837164,0.03065369157431716,32.6224982585079
2026-03,absl:BSLMFG,0.023788577110102887,0.024099522023769113,41.49459889759267
2026-03,absl:BSLNMF,0.07216931266969495,0.08256030076993878,12.112358974885327
2026-03,absl:BSLPHF,0.0464909218568613,0.04875502467071759,20.510706470847158
2026-03,absl:BSLR96,0.029086805087213202,0.02973601795291086,33.629250613971664
2026-03,absl:BSLTA1,0.013372120814765296,0.01541773598700435,64.86036606431078
2026-03,absl:BTOP100,0.03737834711299952,0.03949981045434669,25.316577180940794
2026-03,absl:GENNEXT,0.021641972680570207,0.021970705750462727,45.5151514638504
2026-03,absl:MIDCAP,0.017230838644264584,0.018202721996510175,54.93683857786324
2026-03,absl:MNC,0.02237330696019865,0.023164496992654177,43.16951066613342
2026-03,absl:PSUEQ,0.06813717747059,0.07231316367937142,13.828740842177636
2026-03,absl:PURE,0.020611322744435685,0.02164804239506044,46.19355328998136
2026-03,axis:AXISBCF,0.016863340000000004,0.018700886073433853,53.47340206625729
2026-03,axis:AXISCON,0.036582739999999996,0.03801353130478063,26.30642209960217
2026-03,axis:AXISDEF,0.01592598,0.03428048853567411,29.17111286087264
2026-03,axis:AXISEHF,0.015483260000000006,0.030084282764115275,33.239948176288465
2026-03,axis:AXISEQF,0.033976160000000005,0.04371506516776954,22.87540911038799
2026-03,axis:AXISESG,0.030333899999999994,0.04145622558558649,24.12182937241832
2026-03,axis:AXISF25,0.034933099999999995,0.044440780034530704,22.501855260483616
2026-03,axis:AXISGOF,0.01425684,0.018905303166122843,52.89521100047416
2026-03,axis:AXISIMF,0.01947926000000001,0.023337819284997886,42.848904937867275
2026-03,axis:AXISMCF,0.01312665,0.017378584736482617,57.54208499502921
2026-03,axis:AXISMIF,0.03459635999999999,0.0350434811780905,28.535977773384253
2026-03,axis:AXISMLC,0.012473689999999999,0.014198344603070425,70.43074583383105
2026-03,axis:AXISMLF,0.02524168,0.03128759312335549,31.961550895186065
2026-03,axis:AXISQUA,0.016301069999999997,0.025148753210517443,39.76340264780167
2026-03,axis:AXISSCF,0.009248160000000004,0.011991360768213858,83.39337122195118
2026-03,axis:AXISSOF,0.03994021000000001,0.04350995795973187,22.98324445464857
2026-03,axis:AXISSSF,0.018853059999999998,0.027619223750657843,36.20666565533659
2026-03,axis:AXISTAF,0.015209789999999999,0.03425970280953037,29.188811285362927
2026-03,axis:AXISTSF,0.023849110000000007,0.0261113306722285,38.29755030690873
2026-03,axis:AXISVAL,0.01955482000000001,0.022677567276165187,44.096440672938954
2026-03,dsp:Aggressive Hybrid,0.023754450000000003,0.04710922439802268,21.227265207150662
2026-03,dsp:Banking and Financial Services,0.04605294,0.04864426884567812,20.557406324113074
2026-03,dsp:Business Cycle Fund,0.02742118,0.030078856303230258,33.2459449228662
2026-03,dsp:DAAF,0.018338360000000012,0.04303285920679551,23.238056183868107
2026-03,dsp:Flexi Cap,0.0283016,0.031293198481646974,31.95582581903496
2026-03,dsp:Focused,0.03651332,0.04578765538611246,21.83994772318705
2026-03,dsp:HEALTHCARE,0.043554829999999996,0.06879194787225779,14.536585035459899
2026-03,dsp:Large & Mid Cap,0.022845219999999996,0.024061394524119577,41.56035091804766
2026-03,dsp:Large Cap,0.04196932,0.05167608055856482,19.351312816123773
2026-03,dsp:MIDCAP,0.01831507,0.019860707947871436,50.350672424402404
2026-03,dsp:Multi Asset,0.0036938900000000005,0.03734587669124285,26.77671776907269
2026-03,dsp:Multicap Fund,0.021290540000000004,0.022387174865289208,44.66843208298143
2026-03,dsp:NRNEF,0.03236731,0.07532882882096632,13.275130061781464
2026-03,dsp:QUANT,0.027128009999999998,0.02913756960944876,34.319952329713836
2026-03,dsp:SMALLCAP,0.017645280000000006,0.020218495157331907,49.459665134245476
2026-03,dsp:TAX,0.031875049999999995,0.03233254221601431,30.92859179828736
2026-03,dsp:TIGER,0.020563570000000003,0.022703790739011367,44.04550814863372
2026-03,dsp:VALUE,0.010895599999999997,0.0258998508041562,38.61026102279817
2026-03,hdfc:HDFCBKGFSF,0.07542435999999998,0.07692469619765112,12.999726348357484
2026-03,hdfc:HDFCBUSICY,0.02875697999999999,0.03407927862280983,29.343344120279685
2026-03,hdfc:HDFCCB,0.02447973000000001,0.024592726446129316,40.66242928332948
2026-03,hdfc:HDFCCS,0.04335373,0.051232462500916294,19.51887438520284
2026-03,hdfc:HDFCDFNFND,0.09823819,0.10639567284811569,9.398878480965502
2026-03,hdfc:HDFCDIVYLD,0.01769080999999999,0.018046359188263566,55.41283920860609
2026-03,hdfc:HDFCEQ,0.03324073999999999,0.03838350120776009,26.052860435718344
2026-03,hdfc:HDFCGR,0.012728380000000004,0.027349519605676782,36.56371352835155
2026-03,hdfc:HDFCHOF117,0.05127397000000001,0.053837676548732664,18.5743528343914
2026-03,hdfc:HDFCINNOVF,0.029278509999999997,0.03130445915261038,31.944330841972494
2026-03,hdfc:HDFCLARGEF,0.009782370000000006,0.010060096984840134,99.40262022393327
2026-03,hdfc:HDFCMANFFN,0.021825909999999997,0.021917868389436018,45.624874747490516
2026-03,hdfc:HDFCMNCFND,0.044703860000000005,0.049304739671173964,20.282025757954674
2026-03,hdfc:HDFCMULCAP,0.01267114,0.013225977147901686,75.6087802676002
2026-03,hdfc:HDFCNCCFND,0.04142238000000001,0.04325383563877024,23.119336938147924
2026-03,hdfc:HDFCPHARHC,0.05054486000000001,0.05207486966256093,19.20312055469141
2026-03,hdfc:HDFCPM,0.019254020000000004,0.040254223113953436,24.84211401047676
2026-03,hdfc:HDFCSMALLF,0.01507297,0.018720761017527617,53.41663189139233
2026-03,hdfc:HDFCT2,0.038898829999999975,0.041797661235540115,23.92478359888975
2026-03,hdfc:HDFCTECHFD,0.08125219999999997,0.08263463110295909,12.101463837286868
2026-03,hdfc:HDFCTRALFD,0.04837987,0.04919308632121553,20.328059790156516
2026-03,hdfc:HDFCTS,0.038861730000000004,0.040242061273546154,24.849621722964972
2026-03,hdfc:HDINFG,0.025160400000000003,0.028114817480076354,35.56843293429356
2026-03,hdfc:MIDCAP,0.01968307,0.023079108954687053,43.32922912939902
2026-03,hdfc:MY2005,0.013118820000000003,0.03026321957276301,33.043410916530604
2026-03,icici:BAF,0.012715643129181806,0.026452364585180032,37.80380376884156
2026-03,icici:BANFIN SERVICES,0.07109161186125004,0.07496290041868953,13.339932078597682
2026-03,icici:BCYCLE,0.03496896998357427,0.04025747145934454,24.840109518797924
2026-03,icici:BHACON,0.03444711042803773,0.03591088541959218,27.846709662425152
2026-03,icici:BLUECHIP,0.03717790758756864,0.04174052123133942,23.957535040295202
2026-03,icici:COMFUND,0.0425920584038079,0.05249656589956855,19.048865061251917
2026-03,icici:CONGLO,0.03608952096940537,0.03759484489463142,26.599391560272164
2026-03,icici:DISCO,0.03846358069753802,0.04244761078497074,23.55845197190854
2026-03,icici:DIVYLD,0.028191326027406198,0.03237372584736604,30.88924656725482
2026-03,icici:E&DF,0.018728267382407866,0.03338218749259315,29.956095604036744
2026-03,icici:ENERGY,0.03307358481541865,0.0383354854727476,26.085492010030556
2026-03,icici:ESGFUND,0.032327272993509626,0.03615824289791919,27.656211138997225
2026-03,icici:EXPORTS,0.02923323680377394,0.03146404994826089,31.782303983256707
2026-03,icici:FLEXCAP,0.03300077668638081,0.03565574820581633,28.045968751733426
2026-03,icici:FMCG,0.12684324455507995,0.13143227610516778,7.608481186157294
2026-03,icici:FOCUSED,0.0363672837434795,0.038496276146279505,25.97653851505441
2026-03,icici:HOUSING,0.03763392961961522,0.042631588062821614,23.456785107944064
2026-03,icici:INDOPP,0.025198550385599778,0.02849419144272087,35.09487194996228
2026-03,icici:INFRA,0.030328616248956653,0.03401529050662383,29.39854356984748
2026-03,icici:INNOVA,0.021693746552055946,0.023752719936108217,42.10044166267578
2026-03,icici:LARGE & MIDCAP,0.01924303807372843,0.021654645933830055,46.17946666298275
2026-03,icici:LTEF,0.03495718761099797,0.03751357103426281,26.657019644614895
2026-03,icici:MGFINDIA,0.019023493971452095,0.02071261298751265,48.27976077199368
2026-03,icici:MIDCAP,0.024641365751157985,0.02546756279219828,39.265634020792106
2026-03,icici:MNCFUND,0.03195228230021757,0.03501942840731448,28.555577446007966
2026-03,icici:MOMACT,0.021787319606440477,0.025207912087899968,39.67008439703379
2026-03,icici:MULTI,0.010423072449766627,0.021262246381572227,47.03171913512816
2026-03,icici:MULTICAP,0.014470158202247016,0.015020421383444537,66.57602835977671
2026-03,icici:PHARMA,0.05024844963983555,0.05273015447906944,18.964480758290538
2026-03,icici:PSUEQU,0.0495560273967683,0.05578253266990632,17.926758648939618
2026-03,icici:QUALITY,0.02483901809633682,0.02742373054571762,36.4647690194052
2026-03,icici:QUANT,0.02528290548046085,0.02804436830715732,35.657783018945224
2026-03,icici:RURALOPP,0.038815529707455734,0.04164903646680851,24.01015929376741
2026-03,icici:SMALL,0.01219349514972794,0.013962451409291882,71.62066106346549
2026-03,icici:TECH,0.06261101826870157,0.07136885601522434,14.011714014116757
2026-03,icici:TRANSPO,0.05305107662223052,0.05760879138867672,17.358461719031215
2026-03,icici:VARIANCE,0.0404307863284074,0.04333580446338733,23.075607165545055
2026-03,kotak:BAL,0.015353850000000002,0.024165271295121506,41.38169970398306
2026-03,kotak:BFS,0.062137689999999995,0.06671300032087632,14.98958216824604
2026-03,kotak:CMP,0.03929935999999999,0.039823292761823365,25.110932086425834
2026-03,kotak:CON,0.022231450000000003,0.02300236006617834,43.47379995456884
2026-03,kotak:DYF,0.023620849999999995,0.026921204140532787,37.14544099810126
2026-03,kotak:ELS,0.0277967,0.02830387717510064,35.33084862591601
2026-03,kotak:EME,0.0199301,0.02023652633858519,49.41559550629447
2026-03,kotak:ESG,0.032540139999999995,0.0339511143617604,29.454114210940705
2026-03,kotak:HLC,0.05213168999999999,0.05281606739731756,18.933632306951885
2026-03,kotak:K30,0.03088179,0.03285540602613864,30.43639147860277
2026-03,kotak:KAM,0.02055886,0.0224478707734572,44.54765487969663
2026-03,kotak:KBA,0.009551820000000006,0.021214904906483426,47.13667133593386
2026-03,kotak:KBC,0.025509809999999997,0.025607024250795474,39.05178478397135
2026-03,kotak:KEO,0.04110608,0.045279598387288955,22.085001537485443
2026-03,kotak:KFE,0.03618111,0.0393327312283532,25.42411799969652
2026-03,kotak:KIE,0.03389249999999999,0.03378430374021373,29.5995444419857
2026-03,kotak:KMI,0.023853909999999996,0.02730329685405747,36.62561357865443
2026-03,kotak:KMN,0.03649357000000001,0.037866814181646995,26.408347826754135
2026-03,kotak:KOP,0.020801320000000005,0.021694422083920716,46.0947978301377
2026-03,kotak:KPF,0.016826099999999997,0.027221834337565948,36.73521731120106
2026-03,kotak:KQT,0.020228819999999995,0.0227965299471243,43.86632537142551
2026-03,kotak:MAF,0.013206030000000004,0.026577691642763874,37.62553999953052
2026-03,kotak:MID,0.01814154,0.01851736775526617,54.003355834179466
2026-03,kotak:MUC,0.020259669999999997,0.02116841104633325,47.24020134582647
2026-03,kotak:ROF,0.04056459000000001,0.04303264973654344,23.23816929987459
2026-03,kotak:SEF,0.028014039999999994,0.02906228041742893,34.40886212770455
2026-03,kotak:SPO,0.033533549999999995,0.03459776871627029,28.903598038382462
2026-03,kotak:SRF,0.04670075000000001,0.08951351794378905,11.171497031632256
2026-03,kotak:TAL,0.048832850000000004,0.04919622859523528,20.3267613911537
2026-03,kotak:TCH,0.09387565,0.10256552542373361,9.749864741282751
2026-03,mirae:INFRA,0.040904257597904135,0.04195237143612646,23.836554782666465
2026-03,mirae:MABAF,0.010096198236761902,0.022172120081163885,45.10168609674546
2026-03,mirae:MABFF,0.07057517692418477,0.07708015314735907,12.973508214082502
2026-03,mirae:MAEBF,0.01970985400659147,0.020493825667762568,48.79518427703967
2026-03,mirae:MAFCF,0.018606868745004015,0.019281969805285654,51.86192127143959
2026-03,mirae:MAFF,0.043401478557593444,0.04511514122013539,22.165507476095165
2026-03,mirae:MAHCF,0.05325650171121342,0.05333707798242431,18.748683614230256
2026-03,mirae:MAIPF,0.01635988429213207,0.02815979028166545,35.511628105096
2026-03,mirae:MAMAAF,0.009710220460050548,0.022099921994142496,45.2490284927271
2026-03,mirae:MAMCF,0.02093837386041325,0.021650188047892868,46.18897525452793
2026-03,mirae:MAMPF,0.018663400101919643,0.01896592349640173,52.72614329535405
2026-03,mirae:MASCF,0.014741678484704967,0.016135105543943352,61.97666307645386
2026-03,mirae:MATSF,0.028788071124014405,0.029401178306353543,34.012242284313544
2026-03,mirae:MICCF,0.04043072739438442,0.040817542389795215,24.499270202265038
2026-03,mirae:MIIOF,0.03490604917597305,0.03531081126422526,28.319938404052998
2026-03,nippon:AM,0.024042690000000005,0.02872339704909196,34.81482354927838
2026-03,nippon:BF,0.06247981999999999,0.06429277069341022,15.5538482665283
2026-03,nippon:EA,0.03024342,0.03298090935358448,30.320570887816245
2026-03,nippon:EO,0.01578771,0.01663841888022669,60.1018646782846
2026-03,nippon:GF,0.014091069999999999,0.014455918740884746,69.17581773421044
2026-03,nippon:GS,0.017117820000000002,0.01805873499161765,55.37486432267662
2026-03,nippon:IT,0.025730369999999995,0.026622610552887598,37.56205643370071
2026-03,nippon:LC,0.021314680000000003,0.022311776327108474,44.81938082110544
2026-03,nippon:LE,0.04222049,0.044349697232794846,22.54806824837892
2026-03,nippon:MC,0.04605134000000001,0.05115556901199776,19.548213797904687
2026-03,nippon:ME,0.038459920000000015,0.03850611347396792,25.96990217348345
2026-03,nippon:MF,0.006969870000000005,0.021965706449046867,45.52551051884752
2026-03,nippon:NE,0.013019630000000003,0.029064107577400047,34.406698961491244
2026-03,nippon:PH,0.052759249999999994,0.05334442500621189,18.74610139454219
2026-03,nippon:PS,0.03168886999999999,0.03209195490207608,31.160457599150757
2026-03,nippon:QP,0.03443045999999999,0.03773585526038902,26.499995643392527
2026-03,nippon:SC,0.00637075,0.006911266241068856,144.69128595534266
2026-03,nippon:SE,0.023201429999999995,0.026241090610228213,38.10817221179906
2026-03,nippon:SH,0.013771589999999998,0.027265373653155452,36.676555866098276
2026-03,nippon:TS,0.027510439999999997,0.027720717163285124,36.07410277698213
2026-03,ppfas:PPDAAF,0.0032008100000000005,0.14321137347456966,6.982685632699222
2026-03,ppfas:PPFCF,0.030058610000000006,0.06746310931560273,14.822915963179925
2026-03,ppfas:PPLCF,0.028825579999999996,0.03043503839605071,32.85686671352323
2026-03,ppfas:PPTSF,0.041054810000000004,0.052643441989960314,18.99571840668608
2026-03,sbi:SBAF,0.012699539999999995,0.026367505751231222,37.92546816656351
2026-03,sbi:SBFS,0.056468720000000014,0.06909889184744304,14.47201211573416
2026-03,sbi:SBI-AOF,0.04861423999999999,0.04954123780699894,20.185204170629845
2026-03,sbi:SBIRIOS,0.03170601,0.03728941311603004,26.81726303625085
2026-03,sbi:SBLUECHIP,0.037649900000000014,0.040447272172856055,24.72354614487685
2026-03,sbi:SCF,0.018421649999999998,0.027457100595221676,36.420451479644896
2026-03,sbi:SCOF,0.02863429000000001,0.030679074555599612,32.595507344515966
2026-03,sbi:SDYF,0.030742679999999984,0.03317798525868952,30.14046790975934
2026-03,sbi:SEHF,0.01731123,0.030457933904856713,32.83216790488023
2026-03,sbi:SEMVF,0.03965334999999998,0.041145495936128214,24.303996761938166
2026-03,sbi:SEOF,0.04426361000000001,0.04940894652051701,20.23924957770049
2026-03,sbi:SFEF,0.030354950000000002,0.05029204308650935,19.883861116555956
2026-03,sbi:SFLEXI,0.02238866,0.02540282048773067,39.36570746083061
2026-03,sbi:SHOF,0.04449230999999999,0.04910235262882765,20.36562295821457
2026-03,sbi:SIF,0.04409047,0.053207841721669154,18.79422219813034
2026-03,sbi:SIOF,0.03375819,0.038132231075049615,26.22453425376183
2026-03,sbi:SLMF,0.01886369000000001,0.021824333465005737,45.82041424556913
2026-03,sbi:SLTEF,0.028310679999999987,0.029977575914084433,33.358267621971656
2026-03,sbi:SMAAF,0.004915249999999998,0.025703168137390053,38.90570978078432
2026-03,sbi:SMCF,0.021789119999999995,0.02523604472596092,39.62586098015892
2026-03,sbi:SMCOMMA,0.03680370000000001,0.041598869962753325,24.039114545548404
2026-03,sbi:SMEEF,0.03750419,0.038631611472364456,25.885536789356067
2026-03,sbi:SMGLF,0.03152384,0.03257057893475028,30.70255527245411
2026-03,sbi:SMIDCAP,0.020413539999999997,0.02315192674326687,43.19294938555486
2026-03,sbi:SPSU,0.07852799,0.08677397411183108,11.524192711414106
2026-03,sbi:SQF,0.04279241999999999,0.04551783883524492,21.969408600869027
2026-03,sbi:SQLF,0.030462890000000006,0.03356284535202382,29.794851703170647
2026-03,sbi:SSCF,0.01646663,0.021172202637819746,47.23174140671163
2026-03,sbi:STOF,0.04675649,0.06972365721593146,14.342334294126868
2026-03,uti:002,0.00490358,0.03439135552822464,29.077074300816957
2026-03,uti:017,0.033697899999999996,0.03612671184280828,27.680349220574563
2026-03,uti:042,0.029480859999999994,0.03156649088170474,31.679162683856585
2026-03,uti:049,0.017312610000000003,0.019130554238663527,52.27240086849991
2026-03,uti:066,0.01299967,0.027728838098701334,36.06353776672793
2026-03,uti:101,0.03147524,0.03523072856344881,28.384312240351463
2026-03,uti:118,0.03601067999999999,0.03699551693894206,27.03030212148176
2026-03,uti:125,0.02787216,0.028507144091494647,35.07892606816264
2026-03,uti:160,0.013018310000000005,0.013502683529621152,74.0593525580509
2026-03,uti:161,0.05175982,0.05503366017515311,18.170697656985666
2026-03,uti:162,0.05751271000000001,0.06501989027633283,15.379909067056653
2026-03,uti:163,0.07403927000000002,0.08002068756194873,12.49676840411851
2026-03,uti:190,0.023551410000000002,0.027412658053756582,36.47949783049082
2026-03,uti:193,0.028047440000000007,0.028593805867507382,34.972609264874094
2026-03,uti:251,0.04350947,0.045853945069719244,21.80837436080007
2026-03,uti:322,0.008981910000000003,0.02146319625943067,46.59138312452471
2026-03,uti:751,0.01313839,0.014790383384108804,67.61149958252113
2026-03,uti:753,0.04314226,0.044629205146046756,22.406852121330683
2026-03,uti:773,0.01956264,0.04306333594554854,23.22161017122432
2026-03,uti:775,0.0474963,0.050583890065721566,19.76913991195104
2026-03,uti:783,0.02128912,0.022673060968453434,44.10520491218048
2026-03,uti:787,0.01688916,0.019024876674593454,52.56275859782251
2026-04,absl:ABSLBCF,0.01936115087491102,0.02019805337540183,49.509721625839866
2026-04,absl:ABSLCONF,0.04057587712456473,0.041278579203196636,24.225640012400415
2026-04,absl:ABSLESG,0.02753981254996219,0.02790403410799947,35.83711215839297
2026-04,absl:ABSLMAAF,0.0098603354038671,0.021912018746346146,45.63705478605211
2026-04,absl:ABSLMCF,0.01430088609061762,0.015797043165310165,63.30298585218594
2026-04,absl:ABSLQF,0.026973878381787827,0.027089980732390398,36.914016657248496
2026-04,absl:ABSLSO,0.019668263914281225,0.021825629137882493,45.81769412842774
2026-04,absl:ABSLTNLF,0.048806013427228234,0.049669122175752284,20.1332328053139
2026-04,absl:ADVG,0.0178565504983017,0.019391971441230674,51.56773270993106
2026-04,absl:BDYP,0.025865507302343375,0.029343205704787115,34.07943937893799
2026-04,absl:BINFRA,0.022404639885778052,0.024377285976446228,41.02179385212193
2026-04,absl:BSL95F,0.015912425549912335,0.027608240737768328,36.22106926327945
2026-04,absl:BSLBKFS,0.0578396990104312,0.059753062026986076,16.735544021967833
2026-04,absl:BSLDAAF,0.010855888744114061,0.018726721214300513,53.39963085670106
2026-04,absl:BSLEQTY,0.018660491006770294,0.019188581381190613,52.11432675165025
2026-04,absl:BSLFEF,0.028461776378566478,0.029635594649386733,33.74320683727848
2026-04,absl:BSLMFG,0.022097747442169923,0.022809451030247844,43.84147600369206
2026-04,absl:BSLNMF,0.06341035122197479,0.07452687216922725,13.417978923485643
2026-04,absl:BSLPHF,0.045238771194342484,0.04652672775941207,21.49302235848095
2026-04,absl:BSLR96,0.02737977212104893,0.028507755909577253,35.07817322317003
2026-04,absl:BSLTA1,0.013320485379705288,0.015252870555071333,65.56142965938409
2026-04,absl:BTOP100,0.034405156123664266,0.03769260401089548,26.530403675769882
2026-04,absl:GENNEXT,0.022390339508640424,0.0228238657378395,43.81378735251269
2026-04,absl:MIDCAP,0.016971662936651907,0.01801952861049532,55.49534738758696
2026-04,absl:MNC,0.021394223880830513,0.02191392675829901,45.63308123776998
2026-04,absl:PSUEQ,0.06629491903334168,0.06859371140554887,14.578595902001378
2026-04,absl:PURE,0.019490499192298914,0.021266239026381955,47.02288913236818
2026-04,axis:AXISBCF,0.016778469999999993,0.018202012838015365,54.9389789414649
2026-04,axis:AXISCON,0.03539756999999999,0.03592008911959691,27.839574580967014
2026-04,axis:AXISDEF,0.01666814,0.03143299694701943,31.81370206873713
2026-04,axis:AXISEHF,0.015954009999999998,0.028690728366931883,34.85446542906772
2026-04,axis:AXISEQF,0.032581969999999995,0.04244924582947368,23.557544556084256
2026-04,axis:AXISESG,0.026762949999999997,0.03597624028565428,27.796122998398904
2026-04,axis:AXISF25,0.03721294000000001,0.043360760430555936,23.062326169337865
2026-04,axis:AXISGOF,0.014108910000000004,0.0179529566929397,55.70113141270299
2026-04,axis:AXISIMF,0.020257039999999987,0.020912659400771565,47.81792601485707
2026-04,axis:AXISMCF,0.014042830000000004,0.017534994024631535,57.028818977371344
2026-04,axis:AXISMIF,0.029723200000000012,0.041627674101046945,24.02248075577323
2026-04,axis:AXISMLC,0.012790750000000004,0.013535494424682154,73.8798280007036
2026-04,axis:AXISMLF,0.025656199999999997,0.030102373554121167,33.21997178070016
2026-04,axis:AXISQUA,0.028723449999999998,0.04023703603756167,24.852725212326526
2026-04,axis:AXISSCF,0.008844910000000001,0.011331314942338789,88.25101103346435
2026-04,axis:AXISSOF,0.03962201000000001,0.042574734290239176,23.48810900809928
2026-04,axis:AXISSSF,0.01919693,0.029165459917370472,34.28713289051946
2026-04,axis:AXISTAF,0.012150610000000006,0.025782023405294823,38.786715234872965
2026-04,axis:AXISTSF,0.024029779999999994,0.025257147018206198,39.59275365816917
2026-04,axis:AXISVAL,0.0185033,0.02087857251599792,47.895994768500756
2026-04,dsp:Aggressive Hybrid,0.02343801999999999,0.0472369910751628,21.169849671601963
2026-04,dsp:Banking and Financial Services,0.04387401000000001,0.0483793201598866,20.669988678946826
2026-04,dsp:Business Cycle Fund,0.02904821999999999,0.03570314305239404,28.008738573310172
2026-04,dsp:DAAF,0.02028894,0.04585164029536058,21.80947057855165
2026-04,dsp:Flexi Cap,0.028233019999999994,0.033825572358997795,29.56343175473258
2026-04,dsp:Focused,0.03789146,0.04482624295223514,22.308360775752625
2026-04,dsp:HEALTHCARE,0.04198724999999999,0.06621616121112953,15.102053361437106
2026-04,dsp:Large & Mid Cap,0.02260711,0.02529913844693948,39.527037732819444
2026-04,dsp:Large Cap,0.042848559999999994,0.05187995545898633,19.275267126829927
2026-04,dsp:MIDCAP,0.017663340000000007,0.019530429532917386,51.202150895583685
2026-04,dsp:Multi Asset,0.0076558699999999995,0.04601369820283286,21.732658731143555
2026-04,dsp:Multicap Fund,0.019601789999999994,0.02229296838557772,44.85719365425302
2026-04,dsp:NRNEF,0.03672693,0.06796601104487258,14.713236581440377
2026-04,dsp:QUANT,0.02628664,0.029101958842068294,34.36194812269652
2026-04,dsp:SMALLCAP,0.016402379999999998,0.019531549926543455,51.19921377263542
2026-04,dsp:TAX,0.030816119999999992,0.03475722193067496,28.77099907451035
2026-04,dsp:TIGER,0.018140130000000004,0.02209470127916076,45.25972029968915
2026-04,dsp:VALUE,0.011032489999999999,0.02634697399744152,37.9550228461571
2026-04,hdfc:HDFCBKGFSF,0.06849265000000002,0.07075254208882537,14.133767783842494
2026-04,hdfc:HDFCBUSICY,0.026059299999999994,0.03256154159225168,30.711076659772132
2026-04,hdfc:HDFCCB,0.02272621,0.02396063281000581,41.73512477443443
2026-04,hdfc:HDFCCS,0.04201716,0.05105292288383115,19.58751710015623
2026-04,hdfc:HDFCDFNFND,0.09373944999999997,0.09746530595816895,10.260061158882415
2026-04,hdfc:HDFCDIVYLD,0.016848909999999988,0.017404834152654747,57.45530185632195
2026-04,hdfc:HDFCEQ,0.032357719999999986,0.037508828410567054,26.660390163460242
2026-04,hdfc:HDFCGR,0.012725740000000011,0.026164904854928877,38.219133818544066
2026-04,hdfc:HDFCHOF117,0.04768150000000001,0.051651616818069304,19.360478172876277
2026-04,hdfc:HDFCINNOVF,0.02935899,0.03148158924744073,31.764597147245166
2026-04,hdfc:HDFCLARGEF,0.00929164,0.00964324665947984,103.69951483268814
2026-04,hdfc:HDFCMANFFN,0.020589030000000015,0.021182155562515566,47.20954848285711
2026-04,hdfc:HDFCMNCFND,0.03990210999999999,0.05196252400486315,19.244638692039103
2026-04,hdfc:HDFCMULCAP,0.012215179999999999,0.013084761309833982,76.42477965940732
2026-04,hdfc:HDFCNCCFND,0.039009590000000004,0.04114537698352785,24.304067025569854
2026-04,hdfc:HDFCPHARHC,0.045076,0.047612357918686364,21.002950572366657
2026-04,hdfc:HDFCPM,0.019494560000000005,0.03915581727778037,25.53898933856418
2026-04,hdfc:HDFCSMALLF,0.014541450000000001,0.01777422084345181,56.26125661471172
2026-04,hdfc:HDFCT2,0.03837355000000001,0.041284574474866484,24.222122008518873
2026-04,hdfc:HDFCTECHFD,0.07663734999999999,0.07855799155367832,12.729449674342865
2026-04,hdfc:HDFCTRALFD,0.04837971000000001,0.04891630968820219,20.443079340492105
2026-04,hdfc:HDFCTS,0.037228309999999994,0.03991984614581052,25.050196745433784
2026-04,hdfc:HDINFG,0.024019569999999987,0.025713518760526237,38.890048822689195
2026-04,hdfc:MIDCAP,0.019812720000000002,0.022682585083277987,44.086685725130074
2026-04,hdfc:MY2005,0.014015340000000008,0.03027436397512825,33.031247190578306
2026-04,icici:BAF,0.012406069409350079,0.026501957383432848,37.73306195960942
2026-04,icici:BANFIN SERVICES,0.06195434550475539,0.06769390541056607,14.772378605355424
2026-04,icici:BCYCLE,0.03476244649706436,0.0397684233971505,25.145578189344373
2026-04,icici:BHACON,0.033696528373451544,0.03627213072502748,27.569375716602387
2026-04,icici:BLUECHIP,0.03541027426434182,0.04010132770925232,24.936830202987927
2026-04,icici:COMFUND,0.03450030016157357,0.04276625983812195,23.38291924019499
2026-04,icici:CONGLO,0.03446963265217519,0.03660534645756894,27.31841375027414
2026-04,icici:DISCO,0.036542988617385835,0.04159396894878458,24.041947072454626
2026-04,icici:DIVYLD,0.02731000954674592,0.031180279945509558,32.071552973468904
2026-04,icici:E&DF,0.01816894360547287,0.03251395794801105,30.756021816813977
2026-04,icici:ENERGY,0.03233726701641744,0.03671227184120738,27.238848206543253
2026-04,icici:ESGFUND,0.03219215423001797,0.0336904127444518,29.682034695899706
2026-04,icici:EXPORTS,0.02532713226907634,0.030469572478068016,32.819626882516964
2026-04,icici:FLEXCAP,0.030644807637212106,0.03318574671871587,30.133418677483817
2026-04,icici:FMCG,0.09245807630425795,0.11125593297704849,8.988284698545423
2026-04,icici:FOCUSED,0.03627782738412641,0.03854212038885383,25.94564050734465
2026-04,icici:HOUSING,0.03832048489959499,0.040501780787147786,24.69027239210491
2026-04,icici:INDOPP,0.023942927089829615,0.02775279085724744,36.03241220472994
2026-04,icici:INFRA,0.030181445305064575,0.03366990627145572,29.70011237743683
2026-04,icici:INNOVA,0.020614580544498474,0.02259484643386527,44.25787990757021
2026-04,icici:LARGE & MIDCAP,0.021134662058306438,0.023854411268143794,41.92096752081419
2026-04,icici:LTEF,0.03476387490340649,0.03710220600802142,26.95257526692084
2026-04,icici:MGFINDIA,0.01912593544155532,0.021613282675937234,46.26784440816722
2026-04,icici:MIDCAP,0.02388758140920422,0.02486691695607828,40.214072446788286
2026-04,icici:MNCFUND,0.030254744059720094,0.0322876944731852,30.971551741809748
2026-04,icici:MOMACT,0.019999508029547478,0.025136427951369906,39.782900018039406
2026-04,icici:MULTI,0.010286290702777036,0.021566958770246468,46.367223615208495
2026-04,icici:MULTICAP,0.01165236040549248,0.012141094188979696,82.36489927799803
2026-04,icici:PHARMA,0.04828847661437058,0.05158120622548983,19.386906068626036
2026-04,icici:PSUEQU,0.0463869921916447,0.054666569934161434,18.292715295734965
2026-04,icici:QUALITY,0.022947725376235635,0.026718986611766526,37.42656914838302
2026-04,icici:QUANT,0.024747836432635246,0.026825898178858318,37.277409812436666
2026-04,icici:RURALOPP,0.036882466819063736,0.04089225935598439,24.454505956606056
2026-04,icici:SMALL,0.010889808407641742,0.013189371347171089,75.81862498810332
2026-04,icici:TECH,0.05042606110258571,0.06589413281186624,15.175857960754886
2026-04,icici:TRANSPO,0.0527577576487709,0.056479832233066546,17.7054350280903
2026-04,icici:VARIANCE,0.04005891497830927,0.047682785269853305,20.971929268406942
2026-04,kotak:BAL,0.015193149999999996,0.024276443145836123,41.19219582509225
2026-04,kotak:BFS,0.059730800000000035,0.06242276683844386,16.019796152068945
2026-04,kotak:CMP,0.03710957999999999,0.03769533382353734,26.528482402657225
2026-04,kotak:CON,0.021511879999999994,0.022010867240783244,45.43210356324041
2026-04,kotak:DYF,0.02408744000000001,0.025568783856763262,39.11019020701243
2026-04,kotak:ELS,0.026431619999999996,0.027510240405405503,36.350100372205745
2026-04,kotak:EME,0.019662210000000003,0.01988829033931506,50.28084279437562
2026-04,kotak:ESG,0.033273069999999995,0.035649111440293584,28.051190046485058
2026-04,kotak:HLC,0.050373579999999994,0.05137560779949707,19.464489917135136
2026-04,kotak:K30,0.030107449999999997,0.031939268961192355,31.30942042584146
2026-04,kotak:KAM,0.02057942000000001,0.02285076299049192,43.7622148729167
2026-04,kotak:KBA,0.010066230000000002,0.02081002397563471,48.05376491496809
2026-04,kotak:KBC,0.026460020000000004,0.028843004831014346,34.67045149625737
2026-04,kotak:KEO,0.036592190000000004,0.041245712334224326,24.24494434468121
2026-04,kotak:KFE,0.03499058,0.03870551008658386,25.836114748598057
2026-04,kotak:KIE,0.03196471000000001,0.032086522954880674,31.165732772172817
2026-04,kotak:KMI,0.02441230000000001,0.02535675177644655,39.437227954760466
2026-04,kotak:KMN,0.03647837,0.04012305834299654,24.923324424857796
2026-04,kotak:KOP,0.020249870000000003,0.020707014408626198,48.29281422547408
2026-04,kotak:KPF,0.01560059,0.027433621455769504,36.45162202198763
2026-04,kotak:KQT,0.021236199999999997,0.022003922123842157,45.44644333732025
2026-04,kotak:MAF,0.013754139999999998,0.02583829128914664,38.702249649923615
2026-04,kotak:MID,0.017354019999999998,0.01790112935221093,55.862397300452564
2026-04,kotak:MUC,0.019606600000000002,0.020249396853724642,49.38418695745308
2026-04,kotak:ROF,0.03984317000000002,0.04181819263829354,23.91303729095851
2026-04,kotak:SEF,0.027315599999999995,0.02885260724029792,34.65891285565756
2026-04,kotak:SPO,0.03182058,0.031858799089740014,31.38850266085659
2026-04,kotak:SRF,0.053203070000000005,0.07344724537022948,13.615214497960356
2026-04,kotak:TAL,0.04522727999999999,0.046351354104607466,21.574342741814245
2026-04,kotak:TCH,0.08827200000000002,0.09797324834859937,10.206867862969004
2026-04,mirae:INFRA,0.03476993491480585,0.03730551571458752,26.80568759994307
2026-04,mirae:MABAF,0.010423565386251077,0.022226185907523913,44.99197496865552
2026-04,mirae:MABFF,0.06951668489108091,0.07452863546126397,13.41766146409251
2026-04,mirae:MAEBF,0.019145155772713085,0.019460554832206413,51.38599637174997
2026-04,mirae:MAFCF,0.018059661036357564,0.018797103860513375,53.199684771688474
2026-04,mirae:MAFF,0.04155702138598121,0.044311589315351174,22.56745956195173
2026-04,mirae:MAHCF,0.05250567129727342,0.05255293960051441,19.028431284749896
2026-04,mirae:MAIPF,0.015860720843724887,0.027302960961563982,36.62606416233609
2026-04,mirae:MAMAAF,0.010137413958001914,0.021891606512594582,45.679607817940834
2026-04,mirae:MAMCF,0.02037035121605821,0.02127369180585421,47.00641567651246
2026-04,mirae:MAMPF,0.017681137590046626,0.017850839412218652,56.01977458357022
2026-04,mirae:MASCF,0.015109005253612518,0.015944924300071533,62.715882570575374
2026-04,mirae:MATSF,0.028144748096753765,0.028655247572112387,34.8976220667244
2026-04,mirae:MICCF,0.039771959217015575,0.04015791362887458,24.901692085939796
2026-04,mirae:MIIOF,0.03335885255678482,0.03360689452883432,29.755799041235772
2026-04,nippon:AM,0.024998140000000002,0.027582510945554705,36.25485736138767
2026-04,nippon:BF,0.05725159,0.06011417848706968,16.63501066083929
2026-04,nippon:EA,0.03125728999999999,0.03361452576250372,29.74904382305695
2026-04,nippon:EO,0.0160576,0.01621938839928285,61.65460591869269
2026-04,nippon:GF,0.014351589999999997,0.014777016614064772,67.67265856953829
2026-04,nippon:GS,0.0154518,0.015945416518823263,62.71394659521869
2026-04,nippon:IT,0.024707169999999994,0.025532753982421334,39.165379523433906
2026-04,nippon:LC,0.020446359999999997,0.021056728005622496,47.490759235384694
2026-04,nippon:LE,0.038719289999999996,0.041917003655279526,23.856667051487783
2026-04,nippon:MC,0.04667439,0.048155645620371224,20.7659971560421
2026-04,nippon:ME,0.03367839,0.035830733184723004,27.909001885185138
2026-04,nippon:MF,0.006127430000000003,0.020160549891983952,49.60182164463731
2026-04,nippon:NE,0.01338916,0.027418742867403072,36.471402238826045
2026-04,nippon:PH,0.05294798000000002,0.054351945093715805,18.398605574754683
2026-04,nippon:PS,0.02912710999999999,0.029557068098072903,33.832855027498454
2026-04,nippon:QP,0.03343528999999999,0.03497791064979379,28.58947208174355
2026-04,nippon:SC,0.006333789999999996,0.006708095773983012,149.0736020613251
2026-04,nippon:SE,0.025188450000000008,0.02590356425874262,38.60472597559595
2026-04,nippon:SH#0,0.014050079999999998,0.026524957369633263,37.700343343240824
2026-04,nippon:TS,0.026171490000000002,0.02710107615384081,36.89890373073906
2026-04,ppfas:PPDAAF,0.0035884700000000003,0.13826690417100618,7.232388733917242
2026-04,ppfas:PPFCF,0.030982629999999997,0.06585620109866794,15.184598918813537
2026-04,ppfas:PPLCF,0.028426040000000003,0.02913253783627355,34.325880073341175
2026-04,ppfas:PPTSF,0.04254091999999998,0.05159827475790329,19.38049294655594
2026-04,sbi:SBAF,0.013124449999999998,0.02578060814337957,38.78884448491177
2026-04,sbi:SBFS,0.057108149999999996,0.0677513755036569,14.75984793764113
2026-04,sbi:SBI-AOF,0.051301909999999985,0.05476114935252794,18.26112146701751
2026-04,sbi:SBLUECHIP,0.03696330000000001,0.03907528971169708,25.591620878005997
2026-04,sbi:SCF,0.017833700000000004,0.02649660022426659,37.740690939064784
2026-04,sbi:SCOF,0.030787609999999997,0.031816370383040034,31.430360784744256
2026-04,sbi:SDYF,0.02603286,0.02738499408284024,36.51634895282346
2026-04,sbi:SEHF,0.017608770000000006,0.032675223942513876,30.604227893259996
2026-04,sbi:SEMVF,0.039816190000000015,0.04101311299857009,24.382445683527234
2026-04,sbi:SEOF,0.044522510000000015,0.046921571968264075,21.31215895060722
2026-04,sbi:SFEF,0.033132730000000006,0.05583897346728032,17.908638678430666
2026-04,sbi:SFLEXI,0.022015309999999993,0.024657730818899187,40.55523224519667
2026-04,sbi:SHOF,0.04367091,0.04872675470095993,20.522606238340344
2026-04,sbi:SIF,0.042222619999999995,0.047200495666118635,21.18621819299703
2026-04,sbi:SIOF,0.03258775,0.0362226071240304,27.607068607068623
2026-04,sbi:SLMF,0.02089824000000001,0.024350765568650613,41.06647066930038
2026-04,sbi:SLTEF,0.028002229999999993,0.03035273847968192,32.945956447040146
2026-04,sbi:SMAAF,0.005900649999999998,0.024189216561097824,41.3407353427165
2026-04,sbi:SMCF,0.02212531,0.02541165704641709,39.35201857058726
2026-04,sbi:SMCOMMA,0.03403677,0.03847961695355298,25.98778468109636
2026-04,sbi:SMEEF,0.03582876,0.03750482199111837,26.663238136067225
2026-04,sbi:SMGLF,0.02610663,0.0288601411459658,34.64986518750219
2026-04,sbi:SMIDCAP,0.019839109999999997,0.022893707238039834,43.68012526771616
2026-04,sbi:SPSU,0.07755412,0.08514203242018792,11.745080209794137
2026-04,sbi:SQF,0.041830580000000006,0.04285287826386271,23.33565539851467
2026-04,sbi:SQLF,0.030018109999999997,0.03245668141498719,30.810297183933297
2026-04,sbi:SSCF,0.016713700000000005,0.02207163190544541,45.30702597270502
2026-04,sbi:STOF,0.05583819000000001,0.07741214189190566,12.917870188843871
2026-04,uti:002,0.00510952,0.034723453023385274,28.79897916046909
2026-04,uti:017,0.03439594999999999,0.03651877740060267,27.38317301891648
2026-04,uti:042,0.029739259999999993,0.031737991769687834,31.507979687456945
2026-04,uti:049,0.01609331000000001,0.018619144186302436,53.70816134157611
2026-04,uti:066,0.012687709999999996,0.02735026149435128,36.562721720468105
2026-04,uti:101,0.029013859999999995,0.034730666653898276,28.792997553583007
2026-04,uti:118,0.031846929999999996,0.03508772760978123,28.499993248956795
2026-04,uti:125,0.027131430000000005,0.028290535977716347,35.34750988060713
2026-04,uti:160,0.013080009999999996,0.013517075303145245,73.98050077943364
2026-04,uti:161,0.04831513999999999,0.052316233198811936,19.11452600571995
2026-04,uti:162,0.05739567000000001,0.06433913316655088,15.542640237495268
2026-04,uti:163,0.07682283999999999,0.08185064346163475,12.217374936932814
2026-04,uti:190,0.023487299999999992,0.028362878879362376,35.25735184546544
2026-04,uti:193,0.027332459999999992,0.02809134891458138,35.59814813595263
2026-04,uti:251,0.042876939999999995,0.04475441267415177,22.344165418521
2026-04,uti:322,0.009209220000000002,0.021426190317538396,46.67185277363333
2026-04,uti:751,0.012293189999999999,0.013149264868192071,76.04987883535522
2026-04,uti:753,0.041275700000000005,0.04327738463624482,23.106756760030727
2026-04,uti:773,0.019535059999999993,0.04525681746048295,22.0961184659786
2026-04,uti:775,0.04501906,0.04757176872105479,21.020870715647995
2026-04,uti:783,0.020753160000000003,0.022966172073146454,43.5423019916003
2026-04,uti:787,0.016692779999999997,0.018067628219615196,55.34760776814888
2026-05,absl:ABSLBCF,0.016777792362465474,0.018156436014426913,55.07688839403342
2026-05,absl:ABSLCONF,0.0358725579226662,0.03754188059955346,26.636918130624878
2026-05,absl:ABSLESG,0.02724542444964822,0.02803919500629903,35.66436196814313
2026-05,absl:ABSLMAAF,0.009368853803500572,0.02094357193973365,47.747347151553626
2026-05,absl:ABSLMCF,0.014186384486969952,0.014810592361235473,67.51924403897252
2026-05,absl:ABSLQF,0.026892530432144207,0.02712598432614475,36.865021669874416
2026-05,absl:ABSLSO,0.020164005430264895,0.021844070558663373,45.779013454220845
2026-05,absl:ABSLTNLF,0.051411901951906126,0.054511013616208484,18.34491662621839
2026-05,absl:ADVG,0.018118775077697238,0.018809672530138932,53.16413661097447
2026-05,absl:BDYP,0.025102561542908308,0.028541608758253074,35.036567436334174
2026-05,absl:BINFRA,0.02251065827612804,0.024142108461671665,41.42140284008803
2026-05,absl:BSL95F,0.01529934427410086,0.026834477274986265,37.2654920665121
2026-05,absl:BSLBKFS,0.055865561256224966,0.05930325654792182,16.86248037984085
2026-05,absl:BSLDAAF,0.010022384083882665,0.018078328207671746,55.31484927769143
2026-05,absl:BSLEQTY,0.018287862670838123,0.018782423086213154,53.241266870089255
2026-05,absl:BSLFEF,0.02777149197087268,0.028472451596210605,35.121668277173924
2026-05,absl:BSLMFG,0.02183920687181679,0.022648870962664287,44.15231124096464
2026-05,absl:BSLNMF,0.0599131641713839,0.06986516998008635,14.313283718983719
2026-05,absl:BSLPHF,0.042583743564694576,0.04542011412327295,22.016677397285687
2026-05,absl:BSLR96,0.027091650799984615,0.027813797241186357,35.953379228608576
2026-05,absl:BSLTA1,0.013540035359069762,0.015028794575766708,66.53893597111623
2026-05,absl:BTOP100,0.0333680269077098,0.0372344574806669,26.85684357074965
2026-05,absl:GENNEXT,0.023039690378144646,0.02349295461823939,42.565952910138556
2026-05,absl:MIDCAP,0.016750601123248207,0.01732240981375539,57.728688488013916
2026-05,absl:MNC,0.022276210102878048,0.02257002872997288,44.306545284632506
2026-05,absl:PSUEQ,0.06141509601702262,0.06386336445017748,15.658429658527345
2026-05,absl:PURE,0.02022931319804332,0.021705855296381193,46.07051813188492
2026-05,axis:AXISBCF,0.016955010000000006,0.018188358009537227,54.980224134341384
2026-05,axis:AXISCON,0.03617592,0.036291961368959576,27.554311265615354
2026-05,axis:AXISDEF,0.016100479999999997,0.0295935460495669,33.79115156815197
2026-05,axis:AXISEHF,0.015229540000000003,0.026945245395267048,37.1122988612919
2026-05,axis:AXISEQF,0.03378347999999999,0.04010590096235225,24.93398667040814
2026-05,axis:AXISESG,0.02705772,0.03207948947723052,31.172565907253077
2026-05,axis:AXISF25,0.0346454,0.04379770253646766,22.832247859744726
2026-05,axis:AXISGOF,0.013274919999999992,0.017033632124502304,58.707385053921286
2026-05,axis:AXISIMF,0.02025019,0.02122788503617862,47.10784886462796
2026-05,axis:AXISMCF,0.01456997,0.017406497912810837,57.44981012315061
2026-05,axis:AXISMIF,0.019103710000000003,0.03408019338948031,29.342556498188024
2026-05,axis:AXISMLC,0.012463250000000002,0.01357151497743932,73.68374139971516
2026-05,axis:AXISMLF,0.02361147,0.028282368488077157,35.35771766857378
2026-05,axis:AXISQUA,0.030297700000000007,0.04064298269915541,24.604493410390884
2026-05,axis:AXISSCF,0.008810209999999997,0.011271545778637412,88.71897605164918
2026-05,axis:AXISSOF,0.03916866000000001,0.042113788403455026,23.745192202133012
2026-05,axis:AXISSSF,0.01910273,0.02963278851490534,33.74640221580896
2026-05,axis:AXISTAF,0.013419560000000002,0.0288177613251073,34.70082178551309
2026-05,axis:AXISTSF,0.02472677999999999,0.025331078201576818,39.47719840593882
2026-05,axis:AXISVAL,0.01774280000000001,0.019300390959426584,51.81242194016727
2026-05,dsp:Aggressive Hybrid,0.022483589999999994,0.049449207728266505,20.222770918701148
2026-05,dsp:Banking and Financial Services,0.04350577,0.049690526754691315,20.12456025947822
2026-05,dsp:Business Cycle Fund,0.034045309999999995,0.05034967974153642,19.861099517084735
2026-05,dsp:DAAF,0.022074869999999996,0.048263562977346096,20.719564373425538
2026-05,dsp:Flexi Cap,0.02768381999999999,0.03356317378654953,29.794560143795188
2026-05,dsp:Focused,0.03678508,0.045072488067977666,22.18648321547758
2026-05,dsp:HEALTHCARE,0.039232930000000006,0.06851777877375052,14.594752163552398
2026-05,dsp:Large & Mid Cap,0.027651239999999994,0.029693403849767774,33.67751319651488
2026-05,dsp:Large Cap,0.04296818,0.04693584331411281,21.30567876042225
2026-05,dsp:MIDCAP,0.018019750000000005,0.019745548667541052,50.64432580918157
2026-05,dsp:Multi Asset,0.006769929999999999,0.05023604134120183,19.90602709333777
2026-05,dsp:Multicap Fund,0.01889208,0.022378851937063137,44.68504473832422
2026-05,dsp:NRNEF,0.03838312000000001,0.06662799154979943,15.008706952431172
2026-05,dsp:QUANT,0.02660573999999999,0.02884503298552716,34.668013744402536
2026-05,dsp:SMALLCAP,0.015561589999999993,0.01943143851088176,51.462993820040246
2026-05,dsp:TAX,0.03376202999999999,0.03826660264650008,26.132447900792716
2026-05,dsp:TIGER,0.01807732,0.023164304010135587,43.16987031263482
2026-05,dsp:VALUE,0.017816270000000002,0.043078420033424915,23.213479027877334
2026-05,hdfc:HDFCBKGFSF,0.06764787,0.06861879785595462,14.573266091009225
2026-05,hdfc:HDFCBUSICY,0.02705561,0.031586716599522335,31.658877770636103
2026-05,hdfc:HDFCCB,0.02241275,0.02268870799066175,44.074788234375504
2026-05,hdfc:HDFCCS,0.04146576,0.05047192115847373,19.8129965542655
2026-05,hdfc:HDFCDFNFND,0.09098829,0.094258469786143,10.609126185358578
2026-05,hdfc:HDFCDIVYLD,0.016845339999999997,0.017229110863679672,58.041300442733764
2026-05,hdfc:HDFCEQ,0.03175069,0.03694026491074186,27.0707316911853
2026-05,hdfc:HDFCGR,0.012667100000000013,0.02636089134279126,37.934984329483356
2026-05,hdfc:HDFCHOF117,0.045988459999999995,0.05180392511850642,19.303556587891837
2026-05,hdfc:HDFCINNOVF,0.028608390000000004,0.03062595928958979,32.652038440471465
2026-05,hdfc:HDFCLARGEF,0.009461619999999999,0.009661534935030061,103.50322249255403
2026-05,hdfc:HDFCMANFFN,0.020421729999999992,0.020798541121215874,48.080295352058826
2026-05,hdfc:HDFCMNCFND,0.038285830000000014,0.04262813233850327,23.45868667337236
2026-05,hdfc:HDFCMULCAP,0.012228160000000002,0.013055390817213637,76.59671119775993
2026-05,hdfc:HDFCNCCFND,0.03900830000000002,0.03973608062157316,25.1660451750012
2026-05,hdfc:HDFCPHARHC,0.043451899999999995,0.04462214979110558,22.410394942453614
2026-05,hdfc:HDFCPM,0.018846010000000003,0.03779958173379005,26.455319189579114
2026-05,hdfc:HDFCSMALLF,0.014454600000000001,0.017892867689481246,55.888190610601455
2026-05,hdfc:HDFCT2,0.03807591,0.040193594325524266,24.87958633162018
2026-05,hdfc:HDFCTECHFD,0.07325058999999999,0.07542196965075276,13.258736209496742
2026-05,hdfc:HDFCTRALFD,0.05032488,0.05042568093619144,19.831165022152067
2026-05,hdfc:HDFCTS,0.037084479999999996,0.039171167250607104,25.528981395990982
2026-05,hdfc:HDINFG,0.02336221,0.02475302688643848,40.3990996570958
2026-05,hdfc:MIDCAP,0.019562359999999997,0.0228731303354845,43.71942035623512
2026-05,hdfc:MY2005,0.013594920000000002,0.02978498423084486,33.57396439258194
2026-05,icici:BAF,0.01196081936887431,0.02576209288499965,38.816722091017084
2026-05,icici:BANFIN SERVICES,0.06004438541487394,0.06656788889902152,15.0222579766188
2026-05,icici:BCYCLE,0.034160664731680175,0.03863414583522025,25.883838723007685
2026-05,icici:BHACON,0.03350096547994621,0.036738615755656255,27.219316227123787
2026-05,icici:BLUECHIP,0.033436205009822625,0.03724798730049283,26.847088191172386
2026-05,icici:COMFUND,0.03486061301504011,0.04320784744692814,23.143943961297587
2026-05,icici:CONGLO,0.03628744308089771,0.03773566457635349,26.500129551889106
2026-05,icici:DISCO,0.03763112712337533,0.04120988920714768,24.26602010438199
2026-05,icici:DIVYLD,0.028225324835245945,0.03129979152458139,31.949094587887167
2026-05,icici:E&DF,0.017732560441836343,0.033063034402798876,30.24525782531767
2026-05,icici:ENERGY,0.03134995282932747,0.03545084540031313,28.208072013740107
2026-05,icici:ESGFUND,0.032057928126285405,0.03451067112530271,28.976544569914633
2026-05,icici:EXPORTS,0.024517539500051925,0.028550157347394665,35.026076663330706
2026-05,icici:FLEXCAP,0.031192380844075693,0.03268282175416964,30.597113294613894
2026-05,icici:FMCG,0.10186412125634771,0.11425017411457268,8.752721890797096
2026-05,icici:FOCUSED,0.038555808866438356,0.041385576211826376,24.163007780334812
2026-05,icici:HOUSING,0.03752637398967669,0.040613198022024705,24.622537714407418
2026-05,icici:INDOPP,0.026018957938167216,0.02878721257819353,34.73764600458418
2026-05,icici:INFRA,0.030985718413528915,0.03549839890870428,28.17028459711173
2026-05,icici:INNOVA,0.018982370680422654,0.02057123893947211,48.61155922316372
2026-05,icici:LARGE & MIDCAP,0.024816793558921312,0.027190055256926804,36.778152546977445
2026-05,icici:LTEF,0.03432494918097199,0.03645283806977188,27.432706284376778
2026-05,icici:MGFINDIA,0.021914070421737365,0.02350536571287341,42.543477613382564
2026-05,icici:MIDCAP,0.024544947425710444,0.025605863446469316,39.05355513945325
2026-05,icici:MNCFUND,0.029083753208000353,0.03213854108954995,31.115289185455786
2026-05,icici:MOMACT,0.019904694743454993,0.022974802655286616,43.52594514103019
2026-05,icici:MULTI,0.01078989092840007,0.024241335318048292,41.25185295611478
2026-05,icici:MULTICAP,0.011990672925420368,0.01252898958655352,79.81489593328655
2026-05,icici:PHARMA,0.05017602149730367,0.050359229742718815,19.85733310673968
2026-05,icici:PSUEQU,0.04992765758105844,0.05676579880795193,17.616241134616377
2026-05,icici:QUALITY,0.02291021847933376,0.026187370297888375,38.18634664820222
2026-05,icici:QUANT,0.024708646015572194,0.02735290101213263,36.55919346750243
2026-05,icici:RURALOPP,0.037129076430028,0.040601630441520875,24.629552782130627
2026-05,icici:SMALL,0.010792058954485534,0.012062314330567935,82.90283046809945
2026-05,icici:TECH,0.049557122453687354,0.0646912128778908,15.458049950115639
2026-05,icici:TRANSPO,0.04984945607857763,0.057949133648422156,17.256513377180198
2026-05,icici:VARIANCE,0.042204915678506844,0.047686039927090605,20.970497896846673
2026-05,kotak:BAL,0.014486320000000006,0.02371313495975503,42.17072106649582
2026-05,kotak:BFS,0.05631131000000001,0.05850177985784349,17.093497025730702
2026-05,kotak:CMP,0.03554147999999999,0.03569838009224625,28.012475563763797
2026-05,kotak:CON,0.02096947,0.021963898461546616,45.52925801176663
2026-05,kotak:DYF,0.024041980000000004,0.025531048805568144,39.16799531486176
2026-05,kotak:ELS,0.026382910000000002,0.027044103442270064,36.976637148820956
2026-05,kotak:EME,0.01910272999999999,0.019749072714533043,50.635288778096154
2026-05,kotak:ESG,0.03302827999999999,0.03495855137258887,28.605304302858034
2026-05,kotak:HLC,0.04665131,0.04772377343090915,20.95391726405968
2026-05,kotak:K30,0.029402479999999998,0.03156089691680767,31.68477761059613
2026-05,kotak:KAM,0.01780609,0.019357121774259207,51.660572871416456
2026-05,kotak:KBA,0.010063599999999999,0.019952257014317902,50.11964307007432
2026-05,kotak:KBC,0.026834830000000007,0.029343406957229725,34.0792056443063
2026-05,kotak:KEO,0.037025890000000006,0.04136484693235112,24.17511665485961
2026-05,kotak:KFE,0.034247770000000004,0.03693770638534689,27.07260677118539
2026-05,kotak:KIE,0.03581461000000001,0.035821773996581575,27.915982053134183
2026-05,kotak:KMI,0.023726659999999997,0.025415727216429502,39.3457165905357
2026-05,kotak:KMN,0.03442589,0.03753411686697736,26.642427835562142
2026-05,kotak:KOP,0.01984573,0.020301961983296864,49.256323148606775
2026-05,kotak:KPF,0.01571148,0.027030328371553256,36.99548101133691
2026-05,kotak:KQT,0.02096364,0.021845859702904542,45.775264219381754
2026-05,kotak:MAF,0.012599029999999999,0.02498607761776927,40.022288223775995
2026-05,kotak:MID,0.017660549999999997,0.018184064676006043,54.993205194628715
2026-05,kotak:MUC,0.01957233,0.020669386414390915,48.380729836457895
2026-05,kotak:ROF,0.03843342000000001,0.041409095847611564,24.149283618267628
2026-05,kotak:SEF,0.027036370000000004,0.028575283612097227,34.995278212274826
2026-05,kotak:SPO,0.03075793,0.03083805683144571,32.42746472210582
2026-05,kotak:SRF,0.05231029000000001,0.06623335696711098,15.098132508919377
2026-05,kotak:TAL,0.04555321999999999,0.046553342209898436,21.480734841576517
2026-05,kotak:TCH,0.08353408999999999,0.09308692222420734,10.742647582561808
2026-05,mirae:INFRA,0.03391370995345544,0.036399784801513846,27.472689892342732
2026-05,mirae:MABAF,0.009851327571764781,0.02175397467532603,45.968611020505975
2026-05,mirae:MABFF,0.0675264572396832,0.07449310027509043,13.424062044768831
2026-05,mirae:MAEBF,0.01943293753844035,0.019672147115271512,50.83329207230759
2026-05,mirae:MAFCF,0.017695968335460735,0.01832852674708888,54.55975888290257
2026-05,mirae:MAFF,0.03946869708122492,0.043487071348072524,22.995340201135964
2026-05,mirae:MAHCF,0.050655110868015406,0.051314693523975274,19.487595683150275
2026-05,mirae:MAIPF,0.015152237027499557,0.0270152320637646,37.016154354687
2026-05,mirae:MAMAAF,0.009712657150574936,0.021447358759862353,46.62578787423696
2026-05,mirae:MAMCF,0.0208341549559398,0.021247913603224696,47.06344437734511
2026-05,mirae:MAMPF,0.017550809044138374,0.01808513897734284,55.29401799194385
2026-05,mirae:MASCF,0.015628015438174672,0.015868510529942263,63.01788678358324
2026-05,mirae:MATSF,0.028194662194157307,0.028769751028133353,34.758729716573505
2026-05,mirae:MICCF,0.039890517182287796,0.040516749366299995,24.68115077444379
2026-05,mirae:MIIOF,0.03281810580933917,0.03362163667360727,29.742751957848395
2026-05,nippon:AM,0.024665149999999993,0.026371874137994303,37.91918597697563
2026-05,nippon:BF,0.05630521999999999,0.05843587619368343,17.11277497894511
2026-05,nippon:EA,0.032043539999999995,0.03219790448158177,31.0579218151303
2026-05,nippon:EO,0.016032030000000003,0.016177298092546546,61.81501968247314
2026-05,nippon:GF,0.01409097999999999,0.0144646154825292,69.13422629228064
2026-05,nippon:GS,0.015405269999999997,0.016288837636547464,61.39173477647587
2026-05,nippon:IT,0.024549569999999996,0.02570325305963849,38.905581238286445
2026-05,nippon:LC,0.020949,0.02157437289521391,46.35128932168598
2026-05,nippon:LE,0.04172871000000001,0.04441386147421603,22.51549328987165
2026-05,nippon:MC,0.04393646,0.04548778261639475,21.98392496801062
2026-05,nippon:ME,0.035437970000000006,0.037393569552040214,26.74256595397535
2026-05,nippon:MF,0.006295519999999998,0.02105593814701106,47.49254072737445
2026-05,nippon:NE,0.013489849999999994,0.027775775387716754,36.00259528460288
2026-05,nippon:PH,0.05059091999999999,0.05269843365061817,18.97589606988764
2026-05,nippon:PS,0.027212569999999988,0.028076186476985433,35.61737278029972
2026-05,nippon:QP,0.03308403,0.033803555927735374,29.582686571134168
2026-05,nippon:SC,0.006353450000000002,0.006740011139484997,148.36770730862764
2026-05,nippon:SE,0.023116999999999995,0.024660468120693745,40.55073063113727
2026-05,nippon:SH#0,0.01408656,0.02603283755001965,38.413023477697884
2026-05,nippon:TS,0.02519314999999999,0.02577231341651301,38.80132853573297
2026-05,ppfas:PPDAAF,0.0032807400000000003,0.15099996502009505,6.622518090430817
2026-05,ppfas:PPFCF,0.03061658,0.06419534371996664,15.577453784844687
2026-05,ppfas:PPLCF,0.02740489999999997,0.027995253834572055,35.720340523045174
2026-05,ppfas:PPTSF,0.04177945999999999,0.04936136578449905,20.258758729768168
2026-05,sbi:SBAF,0.013102150000000003,0.02532342516220136,39.48912888342748
2026-05,sbi:SBFS,0.054904779999999986,0.06012538544791856,16.631910008563917
2026-05,sbi:SBI-AOF,0.05156778,0.057404379467008805,17.42027366700681
2026-05,sbi:SBIRIOS,0.028405060000000003,0.034091369526093415,29.332937159787715
2026-05,sbi:SBLUECHIP,0.03595875,0.0382726171330474,26.12834122431952
2026-05,sbi:SCF,0.017250240000000014,0.024824455406515615,40.282857513866446
2026-05,sbi:SCOF,0.030575439999999995,0.032402350629273734,30.861958486942463
2026-05,sbi:SDYF,0.021951429999999994,0.02443080462115237,40.93193063048741
2026-05,sbi:SEHF,0.01832264,0.03299456114768801,30.308025481044222
2026-05,sbi:SEMVF,0.03945395,0.0402957174638913,24.8165329453705
2026-05,sbi:SEOF,0.046002999999999995,0.048551591503924234,20.596647175184234
2026-05,sbi:SFEF,0.035776560000000006,0.05559468380428018,17.987331370036696
2026-05,sbi:SFLEXI,0.021014719999999997,0.0233341068908429,42.85572208432945
2026-05,sbi:SHOF,0.04180677000000001,0.04598383841828012,21.74677091772457
2026-05,sbi:SIF,0.03900655,0.04201787668154371,23.799393947939507
2026-05,sbi:SIOF,0.03285192999999999,0.03552071152639056,28.15258920860967
2026-05,sbi:SLMF,0.02060908,0.02272060186683708,44.01291857763666
2026-05,sbi:SLTEF,0.027114299999999997,0.028266900978202846,35.37706523863792
2026-05,sbi:SMAAF,0.006139069999999999,0.023686254501214806,42.21857870980457
2026-05,sbi:SMCF,0.022652290000000002,0.023571873819997088,42.42344107372808
2026-05,sbi:SMCOMMA,0.03279014999999999,0.03634022634859165,27.517715228506123
2026-05,sbi:SMEEF,0.035682519999999995,0.036392314241269146,27.478329445341863
2026-05,sbi:SMGLF,0.026024349999999998,0.028279452829504097,35.36136310801229
2026-05,sbi:SMIDCAP,0.018839730000000002,0.020696022256496135,48.31846369348181
2026-05,sbi:SPSU,0.07707348999999998,0.08233852399361681,12.144983313977352
2026-05,sbi:SQF,0.03827264000000001,0.039720922014786844,25.17564923663483
2026-05,sbi:SQLF,0.027347029999999998,0.031982208616372014,31.26738406327854
2026-05,sbi:SSCF,0.017107900000000002,0.02175431106130531,45.96790020984455
2026-05,sbi:STOF,0.054333389999999995,0.07691151516352589,13.001954231090675
2026-05,uti:002,0.005121419999999999,0.0346596070906888,28.852029319993274
2026-05,uti:017,0.03433964,0.036617288045313265,27.309504700689935
2026-05,uti:042,0.02968046,0.03144094676630213,31.80565799856202
2026-05,uti:049,0.016488490000000005,0.019434229211553022,51.45560387882696
2026-05,uti:066,0.013319199999999996,0.028703103810794325,34.83943780407232
2026-05,uti:101,0.02834441999999999,0.03263140323085705,30.645326311139925
2026-05,uti:118,0.03039213999999999,0.03406162777160202,29.358549940872862
2026-05,uti:125,0.026977709999999995,0.027913204005179132,35.82533914109093
2026-05,uti:160,0.01330002,0.013741642872307346,72.77150259924423
2026-05,uti:161,0.04708354999999998,0.05061330955504114,19.757648902854623
2026-05,uti:162,0.05547143,0.06218210749537389,16.08179652120019
2026-05,uti:163,0.08098716999999998,0.08458523560589468,11.822394213799539
2026-05,uti:190,0.023493780000000002,0.028850591684585782,34.6613341914328
2026-05,uti:193,0.027285939999999995,0.02808908098040354,35.601022358034925
2026-05,uti:251,0.042245590000000006,0.04365721595440674,22.905720810148463
2026-05,uti:322,0.009265719999999998,0.02187681446578537,45.71049416559105
2026-05,uti:751,0.011970559999999996,0.013086856277050375,76.41254544482462
2026-05,uti:753,0.04098071999999999,0.042255525251078785,23.665544187608223
2026-05,uti:773,0.01973594,0.0446824668962499,22.380143028404007
2026-05,uti:775,0.04296344999999999,0.04769525790344154,20.966444966593695
2026-05,uti:783,0.020375039999999997,0.022034822716437658,45.38271139590402
2026-05,uti:787,0.016384019999999996,0.01832337806093088,54.57508963001755
2026-06,absl:ABSLBCF,0.018606202486979164,0.01959071482417047,51.04458969339027
2026-06,absl:ABSLCONF,0.0344660873102574,0.036680879121352566,27.262160121399134
2026-06,absl:ABSLESG,0.028674348687319388,0.02902963158049679,34.44756083889945
2026-06,absl:ABSLMAAF,0.009795800142941373,0.020561403884961225,48.63481139687198
2026-06,absl:ABSLMCF,0.014047386153417147,0.015159812983739635,65.9638744272503
2026-06,absl:ABSLQF,0.027720487272666693,0.027929304081457232,35.804687330677815
2026-06,absl:ABSLSO,0.021442407593138882,0.02295791468142313,43.557963076200934
2026-06,absl:ABSLTNLF,0.0512750463266197,0.05282791846370397,18.929384860905724
2026-06,absl:ADVG,0.017458005378398568,0.01821022168467151,54.91421341903553
2026-06,absl:BDYP,0.02330098909850435,0.026338262238652616,37.96757701548183
2026-06,absl:BINFRA,0.02073186069342923,0.022705455004709302,44.04227969853903
2026-06,absl:BSL95F,0.015920938661057735,0.027640632825859466,36.17862175226467
2026-06,absl:BSLBKFS,0.056514877722348984,0.058185091265644265,17.186533152186634
2026-06,absl:BSLDAAF,0.010202309442943624,0.017881297658884698,55.924352867261234
2026-06,absl:BSLEQTY,0.018155694345163023,0.018718299066140816,53.423657591243504
2026-06,absl:BSLFEF,0.02848468281318714,0.02908184640683648,34.38571217283242
2026-06,absl:BSLMFG,0.018040373435539,0.020379532819741798,49.06883827245014
2026-06,absl:BSLNMF,0.05648811339108879,0.06683926908069424,14.961264743824655
2026-06,absl:BSLPHF,0.04265601711176547,0.04454766432672555,22.44786601303513
2026-06,absl:BSLR96,0.02676312241748299,0.027656909869101052,36.15732938831404
2026-06,absl:BSLTA1,0.01340882021358594,0.014563351527027112,68.66551275262219
2026-06,absl:BTOP100,0.033848025949739,0.03807530993670204,26.263738933772075
2026-06,absl:GENNEXT,0.023457659637843624,0.023931642625119667,41.78568164603785
2026-06,absl:MIDCAP,0.016682833614466173,0.017580073239641312,56.88258441068947
2026-06,absl:MNC,0.02234962648800552,0.022871584139452193,43.722375936131876
2026-06,absl:PSUEQ,0.06319834921871316,0.06626887902712018,15.090039467707841
2026-06,absl:PURE,0.020223174662347333,0.0218178815499734,45.833964113771586
2026-06,axis:AXISBCF,0.017105549999999994,0.018079200077188978,55.31218171879891
2026-06,axis:AXISCON,0.036676410000000007,0.03712798994482096,26.933857757615872
2026-06,axis:AXISDEF,0.016528829999999998,0.030078357210197082,33.24649657598264
2026-06,axis:AXISEHF,0.01517117,0.026834833512427717,37.264997360124525
2026-06,axis:AXISEQF,0.03680787,0.04021509865740991,24.866282401019127
2026-06,axis:AXISESG,0.028655329999999993,0.032659112125276314,30.61932596832773
2026-06,axis:AXISF25,0.03883113999999999,0.0441153047279448,22.667870168117663
2026-06,axis:AXISGOF,0.014421169999999999,0.018350293571333366,54.49504097101691
2026-06,axis:AXISIMF,0.019921739999999997,0.02170682223316669,46.06846590709447
2026-06,axis:AXISMCF,0.013621100000000002,0.01803734567860364,55.44052976631843
2026-06,axis:AXISMIF,0.019841549999999996,0.026292746409879397,38.03330334575676
2026-06,axis:AXISMLC,0.01349518999999999,0.014856005937739216,67.312843316767
2026-06,axis:AXISMLF,0.024631840000000006,0.028688792090116023,34.85681784227242
2026-06,axis:AXISQUA,0.031020150000000007,0.04046984981413901,24.709753176564263
2026-06,axis:AXISSCF,0.009421570000000002,0.011339918497386211,88.18405531137587
2026-06,axis:AXISSOF,0.040681020000000005,0.04228934115773256,23.646620463302042
2026-06,axis:AXISSSF,0.019829790000000003,0.029920070017628277,33.42238167928153
2026-06,axis:AXISTAF,0.012577540000000002,0.02668014029795453,37.481062274498846
2026-06,axis:AXISTSF,0.02583305999999999,0.027041525210079284,36.98016262881749
2026-06,axis:AXISVAL,0.019901010000000004,0.021025131035648254,47.56212925876624
2026-06,dsp:Aggressive Hybrid,0.024804849999999986,0.05312681295943963,18.822887056361978
2026-06,dsp:Banking and Financial Services,0.046727979999999995,0.04923577256468794,20.310435845932137
2026-06,dsp:Business Cycle Fund,0.033408720000000024,0.0507195930083285,19.71624653683229
2026-06,dsp:DAAF,0.01250504,0.05685116907088076,17.58978779756002
2026-06,dsp:Flexi Cap,0.031813970000000004,0.037206271593478404,26.877189171926652
2026-06,dsp:Focused,0.03981029,0.04739476810096998,21.099375312262243
2026-06,dsp:HEALTHCARE,0.04040411,0.0698597630110299,14.314391530960584
2026-06,dsp:Large & Mid Cap,0.03037265,0.03226046498664674,30.997693319483158
2026-06,dsp:Large Cap,0.04563118000000001,0.04825827558847134,20.72183450000636
2026-06,dsp:MIDCAP,0.017941059999999998,0.019597729786299922,51.02631840036209
2026-06,dsp:Multi Asset,0.0068185599999999996,0.039667430629584076,25.20959850760279
2026-06,dsp:Multicap Fund,0.01856544,0.023043028587224876,43.39707327162728
2026-06,dsp:NRNEF,0.03985489,0.06671676813206645,14.98873563570242
2026-06,dsp:QUANT,0.026962270000000003,0.03002027678925744,33.31081878491685
2026-06,dsp:SMALLCAP,0.015658040000000005,0.019892727426474605,50.2696276162278
2026-06,dsp:TAX,0.037715690000000024,0.040813531305332065,24.501677948885433
2026-06,dsp:TIGER,0.02039077999999999,0.027214436323164126,36.74520346941118
2026-06,dsp:VALUE,0.022342440000000005,0.05544428205064069,18.036124971131166
2026-06,hdfc:HDFCBKGFSF,0.06856087999999999,0.06964307488350684,14.358929465316072
2026-06,hdfc:HDFCBUSICY,0.028269779999999998,0.030144831956235886,33.17318210470687
2026-06,hdfc:HDFCCB,0.022667490000000005,0.022909689172054937,43.649653755223895
2026-06,hdfc:HDFCCS,0.04201303000000001,0.05117192366771458,19.54196614716911
2026-06,hdfc:HDFCDFNFND,0.08723444,0.0911286820674066,10.973493496375973
2026-06,hdfc:HDFCDIVYLD,0.017364470000000003,0.01780685915718636,56.15813497331041
2026-06,hdfc:HDFCEQ,0.032262879999999994,0.03648193724092899,27.41082507203325
2026-06,hdfc:HDFCGR,0.013264420000000002,0.026491870065486253,37.74742958983501
2026-06,hdfc:HDFCHOF117,0.04754423999999999,0.05243744893760437,19.070340381926396
2026-06,hdfc:HDFCINNOVF,0.02909792000000001,0.029954395239500768,33.38408243613288
2026-06,hdfc:HDFCLARGEF,0.009729870000000005,0.009961607982268398,100.38539980493049
2026-06,hdfc:HDFCMANFFN,0.020182749999999996,0.02029217984115115,49.280067879748856
2026-06,hdfc:HDFCMNCFND,0.04131703999999999,0.04249867310706891,23.5301463996453
2026-06,hdfc:HDFCMULCAP,0.012536289999999999,0.012819298971337422,78.0073857576684
2026-06,hdfc:HDFCNCCFND,0.041223699999999995,0.04240266366041416,23.583424098273564
2026-06,hdfc:HDFCPHARHC,0.041973489999999995,0.044380875093344575,22.532228080152514
2026-06,hdfc:HDFCPM,0.01945640999999999,0.03944730814593872,25.350272223909773
2026-06,hdfc:HDFCSMALLF,0.014167359999999999,0.017552922817570597,56.970568969801036
2026-06,hdfc:HDFCT2,0.03889465999999998,0.04154303868660001,24.071421629601613
2026-06,hdfc:HDFCTECHFD,0.07110146000000002,0.07379202343495211,13.551600206240488
2026-06,hdfc:HDFCTRALFD,0.04915825,0.050247679485994935,19.901416547578492
2026-06,hdfc:HDFCTS,0.03899611000000001,0.04013578611601517,24.91542079453566
2026-06,hdfc:HDINFG,0.023514519999999997,0.02461452438785469,40.62641976106678
2026-06,hdfc:MIDCAP,0.01914222,0.02258657406789033,44.27408942118523
2026-06,hdfc:MY2005,0.014291649999999996,0.030898459127539052,32.364073427490894
2026-06,icici:BAF,0.012315749301786139,0.025034409536835105,39.94502041394749
2026-06,icici:BANFIN SERVICES,0.0599570133378139,0.06682039073029339,14.965491657124426
2026-06,icici:BCYCLE,0.0353118667057374,0.041611826492657204,24.03162956993631
2026-06,icici:BHACON,0.03015309921568459,0.036365998955350094,27.49821340609377
2026-06,icici:BLUECHIP,0.03260999234322806,0.036576738857152465,27.33978017847409
2026-06,icici:COMFUND,0.03731813010278589,0.04584484798926304,21.81270183803864
2026-06,icici:CONGLO,0.037395052814651636,0.039198664266095716,25.511073367490603
2026-06,icici:DISCO,0.03885577293447562,0.0420872052208959,23.760190175410113
2026-06,icici:DIVYLD,0.029752089343849788,0.03279982040481386,30.487971813810148
2026-06,icici:E&DF,0.0173183749808133,0.03352468816945076,29.828763654578776
2026-06,icici:ENERGY,0.031706821295511306,0.03439898356402574,29.070626407862655
2026-06,icici:ESGFUND,0.03357191411132695,0.03610563667357686,27.696506477389686
2026-06,icici:EXPORTS,0.023167502364788154,0.026891859348276304,37.18597464939133
2026-06,icici:FLEXCAP,0.031848454697490196,0.03401132835852083,29.401968351802726
2026-06,icici:FMCG,0.09272541797440652,0.10865573804435712,9.203379572938566
2026-06,icici:FOCUSED,0.03734093201283823,0.040265717739554174,24.835022349984616
2026-06,icici:HOUSING,0.03572547571784159,0.03846145371782033,26.000057286879677
2026-06,icici:INDOPP,0.029364187883031915,0.03266209155181378,30.616532882275518
2026-06,icici:INFRA,0.02709404853602876,0.03243499638062299,30.8308959947167
2026-06,icici:INNOVA,0.01934223255750085,0.021244824859972044,47.07028683884928
2026-06,icici:LARGE & MIDCAP,0.017897879803378147,0.020137374641222904,49.658906278324665
2026-06,icici:LTEF,0.0353305857594543,0.037141961402741834,26.92372621781303
2026-06,icici:MGFINDIA,0.02129520374337853,0.022404642598079238,44.63360643323677
2026-06,icici:MIDCAP,0.024481478882119725,0.025543367117222826,39.149106514064144
2026-06,icici:MNCFUND,0.02972967912274165,0.03314981606635128,30.166079896143074
2026-06,icici:MOMACT,0.021004120812898194,0.02499742275822877,40.004124011977005
2026-06,icici:MULTI,0.011510030753558538,0.02536576127716169,39.423220500792134
2026-06,icici:MULTICAP,0.01237463563922387,0.013033848352880396,76.72331094591925
2026-06,icici:PHARMA,0.048630019062328896,0.05271301592219237,18.970646670569202
2026-06,icici:PSUEQU,0.053951624402802205,0.05913108544365979,16.911578613803766
2026-06,icici:QUALITY,0.024965200725422645,0.026835165109440475,37.26453688366557
2026-06,icici:QUANT,0.026942447321670324,0.029020420653592,34.45849431118515
2026-06,icici:RURALOPP,0.03362770514473969,0.03752786377536305,26.646867138131572
2026-06,icici:SMALL,0.011334310422348618,0.01177579901345636,84.9199276293088
2026-06,icici:TECH,0.05049556004055751,0.06040440564964888,16.55508384272651
2026-06,icici:TRANSPO,0.05156877344052442,0.05989674603728546,16.695397766307778
2026-06,icici:VARIANCE,0.040943394606041954,0.05095204755376616,19.626296645777963
2026-06,kotak:BAL,0.014784840000000002,0.024115324202521993,41.46740850763348
2026-06,kotak:BFS,0.05650268000000002,0.059121665738064565,16.91427309288692
2026-06,kotak:CMP,0.03491347,0.036434797310387804,27.44628964121871
2026-06,kotak:CON,0.021428549999999994,0.022316663726492863,44.809565276231965
2026-06,kotak:DYF,0.02454729,0.026170034986962836,38.211641692423086
2026-06,kotak:ELS,0.026912610000000003,0.027553592247345143,36.29290841728096
2026-06,kotak:EME,0.018449169999999994,0.01915901753911982,52.194743178148414
2026-06,kotak:ESG,0.03485778,0.03841303042395567,26.03283284248165
2026-06,kotak:HLC,0.047415880000000014,0.04839816726692279,20.661939417764675
2026-06,kotak:K30,0.03038360999999999,0.03325174563782201,30.07360909385027
2026-06,kotak:KAM,0.02406981,0.02552376596839898,39.17917133537824
2026-06,kotak:KBA,0.010732799999999997,0.02083080860444686,48.00581768038159
2026-06,kotak:KBC,0.028815150000000008,0.02920518850505578,34.24049119994167
2026-06,kotak:KEO,0.03652142,0.041385341519364974,24.163144806527242
2026-06,kotak:KFE,0.03613511,0.03897328449070442,25.658602118548966
2026-06,kotak:KIE,0.03743201999999999,0.03764252301148387,26.56570070223303
2026-06,kotak:KMI,0.023011559999999997,0.024721309497289675,40.450931618716844
2026-06,kotak:KMN,0.03180165999999999,0.033480888611360594,29.86778551811448
2026-06,kotak:KOP,0.01986656,0.020451317148760337,48.89660615627465
2026-06,kotak:KPF,0.016580640000000004,0.027719982674509296,36.07505862258632
2026-06,kotak:KQT,0.0180407,0.019764367052737583,50.596105472625744
2026-06,kotak:MAF,0.01237638,0.02462074357296177,40.61615755172354
2026-06,kotak:MID,0.017807009999999998,0.018387070403564628,54.386042912313755
2026-06,kotak:MUC,0.02018793999999999,0.020909251466044484,47.82571971186759
2026-06,kotak:ROF,0.04026571,0.041695909292840026,23.98316806036699
2026-06,kotak:SEF,0.027476010000000002,0.028347986992905003,35.275873389185705
2026-06,kotak:SPO,0.030356469999999993,0.030411185500841254,32.88263786929113
2026-06,kotak:SRF,0.05371092000000001,0.05874421607421593,17.022952502023788
2026-06,kotak:TAL,0.04539102,0.0463875811043949,21.5574939712745
2026-06,kotak:TCH,0.08163748,0.09270722726245322,10.786645545648886
2026-06,mirae:INFRA,0.031963577953023854,0.034142919849384584,29.288649137546585
2026-06,mirae:MABAF,0.010617198625072499,0.02257888787123509,44.28916099423895
2026-06,mirae:MABFF,0.06895936666448617,0.07251999628778757,13.789300209443072
2026-06,mirae:MAEBF,0.02008689048913736,0.02052002721889964,48.73287882771257
2026-06,mirae:MAFCF,0.01881241860843218,0.019368632456326723,51.62987124954979
2026-06,mirae:MAFF,0.04198955145777573,0.044150273906485606,22.649916105120734
2026-06,mirae:MAHCF,0.050359020013493794,0.05058544643325203,19.768531672830235
2026-06,mirae:MAIPF,0.016027644483380385,0.027548431764187215,36.299706951013945
2026-06,mirae:MAMAAF,0.010441980636669429,0.0218353259649079,45.797346996656934
2026-06,mirae:MAMCF,0.020624514194831394,0.021308339966900354,46.929981479240794
2026-06,mirae:MAMPF,0.018248644982476067,0.018655321150210707,53.604008848097756
2026-06,mirae:MASCF,0.015017254296309374,0.016063110996231,62.2544412620094
2026-06,mirae:MATSF,0.029092103749693125,0.029613462682947116,33.76842521613823
2026-06,mirae:MICCF,0.03938140064869915,0.03959626258987324,25.25490878666287
2026-06,mirae:MIIOF,0.034262585769024904,0.034701412481909444,28.81727078173894
2026-06,nippon:AM,0.028768769999999992,0.030657920569444542,32.61799826687064
2026-06,nippon:BF,0.0606454,0.06220304128556164,16.076384358912634
2026-06,nippon:EA,0.03408646999999998,0.0348700812761631,28.677879815657093
2026-06,nippon:EO,0.019052,0.019274940905491634,51.880833508293115
2026-06,nippon:GF,0.013865869999999994,0.014535325065423967,68.79791098575146
2026-06,nippon:GS,0.01661718,0.018128859282169972,55.16066865737748
2026-06,nippon:IT,0.02328503,0.023926689990492536,41.79433094997085
2026-06,nippon:LC,0.021720200000000002,0.02267127258067185,44.10868408209865
2026-06,nippon:LE,0.041542780000000015,0.04553097266763748,21.96307132069639
2026-06,nippon:MC,0.042679060000000005,0.045043503399592934,22.200759810548778
2026-06,nippon:ME,0.03617253,0.03724479843576612,26.849386813695347
2026-06,nippon:MF,0.0067022299999999965,0.021167301563910484,47.24267743721124
2026-06,nippon:NE,0.014760779999999996,0.029003011673920543,34.47917792962164
2026-06,nippon:PH,0.04878454000000001,0.05117132621552372,19.542194309918674
2026-06,nippon:PS,0.025713279999999998,0.026150767699177326,38.239795156432784
2026-06,nippon:QP,0.03485509,0.037437047948544765,26.711507845769436
2026-06,nippon:SC,0.006362340000000002,0.006770345674397443,147.70294577152436
2026-06,nippon:SE,0.023974230000000003,0.025611954409791086,39.04426753226276
2026-06,nippon:SH#0,0.014372379999999999,0.026203618979261472,38.1626675609746
2026-06,nippon:TS,0.026100889999999998,0.026798409452612276,37.31564747408997
2026-06,ppfas:PPDAAF,0.00333114,0.1516688794549438,6.593310398242043
2026-06,ppfas:PPFCF,0.03188927000000001,0.06377976329586005,15.678954394377786
2026-06,ppfas:PPLCF,0.028803139999999988,0.02934052222717877,34.08255627685038
2026-06,ppfas:PPTSF,0.04154833000000002,0.04946393169536261,20.216751190721723
2026-06,sbi:SBAF,0.012639689999999999,0.024307787523418223,41.139079360332396
2026-06,sbi:SBFS,0.07864647999999999,0.0839321938392186,11.914379384811633
2026-06,sbi:SBI-AOF,0.05415147000000001,0.05648799361251319,17.70287694867747
2026-06,sbi:SBIRIOS,0.0321631,0.034624543567407844,28.881247143465657
2026-06,sbi:SBLUECHIP,0.03617694999999999,0.037707094466684424,26.520208309434608
2026-06,sbi:SCF,0.017405689999999998,0.023506582561319114,42.54127529560738
2026-06,sbi:SCOF,0.028212700000000004,0.03003432250671061,33.295240795811814
2026-06,sbi:SDYF,0.023637149999999985,0.02429836463082709,41.15503307293817
2026-06,sbi:SEHF,0.018018669999999997,0.03197347943038784,31.2759204758176
2026-06,sbi:SEMVF,0.03914183,0.040253088562804754,24.842814196474716
2026-06,sbi:SEOF,0.04437866000000001,0.04704969768543273,21.25412168821681
2026-06,sbi:SFEF,0.03656704,0.052978155180578995,18.875704459535147
2026-06,sbi:SFLEXI,0.022586599999999995,0.024641322598820025,40.582237255718006
2026-06,sbi:SHOF,0.042176880000000014,0.04661554507572572,21.452071371803687
2026-06,sbi:SIF,0.03793068,0.041799344790211176,23.92381997897216
2026-06,sbi:SIOF,0.03403849999999999,0.036567546629758876,27.346652760844346
2026-06,sbi:SLMF,0.02104832,0.022725121250627936,44.00416565312575
2026-06,sbi:SLTEF,0.02977846,0.03137660741779672,31.870877137367085
2026-06,sbi:SMAAF,0.00604142,0.023708295764778568,42.17932870086834
2026-06,sbi:SMCF,0.022366119999999993,0.02421831230692102,41.29106881300824
2026-06,sbi:SMCOMMA,0.030195490000000005,0.03376255490742764,29.61861158735957
2026-06,sbi:SMEEF,0.035287070000000004,0.03813780988719381,26.220698119736213
2026-06,sbi:SMGLF,0.027866000000000005,0.02879128153790119,34.732736668341346
2026-06,sbi:SMIDCAP,0.019989540000000004,0.020796784666114346,48.08435611824985
2026-06,sbi:SPSU,0.07470779000000001,0.08017542614563969,12.472649639348186
2026-06,sbi:SQF,0.03985685,0.04107166736665423,24.347684525997412
2026-06,sbi:SQLF,0.030038560000000006,0.03349493593396144,29.855259373285513
2026-06,sbi:SSCF,0.018588420000000005,0.02158472521551724,46.32905862897439
2026-06,sbi:STOF,0.068563,0.09296206033960802,10.757076557326833
2026-06,uti:002,0.005372019999999998,0.0360174599551969,27.76431212095265
2026-06,uti:017,0.03712710999999999,0.0399270120852546,25.045700836935627
2026-06,uti:042,0.03000025999999999,0.03187149812293373,31.375996074700716
2026-06,uti:049,0.018178160000000002,0.01995671523394712,50.10844661945983
2026-06,uti:066,0.01467551,0.029992852037169396,33.34127740705435
2026-06,uti:101,0.028615919999999996,0.031868205491610076,31.379237850818722
2026-06,uti:118,0.030859959999999995,0.03415071013428395,29.281967961073185
2026-06,uti:125,0.027934010000000002,0.02909174478452763,34.37401253883705
2026-06,uti:160,0.013878910000000005,0.01415212974312918,70.66074281049445
2026-06,uti:161,0.04559845,0.04934375498763559,20.265989085155297
2026-06,uti:162,0.05599739999999999,0.06098956415748743,16.396247682928134
2026-06,uti:163,0.08538196999999999,0.08987196529780128,11.126940383315118
2026-06,uti:190,0.024805789999999994,0.029738985383691248,33.62589500273928
2026-06,uti:193,0.02819969,0.028766446236078755,34.76272292354988
2026-06,uti:251,0.0425219,0.04442012473516262,22.512318593477698
2026-06,uti:322,0.009607520000000001,0.02176466814381421,45.94602561326957
2026-06,uti:751,0.011739999999999999,0.012883244140461334,77.62020102214652
2026-06,uti:753,0.04263296,0.04602928809867822,21.72529798540847
2026-06,uti:773,0.020352829999999995,0.04455125189012778,22.446058361417055
2026-06,uti:775,0.04322195,0.044903253075212014,22.270101418376544
2026-06,uti:783,0.021243529999999993,0.022629177685062077,44.19073524974431
2026-06,uti:787,0.01812449,0.019818805856502184,50.45712679363669
2026-07,absl:ABSLBCF,0.019534748926350248,0.020835896776835405,47.994094552808676
2026-07,absl:ABSLCONF,0.03516309073838089,0.03556199798208485,28.119904863156798
2026-07,absl:ABSLESG,0.028006486088730364,0.029199433256013495,34.247240048539446
2026-07,absl:ABSLMAAF,0.009527131659333176,0.01859620975653465,53.77439882063081
2026-07,absl:ABSLMCF,0.014185000125953928,0.015143839094602348,66.03345385229467
2026-07,absl:ABSLQF,0.029482046761331673,0.029679053702694337,33.69379664248586
2026-07,absl:ABSLSO,0.018710729668641176,0.02172899190940432,46.021463129506685
2026-07,absl:ABSLTNLF,0.05259936118331716,0.05538258974872951,18.05621594325932
2026-07,absl:ADVG,0.01684904566358133,0.017725402347423414,56.41620880585321
2026-07,absl:BDYP,0.02100251498923506,0.023690975972726555,42.21016479655446
2026-07,absl:BINFRA,0.02116526588224918,0.022990996972568796,43.49528648945185
2026-07,absl:BSL95F,0.01566856252983032,0.0267854120199983,37.33375462932541
2026-07,absl:BSLBKFS,0.05660076835085702,0.0597782579953609,16.728490149003758
2026-07,absl:BSLDAAF,0.010210171604262694,0.016638900201665148,60.10012608284798
2026-07,absl:BSLEQTY,0.01759529696690552,0.01845590283672803,54.183206795495124
2026-07,absl:BSLFEF,0.027634741796589576,0.028580738684059328,34.98859882714444
2026-07,absl:BSLMFG,0.017433247907283393,0.019574025096758346,51.08811269306128
2026-07,absl:BSLNMF,0.04975824825324394,0.059119117109008884,16.91500226832066
2026-07,absl:BSLPHF,0.043466831660477476,0.04561911589901334,21.92063524890951
2026-07,absl:BSLR96,0.02678010552733734,0.027749463791962345,36.0367323670467
2026-07,absl:BSLTA1,0.01388325884405983,0.01528989789129768,65.4026604434785
2026-07,absl:BTOP100,0.034017374431855624,0.03745028812549895,26.70206425779473
2026-07,absl:GENNEXT,0.024913561324324533,0.025464116873722572,39.270947622453754
2026-07,absl:MIDCAP,0.016908616026886786,0.017589892932829726,56.85082926989299
2026-07,absl:MNC,0.02245613788077105,0.023577001943032458,42.41421375017203
2026-07,absl:PSUEQ,0.06298140560609015,0.06750947692990539,14.812735122185778
2026-07,absl:PURE,0.020321059389918922,0.021577949236138736,46.343607034036424
2026-07,axis:AXISBCF,0.01686701,0.01810895840418634,55.221287590390894
2026-07,axis:AXISCON,0.03799963999999999,0.038928313855332804,25.68824336230555
2026-07,axis:AXISDEF,0.016636779999999997,0.02827994404110907,35.36074889491834
2026-07,axis:AXISEHF,0.01445875,0.025493264585607606,39.226047203250566
2026-07,axis:AXISEQF,0.037349130000000015,0.041184416878311925,24.281028500529985
2026-07,axis:AXISESG,0.02737972,0.03431875890065738,29.138582863520885
2026-07,axis:AXISF25,0.04059616,0.04627822024397174,21.608436857082058
2026-07,axis:AXISGOF,0.013765149999999999,0.017242166501898148,57.99735200851427
2026-07,axis:AXISIMF,0.02057289,0.02161925661536975,46.255059449596025
2026-07,axis:AXISMCF,0.014705799999999995,0.0184410539106576,54.22683567027978
2026-07,axis:AXISMIF,0.022024190000000003,0.026861053120067212,37.22862225580148
2026-07,axis:AXISMLC,0.013472610000000003,0.01381584746034289,72.38064858999113
2026-07,axis:AXISMLF,0.02510448,0.029647410877718054,33.72975819455333
2026-07,axis:AXISQUA,0.03201439,0.04064512914104342,24.603194063669505
2026-07,axis:AXISSCF,0.009351809999999999,0.011143199565234796,89.74083198867392
2026-07,axis:AXISSOF,0.04150162999999999,0.0424042255673562,23.58255543216014
2026-07,axis:AXISSSF,0.018834860000000002,0.027943196333754167,35.78688665591357
2026-07,axis:AXISTAF,0.012979840000000005,0.026278818379624064,38.05346136778261
2026-07,axis:AXISTSF,0.02505151999999999,0.026169847612769418,38.21191528498072
2026-07,axis:AXISVAL,0.018606490000000007,0.019617141387545268,50.97582671422709
2026-07,dsp:Aggressive Hybrid,0.024587349999999997,0.05068383657596772,19.730155954179693
2026-07,dsp:Banking and Financial Services,0.045814350000000004,0.047654765115052046,20.984260390030627
2026-07,dsp:Business Cycle Fund,0.034219240000000005,0.04815209758966804,20.76752727412999
2026-07,dsp:DAAF,0.01261525,0.05179902049849669,19.3053843562355
2026-07,dsp:Flexi Cap,0.03194861000000001,0.03517021545176575,28.433149673804294
2026-07,dsp:Focused,0.038048660000000005,0.04633308850416231,21.582847858505385
2026-07,dsp:HEALTHCARE,0.044052100000000004,0.06195914565097633,16.139667348435143
2026-07,dsp:Large & Mid Cap,0.02772607999999999,0.028623434991417528,34.936407887447494
2026-07,dsp:Large Cap,0.0445012,0.04573678096730291,21.864240964288612
2026-07,dsp:MIDCAP,0.018198070000000004,0.019816290258599427,50.46353212181289
2026-07,dsp:Multi Asset,0.0058318499999999995,0.0394059654679454,25.37686840367978
2026-07,dsp:Multicap Fund,0.02425778,0.025012377413698772,39.98020593805371
2026-07,dsp:NRNEF,0.04254813000000001,0.06646483587751763,15.045549827924267
2026-07,dsp:QUANT,0.027114290000000006,0.02905053082972019,34.42277891104656
2026-07,dsp:SMALLCAP,0.014224920000000007,0.018639084701928134,53.650703132249525
2026-07,dsp:TAX,0.03636576000000001,0.038270278898576524,26.129937611643467
2026-07,dsp:TIGER,0.02039321999999999,0.028239197505306415,35.411771167084
2026-07,dsp:VALUE,0.022933069999999993,0.05095028444470771,19.626975803937277
2026-07,hdfc:HDFCBKGFSF,0.06412184000000001,0.06537093741273255,15.297317731368897
2026-07,hdfc:HDFCBUSICY,0.025575389999999996,0.030302246885340854,33.000853163920475
2026-07,hdfc:HDFCCB,0.02119929,0.021382786597010105,46.76658935275663
2026-07,hdfc:HDFCCS,0.04182081,0.04803259620422812,20.819195276227312
2026-07,hdfc:HDFCDFNFND,0.08810898,0.09121996011495401,10.962513015131943
2026-07,hdfc:HDFCDIVYLD,0.017287330000000004,0.017886795024294286,55.90716495838273
2026-07,hdfc:HDFCEQ,0.030220049999999995,0.03401985520196442,29.394598950034823
2026-07,hdfc:HDFCGR,0.013230780000000003,0.025982190660882018,38.48790169589391
2026-07,hdfc:HDFCHOF117,0.04782224000000001,0.0516319688448593,19.367845588161497
2026-07,hdfc:HDFCINNOVF,0.027257379999999998,0.02910133237979406,34.362687829864804
2026-07,hdfc:HDFCLARGEF,0.0095363,0.009745669731278135,102.60967461174687
2026-07,hdfc:HDFCMANFFN,0.020210660000000005,0.020496608180729365,48.7885600965035
2026-07,hdfc:HDFCMNCFND,0.038417780000000006,0.04031388555508839,24.80534898164339
2026-07,hdfc:HDFCMULCAP,0.012286539999999999,0.012556291326839381,79.64135061620269
2026-07,hdfc:HDFCNCCFND,0.04368902,0.044289306632665545,22.578813624109678
2026-07,hdfc:HDFCPHARHC,0.041667850000000006,0.042062306524983724,23.77425497115881
2026-07,hdfc:HDFCPM,0.018761369999999996,0.03821204789624121,26.169756792814198
2026-07,hdfc:HDFCSMALLF,0.014777400000000001,0.018235598092916833,54.83779555266823
2026-07,hdfc:HDFCT2,0.03826684000000001,0.04129817743334775,24.214143629314567
2026-07,hdfc:HDFCTECHFD,0.06804646,0.07252982127338595,13.787432292583622
2026-07,hdfc:HDFCTRALFD,0.04992070000000001,0.05134839065373652,19.47480704397173
2026-07,hdfc:HDFCTS,0.03542163,0.03644205078810746,27.440826692616902
2026-07,hdfc:HDINFG,0.02202759000000001,0.023425679282635108,42.688196484499635
2026-07,hdfc:MIDCAP,0.018968100000000005,0.021893292599035025,45.676089856126815
2026-07,hdfc:MY2005,0.013675750000000006,0.029688992136028963,33.68251759501306
2026-07,icici:BAF,0.012924111992724039,0.025703893890464496,38.904611272573575
2026-07,icici:BALHYBID,0.007964873759821935,0.04104207527206041,24.365239656405844
2026-07,icici:BANFIN SERVICES,0.061525398510396526,0.06867039124105827,14.56231691602911
2026-07,icici:BCYCLE,0.032464782431476005,0.04040722747265917,24.748047875262714
2026-07,icici:BHACON,0.03656382871596706,0.039332529449212644,25.42424842753198
2026-07,icici:BLUECHIP,0.03186453737427193,0.03582715341069697,27.91179049411803
2026-07,icici:COMFUND,0.03926625787355373,0.047583477789562456,21.015698020697265
2026-07,icici:CONGLO,0.037976352759457786,0.040795238945543204,24.51266436592959
2026-07,icici:DISCO,0.036333846041984336,0.041735172158257824,23.96060560641865
2026-07,icici:DIVYLD,0.028235898582182162,0.03170562778091362,31.540141924014737
2026-07,icici:E&DF,0.017127427889402976,0.033246620041011636,30.078245510865223
2026-07,icici:ENERGY,0.030471958665535006,0.034509879790163595,28.977209021893827
2026-07,icici:ESGFUND,0.03356310976916252,0.037454931747220435,26.69875376489535
2026-07,icici:EXPORTS,0.022962671401427603,0.025860623653418527,38.66882768961411
2026-07,icici:FLEXCAP,0.03376055445523066,0.036026186610119915,27.757586747166172
2026-07,icici:FMCG,0.08967619629169284,0.09588006590805308,10.429696627023374
2026-07,icici:FOCUSED,0.03959974873289706,0.042637084597107376,23.45376119050698
2026-07,icici:HOUSING,0.03508613165719235,0.03753134098115405,26.64439835768562
2026-07,icici:INDOPP,0.026961204367986297,0.03137329480553668,31.874242287855672
2026-07,icici:INFRA,0.02700948709015347,0.029541030014924027,33.85122317992309
2026-07,icici:INNOVA,0.019634569077609545,0.021472807874835315,46.57052798259946
2026-07,icici:LARGE & MIDCAP,0.017663780391360483,0.018572199193545264,53.843919590715366
2026-07,icici:LTEF,0.034081022761825557,0.03566961626328281,28.035064706579664
2026-07,icici:MGFINDIA,0.024584833889107562,0.02552570670446489,39.17619251752519
2026-07,icici:MIDCAP,0.0244922981881677,0.0255319752615772,39.166574060757824
2026-07,icici:MNCFUND,0.030407288428646484,0.03328666258062922,30.042062570188044
2026-07,icici:MOMACT,0.02407645731164682,0.02643137717935295,37.83382126532388
2026-07,icici:MULTI,0.011870589171858775,0.02413003966058589,41.44212003237625
2026-07,icici:MULTICAP,0.012205016696071018,0.012688912251379105,78.80896172887587
2026-07,icici:PHARMA,0.04987530049418215,0.052836417632169806,18.926339915050246
2026-07,icici:PSUEQU,0.05802086068635779,0.06737815236327183,14.841606142722089
2026-07,icici:QUALITY,0.025039569454659086,0.02690126280001372,37.17297613253643
2026-07,icici:QUANT,0.02393613826668212,0.026976816520887494,37.06886612160943
2026-07,icici:RURALOPP,0.03612073045731233,0.03811438744575359,26.23681153011452
2026-07,icici:SMALL,0.011420402245059533,0.012076430772785812,82.80592327440786
2026-07,icici:TECH,0.04971754651456219,0.057888155939799284,17.274690889099123
2026-07,icici:TRANSPO,0.05533955817656611,0.059710044367028065,16.747601020913006
2026-07,icici:VARIANCE,0.04525493445042499,0.05327700998884676,18.76982210918639
2026-07,kotak:BAL,0.015598830000000004,0.02541054755284997,39.353736786669245
2026-07,kotak:BFS,0.055199359999999996,0.05854577813226197,17.080650935083302
2026-07,kotak:CMP,0.036477800000000005,0.037023723691525234,27.009708918849267
2026-07,kotak:CON,0.021152019999999987,0.021748126580392844,45.980972030094584
2026-07,kotak:DYF,0.024234710000000003,0.025477768008116904,39.24990602322041
2026-07,kotak:ELS,0.026634869999999998,0.026919460109526498,37.14784753971017
2026-07,kotak:EME,0.01856134,0.01910767898649646,52.33498012535732
2026-07,kotak:ESG,0.03477663,0.03772719835139384,26.50607635069872
2026-07,kotak:HLC,0.05274465000000001,0.05411032479551994,18.480761366318667
2026-07,kotak:K30,0.02996606,0.03220587697289352,31.050233497496826
2026-07,kotak:KAM,0.022907020000000007,0.025792773246646934,38.77054981398715
2026-07,kotak:KBA,0.011423949999999997,0.021788091912659346,45.89663032488764
2026-07,kotak:KBC,0.028365420000000006,0.028720449560468708,34.81839648416981
2026-07,kotak:KEO,0.038027080000000005,0.04010083704244468,24.93713532566792
2026-07,kotak:KFE,0.03573977,0.03896662378166234,25.662988038255428
2026-07,kotak:KIE,0.03857863000000001,0.03936988556641498,25.400124628583217
2026-07,kotak:KMI,0.023243069999999998,0.023652839117247318,42.27822271326465
2026-07,kotak:KMN,0.030045550000000004,0.030123821025408518,33.19631992092008
2026-07,kotak:KOP,0.019475079999999995,0.019726774707564808,50.69252398449711
2026-07,kotak:KPF,0.018049680000000002,0.027839534826903798,35.92014041246163
2026-07,kotak:KQT,0.021659829999999998,0.021882461949044966,45.69869708118669
2026-07,kotak:MAF,0.012382220000000001,0.023965272919776945,41.727044100330964
2026-07,kotak:MID,0.0180604,0.01814740300538454,55.104303337689075
2026-07,kotak:MUC,0.021417959999999996,0.021738499390756557,46.001335327921055
2026-07,kotak:ROF,0.041252240000000016,0.04258736936091775,23.48114041807184
2026-07,kotak:SEF,0.027118130000000004,0.02810421442117354,35.58185206723324
2026-07,kotak:SPO,0.02827181,0.02860839318137357,34.954776860766955
2026-07,kotak:SRF,0.05149105999999999,0.05930433223452693,16.862174521169315
2026-07,kotak:TAL,0.04516288,0.04861919734694768,20.568007177575918
2026-07,kotak:TCH,0.07888609999999999,0.08785174284914488,11.382813448757139
2026-07,mirae:INFRA,0.028793554245055114,0.030074554074339444,33.25070082595943
2026-07,mirae:MABAF,0.01030865054248808,0.022365483186299058,44.71175479064066
2026-07,mirae:MABFF,0.06715134955581877,0.06966205573810497,14.355017080740593
2026-07,mirae:MAEBF,0.020196622995472698,0.02082400618808313,48.02149936798741
2026-07,mirae:MAFCF,0.018976805705956376,0.01953532604106131,51.189317132363165
2026-07,mirae:MAFF,0.03948451334078736,0.04868362606285852,20.540787136702523
2026-07,mirae:MAHCF,0.05101569770084726,0.052321996494611125,19.11242053049322
2026-07,mirae:MAIPF,0.01567755477606837,0.02650656901360382,37.726497136871075
2026-07,mirae:MAMAAF,0.00988386077368529,0.02133581050894711,46.869557619133005
2026-07,mirae:MAMCF,0.020697120128349917,0.021628378972561296,46.2355501199902
2026-07,mirae:MAMPF,0.017643464641435163,0.01844183532634095,54.22453797598301
2026-07,mirae:MASCF,0.015373695873184372,0.015512106129553326,64.4657786407754
2026-07,mirae:MATSF,0.028578544718343733,0.029072079363881464,34.39726438152129
2026-07,mirae:MICCF,0.039435338250732414,0.04016475529501076,24.897450330643974
2026-07,mirae:MIIOF,0.03385116626975345,0.03507365320111102,28.511429769406604
2026-07,nippon:AM,0.02836783999999999,0.03058959270797277,32.690856970428484
2026-07,nippon:BF,0.05927674000000001,0.061294838223395924,16.31458747562703
2026-07,nippon:EA,0.03121018,0.032063730617067784,31.187886772841455
2026-07,nippon:EO,0.018934549999999994,0.019440556383363162,51.43885701006891
2026-07,nippon:GF,0.01431931,0.014660355461745687,68.21117009129632
2026-07,nippon:GS,0.018728059999999984,0.020044683832515838,49.888539442953565
2026-07,nippon:IT,0.023488069999999996,0.023940784244874516,41.76972607796213
2026-07,nippon:LC,0.02135413999999999,0.0222074303074589,45.02997357889382
2026-07,nippon:LE,0.042751790000000005,0.04643702032362806,21.53454276417431
2026-07,nippon:MC,0.04126187,0.04496851643566746,22.237780546543334
2026-07,nippon:ME,0.03734891000000001,0.03799202957870086,26.321310314009157
2026-07,nippon:MF,0.006904240000000001,0.021415346378705204,46.69548567257221
2026-07,nippon:NE,0.015057709999999995,0.029314609935009586,34.1126831370773
2026-07,nippon:PH,0.04872297999999998,0.05144339739460616,19.43884056352876
2026-07,nippon:PS,0.025205670000000017,0.025577741995259872,39.09649257488493
2026-07,nippon:QP,0.034610869999999995,0.03611901175065618,27.686250302289423
2026-07,nippon:SC,0.00616146,0.006513510280387107,153.52704716090025
2026-07,nippon:SE,0.022464439999999992,0.023515321862385377,42.525465135120236
2026-07,nippon:SH#0,0.014174479999999993,0.02601112006542232,38.44509569310482
2026-07,nippon:TS,0.026223369999999992,0.026978808749776144,37.066128800379204
2026-07,ppfas:PPDAAF,0.00331373,0.15314110417539925,6.529925491817377
2026-07,ppfas:PPFCF,0.030486230000000003,0.06202171736526426,16.1233845575527
2026-07,ppfas:PPLCF,0.028041269999999997,0.02852411915807817,35.05805015250734
2026-07,ppfas:PPTSF,0.040883600000000006,0.04891777516852773,20.44246690604545
2026-07,sbi:SBAF,0.012781800000000008,0.024357635908664188,41.05488741804753
2026-07,sbi:SBFS,0.06897951999999999,0.08362905182423415,11.957567115572852
2026-07,sbi:SBI-AOF,0.05641962999999999,0.05948418313948464,16.81119160122107
2026-07,sbi:SBIRIOS,0.03236617,0.034951863795701706,28.610777549521625
2026-07,sbi:SBLUECHIP,0.035380669999999996,0.03718018148902337,26.896049452992262
2026-07,sbi:SCF,0.017255180000000002,0.023352139718474784,42.82262833537524
2026-07,sbi:SCOF,0.0293422,0.030427740054172665,32.86474770126303
2026-07,sbi:SDYF,0.023788040000000003,0.024290658417468917,41.168089510527146
2026-07,sbi:SEHF,0.01808901,0.03196190639016734,31.28724512839562
2026-07,sbi:SEMVF,0.04040436,0.041458915610905485,24.120264248709795
2026-07,sbi:SEOF,0.04619253,0.04659236282752807,21.462744950319884
2026-07,sbi:SFEF,0.03921952,0.05690321651326599,17.57369901518427
2026-07,sbi:SFLEXI,0.022779849999999997,0.02700178896919875,37.03458319523612
2026-07,sbi:SHOF,0.047196970000000005,0.04883359825709149,20.477704606884718
2026-07,sbi:SIF,0.03564766999999999,0.040403827114766575,24.75013065370051
2026-07,sbi:SIOF,0.03673959,0.03856076843463815,25.933093156456025
2026-07,sbi:SLMF,0.020617150000000004,0.02147163497057254,46.573071932832654
2026-07,sbi:SLTEF,0.028394160000000005,0.03100310203974676,32.25483691012515
2026-07,sbi:SMAAF,0.006195789999999999,0.023644298323460912,42.29349445349182
2026-07,sbi:SMCF,0.021090840000000003,0.02199637258906831,45.4620413411699
2026-07,sbi:SMCOMMA,0.031199080000000008,0.03263185194441996,30.64490491386284
2026-07,sbi:SMEEF,0.03487178999999999,0.036750830178873345,27.210269676434738
2026-07,sbi:SMGLF,0.026744489999999996,0.02846543959922451,35.13031992758135
2026-07,sbi:SMIDCAP,0.01916782000000001,0.021069687105612942,47.46154961805774
2026-07,sbi:SPSU,0.07391550999999999,0.07688478102186934,13.006475230976557
2026-07,sbi:SQF,0.040393289999999984,0.04205023712309609,23.781078738572678
2026-07,sbi:SQLF,0.03041274,0.03749658048679665,26.669098542255643
2026-07,sbi:SSCF,0.01683021,0.020801142998040104,48.07428130724454
2026-07,sbi:STOF,0.06497485,0.08848812644580024,11.300951214200571
2026-07,uti:002,0.0055099300000000006,0.036096015047578214,27.703889160116386
2026-07,uti:017,0.03489705000000001,0.038111461772266625,26.238825631392896
2026-07,uti:042,0.02967364,0.03147258127298241,31.77368870148724
2026-07,uti:049,0.019845789999999995,0.021773815889763338,45.92672249378835
2026-07,uti:066,0.016713250000000002,0.033464992103216976,29.881973284669336
2026-07,uti:101,0.027451309999999996,0.030655287535164402,32.62079988168139
2026-07,uti:118,0.031099669999999996,0.033640094225713894,29.72643278851513
2026-07,uti:125,0.027299460000000005,0.02840190375172224,35.20890742893817
2026-07,uti:160,0.014793690000000005,0.015507940941831447,64.48309312957073
2026-07,uti:161,0.04611733,0.049145703483842416,20.347658678418735
2026-07,uti:162,0.05736581,0.0612592461418566,16.324066373332826
2026-07,uti:163,0.08349021999999999,0.08984243986845956,11.130597092689419
2026-07,uti:190,0.02452292999999999,0.02954202526213575,33.8500827592788
2026-07,uti:193,0.027095639999999997,0.02750115107284537,36.36211434754816
2026-07,uti:251,0.04308182000000001,0.04480332690375209,22.319771077452156
2026-07,uti:322,0.009776670000000001,0.02191634202582386,45.62805229183354
2026-07,uti:751,0.011522849999999992,0.01248487869514231,80.0968935636584
2026-07,uti:753,0.042378820000000005,0.04505930620516035,22.192973754342372
2026-07,uti:773,0.02008247,0.043163934795139795,23.167489357633787
2026-07,uti:775,0.04483106,0.04721765960645058,21.17851685862436
2026-07,uti:783,0.02093802,0.022503034972765314,44.4384502450566
2026-07,uti:787,0.017648660000000004,0.019367290931174987,51.633447525194555
