month,scheme_id,stocks,observed_nav_weight
2023-08,absl:ABSLBCF,42,0.9833245529999999
2023-08,absl:ABSLESG,43,0.9734166180000002
2023-08,absl:ABSLMAAF,52,0.654346897
2023-08,absl:ABSLMCF,71,0.967951044
2023-08,absl:ABSLSO,59,0.9631900119999998
2023-08,absl:ADVG,71,0.9888104510000001
2023-08,absl:BDYP,54,0.8933928869999999
2023-08,absl:BINFRA,55,0.9633531840000001
2023-08,absl:BSL95F,79,0.7567750949999997
2023-08,absl:BSLBKFS,41,0.9639412579999999
2023-08,absl:BSLDAAF,106,0.6486256019999995
2023-08,absl:BSLEQTY,69,0.9872763720000005
2023-08,absl:BSLFEF,77,0.985368093
2023-08,absl:BSLMFG,43,0.9214932290000001
2023-08,absl:BSLNMF,28,0.9114412970000003
2023-08,absl:BSLPHF,29,0.9751832709999999
2023-08,absl:BSLR96,62,0.9768861010000004
2023-08,absl:BSLTA1,106,0.9266496489999999
2023-08,absl:BTOP100,28,0.984720374
2023-08,absl:GENNEXT,74,0.9437920179999999
2023-08,absl:MIDCAP,80,0.962019989
2023-08,absl:MNC,56,0.9898746880000002
2023-08,absl:PSUEQ,36,0.9774814089999997
2023-08,absl:PURE,75,0.9883541389999998
2023-08,axis:AXISBCF,45,0.9367000000000001
2023-08,axis:AXISDEF,46,0.7585000000000001
2023-08,axis:AXISEHF,50,0.7311000000000001
2023-08,axis:AXISEQF,40,0.9531999999999999
2023-08,axis:AXISESG,37,0.7304999999999999
2023-08,axis:AXISF25,23,0.8593
2023-08,axis:AXISGOF,61,0.7511999999999999
2023-08,axis:AXISMCF,66,0.9222
2023-08,axis:AXISMLC,57,0.9696999999999999
2023-08,axis:AXISMLF,56,0.9597999999999998
2023-08,axis:AXISQUA,50,0.9619
2023-08,axis:AXISSCF,93,0.8949000000000001
2023-08,axis:AXISSSF,38,0.7446999999999999
2023-08,axis:AXISTAF,45,0.7463999999999998
2023-08,axis:AXISTSF,41,0.9807000000000001
2023-08,axis:AXISVAL,51,0.9463999999999999
2023-08,dsp:DAAF,133,0.6549
2023-08,dsp:EQUITYOPPOR,70,0.9541000000000002
2023-08,dsp:FOCUS,28,0.9591
2023-08,dsp:Flexi Cap,55,0.9682000000000004
2023-08,dsp:HEALTHCARE,20,0.8723
2023-08,dsp:MIDCAP,54,0.9496
2023-08,dsp:NRNEF,18,0.7201000000000002
2023-08,dsp:QUANT,45,0.9907999999999998
2023-08,dsp:SMALLCAP,72,0.9471000000000002
2023-08,dsp:TAX,68,0.9795
2023-08,dsp:TIGER,63,0.9615
2023-08,dsp:TOP100,28,0.9291
2023-08,dsp:VALUE,55,0.6739
2023-08,hdfc:HDFCBKGFSF,27,0.9885999999999999
2023-08,hdfc:HDFCBUSICY,44,0.9511
2023-08,hdfc:HDFCCB,65,0.9923
2023-08,hdfc:HDFCCS,25,0.8396
2023-08,hdfc:HDFCDFNFND,19,0.9654
2023-08,hdfc:HDFCDIVYLD,76,0.9779
2023-08,hdfc:HDFCEQ,40,0.9003
2023-08,hdfc:HDFCGR,136,0.6673999999999994
2023-08,hdfc:HDFCHOF117,35,0.9639999999999999
2023-08,hdfc:HDFCLARGEF,165,0.9545
2023-08,hdfc:HDFCMNCFND,30,0.9203000000000001
2023-08,hdfc:HDFCMULCAP,153,0.9522999999999998
2023-08,hdfc:HDFCNCCFND,41,0.9264999999999999
2023-08,hdfc:HDFCPM,35,0.6594000000000002
2023-08,hdfc:HDFCSMALLF,75,0.9361
2023-08,hdfc:HDFCT2,51,0.9427
2023-08,hdfc:HDFCTRALFD,28,0.7060999999999998
2023-08,hdfc:HDFCTS,35,0.9547999999999999
2023-08,hdfc:HDINFG,43,0.9195999999999998
2023-08,hdfc:MIDCAP,63,0.9142999999999999
2023-08,hdfc:MY2005,60,0.6589999999999999
2023-08,icici:BAF,88,0.664977617
2023-08,icici:BANFIN SERVICES,28,0.9573677540000001
2023-08,icici:BCYCLE,62,0.835414773
2023-08,icici:BHACON,46,0.9011591609999997
2023-08,icici:BLUECHIP,66,0.8783545450000003
2023-08,icici:COMFUND,29,0.961305093
2023-08,icici:DISCO,65,0.867133323
2023-08,icici:DIVYLD,52,0.8899481499999998
2023-08,icici:E&DF,65,0.6599948409999997
2023-08,icici:ESGFUND,40,0.794293623
2023-08,icici:EXPORTS,35,0.8574821620000003
2023-08,icici:FLEXCAP,58,0.9663445519999996
2023-08,icici:FMCG,18,0.8823204240000001
2023-08,icici:FOCUSED,29,0.962015745
2023-08,icici:HOUSING,34,0.9126933600000005
2023-08,icici:INDOPP,49,0.8571213699999998
2023-08,icici:INFRA,57,0.95356052
2023-08,icici:INNOVA,68,0.868816309
2023-08,icici:LARGE & MIDCAP,78,0.9634173459999998
2023-08,icici:LTEF,46,0.920462
2023-08,icici:MGFINDIA,55,0.811068555
2023-08,icici:MIDCAP,74,0.9540779170000003
2023-08,icici:MNCFUND,42,0.8676957260000002
2023-08,icici:MULTI,62,0.6472221510000001
2023-08,icici:MULTICAP,115,0.9314786899999996
2023-08,icici:PHARMA,39,0.9667412299999999
2023-08,icici:PSUEQU,24,0.914422068
2023-08,icici:QUANT,42,0.919822589
2023-08,icici:SMALL,66,0.9162437009999997
2023-08,icici:TECH,47,0.9333010489999998
2023-08,icici:TRANSPO,29,0.8642757609999999
2023-08,kotak:BAL,61,0.7007
2023-08,kotak:BFS,27,0.962
2023-08,kotak:CON,58,0.9806999999999999
2023-08,kotak:ELS,59,0.9859000000000001
2023-08,kotak:EME,80,0.9297
2023-08,kotak:ESG,45,0.9777999999999999
2023-08,kotak:K30,58,0.9686
2023-08,kotak:KBA,96,0.6808999999999998
2023-08,kotak:KBC,57,0.9875
2023-08,kotak:KFE,30,0.9559000000000001
2023-08,kotak:KIE,45,0.9709000000000002
2023-08,kotak:KMI,50,0.9717000000000001
2023-08,kotak:KOP,67,0.9771000000000004
2023-08,kotak:KPF,45,0.7625000000000001
2023-08,kotak:KQT,42,0.9910000000000002
2023-08,kotak:MID,77,0.9274999999999999
2023-08,kotak:MUC,68,0.9688999999999994
2023-08,kotak:SEF,52,0.9931000000000002
2023-08,mirae:MABAF,88,0.6684197050000004
2023-08,mirae:MABFF,27,0.98758211
2023-08,mirae:MAEBF,78,0.9854571960000004
2023-08,mirae:MAFCF,63,0.9818275769999999
2023-08,mirae:MAFF,29,0.928304221
2023-08,mirae:MAHCF,27,0.9969754900000001
2023-08,mirae:MAIPF,66,0.7084965910000001
2023-08,mirae:MAMCF,66,0.9577497209999999
2023-08,mirae:MAMPF,68,0.8322117469999997
2023-08,mirae:MATSF,66,0.974102512
2023-08,mirae:MICCF,37,0.9880260760000001
2023-08,mirae:MIIOF,64,0.9936492419999996
2023-08,nippon:BF,23,0.9637
2023-08,nippon:EA,55,0.9951000000000001
2023-08,nippon:EO,94,0.9935999999999999
2023-08,nippon:GF,91,0.9742
2023-08,nippon:GS,72,0.9783999999999998
2023-08,nippon:IT,23,0.49689999999999995
2023-08,nippon:LC,81,0.9930999999999999
2023-08,nippon:LE,30,0.9643999999999999
2023-08,nippon:ME,33,0.9715
2023-08,nippon:MF,53,0.5222
2023-08,nippon:NE,57,0.6737000000000001
2023-08,nippon:PH,30,0.9675000000000001
2023-08,nippon:PS,37,0.9517
2023-08,nippon:QP,35,0.9910000000000001
2023-08,nippon:SC,196,0.9772999999999994
2023-08,nippon:SE,71,0.956
2023-08,nippon:SH,64,0.7248000000000001
2023-08,nippon:TS,64,0.9837999999999999
2023-08,ppfas:PPFCF,25,0.6744999999999999
2023-08,ppfas:PPTSF,30,0.8222
2023-08,sbi:SBAF,73,0.6560999999999997
2023-08,sbi:SBFS,21,0.9580000000000001
2023-08,sbi:SBLUECHIP,48,0.9429000000000001
2023-08,sbi:SCF,82,0.7935000000000002
2023-08,sbi:SCOF,35,0.9390000000000002
2023-08,sbi:SDYF,34,0.8991999999999998
2023-08,sbi:SEHF,35,0.7676000000000003
2023-08,sbi:SEMVF,50,0.9979
2023-08,sbi:SFEF,21,0.8062000000000001
2023-08,sbi:SFLEXI,53,0.9185000000000001
2023-08,sbi:SHOF,23,0.9643999999999999
2023-08,sbi:SIF,34,0.9566000000000002
2023-08,sbi:SLMF,72,0.9665999999999999
2023-08,sbi:SLTEF,61,0.9352999999999999
2023-08,sbi:SMAAF,46,0.46369999999999983
2023-08,sbi:SMCF,37,0.9331999999999999
2023-08,sbi:SMCOMMA,20,0.9095999999999999
2023-08,sbi:SMEEF,34,0.9578
2023-08,sbi:SMGLF,21,0.8116999999999999
2023-08,sbi:SMIDCAP,61,0.9311999999999999
2023-08,sbi:SPSU,22,0.9183999999999999
2023-08,sbi:SSCF,55,0.8567000000000001
2023-08,sbi:STAF-III,22,0.9400000000000001
2023-08,sbi:STOF,16,0.8951
2023-08,uti:002,55,0.3930000000000001
2023-08,uti:017,46,0.9686000000000001
2023-08,uti:042,55,0.9539
2023-08,uti:049,56,0.9275999999999999
2023-08,uti:066,58,0.6880999999999999
2023-08,uti:101,38,0.9676000000000001
2023-08,uti:118,33,0.9817000000000001
2023-08,uti:125,55,0.9811999999999999
2023-08,uti:160,80,0.9637000000000001
2023-08,uti:161,43,0.9563999999999999
2023-08,uti:162,33,0.9315999999999999
2023-08,uti:163,27,0.9723999999999998
2023-08,uti:190,48,0.9609
2023-08,uti:193,56,0.9764999999999999
2023-08,uti:251,35,0.9902000000000001
2023-08,uti:322,48,0.6563999999999999
2023-08,uti:751,80,0.9583000000000002
2023-08,uti:753,28,0.9787000000000001
2023-08,uti:773,54,0.6551
2023-09,absl:ABSLBCF,44,0.9595220000000002
2023-09,absl:ABSLESG,43,0.9959753380000002
2023-09,absl:ABSLMAAF,53,0.6497160919999998
2023-09,absl:ABSLMCF,74,0.9583164969999997
2023-09,absl:ABSLSO,59,0.9535273799999998
2023-09,absl:ADVG,73,0.9809293969999999
2023-09,absl:BDYP,54,0.894400515
2023-09,absl:BINFRA,53,0.9394413269999998
2023-09,absl:BSL95F,79,0.7449643300000003
2023-09,absl:BSLBKFS,39,0.9487862520000001
2023-09,absl:BSLDAAF,105,0.654668903
2023-09,absl:BSLEQTY,69,0.9848267230000003
2023-09,absl:BSLFEF,77,0.9625273439999997
2023-09,absl:BSLMFG,43,0.923095734
2023-09,absl:BSLNMF,28,0.8980845139999999
2023-09,absl:BSLPHF,28,0.948377681
2023-09,absl:BSLR96,63,0.9696346989999997
2023-09,absl:BSLTA1,107,0.938652664
2023-09,absl:BTOP100,28,0.9794770859999998
2023-09,absl:GENNEXT,76,0.9498159000000002
2023-09,absl:MIDCAP,81,0.9653179830000003
2023-09,absl:MNC,57,0.9956686130000004
2023-09,absl:PSUEQ,37,0.955774142
2023-09,absl:PURE,70,0.9730184230000005
2023-09,axis:AXISBCF,46,0.9349000000000001
2023-09,axis:AXISDEF,46,0.722
2023-09,axis:AXISEHF,51,0.7312000000000001
2023-09,axis:AXISEQF,40,0.9568
2023-09,axis:AXISESG,40,0.7595000000000001
2023-09,axis:AXISF25,23,0.8436
2023-09,axis:AXISGOF,60,0.7750999999999999
2023-09,axis:AXISMCF,66,0.9243999999999999
2023-09,axis:AXISMLC,60,0.9671000000000001
2023-09,axis:AXISMLF,56,0.9606999999999999
2023-09,axis:AXISQUA,50,0.9710000000000002
2023-09,axis:AXISSCF,96,0.8912000000000001
2023-09,axis:AXISSSF,39,0.7497999999999998
2023-09,axis:AXISTAF,46,0.7101000000000001
2023-09,axis:AXISTSF,39,0.9834000000000002
2023-09,axis:AXISVAL,56,0.9421000000000002
2023-09,dsp:DAAF,118,0.6597000000000001
2023-09,dsp:EQUITYOPPOR,68,0.9515999999999998
2023-09,dsp:FOCUS,29,0.9791000000000002
2023-09,dsp:Flexi Cap,54,0.9766000000000001
2023-09,dsp:HEALTHCARE,21,0.8718
2023-09,dsp:MIDCAP,56,0.9548999999999997
2023-09,dsp:Multi Asset,15,0.21430000000000002
2023-09,dsp:NRNEF,18,0.7263000000000002
2023-09,dsp:QUANT,45,0.9959999999999998
2023-09,dsp:SMALLCAP,74,0.9535
2023-09,dsp:TAX,66,0.9757999999999996
2023-09,dsp:TIGER,60,0.9410000000000001
2023-09,dsp:TOP100,31,0.9616000000000001
2023-09,dsp:VALUE,56,0.6754000000000003
2023-09,hdfc:HDFCBKGFSF,29,0.9875
2023-09,hdfc:HDFCBUSICY,48,0.9509609529999994
2023-09,hdfc:HDFCCB,67,0.9972999999999999
2023-09,hdfc:HDFCCS,27,0.8359
2023-09,hdfc:HDFCDFNFND,19,0.9653
2023-09,hdfc:HDFCDIVYLD,77,0.9799290189999995
2023-09,hdfc:HDFCEQ,41,0.8943
2023-09,hdfc:HDFCGR,150,0.6895999999999997
2023-09,hdfc:HDFCHOF117,35,0.9831000000000001
2023-09,hdfc:HDFCLARGEF,168,0.9583000000000003
2023-09,hdfc:HDFCMNCFND,30,0.9022000000000001
2023-09,hdfc:HDFCMULCAP,159,0.9633000000000005
2023-09,hdfc:HDFCNCCFND,44,0.9815003709999999
2023-09,hdfc:HDFCPM,34,0.6515999999999998
2023-09,hdfc:HDFCSMALLF,76,0.9371999999999998
2023-09,hdfc:HDFCT2,49,0.9682000000000002
2023-09,hdfc:HDFCTECHFD,16,0.7741999999999999
2023-09,hdfc:HDFCTRALFD,33,0.8877
2023-09,hdfc:HDFCTS,36,0.9572000000000002
2023-09,hdfc:HDINFG,43,0.9133000000000001
2023-09,hdfc:MIDCAP,63,0.9212999999999999
2023-09,hdfc:MY2005,59,0.6597
2023-09,icici:BAF,90,0.6652403239999998
2023-09,icici:BANFIN SERVICES,28,0.9524563319999998
2023-09,icici:BCYCLE,63,0.8298649550000001
2023-09,icici:BHACON,47,0.8822126660000003
2023-09,icici:BLUECHIP,67,0.865442888
2023-09,icici:COMFUND,31,0.948685792
2023-09,icici:DISCO,68,0.8443622349999998
2023-09,icici:DIVYLD,52,0.8866979009999999
2023-09,icici:E&DF,68,0.6500164039999999
2023-09,icici:ESGFUND,42,0.8423008479999999
2023-09,icici:EXPORTS,37,0.8865606589999997
2023-09,icici:FLEXCAP,59,0.9661969369999998
2023-09,icici:FMCG,18,0.8709681990000001
2023-09,icici:FOCUSED,28,0.956180636
2023-09,icici:HOUSING,35,0.875129296
2023-09,icici:INDOPP,52,0.882684797
2023-09,icici:INFRA,57,0.9220401030000002
2023-09,icici:INNOVA,65,0.884533363
2023-09,icici:LARGE & MIDCAP,69,0.9561115459999997
2023-09,icici:LTEF,51,0.9224455199999999
2023-09,icici:MGFINDIA,54,0.8127365740000001
2023-09,icici:MIDCAP,82,0.9507532140000002
2023-09,icici:MNCFUND,43,0.8601785050000001
2023-09,icici:MULTI,62,0.6419672029999999
2023-09,icici:MULTICAP,115,0.9153907930000001
2023-09,icici:PHARMA,41,0.962691117
2023-09,icici:PSUEQU,24,0.913089352
2023-09,icici:QUANT,39,0.93076385
2023-09,icici:SMALL,70,0.897536089
2023-09,icici:TECH,48,0.9464361879999998
2023-09,icici:TRANSPO,30,0.9041156629999999
2023-09,kotak:BAL,61,0.7038999999999999
2023-09,kotak:BFS,27,0.9623999999999998
2023-09,kotak:CON,60,0.9813000000000001
2023-09,kotak:ELS,58,0.9832999999999998
2023-09,kotak:EME,80,0.943
2023-09,kotak:ESG,45,0.9805999999999998
2023-09,kotak:K30,58,0.9627999999999999
2023-09,kotak:KBA,94,0.6866999999999999
2023-09,kotak:KBC,58,0.9912
2023-09,kotak:KFE,30,0.9495
2023-09,kotak:KIE,45,0.9428999999999998
2023-09,kotak:KMI,50,0.9637999999999999
2023-09,kotak:KOP,69,0.9736999999999998
2023-09,kotak:KPF,45,0.7735
2023-09,kotak:KQT,42,0.9847
2023-09,kotak:MAF,32,0.18789999999999998
2023-09,kotak:MID,79,0.9539999999999997
2023-09,kotak:MUC,66,0.9639999999999997
2023-09,kotak:SEF,52,0.9925999999999999
2023-09,mirae:MABAF,91,0.6742187459999999
2023-09,mirae:MABFF,28,0.9994504950000002
2023-09,mirae:MAEBF,80,0.9931369650000001
2023-09,mirae:MAFCF,69,0.9893982219999999
2023-09,mirae:MAFF,30,0.956848027
2023-09,mirae:MAHCF,28,0.992796197
2023-09,mirae:MAIPF,69,0.7255309790000002
2023-09,mirae:MAMCF,68,0.9748632299999997
2023-09,mirae:MAMPF,75,0.9537194800000002
2023-09,mirae:MATSF,68,0.9867909329999998
2023-09,mirae:MICCF,38,0.9849226920000002
2023-09,mirae:MIIOF,59,0.9963942330000002
2023-09,nippon:BF,23,0.9600000000000001
2023-09,nippon:EA,54,0.9988000000000002
2023-09,nippon:EO,93,0.9846999999999997
2023-09,nippon:GF,91,0.9813999999999999
2023-09,nippon:GS,73,0.9638999999999999
2023-09,nippon:IT,32,0.8258
2023-09,nippon:LC,81,0.9748999999999994
2023-09,nippon:LE,30,0.9491000000000002
2023-09,nippon:ME,35,0.9465999999999999
2023-09,nippon:MF,54,0.5066000000000002
2023-09,nippon:NE,60,0.6745999999999998
2023-09,nippon:PH,30,0.9606
2023-09,nippon:PS,39,0.9538000000000001
2023-09,nippon:QP,35,0.9871999999999999
2023-09,nippon:SC,200,0.9703999999999997
2023-09,nippon:SE,75,0.9769000000000003
2023-09,nippon:SH,63,0.7131000000000001
2023-09,nippon:TS,63,0.9765999999999997
2023-09,ppfas:PPFCF,25,0.6904
2023-09,ppfas:PPTSF,30,0.8506
2023-09,sbi:SBAF,74,0.6556999999999998
2023-09,sbi:SBFS,22,0.9074000000000001
2023-09,sbi:SBLUECHIP,50,0.9488
2023-09,sbi:SCF,84,0.7766000000000002
2023-09,sbi:SCOF,38,0.9470999999999999
2023-09,sbi:SDYF,34,0.9089999999999999
2023-09,sbi:SEHF,34,0.7799
2023-09,sbi:SEMVF,50,1.0010999999999999
2023-09,sbi:SFEF,20,0.8397999999999999
2023-09,sbi:SFLEXI,52,0.9197999999999998
2023-09,sbi:SHOF,23,0.9758
2023-09,sbi:SIF,34,0.9551
2023-09,sbi:SLMF,73,0.9434000000000002
2023-09,sbi:SLTEF,63,0.9250999999999999
2023-09,sbi:SMAAF,47,0.4368999999999999
2023-09,sbi:SMCF,39,0.9381000000000002
2023-09,sbi:SMCOMMA,19,0.9140999999999999
2023-09,sbi:SMEEF,34,0.9607999999999999
2023-09,sbi:SMGLF,22,0.8085
2023-09,sbi:SMIDCAP,68,0.9392999999999999
2023-09,sbi:SPSU,22,0.9286999999999999
2023-09,sbi:SSCF,56,0.8327000000000002
2023-09,sbi:STAF-III,21,0.9482999999999999
2023-09,sbi:STOF,16,0.8741
2023-09,uti:002,55,0.3874000000000001
2023-09,uti:017,47,0.9669000000000001
2023-09,uti:042,56,0.9553000000000001
2023-09,uti:049,59,0.9257999999999998
2023-09,uti:066,60,0.6928
2023-09,uti:101,39,0.9689
2023-09,uti:118,33,0.9823
2023-09,uti:125,54,0.9807999999999998
2023-09,uti:160,80,0.9560000000000002
2023-09,uti:161,46,0.9568
2023-09,uti:162,34,0.9407000000000001
2023-09,uti:163,28,0.9900000000000001
2023-09,uti:190,48,0.9526999999999999
2023-09,uti:193,57,0.9791999999999997
2023-09,uti:251,35,0.9906000000000001
2023-09,uti:322,48,0.6598
2023-09,uti:751,82,0.9637
2023-09,uti:753,28,0.9807999999999999
2023-09,uti:773,54,0.6487999999999999
2023-10,absl:ABSLBCF,45,0.9879730149999996
2023-10,absl:ABSLESG,44,0.9877226159999998
2023-10,absl:ABSLMAAF,56,0.6619573919999999
2023-10,absl:ABSLMCF,72,0.9577917980000001
2023-10,absl:ABSLSO,60,0.9636811879999998
2023-10,absl:ADVG,74,0.977638594
2023-10,absl:BDYP,54,0.8782592250000002
2023-10,absl:BINFRA,52,0.9051275150000001
2023-10,absl:BSL95F,81,0.730872667
2023-10,absl:BSLBKFS,38,0.938069442
2023-10,absl:BSLDAAF,106,0.6608415940000002
2023-10,absl:BSLEQTY,69,0.9815969410000002
2023-10,absl:BSLFEF,76,0.9486088599999998
2023-10,absl:BSLMFG,43,0.9214332970000003
2023-10,absl:BSLNMF,28,0.8959294270000003
2023-10,absl:BSLPHF,27,0.975814112
2023-10,absl:BSLR96,63,0.9483452769999998
2023-10,absl:BSLTA1,103,0.924087838
2023-10,absl:BTOP100,28,0.968613572
2023-10,absl:GENNEXT,77,0.95792245
2023-10,absl:MIDCAP,81,0.9669396069999997
2023-10,absl:MNC,58,0.9910720850000003
2023-10,absl:PSUEQ,37,0.932533795
2023-10,absl:PURE,70,0.9432750860000003
2023-10,axis:AXISBCF,52,0.9350999999999999
2023-10,axis:AXISDEF,53,0.7124999999999999
2023-10,axis:AXISEHF,58,0.7302000000000002
2023-10,axis:AXISEQF,39,0.9402999999999999
2023-10,axis:AXISESG,42,0.7703000000000001
2023-10,axis:AXISF25,23,0.8300000000000001
2023-10,axis:AXISGOF,58,0.7684999999999996
2023-10,axis:AXISMCF,67,0.9215000000000003
2023-10,axis:AXISMLC,60,0.9572
2023-10,axis:AXISMLF,56,0.947
2023-10,axis:AXISQUA,47,0.9525
2023-10,axis:AXISSCF,98,0.8809000000000001
2023-10,axis:AXISSSF,40,0.7499999999999999
2023-10,axis:AXISTAF,47,0.7259999999999999
2023-10,axis:AXISTSF,40,0.9790999999999999
2023-10,axis:AXISVAL,61,0.9474
2023-10,dsp:DAAF,120,0.6577999999999995
2023-10,dsp:EQUITYOPPOR,68,0.9419999999999996
2023-10,dsp:FOCUS,29,0.9946
2023-10,dsp:Flexi Cap,54,0.9817
2023-10,dsp:HEALTHCARE,21,0.8835
2023-10,dsp:MIDCAP,54,0.9554999999999999
2023-10,dsp:Multi Asset,25,0.3532
2023-10,dsp:NRNEF,20,0.7408000000000001
2023-10,dsp:QUANT,44,0.9948
2023-10,dsp:SMALLCAP,74,0.9491000000000002
2023-10,dsp:TAX,66,0.9637000000000001
2023-10,dsp:TIGER,61,0.9388000000000003
2023-10,dsp:TOP100,31,0.9775
2023-10,dsp:VALUE,64,0.6971000000000002
2023-10,hdfc:HDFCBKGFSF,30,0.9869999999999999
2023-10,hdfc:HDFCBUSICY,49,0.9571000000000003
2023-10,hdfc:HDFCCB,68,0.9959999999999996
2023-10,hdfc:HDFCCS,27,0.8492000000000002
2023-10,hdfc:HDFCDFNFND,20,0.9914000000000001
2023-10,hdfc:HDFCDIVYLD,77,0.9911999999999996
2023-10,hdfc:HDFCEQ,41,0.8860999999999999
2023-10,hdfc:HDFCGR,143,0.6756999999999995
2023-10,hdfc:HDFCHOF117,36,0.9912000000000002
2023-10,hdfc:HDFCLARGEF,169,0.9497000000000001
2023-10,hdfc:HDFCMNCFND,30,0.9077999999999999
2023-10,hdfc:HDFCMULCAP,163,0.9769000000000004
2023-10,hdfc:HDFCNCCFND,47,0.9965000000000002
2023-10,hdfc:HDFCPHARHC,32,0.8549999999999998
2023-10,hdfc:HDFCPM,36,0.6485999999999998
2023-10,hdfc:HDFCSMALLF,77,0.9344999999999998
2023-10,hdfc:HDFCT2,49,0.9684
2023-10,hdfc:HDFCTECHFD,19,0.8542
2023-10,hdfc:HDFCTRALFD,34,0.9318000000000001
2023-10,hdfc:HDFCTS,36,0.9504999999999999
2023-10,hdfc:HDINFG,44,0.9107999999999998
2023-10,hdfc:MIDCAP,64,0.9287000000000002
2023-10,hdfc:MY2005,61,0.6625000000000002
2023-10,icici:BAF,92,0.6685511930000001
2023-10,icici:BANFIN SERVICES,27,0.924516287
2023-10,icici:BCYCLE,64,0.8239639029999999
2023-10,icici:BHACON,48,0.909934527
2023-10,icici:BLUECHIP,69,0.8879088159999999
2023-10,icici:COMFUND,33,0.9246821749999998
2023-10,icici:DISCO,70,0.8864363999999996
2023-10,icici:DIVYLD,55,0.919085423
2023-10,icici:E&DF,70,0.66556287
2023-10,icici:ESGFUND,41,0.8648820370000001
2023-10,icici:EXPORTS,38,0.894828689
2023-10,icici:FLEXCAP,60,0.965410937
2023-10,icici:FMCG,18,0.8669540070000001
2023-10,icici:FOCUSED,29,0.9478183500000001
2023-10,icici:HOUSING,33,0.8800236520000001
2023-10,icici:INDOPP,54,0.9173642840000003
2023-10,icici:INFRA,60,0.947570724
2023-10,icici:INNOVA,69,0.855865893
2023-10,icici:LARGE & MIDCAP,69,0.9607454960000001
2023-10,icici:LTEF,54,0.9445670319999998
2023-10,icici:MGFINDIA,62,0.8291104280000003
2023-10,icici:MIDCAP,77,0.9465126129999999
2023-10,icici:MNCFUND,42,0.8768589450000001
2023-10,icici:MULTI,65,0.657970366
2023-10,icici:MULTICAP,112,0.9563995350000004
2023-10,icici:PHARMA,42,0.969060169
2023-10,icici:PSUEQU,23,0.9161998130000001
2023-10,icici:QUANT,36,0.9228894360000001
2023-10,icici:SMALL,85,0.8718465769999998
2023-10,icici:TECH,46,0.9291400650000001
2023-10,icici:TRANSPO,29,0.9547465920000001
2023-10,kotak:BAL,61,0.6923999999999999
2023-10,kotak:BFS,27,0.9511999999999999
2023-10,kotak:CON,59,0.9706000000000004
2023-10,kotak:ELS,57,0.9882
2023-10,kotak:EME,80,0.9419000000000001
2023-10,kotak:ESG,45,0.9775999999999998
2023-10,kotak:K30,58,0.9636999999999999
2023-10,kotak:KBA,93,0.6701
2023-10,kotak:KBC,58,0.9888999999999994
2023-10,kotak:KFE,30,0.9522
2023-10,kotak:KIE,47,0.9585000000000001
2023-10,kotak:KMI,51,0.9684
2023-10,kotak:KOP,66,0.9664999999999999
2023-10,kotak:KPF,44,0.7606
2023-10,kotak:KQT,42,0.9655
2023-10,kotak:MAF,59,0.6581999999999999
2023-10,kotak:MID,78,0.9587000000000002
2023-10,kotak:MUC,64,0.9652000000000002
2023-10,kotak:SEF,52,0.9914000000000001
2023-10,mirae:MABAF,97,0.6755715179999998
2023-10,mirae:MABFF,28,0.9961356669999998
2023-10,mirae:MAEBF,80,0.996643102
2023-10,mirae:MAFCF,69,0.9864081830000004
2023-10,mirae:MAFF,30,0.9965143239999998
2023-10,mirae:MAHCF,28,0.9933160169999998
2023-10,mirae:MAIPF,68,0.71728947
2023-10,mirae:MAMCF,67,0.9765107679999998
2023-10,mirae:MAMPF,76,0.9754817830000002
2023-10,mirae:MATSF,70,0.9973287860000003
2023-10,mirae:MICCF,38,0.978252187
2023-10,mirae:MIIOF,60,0.993187331
2023-10,nippon:BF,25,0.9783999999999999
2023-10,nippon:EA,52,0.9724
2023-10,nippon:EO,97,0.9799
2023-10,nippon:GF,88,0.9586999999999997
2023-10,nippon:GS,79,0.9595000000000001
2023-10,nippon:IT,33,0.8947
2023-10,nippon:LC,82,0.9803999999999995
2023-10,nippon:LE,28,0.9382000000000001
2023-10,nippon:ME,35,0.9565999999999999
2023-10,nippon:MF,58,0.4833000000000001
2023-10,nippon:NE,64,0.6617999999999999
2023-10,nippon:PH,30,0.9608
2023-10,nippon:PS,39,0.9545
2023-10,nippon:QP,35,0.9925999999999999
2023-10,nippon:SC,194,0.962699999999999
2023-10,nippon:SE,75,0.9724999999999998
2023-10,nippon:SH,62,0.7085999999999999
2023-10,nippon:TS,65,0.9727
2023-10,ppfas:PPFCF,25,0.6839000000000001
2023-10,ppfas:PPTSF,30,0.8328999999999999
2023-10,sbi:SBAF,76,0.6764999999999998
2023-10,sbi:SBFS,23,0.9778000000000001
2023-10,sbi:SBLUECHIP,50,0.9441000000000002
2023-10,sbi:SCF,81,0.7485
2023-10,sbi:SCOF,39,0.9631999999999998
2023-10,sbi:SDYF,35,0.9203
2023-10,sbi:SEHF,33,0.7670999999999999
2023-10,sbi:SEMVF,50,0.9997999999999998
2023-10,sbi:SFEF,21,0.8503
2023-10,sbi:SFLEXI,54,0.9127000000000001
2023-10,sbi:SHOF,23,0.9725999999999999
2023-10,sbi:SIF,34,0.9358000000000003
2023-10,sbi:SLMF,73,0.9401999999999996
2023-10,sbi:SLTEF,64,0.9260000000000002
2023-10,sbi:SMAAF,48,0.4013
2023-10,sbi:SMCF,40,0.9661
2023-10,sbi:SMCOMMA,22,0.9758999999999999
2023-10,sbi:SMEEF,34,0.9570000000000001
2023-10,sbi:SMGLF,23,0.8277999999999999
2023-10,sbi:SMIDCAP,68,0.9253999999999999
2023-10,sbi:SPSU,24,0.9771999999999998
2023-10,sbi:SSCF,55,0.8039999999999998
2023-10,sbi:STAF-III,21,0.9506000000000001
2023-10,sbi:STOF,15,0.8436999999999999
2023-10,uti:002,55,0.3796999999999999
2023-10,uti:017,47,0.9644999999999997
2023-10,uti:042,56,0.9516
2023-10,uti:049,60,0.9358
2023-10,uti:066,61,0.6902
2023-10,uti:101,40,0.9527000000000001
2023-10,uti:118,34,0.9872
2023-10,uti:125,55,0.9846999999999998
2023-10,uti:160,84,0.9612999999999999
2023-10,uti:161,46,0.9480999999999998
2023-10,uti:162,33,0.9359000000000001
2023-10,uti:163,25,0.9771000000000001
2023-10,uti:190,47,0.9663000000000004
2023-10,uti:193,57,0.9930000000000001
2023-10,uti:251,35,0.9871
2023-10,uti:322,59,0.6550999999999999
2023-10,uti:751,82,0.9662999999999998
2023-10,uti:753,30,0.985
2023-10,uti:773,54,0.6546000000000002
2023-10,uti:775,23,0.5328999999999998
2023-11,absl:ABSLBCF,42,0.9022260639999998
2023-11,absl:ABSLESG,44,0.9878427359999999
2023-11,absl:ABSLMAAF,54,0.6534728719999998
2023-11,absl:ABSLMCF,70,0.9469660850000001
2023-11,absl:ABSLSO,59,0.9650698280000001
2023-11,absl:ABSLTNLF,10,0.45229479
2023-11,absl:ADVG,75,0.9679036989999998
2023-11,absl:BDYP,53,0.8699401210000002
2023-11,absl:BINFRA,52,0.9201002380000004
2023-11,absl:BSL95F,80,0.7405168849999999
2023-11,absl:BSLBKFS,39,0.9566084959999999
2023-11,absl:BSLDAAF,97,0.6821681889999999
2023-11,absl:BSLEQTY,70,0.971213961
2023-11,absl:BSLFEF,74,0.9621097249999999
2023-11,absl:BSLMFG,43,0.9310597599999998
2023-11,absl:BSLNMF,28,0.9047624139999997
2023-11,absl:BSLPHF,27,0.9557116280000001
2023-11,absl:BSLR96,62,0.9486302690000002
2023-11,absl:BSLTA1,101,0.924299849
2023-11,absl:BTOP100,27,0.9553303609999999
2023-11,absl:GENNEXT,76,0.9551057249999999
2023-11,absl:MIDCAP,82,0.952386649
2023-11,absl:MNC,58,0.9929869150000001
2023-11,absl:PSUEQ,39,0.9586148440000001
2023-11,absl:PURE,69,0.9513762119999999
2023-11,axis:AXISBCF,54,0.9451999999999996
2023-11,axis:AXISDEF,59,0.7287999999999999
2023-11,axis:AXISEHF,59,0.7617000000000002
2023-11,axis:AXISEQF,39,0.9740999999999997
2023-11,axis:AXISESG,42,0.7858
2023-11,axis:AXISF25,23,0.8881
2023-11,axis:AXISGOF,61,0.7756
2023-11,axis:AXISMCF,69,0.9323999999999999
2023-11,axis:AXISMLC,62,0.9574
2023-11,axis:AXISMLF,56,0.9581000000000002
2023-11,axis:AXISQUA,51,0.9599999999999999
2023-11,axis:AXISSCF,99,0.8809999999999998
2023-11,axis:AXISSSF,40,0.7493
2023-11,axis:AXISTAF,47,0.7498999999999999
2023-11,axis:AXISTSF,42,0.9817000000000001
2023-11,axis:AXISVAL,65,0.9776999999999998
2023-11,dsp:DAAF,100,0.6685999999999994
2023-11,dsp:EQUITYOPPOR,69,0.9581000000000002
2023-11,dsp:FOCUS,29,0.9707999999999998
2023-11,dsp:Flexi Cap,52,0.9728
2023-11,dsp:HEALTHCARE,21,0.8773000000000002
2023-11,dsp:MIDCAP,53,0.9425999999999999
2023-11,dsp:Multi Asset,25,0.39830000000000004
2023-11,dsp:NRNEF,20,0.7413000000000001
2023-11,dsp:QUANT,44,0.9959000000000001
2023-11,dsp:SMALLCAP,73,0.9454999999999999
2023-11,dsp:TAX,66,0.9746999999999996
2023-11,dsp:TIGER,62,0.9556999999999999
2023-11,dsp:TOP100,31,0.9856
2023-11,dsp:VALUE,61,0.6957
2023-11,hdfc:HDFCBKGFSF,31,0.9936999999999999
2023-11,hdfc:HDFCBUSICY,50,0.9754
2023-11,hdfc:HDFCCB,68,0.9942999999999999
2023-11,hdfc:HDFCCS,25,0.8311999999999999
2023-11,hdfc:HDFCDFNFND,19,0.9842000000000001
2023-11,hdfc:HDFCDIVYLD,78,0.9764999999999996
2023-11,hdfc:HDFCEQ,41,0.8846999999999999
2023-11,hdfc:HDFCGR,143,0.6688999999999999
2023-11,hdfc:HDFCHOF117,36,0.9943000000000001
2023-11,hdfc:HDFCLARGEF,167,0.9481999999999998
2023-11,hdfc:HDFCMNCFND,30,0.9597000000000001
2023-11,hdfc:HDFCMULCAP,165,0.9573000000000002
2023-11,hdfc:HDFCNCCFND,45,0.9478999999999999
2023-11,hdfc:HDFCPHARHC,32,0.9614999999999998
2023-11,hdfc:HDFCPM,36,0.6625
2023-11,hdfc:HDFCSMALLF,74,0.9261999999999999
2023-11,hdfc:HDFCT2,49,0.9665999999999999
2023-11,hdfc:HDFCTECHFD,19,0.9035000000000001
2023-11,hdfc:HDFCTRALFD,33,0.9197
2023-11,hdfc:HDFCTS,36,0.9426
2023-11,hdfc:HDINFG,44,0.8951999999999998
2023-11,hdfc:MIDCAP,68,0.9395999999999997
2023-11,hdfc:MY2005,61,0.6644999999999998
2023-11,icici:BAF,92,0.6732154149999999
2023-11,icici:BANFIN SERVICES,26,0.9226285269999999
2023-11,icici:BCYCLE,64,0.8430715490000001
2023-11,icici:BHACON,46,0.844128928
2023-11,icici:BLUECHIP,69,0.898354047
2023-11,icici:COMFUND,32,0.954746492
2023-11,icici:DISCO,67,0.8217490440000003
2023-11,icici:DIVYLD,54,0.9083989110000001
2023-11,icici:E&DF,74,0.6665920590000001
2023-11,icici:ESGFUND,43,0.8766024779999998
2023-11,icici:EXPORTS,37,0.8451522890000001
2023-11,icici:FLEXCAP,59,0.9623618990000001
2023-11,icici:FMCG,19,0.8341909069999996
2023-11,icici:FOCUSED,30,0.9512666519999998
2023-11,icici:HOUSING,34,0.8742729120000001
2023-11,icici:INDOPP,52,0.8237812409999999
2023-11,icici:INFRA,58,0.9117278589999999
2023-11,icici:INNOVA,70,0.847536033
2023-11,icici:LARGE & MIDCAP,69,0.9269651329999996
2023-11,icici:LTEF,57,0.9442259210000001
2023-11,icici:MGFINDIA,63,0.8827191890000001
2023-11,icici:MIDCAP,79,0.949744623
2023-11,icici:MNCFUND,43,0.8433173840000001
2023-11,icici:MULTI,69,0.663435107
2023-11,icici:MULTICAP,108,0.9170458569999999
2023-11,icici:PHARMA,36,0.9242528980000002
2023-11,icici:PSUEQU,26,0.9252734819999999
2023-11,icici:QUANT,36,0.8728648999999999
2023-11,icici:SMALL,91,0.8774360330000001
2023-11,icici:TECH,46,0.9075358039999999
2023-11,icici:TRANSPO,33,0.9172765910000001
2023-11,kotak:BAL,61,0.6942
2023-11,kotak:BFS,29,0.9567999999999998
2023-11,kotak:CMP,19,0.4974999999999999
2023-11,kotak:CON,59,0.9673
2023-11,kotak:ELS,59,0.9863999999999999
2023-11,kotak:EME,80,0.9358000000000001
2023-11,kotak:ESG,45,0.9780000000000002
2023-11,kotak:K30,58,0.9796
2023-11,kotak:KBA,96,0.6919000000000001
2023-11,kotak:KBC,54,0.9831
2023-11,kotak:KFE,30,0.97
2023-11,kotak:KIE,48,0.9411999999999996
2023-11,kotak:KMI,51,0.9782999999999998
2023-11,kotak:KOP,67,0.9716999999999998
2023-11,kotak:KPF,43,0.7415999999999999
2023-11,kotak:KQT,40,0.9679999999999999
2023-11,kotak:MAF,60,0.6979000000000003
2023-11,kotak:MID,75,0.9423999999999999
2023-11,kotak:MUC,65,0.9676000000000002
2023-11,kotak:SEF,53,0.9924000000000002
2023-11,mirae:MABAF,96,0.6703999999999999
2023-11,mirae:MABFF,25,0.9804999999999998
2023-11,mirae:MAEBF,81,0.9892999999999996
2023-11,mirae:MAFCF,69,0.9528000000000002
2023-11,mirae:MAFF,30,0.9786000000000004
2023-11,mirae:MAHCF,28,0.9956999999999998
2023-11,mirae:MAIPF,68,0.7271999999999997
2023-11,mirae:MAMCF,68,0.9701
2023-11,mirae:MAMPF,78,0.9911000000000002
2023-11,mirae:MATSF,71,0.9884000000000003
2023-11,mirae:MICCF,39,0.9693999999999999
2023-11,mirae:MIIOF,60,0.9866000000000001
2023-11,nippon:BF,28,0.9781000000000002
2023-11,nippon:EA,53,0.9918999999999998
2023-11,nippon:EO,99,0.9836999999999996
2023-11,nippon:GF,92,0.9699
2023-11,nippon:GS,80,0.9768
2023-11,nippon:IT,35,0.9277999999999998
2023-11,nippon:LC,82,0.9698999999999999
2023-11,nippon:LE,29,0.9393000000000001
2023-11,nippon:ME,35,0.9771
2023-11,nippon:MF,58,0.4990000000000001
2023-11,nippon:NE,65,0.6744999999999999
2023-11,nippon:PH,31,0.9948
2023-11,nippon:PS,41,0.9577000000000001
2023-11,nippon:QP,35,0.9848
2023-11,nippon:SC,197,0.9625999999999997
2023-11,nippon:SE,75,0.9823
2023-11,nippon:SH,63,0.7250999999999999
2023-11,nippon:TS,64,0.9747000000000002
2023-11,ppfas:PPFCF,26,0.6911999999999999
2023-11,ppfas:PPTSF,32,0.8393999999999998
2023-11,sbi:SBAF,75,0.6929999999999998
2023-11,sbi:SBFS,26,0.9617999999999999
2023-11,sbi:SBLUECHIP,50,0.9535
2023-11,sbi:SCF,82,0.7541999999999998
2023-11,sbi:SCOF,40,0.9616999999999999
2023-11,sbi:SDYF,35,0.9246
2023-11,sbi:SEHF,32,0.7623000000000001
2023-11,sbi:SEMVF,50,0.9987999999999999
2023-11,sbi:SFEF,21,0.8429
2023-11,sbi:SFLEXI,54,0.9235999999999999
2023-11,sbi:SHOF,23,0.9732000000000001
2023-11,sbi:SIF,35,0.9273000000000001
2023-11,sbi:SLMF,75,0.9259
2023-11,sbi:SLTEF,63,0.9117999999999997
2023-11,sbi:SMAAF,48,0.4436000000000001
2023-11,sbi:SMCF,40,0.9464000000000001
2023-11,sbi:SMCOMMA,22,0.9232000000000002
2023-11,sbi:SMEEF,34,0.9606000000000001
2023-11,sbi:SMGLF,21,0.7955000000000001
2023-11,sbi:SMIDCAP,68,0.9116000000000002
2023-11,sbi:SPSU,23,0.9553000000000001
2023-11,sbi:SSCF,53,0.8223000000000003
2023-11,sbi:STAF-III,19,0.8213999999999999
2023-11,sbi:STOF,16,0.8582000000000001
2023-11,uti:002,56,0.3907000000000001
2023-11,uti:017,47,0.9460000000000001
2023-11,uti:042,56,0.9564
2023-11,uti:049,58,0.9237999999999997
2023-11,uti:066,60,0.6856000000000001
2023-11,uti:101,39,0.9690000000000001
2023-11,uti:118,35,0.9828999999999999
2023-11,uti:125,53,0.9830000000000001
2023-11,uti:160,85,0.9638000000000003
2023-11,uti:161,46,0.9455999999999999
2023-11,uti:162,33,0.9324999999999997
2023-11,uti:163,27,0.988
2023-11,uti:190,48,0.9689999999999998
2023-11,uti:193,55,0.9800000000000002
2023-11,uti:251,36,0.9949000000000001
2023-11,uti:322,57,0.6667
2023-11,uti:751,83,0.9630999999999997
2023-11,uti:753,30,0.9876000000000003
2023-11,uti:773,54,0.6619999999999999
2023-11,uti:775,23,0.8132999999999999
2023-12,absl:ABSLBCF,43,0.9370660109999999
2023-12,absl:ABSLESG,42,0.9816377960000002
2023-12,absl:ABSLMAAF,56,0.6675846340000002
2023-12,absl:ABSLMCF,71,0.9816929829999997
2023-12,absl:ABSLSO,58,0.9609118159999996
2023-12,absl:ABSLTNLF,23,0.8659847280000001
2023-12,absl:ADVG,74,0.9853496159999997
2023-12,absl:BDYP,57,0.912779006
2023-12,absl:BINFRA,52,0.939299426
2023-12,absl:BSL95F,79,0.7574327210000003
2023-12,absl:BSLBKFS,38,0.9757687230000001
2023-12,absl:BSLDAAF,100,0.715000984
2023-12,absl:BSLEQTY,72,0.9695135869999999
2023-12,absl:BSLFEF,78,0.978497184
2023-12,absl:BSLMFG,44,0.9733040110000001
2023-12,absl:BSLNMF,27,0.9105407759999998
2023-12,absl:BSLPHF,27,0.9559300470000002
2023-12,absl:BSLR96,62,0.9756830399999998
2023-12,absl:BSLTA1,103,0.955323828
2023-12,absl:BTOP100,28,0.9781925579999999
2023-12,absl:GENNEXT,75,0.9588986100000001
2023-12,absl:MIDCAP,84,0.96028451
2023-12,absl:MNC,59,0.993998984
2023-12,absl:PSUEQ,41,0.9115290119999999
2023-12,absl:PURE,75,0.9767031960000002
2023-12,axis:AXISBCF,54,0.9606999999999999
2023-12,axis:AXISDEF,65,0.7339999999999997
2023-12,axis:AXISEHF,59,0.7541999999999998
2023-12,axis:AXISEQF,42,0.9743999999999999
2023-12,axis:AXISESG,42,0.7694
2023-12,axis:AXISF25,25,0.9579
2023-12,axis:AXISGOF,65,0.8019
2023-12,axis:AXISIMF,55,0.5962000000000003
2023-12,axis:AXISMCF,73,0.9529000000000002
2023-12,axis:AXISMLC,68,0.9809000000000003
2023-12,axis:AXISMLF,58,0.9811000000000002
2023-12,axis:AXISQUA,49,0.9875
2023-12,axis:AXISSCF,105,0.9091
2023-12,axis:AXISSSF,40,0.7564000000000002
2023-12,axis:AXISTAF,49,0.7466
2023-12,axis:AXISTSF,45,0.9917
2023-12,axis:AXISVAL,64,0.9514999999999999
2023-12,dsp:Banking and Financial Services,17,0.5889000000000001
2023-12,dsp:DAAF,120,0.6675999999999996
2023-12,dsp:EQUITYOPPOR,70,0.9632000000000003
2023-12,dsp:FOCUS,29,0.9662000000000001
2023-12,dsp:Flexi Cap,50,0.9392
2023-12,dsp:HEALTHCARE,21,0.863
2023-12,dsp:MIDCAP,51,0.9481999999999998
2023-12,dsp:Multi Asset,26,0.4076
2023-12,dsp:NRNEF,20,0.7574
2023-12,dsp:QUANT,44,0.9965000000000002
2023-12,dsp:SMALLCAP,74,0.9468000000000004
2023-12,dsp:TAX,66,0.9743999999999999
2023-12,dsp:TIGER,64,0.9780999999999999
2023-12,dsp:TOP100,30,0.9556999999999999
2023-12,dsp:VALUE,62,0.7176999999999999
2023-12,hdfc:HDFCBKGFSF,31,0.9939999999999999
2023-12,hdfc:HDFCBUSICY,53,0.9759999999999996
2023-12,hdfc:HDFCCB,70,0.9833999999999997
2023-12,hdfc:HDFCCS,26,0.8311
2023-12,hdfc:HDFCDFNFND,22,0.9884
2023-12,hdfc:HDFCDIVYLD,80,0.9801000000000001
2023-12,hdfc:HDFCEQ,41,0.8858000000000001
2023-12,hdfc:HDFCGR,141,0.6872
2023-12,hdfc:HDFCHOF117,36,0.9999000000000001
2023-12,hdfc:HDFCLARGEF,171,0.9386
2023-12,hdfc:HDFCMNCFND,30,0.9795999999999998
2023-12,hdfc:HDFCMULCAP,172,0.9681000000000002
2023-12,hdfc:HDFCNCCFND,45,0.9924999999999998
2023-12,hdfc:HDFCPHARHC,34,0.9865000000000003
2023-12,hdfc:HDFCPM,42,0.6879
2023-12,hdfc:HDFCSMALLF,74,0.9080999999999997
2023-12,hdfc:HDFCT2,48,0.9782999999999998
2023-12,hdfc:HDFCTECHFD,19,0.936
2023-12,hdfc:HDFCTRALFD,34,0.9201
2023-12,hdfc:HDFCTS,36,0.9283
2023-12,hdfc:HDINFG,48,0.9210999999999999
2023-12,hdfc:MIDCAP,69,0.9320999999999999
2023-12,hdfc:MY2005,61,0.6638000000000002
2023-12,icici:BAF,91,0.6748102159999998
2023-12,icici:BANFIN SERVICES,30,0.9300691709999998
2023-12,icici:BCYCLE,64,0.830801995
2023-12,icici:BHACON,46,0.913498505
2023-12,icici:BLUECHIP,68,0.9036626620000001
2023-12,icici:COMFUND,33,0.939750432
2023-12,icici:DISCO,68,0.8617434560000002
2023-12,icici:DIVYLD,56,0.8996646629999999
2023-12,icici:E&DF,77,0.6911071270000001
2023-12,icici:ESGFUND,43,0.905072589
2023-12,icici:EXPORTS,35,0.8875519100000002
2023-12,icici:FLEXCAP,60,0.9749064890000001
2023-12,icici:FMCG,19,0.867854296
2023-12,icici:FOCUSED,30,0.9816615529999999
2023-12,icici:HOUSING,35,0.88903248
2023-12,icici:INDOPP,54,0.9169672039999999
2023-12,icici:INFRA,54,0.9173612500000001
2023-12,icici:INNOVA,64,0.8439217469999997
2023-12,icici:LARGE & MIDCAP,72,0.9495907820000001
2023-12,icici:LTEF,58,0.9720678129999999
2023-12,icici:MGFINDIA,67,0.8912096879999997
2023-12,icici:MIDCAP,82,0.9615456710000002
2023-12,icici:MNCFUND,45,0.8870610060000002
2023-12,icici:MULTI,68,0.657846111
2023-12,icici:MULTICAP,108,0.9492787260000004
2023-12,icici:PHARMA,37,0.9474916229999998
2023-12,icici:PSUEQU,27,0.9152132100000001
2023-12,icici:QUANT,39,0.8902164159999999
2023-12,icici:SMALL,91,0.9227974379999992
2023-12,icici:TECH,47,0.9142384979999998
2023-12,icici:TRANSPO,36,0.9696995059999998
2023-12,kotak:BAL,58,0.7020999999999998
2023-12,kotak:BFS,31,0.9526999999999997
2023-12,kotak:CMP,34,0.9870000000000001
2023-12,kotak:CON,59,0.9636000000000002
2023-12,kotak:ELS,59,0.9891999999999999
2023-12,kotak:EME,80,0.9436999999999998
2023-12,kotak:ESG,44,0.9808999999999999
2023-12,kotak:HLC,22,0.6496999999999999
2023-12,kotak:K30,57,0.9812000000000003
2023-12,kotak:KBA,102,0.7404000000000001
2023-12,kotak:KBC,58,0.9909000000000002
2023-12,kotak:KFE,30,0.9763000000000002
2023-12,kotak:KIE,50,0.9618000000000002
2023-12,kotak:KMI,54,0.9869999999999999
2023-12,kotak:KOP,67,0.9863
2023-12,kotak:KPF,43,0.7296000000000001
2023-12,kotak:KQT,40,0.9944
2023-12,kotak:MAF,52,0.6651999999999999
2023-12,kotak:MID,79,0.9526000000000001
2023-12,kotak:MUC,66,0.9827999999999998
2023-12,kotak:SEF,52,0.9935
2023-12,mirae:MABAF,98,0.6666999999999995
2023-12,mirae:MABFF,26,0.9954999999999999
2023-12,mirae:MAEBF,83,0.9879999999999998
2023-12,mirae:MAFCF,67,0.9284000000000001
2023-12,mirae:MAFF,29,0.958
2023-12,mirae:MAHCF,28,0.9807
2023-12,mirae:MAIPF,66,0.7231
2023-12,mirae:MAMCF,70,0.9782000000000002
2023-12,mirae:MAMPF,77,0.9833999999999997
2023-12,mirae:MATSF,72,0.9834999999999999
2023-12,mirae:MICCF,41,0.9860999999999999
2023-12,mirae:MIIOF,61,0.9648000000000001
2023-12,nippon:BF,30,0.982
2023-12,nippon:EA,53,0.9836
2023-12,nippon:EO,102,0.9884000000000003
2023-12,nippon:GF,97,0.9864999999999997
2023-12,nippon:GS,79,0.9826999999999999
2023-12,nippon:IT,36,0.9541999999999998
2023-12,nippon:LC,85,0.9830000000000001
2023-12,nippon:LE,29,0.9481999999999999
2023-12,nippon:ME,35,0.9568
2023-12,nippon:MF,60,0.5108000000000003
2023-12,nippon:NE,67,0.6992999999999999
2023-12,nippon:PH,32,0.9853999999999999
2023-12,nippon:PS,41,0.9385000000000002
2023-12,nippon:QP,35,0.9786999999999999
2023-12,nippon:SC,203,0.9642000000000002
2023-12,nippon:SE,76,0.9789000000000001
2023-12,nippon:SH,65,0.7222000000000001
2023-12,nippon:TS,63,0.9794000000000002
2023-12,ppfas:PPFCF,28,0.6955000000000001
2023-12,ppfas:PPTSF,34,0.8477000000000001
2023-12,sbi:SBAF,72,0.7039999999999996
2023-12,sbi:SBFS,25,0.9489000000000001
2023-12,sbi:SBLUECHIP,50,0.9592999999999999
2023-12,sbi:SCF,84,0.8162999999999998
2023-12,sbi:SCOF,41,0.9594
2023-12,sbi:SDYF,36,0.9281999999999998
2023-12,sbi:SEHF,31,0.7744000000000001
2023-12,sbi:SEMVF,50,1.0004000000000002
2023-12,sbi:SFEF,21,0.8513
2023-12,sbi:SFLEXI,57,0.9462999999999999
2023-12,sbi:SHOF,23,0.9809000000000001
2023-12,sbi:SIF,37,0.9234
2023-12,sbi:SLMF,76,0.9347000000000002
2023-12,sbi:SLTEF,64,0.9341999999999999
2023-12,sbi:SMAAF,50,0.4695999999999999
2023-12,sbi:SMCF,40,0.9646
2023-12,sbi:SMCOMMA,22,0.9589
2023-12,sbi:SMEEF,35,0.9441999999999999
2023-12,sbi:SMGLF,21,0.7780000000000001
2023-12,sbi:SMIDCAP,70,0.9266
2023-12,sbi:SPSU,23,0.9694000000000002
2023-12,sbi:SSCF,55,0.8472999999999999
2023-12,sbi:STAF-III,19,0.8328999999999999
2023-12,sbi:STOF,16,0.8735
2023-12,uti:002,56,0.39110000000000017
2023-12,uti:017,49,0.9788999999999999
2023-12,uti:042,56,0.9597
2023-12,uti:049,58,0.9387999999999997
2023-12,uti:066,60,0.7021999999999999
2023-12,uti:101,39,0.9648999999999999
2023-12,uti:118,36,0.9847000000000001
2023-12,uti:125,55,0.9863999999999999
2023-12,uti:160,84,0.9694000000000003
2023-12,uti:161,46,0.9534000000000002
2023-12,uti:162,34,0.9446999999999999
2023-12,uti:163,29,0.9763000000000002
2023-12,uti:190,47,0.9470000000000003
2023-12,uti:193,57,0.9790000000000001
2023-12,uti:251,38,0.9892
2023-12,uti:322,57,0.6615999999999999
2023-12,uti:751,84,0.9620000000000002
2023-12,uti:753,30,0.9881
2023-12,uti:773,55,0.6701
2023-12,uti:775,24,0.8533000000000003
2024-01,absl:ABSLBCF,43,0.9115910700000003
2024-01,absl:ABSLESG,44,0.9718277489999999
2024-01,absl:ABSLMAAF,55,0.6551206230000002
2024-01,absl:ABSLMCF,69,0.9684486279999999
2024-01,absl:ABSLSO,58,0.9530111859999997
2024-01,absl:ABSLTNLF,25,0.8934734080000001
2024-01,absl:ADVG,74,0.985096946
2024-01,absl:BDYP,57,0.9179284590000001
2024-01,absl:BINFRA,52,0.943888125
2024-01,absl:BSL95F,78,0.7576870330000004
2024-01,absl:BSLBKFS,38,0.978361607
2024-01,absl:BSLDAAF,97,0.686083007
2024-01,absl:BSLEQTY,73,0.9728422899999999
2024-01,absl:BSLFEF,78,0.974893521
2024-01,absl:BSLMFG,44,0.9742377930000001
2024-01,absl:BSLNMF,27,0.9111386779999999
2024-01,absl:BSLPHF,28,0.9701438359999999
2024-01,absl:BSLR96,64,0.9838836740000001
2024-01,absl:BSLTA1,100,0.9575175139999997
2024-01,absl:BTOP100,28,0.9623682550000001
2024-01,absl:GENNEXT,73,0.941028625
2024-01,absl:MIDCAP,87,0.9844514579999999
2024-01,absl:MNC,59,0.9926874200000003
2024-01,absl:PSUEQ,47,0.9343307339999998
2024-01,absl:PURE,75,0.9875706799999998
2024-01,axis:AXISBCF,56,0.9656000000000001
2024-01,axis:AXISDEF,65,0.6985000000000002
2024-01,axis:AXISEHF,58,0.7444
2024-01,axis:AXISEQF,45,0.9786
2024-01,axis:AXISESG,47,0.7652
2024-01,axis:AXISF25,25,0.9572999999999999
2024-01,axis:AXISGOF,71,0.7819000000000004
2024-01,axis:AXISIMF,65,0.9339999999999998
2024-01,axis:AXISMCF,80,0.9493000000000003
2024-01,axis:AXISMLC,75,0.9859
2024-01,axis:AXISMLF,59,0.9523999999999999
2024-01,axis:AXISQUA,51,0.9778999999999997
2024-01,axis:AXISSCF,99,0.8993999999999998
2024-01,axis:AXISSSF,41,0.7553
2024-01,axis:AXISTAF,54,0.7428000000000002
2024-01,axis:AXISTSF,49,0.9782999999999997
2024-01,axis:AXISVAL,66,0.9744999999999998
2024-01,dsp:Banking and Financial Services,22,0.8518999999999999
2024-01,dsp:DAAF,126,0.6612999999999997
2024-01,dsp:EQUITYOPPOR,74,0.9707999999999997
2024-01,dsp:FOCUS,29,0.9719
2024-01,dsp:Flexi Cap,50,0.9366999999999999
2024-01,dsp:HEALTHCARE,22,0.869
2024-01,dsp:MIDCAP,57,0.9736999999999998
2024-01,dsp:Multi Asset,28,0.3973000000000001
2024-01,dsp:NRNEF,20,0.7574000000000001
2024-01,dsp:QUANT,42,0.9984999999999998
2024-01,dsp:SMALLCAP,73,0.9415999999999999
2024-01,dsp:TAX,67,0.9497
2024-01,dsp:TIGER,65,0.9728
2024-01,dsp:TOP100,31,0.973
2024-01,dsp:VALUE,62,0.7007000000000002
2024-01,hdfc:HDFCBKGFSF,33,0.9893999999999998
2024-01,hdfc:HDFCBUSICY,52,0.9597000000000001
2024-01,hdfc:HDFCCB,70,0.9791999999999998
2024-01,hdfc:HDFCCS,27,0.8448999999999999
2024-01,hdfc:HDFCDFNFND,22,0.9816
2024-01,hdfc:HDFCDIVYLD,83,0.9640999999999997
2024-01,hdfc:HDFCEQ,41,0.8739
2024-01,hdfc:HDFCGR,140,0.6899000000000001
2024-01,hdfc:HDFCHOF117,36,0.9767
2024-01,hdfc:HDFCLARGEF,181,0.9584999999999994
2024-01,hdfc:HDFCMNCFND,29,0.9628999999999999
2024-01,hdfc:HDFCMULCAP,185,0.9774999999999989
2024-01,hdfc:HDFCNCCFND,43,0.9888
2024-01,hdfc:HDFCPHARHC,33,0.9947999999999998
2024-01,hdfc:HDFCPM,43,0.6962
2024-01,hdfc:HDFCSMALLF,74,0.9006999999999998
2024-01,hdfc:HDFCT2,46,0.9746999999999999
2024-01,hdfc:HDFCTECHFD,20,0.9546000000000001
2024-01,hdfc:HDFCTRALFD,33,0.9165
2024-01,hdfc:HDFCTS,41,0.9139999999999998
2024-01,hdfc:HDINFG,48,0.9154
2024-01,hdfc:MIDCAP,68,0.9404999999999998
2024-01,hdfc:MY2005,59,0.6625999999999999
2024-01,icici:BAF,92,0.6687879179999997
2024-01,icici:BANFIN SERVICES,32,0.9636709719999997
2024-01,icici:BCYCLE,61,0.8276643429999999
2024-01,icici:BHACON,47,0.9113252850000005
2024-01,icici:BLUECHIP,69,0.9155845470000001
2024-01,icici:COMFUND,36,0.9539816160000001
2024-01,icici:DISCO,69,0.8776379009999999
2024-01,icici:DIVYLD,57,0.9227520130000001
2024-01,icici:E&DF,79,0.7011831419999999
2024-01,icici:ESGFUND,43,0.9061644419999999
2024-01,icici:EXPORTS,43,0.918602451
2024-01,icici:FLEXCAP,60,0.9727832410000005
2024-01,icici:FMCG,18,0.9191428719999998
2024-01,icici:FOCUSED,29,0.96886918
2024-01,icici:HOUSING,34,0.879256932
2024-01,icici:INDOPP,54,0.8930224529999998
2024-01,icici:INFRA,58,0.9368788240000001
2024-01,icici:INNOVA,64,0.8462913149999999
2024-01,icici:LARGE & MIDCAP,77,0.9478920229999996
2024-01,icici:LTEF,58,0.968480548
2024-01,icici:MGFINDIA,69,0.9271042160000001
2024-01,icici:MIDCAP,87,0.9630073470000001
2024-01,icici:MNCFUND,46,0.852807384
2024-01,icici:MULTI,72,0.6571097830000002
2024-01,icici:MULTICAP,108,0.9418514349999999
2024-01,icici:PHARMA,38,0.9635774239999999
2024-01,icici:PSUEQU,29,0.8829472050000001
2024-01,icici:QUANT,42,0.9035134100000003
2024-01,icici:SMALL,90,0.9178023540000004
2024-01,icici:TECH,49,0.9174633839999997
2024-01,icici:TRANSPO,36,0.9294262629999999
2024-01,kotak:BAL,55,0.6870999999999999
2024-01,kotak:BFS,28,0.9616000000000002
2024-01,kotak:CMP,37,0.9859999999999998
2024-01,kotak:CON,60,0.9809
2024-01,kotak:ELS,58,0.9719999999999996
2024-01,kotak:EME,78,0.9741000000000002
2024-01,kotak:ESG,45,0.9816999999999999
2024-01,kotak:HLC,23,0.9332999999999999
2024-01,kotak:K30,60,0.9800000000000001
2024-01,kotak:KBA,102,0.7397999999999997
2024-01,kotak:KBC,58,0.9834
2024-01,kotak:KFE,30,0.9641
2024-01,kotak:KIE,52,0.9757999999999998
2024-01,kotak:KMI,56,0.9804999999999999
2024-01,kotak:KOP,65,0.9817000000000004
2024-01,kotak:KPF,43,0.7462999999999999
2024-01,kotak:KQT,40,0.9009000000000003
2024-01,kotak:MAF,54,0.7192000000000002
2024-01,kotak:MID,77,0.9488
2024-01,kotak:MUC,65,0.9747000000000002
2024-01,kotak:SEF,55,0.9929000000000001
2024-01,mirae:MABAF,97,0.6870999999999998
2024-01,mirae:MABFF,27,0.9681999999999997
2024-01,mirae:MAEBF,83,0.9876999999999996
2024-01,mirae:MAFCF,70,0.9630000000000003
2024-01,mirae:MAFF,29,0.9451
2024-01,mirae:MAHCF,29,0.9946000000000003
2024-01,mirae:MAIPF,67,0.7336000000000001
2024-01,mirae:MAMAAF,27,0.24340000000000003
2024-01,mirae:MAMCF,70,0.9757999999999998
2024-01,mirae:MAMPF,79,0.9899000000000003
2024-01,mirae:MATSF,76,0.9938000000000001
2024-01,mirae:MICCF,40,0.9682000000000003
2024-01,mirae:MIIOF,62,0.9697999999999999
2024-01,nippon:BF,30,0.9633999999999999
2024-01,nippon:EA,54,0.9840999999999999
2024-01,nippon:EO,104,0.9855999999999997
2024-01,nippon:GF,97,0.9879
2024-01,nippon:GS,73,0.9830000000000002
2024-01,nippon:IT,37,0.9334
2024-01,nippon:LC,83,0.9626999999999998
2024-01,nippon:LE,28,0.9169999999999999
2024-01,nippon:ME,34,0.9603000000000004
2024-01,nippon:MF,60,0.5142999999999999
2024-01,nippon:NE,64,0.6771999999999998
2024-01,nippon:PH,32,0.9922999999999998
2024-01,nippon:PS,42,0.9422
2024-01,nippon:QP,35,0.9912999999999998
2024-01,nippon:SC,205,0.9598000000000001
2024-01,nippon:SE,73,0.9770000000000001
2024-01,nippon:SH,64,0.7257000000000002
2024-01,nippon:TS,64,0.9682999999999998
2024-01,ppfas:PPFCF,29,0.7184999999999998
2024-01,ppfas:PPTSF,35,0.8790000000000002
2024-01,sbi:SBAF,72,0.6929000000000002
2024-01,sbi:SBFS,27,0.9718999999999998
2024-01,sbi:SBLUECHIP,49,0.9569
2024-01,sbi:SCF,86,0.8116999999999999
2024-01,sbi:SCOF,40,0.9478000000000001
2024-01,sbi:SDYF,37,0.9283999999999999
2024-01,sbi:SEHF,29,0.7783
2024-01,sbi:SEMVF,50,1.0002000000000002
2024-01,sbi:SFEF,21,0.8147999999999999
2024-01,sbi:SFLEXI,63,0.8795999999999998
2024-01,sbi:SHOF,21,0.944
2024-01,sbi:SIF,40,0.9413
2024-01,sbi:SLMF,75,0.9288000000000002
2024-01,sbi:SLTEF,63,0.9117999999999996
2024-01,sbi:SMAAF,51,0.466
2024-01,sbi:SMCF,40,0.9738999999999998
2024-01,sbi:SMCOMMA,22,0.9361999999999999
2024-01,sbi:SMEEF,33,0.9395
2024-01,sbi:SMGLF,21,0.7507
2024-01,sbi:SMIDCAP,71,0.9192999999999998
2024-01,sbi:SPSU,25,0.9767999999999999
2024-01,sbi:SSCF,55,0.8372
2024-01,sbi:STAF-III,12,0.5821000000000001
2024-01,sbi:STOF,16,0.8742
2024-01,uti:002,57,0.3766
2024-01,uti:017,49,0.9587000000000001
2024-01,uti:042,56,0.9569000000000001
2024-01,uti:049,57,0.9213
2024-01,uti:066,59,0.6906999999999999
2024-01,uti:101,39,0.9475
2024-01,uti:118,36,0.9834
2024-01,uti:125,55,0.9846999999999997
2024-01,uti:160,83,0.965
2024-01,uti:161,45,0.9638000000000001
2024-01,uti:162,34,0.945
2024-01,uti:163,31,0.9867000000000001
2024-01,uti:190,47,0.9655
2024-01,uti:193,54,0.9740000000000001
2024-01,uti:251,38,0.9869000000000001
2024-01,uti:322,58,0.6631
2024-01,uti:751,83,0.9568
2024-01,uti:753,29,0.9835000000000002
2024-01,uti:773,56,0.6642
2024-01,uti:775,24,0.8844000000000002
2024-02,absl:ABSLBCF,48,0.908021619
2024-02,absl:ABSLESG,45,0.9836717070000002
2024-02,absl:ABSLMAAF,54,0.6559713660000001
2024-02,absl:ABSLMCF,71,0.9777885480000004
2024-02,absl:ABSLSO,57,0.9632861870000001
2024-02,absl:ABSLTNLF,28,0.9469924270000002
2024-02,absl:ADVG,74,0.9825741649999999
2024-02,absl:BDYP,55,0.8498386949999998
2024-02,absl:BINFRA,53,0.949504176
2024-02,absl:BSL95F,76,0.7468740790000004
2024-02,absl:BSLBKFS,35,0.9777320890000001
2024-02,absl:BSLDAAF,97,0.701550928
2024-02,absl:BSLEQTY,73,0.972071391
2024-02,absl:BSLFEF,77,0.9806812040000005
2024-02,absl:BSLMFG,44,0.9761386120000002
2024-02,absl:BSLNMF,27,0.928172552
2024-02,absl:BSLPHF,28,0.934833202
2024-02,absl:BSLR96,64,0.984917172
2024-02,absl:BSLTA1,99,0.960989818
2024-02,absl:BTOP100,28,0.974134393
2024-02,absl:GENNEXT,72,0.9539691889999999
2024-02,absl:MIDCAP,86,0.9763500710000003
2024-02,absl:MNC,59,0.9920109029999998
2024-02,absl:PSUEQ,45,0.9095939639999999
2024-02,absl:PURE,75,0.987522663
2024-02,axis:AXISBCF,60,0.9782000000000003
2024-02,axis:AXISDEF,61,0.6991000000000003
2024-02,axis:AXISEHF,62,0.7438999999999997
2024-02,axis:AXISEQF,46,0.9863999999999998
2024-02,axis:AXISESG,49,0.7720999999999999
2024-02,axis:AXISF25,23,0.9587
2024-02,axis:AXISGOF,75,0.7892000000000002
2024-02,axis:AXISIMF,67,0.9624000000000003
2024-02,axis:AXISMCF,85,0.9494
2024-02,axis:AXISMLC,79,0.9861000000000002
2024-02,axis:AXISMLF,60,0.9579999999999997
2024-02,axis:AXISQUA,51,0.9673000000000004
2024-02,axis:AXISSCF,100,0.8925999999999997
2024-02,axis:AXISSSF,43,0.7673
2024-02,axis:AXISTAF,56,0.7319999999999999
2024-02,axis:AXISTSF,53,0.9748999999999999
2024-02,axis:AXISVAL,71,0.9606
2024-02,dsp:Banking and Financial Services,22,0.9536999999999999
2024-02,dsp:DAAF,120,0.6551999999999994
2024-02,dsp:EQUITYOPPOR,75,0.9595999999999998
2024-02,dsp:FOCUS,29,0.9683999999999997
2024-02,dsp:Flexi Cap,51,0.9303999999999998
2024-02,dsp:HEALTHCARE,21,0.8645
2024-02,dsp:MIDCAP,56,0.9632000000000002
2024-02,dsp:Multi Asset,30,0.4069000000000001
2024-02,dsp:Multicap Fund,48,0.9296999999999999
2024-02,dsp:NRNEF,21,0.7398000000000001
2024-02,dsp:QUANT,42,0.9993000000000003
2024-02,dsp:SMALLCAP,74,0.9443
2024-02,dsp:TAX,65,0.9472
2024-02,dsp:TIGER,69,0.9585
2024-02,dsp:TOP100,31,0.9603999999999999
2024-02,dsp:VALUE,61,0.7016
2024-02,hdfc:HDFCBKGFSF,32,0.9814
2024-02,hdfc:HDFCBUSICY,52,0.9481
2024-02,hdfc:HDFCCB,76,0.9880000000000003
2024-02,hdfc:HDFCCS,26,0.8445
2024-02,hdfc:HDFCDFNFND,21,0.9574999999999999
2024-02,hdfc:HDFCDIVYLD,86,0.9694999999999996
2024-02,hdfc:HDFCEQ,40,0.8747999999999997
2024-02,hdfc:HDFCGR,140,0.6718999999999996
2024-02,hdfc:HDFCHOF117,36,0.9662000000000001
2024-02,hdfc:HDFCLARGEF,181,0.9591999999999994
2024-02,hdfc:HDFCMNCFND,30,0.9454999999999999
2024-02,hdfc:HDFCMULCAP,189,0.9678
2024-02,hdfc:HDFCNCCFND,43,0.9847000000000001
2024-02,hdfc:HDFCPHARHC,32,0.9809
2024-02,hdfc:HDFCPM,43,0.6850000000000003
2024-02,hdfc:HDFCSMALLF,75,0.8943000000000002
2024-02,hdfc:HDFCT2,46,0.9674999999999998
2024-02,hdfc:HDFCTECHFD,20,0.9655999999999999
2024-02,hdfc:HDFCTRALFD,30,0.9207000000000001
2024-02,hdfc:HDFCTS,38,0.9299
2024-02,hdfc:HDINFG,49,0.8687999999999998
2024-02,hdfc:MIDCAP,68,0.9320999999999998
2024-02,hdfc:MY2005,60,0.6529
2024-02,icici:BAF,87,0.657992389
2024-02,icici:BANFIN SERVICES,31,0.925164171
2024-02,icici:BCYCLE,54,0.8115240249999996
2024-02,icici:BHACON,50,0.8956026850000001
2024-02,icici:BLUECHIP,66,0.8985986399999999
2024-02,icici:COMFUND,34,0.9606718020000002
2024-02,icici:DISCO,67,0.838381607
2024-02,icici:DIVYLD,54,0.9140762750000001
2024-02,icici:E&DF,77,0.691228499
2024-02,icici:ESGFUND,41,0.8682740749999998
2024-02,icici:EXPORTS,43,0.8740731870000001
2024-02,icici:FLEXCAP,61,0.9774641980000001
2024-02,icici:FMCG,19,0.9248500729999999
2024-02,icici:FOCUSED,29,0.9795822809999999
2024-02,icici:HOUSING,33,0.8755136960000001
2024-02,icici:INDOPP,61,0.8689427330000004
2024-02,icici:INFRA,58,0.921834975
2024-02,icici:INNOVA,62,0.8431737809999996
2024-02,icici:LARGE & MIDCAP,80,0.953901961
2024-02,icici:LTEF,61,0.951156347
2024-02,icici:MGFINDIA,69,0.906424438
2024-02,icici:MIDCAP,86,0.9162832469999996
2024-02,icici:MNCFUND,47,0.8337071119999998
2024-02,icici:MULTI,73,0.653996782
2024-02,icici:MULTICAP,112,0.9297829270000003
2024-02,icici:PHARMA,37,0.9510054490000001
2024-02,icici:PSUEQU,28,0.8530902060000001
2024-02,icici:QUANT,43,0.8810267210000002
2024-02,icici:SMALL,97,0.9447808079999999
2024-02,icici:TECH,51,0.9231929439999997
2024-02,icici:TRANSPO,36,0.9433965730000001
2024-02,kotak:BAL,58,0.7342000000000001
2024-02,kotak:BFS,29,0.9361
2024-02,kotak:CMP,37,0.9687999999999998
2024-02,kotak:CON,58,0.9677000000000003
2024-02,kotak:ELS,58,0.9920999999999998
2024-02,kotak:EME,72,0.9732999999999998
2024-02,kotak:ESG,44,0.9867
2024-02,kotak:HLC,24,0.9354000000000001
2024-02,kotak:K30,60,0.9727
2024-02,kotak:KBA,104,0.7345
2024-02,kotak:KBC,57,0.9940999999999997
2024-02,kotak:KFE,30,0.9754000000000002
2024-02,kotak:KIE,51,0.9697
2024-02,kotak:KMI,51,0.9827000000000001
2024-02,kotak:KOP,67,0.9882999999999998
2024-02,kotak:KPF,45,0.793
2024-02,kotak:KQT,42,0.9911
2024-02,kotak:MAF,55,0.6838000000000001
2024-02,kotak:MID,79,0.9555000000000002
2024-02,kotak:MUC,65,0.9524999999999996
2024-02,kotak:SEF,56,0.9885000000000002
2024-02,mirae:MABAF,93,0.6675822910000002
2024-02,mirae:MABFF,29,0.9738088339999996
2024-02,mirae:MAEBF,86,0.9929051640000001
2024-02,mirae:MAFCF,72,0.9806363220000001
2024-02,mirae:MAFF,30,0.9732066879999999
2024-02,mirae:MAHCF,29,0.9922935159999997
2024-02,mirae:MAIPF,68,0.728156125
2024-02,mirae:MAMAAF,86,0.65437836
2024-02,mirae:MAMCF,71,0.9748399999999999
2024-02,mirae:MAMPF,80,0.9814538090000003
2024-02,mirae:MATSF,75,0.9942591870000003
2024-02,mirae:MICCF,43,0.9932706119999999
2024-02,mirae:MIIOF,66,0.9973147320000002
2024-02,nippon:BF,28,0.9737000000000002
2024-02,nippon:EA,56,0.9873999999999999
2024-02,nippon:EO,102,0.9922999999999994
2024-02,nippon:GF,94,0.9863999999999998
2024-02,nippon:GS,72,0.9819999999999997
2024-02,nippon:IT,38,0.9226
2024-02,nippon:LC,83,0.9407999999999999
2024-02,nippon:LE,28,0.9138000000000001
2024-02,nippon:ME,31,0.9664999999999999
2024-02,nippon:MF,61,0.5096999999999998
2024-02,nippon:NE,64,0.6604
2024-02,nippon:PH,31,0.9794000000000002
2024-02,nippon:PS,41,0.9422000000000003
2024-02,nippon:QP,35,0.9860000000000001
2024-02,nippon:SC,202,0.9559999999999997
2024-02,nippon:SE,74,0.9577
2024-02,nippon:SH,63,0.7070999999999996
2024-02,nippon:TS,64,0.9773
2024-02,ppfas:PPDAAF,6,0.1311
2024-02,ppfas:PPETSF,35,0.8664
2024-02,ppfas:PPFCF,30,0.7165999999999999
2024-02,sbi:SBAF,72,0.6945999999999999
2024-02,sbi:SBFS,26,0.9579999999999997
2024-02,sbi:SBI Energy Opportunities Fund,14,0.35570000000000007
2024-02,sbi:SBIRIOS,42,0.9655000000000001
2024-02,sbi:SBLUECHIP,49,0.9564
2024-02,sbi:SCF,87,0.7886
2024-02,sbi:SCOF,41,0.9874999999999998
2024-02,sbi:SDYF,37,0.9500000000000001
2024-02,sbi:SEHF,29,0.7721000000000002
2024-02,sbi:SEMVF,50,1.0001
2024-02,sbi:SFEF,20,0.796
2024-02,sbi:SFLEXI,75,0.9195
2024-02,sbi:SHOF,21,0.9193000000000002
2024-02,sbi:SIF,39,0.9090999999999998
2024-02,sbi:SLMF,73,0.9217999999999996
2024-02,sbi:SLTEF,64,0.8998999999999999
2024-02,sbi:SMAAF,52,0.44680000000000003
2024-02,sbi:SMCF,40,0.9542999999999999
2024-02,sbi:SMCOMMA,20,0.9224999999999999
2024-02,sbi:SMEEF,35,0.9413000000000001
2024-02,sbi:SMGLF,21,0.7118999999999999
2024-02,sbi:SMIDCAP,71,0.9125
2024-02,sbi:SPSU,24,0.9329999999999998
2024-02,sbi:SSCF,55,0.8744
2024-02,sbi:STAF-III,12,0.5886
2024-02,sbi:STOF,16,0.8690999999999998
2024-02,uti:002,57,0.3742999999999999
2024-02,uti:017,51,0.9643999999999999
2024-02,uti:042,56,0.9541
2024-02,uti:049,55,0.9148999999999998
2024-02,uti:066,57,0.6810999999999998
2024-02,uti:101,41,0.9453000000000003
2024-02,uti:118,36,0.9833
2024-02,uti:125,55,0.9771
2024-02,uti:160,81,0.9578999999999999
2024-02,uti:161,44,0.9534999999999998
2024-02,uti:162,34,0.9299
2024-02,uti:163,31,0.9913000000000002
2024-02,uti:190,47,0.9553000000000001
2024-02,uti:193,52,0.9569000000000003
2024-02,uti:251,38,0.9898999999999998
2024-02,uti:322,80,0.6619999999999999
2024-02,uti:751,82,0.9581999999999996
2024-02,uti:753,29,0.9785
2024-02,uti:773,59,0.6582000000000001
2024-02,uti:775,24,0.9144000000000001
2024-03,absl:ABSLBCF,50,0.930471128
2024-03,absl:ABSLESG,47,0.982270325
2024-03,absl:ABSLMAAF,56,0.6612156800000001
2024-03,absl:ABSLMCF,71,0.9832556799999999
2024-03,absl:ABSLSO,56,0.9473414439999999
2024-03,absl:ABSLTNLF,27,0.9124663160000002
2024-03,absl:ADVG,73,0.9816240930000002
2024-03,absl:BDYP,58,0.9004879579999998
2024-03,absl:BINFRA,52,0.939147543
2024-03,absl:BSL95F,77,0.7589359919999997
2024-03,absl:BSLBKFS,34,0.985661122
2024-03,absl:BSLDAAF,103,0.7043369349999999
2024-03,absl:BSLEQTY,75,0.9678053280000003
2024-03,absl:BSLFEF,77,0.9767476670000002
2024-03,absl:BSLMFG,44,0.9703260619999999
2024-03,absl:BSLNMF,28,0.9050676299999999
2024-03,absl:BSLPHF,27,0.9303565670000002
2024-03,absl:BSLR96,65,0.9773804179999998
2024-03,absl:BSLTA1,92,0.9671476130000003
2024-03,absl:BTOP100,28,0.9601501919999998
2024-03,absl:GENNEXT,72,0.9567482899999997
2024-03,absl:MIDCAP,85,0.9829154509999997
2024-03,absl:MNC,60,0.992720124
2024-03,absl:PSUEQ,42,0.9438649280000001
2024-03,absl:PURE,75,0.981803392
2024-03,axis:AXISBCF,65,0.9764999999999998
2024-03,axis:AXISDEF,60,0.6601999999999999
2024-03,axis:AXISEHF,62,0.7628999999999999
2024-03,axis:AXISEQF,44,0.9741999999999998
2024-03,axis:AXISESG,51,0.7728999999999999
2024-03,axis:AXISF25,23,0.9278999999999998
2024-03,axis:AXISGOF,82,0.7918000000000001
2024-03,axis:AXISIMF,67,0.9576
2024-03,axis:AXISMCF,85,0.9625000000000001
2024-03,axis:AXISMLC,87,0.9905999999999998
2024-03,axis:AXISMLF,57,0.9682
2024-03,axis:AXISQUA,49,0.9762000000000001
2024-03,axis:AXISSCF,99,0.8836999999999997
2024-03,axis:AXISSSF,44,0.7718999999999999
2024-03,axis:AXISTAF,58,0.7125999999999996
2024-03,axis:AXISTSF,57,0.9631000000000003
2024-03,axis:AXISVAL,73,0.9423999999999999
2024-03,dsp:Banking and Financial Services,21,0.9483999999999998
2024-03,dsp:DAAF,115,0.6591999999999997
2024-03,dsp:EQUITYOPPOR,76,0.9795999999999999
2024-03,dsp:FOCUS,30,0.9650000000000001
2024-03,dsp:Flexi Cap,52,0.9376
2024-03,dsp:HEALTHCARE,21,0.8677999999999999
2024-03,dsp:MIDCAP,54,0.9219
2024-03,dsp:Multi Asset,30,0.3950000000000001
2024-03,dsp:Multicap Fund,49,0.9069999999999999
2024-03,dsp:NRNEF,21,0.7678
2024-03,dsp:QUANT,45,0.9976999999999998
2024-03,dsp:SMALLCAP,72,0.9268000000000003
2024-03,dsp:TAX,66,0.9724000000000003
2024-03,dsp:TIGER,70,0.9373999999999999
2024-03,dsp:TOP100,31,0.9552999999999997
2024-03,dsp:VALUE,59,0.6807999999999998
2024-03,hdfc:HDFCBKGFSF,34,0.995
2024-03,hdfc:HDFCBUSICY,52,0.8936000000000001
2024-03,hdfc:HDFCCB,78,0.9864999999999999
2024-03,hdfc:HDFCCS,27,0.8343999999999999
2024-03,hdfc:HDFCDFNFND,19,0.9229999999999998
2024-03,hdfc:HDFCDIVYLD,88,0.9760999999999996
2024-03,hdfc:HDFCEQ,42,0.8739999999999998
2024-03,hdfc:HDFCGR,161,0.6773999999999996
2024-03,hdfc:HDFCHOF117,36,0.9755999999999997
2024-03,hdfc:HDFCLARGEF,184,0.9631999999999998
2024-03,hdfc:HDFCMNCFND,28,0.9131000000000001
2024-03,hdfc:HDFCMULCAP,191,0.9750000000000001
2024-03,hdfc:HDFCNCCFND,35,0.9359000000000002
2024-03,hdfc:HDFCPHARHC,32,0.9849000000000002
2024-03,hdfc:HDFCPM,41,0.6789999999999998
2024-03,hdfc:HDFCSMALLF,79,0.9079999999999995
2024-03,hdfc:HDFCT2,45,0.9634999999999999
2024-03,hdfc:HDFCTECHFD,21,0.9506000000000001
2024-03,hdfc:HDFCTRALFD,31,0.9323999999999999
2024-03,hdfc:HDFCTS,39,0.9242999999999998
2024-03,hdfc:HDINFG,53,0.8578000000000001
2024-03,hdfc:MIDCAP,68,0.9249000000000004
2024-03,hdfc:MY2005,61,0.6551
2024-03,icici:BAF,89,0.683945999
2024-03,icici:BANFIN SERVICES,31,0.947634382
2024-03,icici:BCYCLE,54,0.7902852560000002
2024-03,icici:BHACON,50,0.9003081139999998
2024-03,icici:BLUECHIP,67,0.9018645060000001
2024-03,icici:COMFUND,34,0.952044545
2024-03,icici:DISCO,71,0.868654837
2024-03,icici:DIVYLD,54,0.9137555029999997
2024-03,icici:E&DF,82,0.724852475
2024-03,icici:ESGFUND,41,0.8829344340000002
2024-03,icici:EXPORTS,47,0.8932371439999998
2024-03,icici:FLEXCAP,62,0.9806591530000004
2024-03,icici:FMCG,19,0.8753348470000001
2024-03,icici:FOCUSED,28,0.9615264560000001
2024-03,icici:HOUSING,36,0.8801467820000002
2024-03,icici:INDOPP,66,0.8894985879999998
2024-03,icici:INFRA,61,0.9139573949999994
2024-03,icici:INNOVA,63,0.8542344840000002
2024-03,icici:LARGE & MIDCAP,85,0.9362831420000002
2024-03,icici:LTEF,67,0.9802833719999997
2024-03,icici:MGFINDIA,69,0.8942171910000004
2024-03,icici:MIDCAP,82,0.9440977150000002
2024-03,icici:MNCFUND,49,0.8621186459999999
2024-03,icici:MULTI,78,0.665080358
2024-03,icici:MULTICAP,108,0.9258610839999998
2024-03,icici:PHARMA,45,0.987036716
2024-03,icici:PSUEQU,27,0.8644164630000002
2024-03,icici:QUANT,45,0.916153096
2024-03,icici:SMALL,92,0.9009320200000002
2024-03,icici:TECH,51,0.9126200080000001
2024-03,icici:TRANSPO,36,0.929894863
2024-03,kotak:BAL,61,0.7277000000000002
2024-03,kotak:BFS,30,0.9696000000000002
2024-03,kotak:CMP,38,0.9801
2024-03,kotak:CON,61,0.9695999999999997
2024-03,kotak:ELS,57,0.9757999999999997
2024-03,kotak:EME,73,0.9679000000000001
2024-03,kotak:ESG,42,0.9857999999999999
2024-03,kotak:HLC,25,0.9405999999999999
2024-03,kotak:K30,60,0.9771000000000001
2024-03,kotak:KBA,106,0.7262999999999998
2024-03,kotak:KBC,55,0.9775
2024-03,kotak:KFE,30,0.9539000000000002
2024-03,kotak:KIE,51,0.9668999999999994
2024-03,kotak:KMI,50,0.9712000000000001
2024-03,kotak:KOP,65,0.9717999999999999
2024-03,kotak:KPF,45,0.7990000000000003
2024-03,kotak:KQT,42,0.9837000000000001
2024-03,kotak:MAF,60,0.6687999999999997
2024-03,kotak:MID,79,0.9715000000000003
2024-03,kotak:MUC,65,0.9702999999999999
2024-03,kotak:SEF,54,0.9912
2024-03,kotak:TCH,18,0.9102
2024-03,mirae:MABAF,93,0.6651126339999998
2024-03,mirae:MABFF,30,0.9930338420000001
2024-03,mirae:MAEBF,89,0.9887381649999998
2024-03,mirae:MAFCF,73,0.9828793549999999
2024-03,mirae:MAFF,30,0.9955158269999999
2024-03,mirae:MAHCF,32,0.9957513269999999
2024-03,mirae:MAMAAF,90,0.6660012049999999
2024-03,mirae:MAMCF,73,0.983492945
2024-03,mirae:MAMPF,86,0.9878301840000003
2024-03,mirae:MATSF,77,0.987242599
2024-03,mirae:MICCF,42,0.9720532319999999
2024-03,mirae:MIIOF,66,0.997162218
2024-03,nippon:BF,26,0.9773000000000002
2024-03,nippon:EA,56,0.9628999999999999
2024-03,nippon:EO,102,0.9849999999999998
2024-03,nippon:GF,94,0.9881999999999996
2024-03,nippon:GS,74,0.9823
2024-03,nippon:IT,39,0.9471999999999997
2024-03,nippon:LC,84,0.9454999999999999
2024-03,nippon:LE,27,0.9115
2024-03,nippon:ME,30,0.9728000000000001
2024-03,nippon:MF,62,0.5036999999999999
2024-03,nippon:NE,64,0.6713
2024-03,nippon:PH,31,0.9714999999999998
2024-03,nippon:PS,40,0.9495000000000001
2024-03,nippon:QP,35,0.9841000000000001
2024-03,nippon:SC,199,0.959399999999999
2024-03,nippon:SE,74,0.9671000000000001
2024-03,nippon:SH,63,0.7119000000000001
2024-03,nippon:TS,61,0.9677999999999998
2024-03,ppfas:PPDAAF,6,0.159
2024-03,ppfas:PPFCF,29,0.7002999999999999
2024-03,ppfas:PPTSF,34,0.8195000000000001
2024-03,sbi:SBAF,73,0.6913999999999999
2024-03,sbi:SBFS,25,0.9664
2024-03,sbi:SBI Energy Opportunities Fund,24,0.8574
2024-03,sbi:SBLUECHIP,49,0.9623999999999998
2024-03,sbi:SCF,88,0.7892999999999999
2024-03,sbi:SCOF,42,0.9542999999999997
2024-03,sbi:SDYF,37,0.9378
2024-03,sbi:SEHF,30,0.7591999999999999
2024-03,sbi:SEMVF,50,0.9999
2024-03,sbi:SFEF,20,0.7672999999999999
2024-03,sbi:SFLEXI,79,0.9078000000000003
2024-03,sbi:SHOF,24,0.9386999999999999
2024-03,sbi:SIF,39,0.8870999999999999
2024-03,sbi:SLMF,74,0.9309000000000001
2024-03,sbi:SLTEF,63,0.8792000000000001
2024-03,sbi:SMAAF,52,0.40550000000000014
2024-03,sbi:SMCF,39,0.9491999999999998
2024-03,sbi:SMCOMMA,21,0.9676000000000001
2024-03,sbi:SMEEF,36,0.9366999999999999
2024-03,sbi:SMGLF,22,0.706
2024-03,sbi:SMIDCAP,70,0.9184999999999999
2024-03,sbi:SPSU,23,0.9105000000000002
2024-03,sbi:SSCF,56,0.8856000000000003
2024-03,sbi:STOF,16,0.8616
2024-03,uti:002,57,0.3760000000000001
2024-03,uti:017,50,0.9617999999999999
2024-03,uti:042,56,0.9543
2024-03,uti:049,52,0.9173
2024-03,uti:066,54,0.6783999999999999
2024-03,uti:101,43,0.9571000000000001
2024-03,uti:118,38,0.9935999999999998
2024-03,uti:125,54,0.9772
2024-03,uti:160,82,0.9636
2024-03,uti:161,45,0.9383999999999998
2024-03,uti:162,34,0.9272999999999999
2024-03,uti:163,31,0.9913
2024-03,uti:190,47,0.9609999999999999
2024-03,uti:193,56,0.9821999999999999
2024-03,uti:251,39,0.9801
2024-03,uti:322,80,0.6621
2024-03,uti:751,83,0.9541
2024-03,uti:753,29,0.9823999999999999
2024-03,uti:773,59,0.6648999999999998
2024-03,uti:775,24,0.938
2024-04,absl:ABSLBCF,52,0.93785173
2024-04,absl:ABSLESG,47,0.980753146
2024-04,absl:ABSLMAAF,56,0.679224118
2024-04,absl:ABSLMCF,69,0.9712611490000002
2024-04,absl:ABSLSO,58,0.958342751
2024-04,absl:ABSLTNLF,28,0.9513339080000002
2024-04,absl:ADVG,73,0.9907101390000002
2024-04,absl:BDYP,63,0.9216607869999998
2024-04,absl:BINFRA,52,0.9369264359999997
2024-04,absl:BSL95F,79,0.7747922069999997
2024-04,absl:BSLBKFS,33,0.987597872
2024-04,absl:BSLDAAF,101,0.7136071860000007
2024-04,absl:BSLEQTY,73,0.9652546680000003
2024-04,absl:BSLFEF,78,0.9717914310000005
2024-04,absl:BSLMFG,45,0.9625095450000001
2024-04,absl:BSLNMF,28,0.936048481
2024-04,absl:BSLPHF,27,0.9527835440000002
2024-04,absl:BSLR96,65,0.9888224480000002
2024-04,absl:BSLTA1,94,0.9859087709999996
2024-04,absl:BTOP100,28,0.9636919249999999
2024-04,absl:GENNEXT,73,0.9546422029999995
2024-04,absl:MIDCAP,86,0.98532541
2024-04,absl:MNC,61,0.989048815
2024-04,absl:PSUEQ,43,0.9517977359999998
2024-04,absl:PURE,76,0.9818914400000004
2024-04,axis:AXISBCF,66,0.9608999999999999
2024-04,axis:AXISDEF,77,0.6909999999999994
2024-04,axis:AXISEHF,61,0.7666999999999998
2024-04,axis:AXISEQF,47,0.9661999999999998
2024-04,axis:AXISESG,54,0.7865999999999997
2024-04,axis:AXISF25,23,0.9352999999999999
2024-04,axis:AXISGOF,88,0.8210999999999997
2024-04,axis:AXISIMF,69,0.9509000000000001
2024-04,axis:AXISMCF,85,0.9515999999999996
2024-04,axis:AXISMLC,94,0.9861000000000005
2024-04,axis:AXISMLF,57,0.9576999999999998
2024-04,axis:AXISQUA,44,0.9767999999999997
2024-04,axis:AXISSCF,98,0.8861999999999999
2024-04,axis:AXISSSF,45,0.7801
2024-04,axis:AXISTAF,58,0.7127000000000001
2024-04,axis:AXISTSF,57,0.9513000000000004
2024-04,axis:AXISVAL,75,0.9594999999999999
2024-04,dsp:Banking and Financial Services,23,0.9793000000000001
2024-04,dsp:DAAF,107,0.6679999999999998
2024-04,dsp:EQUITYOPPOR,76,0.9747
2024-04,dsp:FOCUS,31,0.9774999999999998
2024-04,dsp:Flexi Cap,55,0.9738999999999998
2024-04,dsp:HEALTHCARE,21,0.8821
2024-04,dsp:MIDCAP,60,0.9510999999999998
2024-04,dsp:Multi Asset,32,0.39099999999999996
2024-04,dsp:Multicap Fund,55,0.9581999999999997
2024-04,dsp:NRNEF,24,0.8251
2024-04,dsp:QUANT,45,0.9982000000000001
2024-04,dsp:SMALLCAP,74,0.9315
2024-04,dsp:TAX,67,0.9837999999999998
2024-04,dsp:TIGER,71,0.9681999999999998
2024-04,dsp:TOP100,32,0.9604
2024-04,dsp:VALUE,58,0.673
2024-04,hdfc:HDFCBKGFSF,34,0.9962999999999996
2024-04,hdfc:HDFCBUSICY,57,0.9273
2024-04,hdfc:HDFCCB,79,0.9950999999999998
2024-04,hdfc:HDFCCS,27,0.8548000000000001
2024-04,hdfc:HDFCDFNFND,22,0.9647999999999999
2024-04,hdfc:HDFCDIVYLD,90,0.9691
2024-04,hdfc:HDFCEQ,43,0.882
2024-04,hdfc:HDFCGR,158,0.6716999999999995
2024-04,hdfc:HDFCHOF117,36,0.9808999999999998
2024-04,hdfc:HDFCLARGEF,189,0.9713999999999992
2024-04,hdfc:HDFCMNCFND,30,0.9810999999999999
2024-04,hdfc:HDFCMULCAP,194,0.9743999999999994
2024-04,hdfc:HDFCNCCFND,41,0.9908
2024-04,hdfc:HDFCPHARHC,33,0.9819000000000001
2024-04,hdfc:HDFCPM,41,0.6909000000000001
2024-04,hdfc:HDFCSMALLF,79,0.9128
2024-04,hdfc:HDFCT2,46,0.9807999999999998
2024-04,hdfc:HDFCTECHFD,23,0.9624999999999999
2024-04,hdfc:HDFCTRALFD,31,0.9387000000000001
2024-04,hdfc:HDFCTS,40,0.9222000000000002
2024-04,hdfc:HDINFG,53,0.8571000000000002
2024-04,hdfc:MIDCAP,71,0.9169999999999999
2024-04,hdfc:MY2005,65,0.6577999999999997
2024-04,icici:BAF,88,0.6825050070000002
2024-04,icici:BANFIN SERVICES,30,0.9637732740000001
2024-04,icici:BCYCLE,54,0.8147954979999998
2024-04,icici:BHACON,51,0.9007202580000002
2024-04,icici:BLUECHIP,64,0.896855304
2024-04,icici:COMFUND,37,0.9466734420000001
2024-04,icici:DISCO,66,0.8617110450000005
2024-04,icici:DIVYLD,55,0.9335561370000002
2024-04,icici:E&DF,86,0.7207548119999999
2024-04,icici:ESGFUND,41,0.8849536339999997
2024-04,icici:EXPORTS,49,0.912070823
2024-04,icici:FLEXCAP,61,0.9819806239999996
2024-04,icici:FMCG,20,0.9245813869999999
2024-04,icici:FOCUSED,29,0.98411334
2024-04,icici:HOUSING,37,0.86725686
2024-04,icici:INDOPP,65,0.9021313170000003
2024-04,icici:INFRA,61,0.9467974940000001
2024-04,icici:INNOVA,59,0.8580672330000002
2024-04,icici:LARGE & MIDCAP,89,0.9650368450000001
2024-04,icici:LTEF,68,0.9752429500000004
2024-04,icici:MGFINDIA,70,0.9149307329999999
2024-04,icici:MIDCAP,87,0.9676550139999998
2024-04,icici:MNCFUND,46,0.8604672870000001
2024-04,icici:MULTI,80,0.6547524880000002
2024-04,icici:MULTICAP,114,0.9404008219999997
2024-04,icici:PHARMA,38,0.9771629870000003
2024-04,icici:PSUEQU,28,0.8742779200000002
2024-04,icici:QUANT,41,0.8997532890000001
2024-04,icici:SMALL,91,0.8935663389999998
2024-04,icici:TECH,53,0.9300358659999998
2024-04,icici:TRANSPO,34,0.9724832029999998
2024-04,kotak:BAL,61,0.7308000000000003
2024-04,kotak:BFS,31,0.9859000000000001
2024-04,kotak:CMP,37,0.9914
2024-04,kotak:CON,65,0.9817000000000001
2024-04,kotak:ELS,59,0.9832999999999998
2024-04,kotak:EME,72,0.9779
2024-04,kotak:ESG,42,0.9929000000000002
2024-04,kotak:HLC,27,0.9724999999999999
2024-04,kotak:K30,60,0.9851000000000003
2024-04,kotak:KBA,108,0.7396999999999996
2024-04,kotak:KBC,53,0.9724999999999998
2024-04,kotak:KFE,30,0.9561000000000002
2024-04,kotak:KIE,49,0.9856000000000003
2024-04,kotak:KMI,52,0.9759999999999999
2024-04,kotak:KOP,67,0.9814999999999999
2024-04,kotak:KPF,45,0.8217999999999998
2024-04,kotak:KQT,42,0.8852000000000002
2024-04,kotak:MAF,61,0.693
2024-04,kotak:MID,76,0.9629999999999997
2024-04,kotak:MUC,69,0.9661999999999996
2024-04,kotak:SEF,55,0.9947000000000001
2024-04,kotak:TCH,21,0.9670000000000002
2024-04,mirae:MABAF,95,0.6568906930000001
2024-04,mirae:MABFF,31,0.9830216959999998
2024-04,mirae:MAEBF,87,0.9838248670000006
2024-04,mirae:MAFCF,66,0.9536943119999999
2024-04,mirae:MAFF,30,0.9568054140000002
2024-04,mirae:MAHCF,29,0.9955874170000002
2024-04,mirae:MAIPF,74,0.7446336819999998
2024-04,mirae:MAMAAF,95,0.6549901360000001
2024-04,mirae:MAMCF,72,0.9701961580000001
2024-04,mirae:MAMPF,85,0.9857813219999997
2024-04,mirae:MATSF,78,0.9800238019999995
2024-04,mirae:MICCF,44,0.9926395330000003
2024-04,mirae:MIIOF,63,0.9922965420000001
2024-04,nippon:BF,26,0.9917999999999999
2024-04,nippon:EA,58,0.9884000000000001
2024-04,nippon:EO,104,0.9898000000000002
2024-04,nippon:GF,95,0.9937999999999999
2024-04,nippon:GS,78,0.9941999999999998
2024-04,nippon:IT,38,0.959
2024-04,nippon:LC,89,0.9665999999999998
2024-04,nippon:LE,28,0.9452
2024-04,nippon:ME,31,0.9740999999999997
2024-04,nippon:MF,64,0.5303000000000001
2024-04,nippon:NE,66,0.6715000000000002
2024-04,nippon:PH,31,0.9617000000000003
2024-04,nippon:PS,40,0.9456999999999999
2024-04,nippon:QP,35,0.9850999999999999
2024-04,nippon:SC,202,0.9554000000000005
2024-04,nippon:SE,74,0.9791999999999995
2024-04,nippon:SH,63,0.7185
2024-04,nippon:TS,60,0.9652000000000001
2024-04,ppfas:PPDAAF,6,0.1659
2024-04,ppfas:PPFCF,29,0.7023
2024-04,ppfas:PPTSF,34,0.8216
2024-04,sbi:SBAF,74,0.7088000000000002
2024-04,sbi:SBFS,21,0.9818000000000001
2024-04,sbi:SBLUECHIP,49,0.9697
2024-04,sbi:SCF,89,0.8007999999999998
2024-04,sbi:SCOF,43,0.9782
2024-04,sbi:SDYF,37,0.9400999999999998
2024-04,sbi:SEHF,31,0.7553
2024-04,sbi:SEMVF,50,1.0
2024-04,sbi:SEOF,24,0.8810000000000001
2024-04,sbi:SFEF,19,0.7672000000000001
2024-04,sbi:SFLEXI,77,0.9342000000000001
2024-04,sbi:SHOF,24,0.9253
2024-04,sbi:SIF,41,0.8849
2024-04,sbi:SLMF,74,0.9611999999999997
2024-04,sbi:SLTEF,63,0.8977999999999999
2024-04,sbi:SMAAF,52,0.4146000000000001
2024-04,sbi:SMCF,39,0.9526
2024-04,sbi:SMCOMMA,23,0.9532999999999999
2024-04,sbi:SMEEF,38,0.9648000000000001
2024-04,sbi:SMGLF,22,0.7074
2024-04,sbi:SMIDCAP,72,0.9459999999999997
2024-04,sbi:SPSU,24,0.906
2024-04,sbi:SSCF,56,0.8633
2024-04,sbi:STOF,17,0.8558
2024-04,uti:002,57,0.38
2024-04,uti:017,54,0.9641
2024-04,uti:042,57,0.9567999999999999
2024-04,uti:049,55,0.9299999999999999
2024-04,uti:066,57,0.6905
2024-04,uti:101,44,0.9517999999999998
2024-04,uti:118,38,0.9847999999999996
2024-04,uti:125,54,0.9753999999999996
2024-04,uti:160,85,0.9726999999999997
2024-04,uti:161,49,0.9662999999999998
2024-04,uti:162,34,0.9280999999999999
2024-04,uti:163,31,0.9730000000000002
2024-04,uti:190,50,0.9794999999999998
2024-04,uti:193,56,0.9832000000000001
2024-04,uti:251,39,0.9834
2024-04,uti:322,84,0.6749000000000002
2024-04,uti:751,87,0.9657000000000002
2024-04,uti:753,30,0.9840999999999999
2024-04,uti:773,61,0.6670999999999998
2024-04,uti:775,24,0.9192000000000001
2024-05,absl:ABSLBCF,54,0.9332632140000001
2024-05,absl:ABSLESG,47,0.9858225819999998
2024-05,absl:ABSLMAAF,58,0.6738332730000002
2024-05,absl:ABSLMCF,70,0.9803647080000001
2024-05,absl:ABSLSO,57,0.952205712
2024-05,absl:ABSLTNLF,29,0.9632921869999999
2024-05,absl:ADVG,74,0.9865901730000003
2024-05,absl:BDYP,62,0.918384393
2024-05,absl:BINFRA,55,0.9362875579999999
2024-05,absl:BSL95F,78,0.7654749090000001
2024-05,absl:BSLBKFS,32,0.9829897229999999
2024-05,absl:BSLDAAF,103,0.716517034
2024-05,absl:BSLEQTY,73,0.9663473220000001
2024-05,absl:BSLFEF,76,0.9683564319999997
2024-05,absl:BSLMFG,50,0.9686694069999999
2024-05,absl:BSLNMF,27,0.9267395610000001
2024-05,absl:BSLPHF,25,0.9775038869999999
2024-05,absl:BSLR96,65,0.9855881549999996
2024-05,absl:BSLTA1,91,0.9805675690000006
2024-05,absl:BTOP100,29,0.9668713719999998
2024-05,absl:GENNEXT,74,0.961383875
2024-05,absl:MIDCAP,86,0.986768272
2024-05,absl:MNC,61,0.9870048289999999
2024-05,absl:PSUEQ,43,0.930039997
2024-05,absl:PURE,77,0.9870547740000001
2024-05,axis:AXISBCF,69,0.9679000000000001
2024-05,axis:AXISDEF,76,0.6895
2024-05,axis:AXISEHF,66,0.7790000000000002
2024-05,axis:AXISEQF,46,0.9512999999999998
2024-05,axis:AXISESG,56,0.7864999999999999
2024-05,axis:AXISF25,27,0.9680000000000002
2024-05,axis:AXISGOF,96,0.8007999999999998
2024-05,axis:AXISIMF,76,0.9642000000000003
2024-05,axis:AXISMCF,91,0.9496999999999997
2024-05,axis:AXISMLC,104,0.9808
2024-05,axis:AXISMLF,58,0.9431999999999999
2024-05,axis:AXISQUA,46,0.9751000000000001
2024-05,axis:AXISSCF,110,0.9116999999999997
2024-05,axis:AXISSSF,50,0.8007000000000002
2024-05,axis:AXISTAF,61,0.7191000000000004
2024-05,axis:AXISTSF,70,0.9553000000000003
2024-05,axis:AXISVAL,77,0.9617000000000003
2024-05,dsp:Banking and Financial Services,21,0.9433999999999999
2024-05,dsp:DAAF,99,0.6563
2024-05,dsp:EQUITYOPPOR,73,0.9805
2024-05,dsp:FOCUS,29,0.9708999999999999
2024-05,dsp:Flexi Cap,55,0.9856999999999999
2024-05,dsp:HEALTHCARE,21,0.8528
2024-05,dsp:MIDCAP,60,0.9543999999999999
2024-05,dsp:Multi Asset,32,0.40210000000000007
2024-05,dsp:Multicap Fund,57,0.9380999999999998
2024-05,dsp:NRNEF,24,0.8323000000000003
2024-05,dsp:QUANT,45,0.9974999999999999
2024-05,dsp:SMALLCAP,73,0.9342000000000003
2024-05,dsp:TAX,65,0.9837999999999997
2024-05,dsp:TIGER,70,0.9384
2024-05,dsp:TOP100,34,0.9642000000000001
2024-05,dsp:VALUE,56,0.6863999999999999
2024-05,hdfc:HDFCBKGFSF,31,0.9950000000000001
2024-05,hdfc:HDFCBUSICY,61,0.9523000000000001
2024-05,hdfc:HDFCCB,82,0.9904
2024-05,hdfc:HDFCCS,30,0.8659
2024-05,hdfc:HDFCDFNFND,21,0.9901000000000001
2024-05,hdfc:HDFCDIVYLD,90,0.9735
2024-05,hdfc:HDFCEQ,45,0.8718000000000001
2024-05,hdfc:HDFCGR,155,0.6570999999999996
2024-05,hdfc:HDFCHOF117,36,0.9763000000000003
2024-05,hdfc:HDFCLARGEF,185,0.9626999999999996
2024-05,hdfc:HDFCMANFFN,73,0.8654999999999999
2024-05,hdfc:HDFCMNCFND,30,0.9951
2024-05,hdfc:HDFCMULCAP,195,0.9699999999999995
2024-05,hdfc:HDFCNCCFND,42,0.9813000000000002
2024-05,hdfc:HDFCPHARHC,34,0.9938999999999999
2024-05,hdfc:HDFCPM,41,0.6831
2024-05,hdfc:HDFCSMALLF,79,0.9136
2024-05,hdfc:HDFCT2,46,0.9954
2024-05,hdfc:HDFCTECHFD,23,0.9784999999999999
2024-05,hdfc:HDFCTRALFD,31,0.9329999999999999
2024-05,hdfc:HDFCTS,41,0.9085
2024-05,hdfc:HDINFG,57,0.8801999999999999
2024-05,hdfc:MIDCAP,72,0.9323999999999997
2024-05,hdfc:MY2005,64,0.6595999999999999
2024-05,icici:BAF,92,0.6824844200000004
2024-05,icici:BANFIN SERVICES,33,0.9739230540000001
2024-05,icici:BCYCLE,56,0.8107196449999997
2024-05,icici:BHACON,55,0.920543002
2024-05,icici:BLUECHIP,66,0.9119256449999997
2024-05,icici:COMFUND,37,0.9621349979999998
2024-05,icici:DISCO,63,0.8625066469999997
2024-05,icici:DIVYLD,55,0.9243048079999998
2024-05,icici:E&DF,88,0.7237082810000001
2024-05,icici:ESGFUND,40,0.9010294900000001
2024-05,icici:EXPORTS,51,0.9306254210000003
2024-05,icici:FLEXCAP,62,0.989112419
2024-05,icici:FMCG,22,0.948358485
2024-05,icici:FOCUSED,29,0.9841749519999999
2024-05,icici:HOUSING,38,0.8652836209999998
2024-05,icici:INDOPP,63,0.8956503619999998
2024-05,icici:INFRA,61,0.9319414209999999
2024-05,icici:INNOVA,66,0.8450783100000001
2024-05,icici:LARGE & MIDCAP,90,0.9691117549999999
2024-05,icici:LTEF,70,0.9648102990000003
2024-05,icici:MGFINDIA,72,0.9344495160000003
2024-05,icici:MIDCAP,87,0.9724152180000002
2024-05,icici:MNCFUND,47,0.8978021469999999
2024-05,icici:MULTI,83,0.6640865939999999
2024-05,icici:MULTICAP,116,0.93669588
2024-05,icici:PHARMA,36,0.9799073970000001
2024-05,icici:PSUEQU,28,0.8748641060000001
2024-05,icici:QUANT,42,0.9041282169999999
2024-05,icici:SMALL,91,0.9106006030000003
2024-05,icici:TECH,54,0.9196043979999999
2024-05,icici:TRANSPO,35,0.961049279
2024-05,kotak:BAL,60,0.7278999999999999
2024-05,kotak:BFS,30,0.9715999999999997
2024-05,kotak:CMP,38,0.9845999999999999
2024-05,kotak:CON,67,0.9699
2024-05,kotak:ELS,58,0.9864000000000002
2024-05,kotak:EME,69,0.9387
2024-05,kotak:ESG,41,0.9835000000000003
2024-05,kotak:HLC,27,0.9687999999999998
2024-05,kotak:K30,60,0.9825999999999995
2024-05,kotak:KBA,96,0.7027
2024-05,kotak:KBC,53,0.9738999999999998
2024-05,kotak:KFE,30,0.9840000000000002
2024-05,kotak:KIE,49,0.9567000000000003
2024-05,kotak:KMI,52,0.9864999999999998
2024-05,kotak:KOP,66,0.9911000000000003
2024-05,kotak:KPF,46,0.8141999999999998
2024-05,kotak:KQT,40,0.9957999999999998
2024-05,kotak:MAF,67,0.6719000000000003
2024-05,kotak:MID,75,0.9586
2024-05,kotak:MUC,67,0.9873000000000003
2024-05,kotak:SEF,55,0.9928999999999998
2024-05,kotak:TCH,24,0.9575999999999999
2024-05,mirae:MABAF,95,0.6491185919999996
2024-05,mirae:MABFF,33,0.994439166
2024-05,mirae:MAEBF,88,0.9911440879999998
2024-05,mirae:MAFCF,64,0.9466909389999999
2024-05,mirae:MAFF,30,0.9873730930000003
2024-05,mirae:MAHCF,29,0.9955365669999999
2024-05,mirae:MAIPF,74,0.7445476260000002
2024-05,mirae:MAMAAF,97,0.657553442
2024-05,mirae:MAMCF,75,0.977018393
2024-05,mirae:MAMPF,82,0.992557272
2024-05,mirae:MATSF,82,0.9836167859999996
2024-05,mirae:MICCF,44,0.9932533680000002
2024-05,mirae:MIIOF,66,0.9933033719999996
2024-05,nippon:BF,26,0.9853000000000001
2024-05,nippon:EA,58,0.9926000000000001
2024-05,nippon:EO,107,0.9859000000000001
2024-05,nippon:GF,95,0.9872999999999995
2024-05,nippon:GS,75,0.9768999999999999
2024-05,nippon:IT,38,0.9295
2024-05,nippon:LC,89,0.9682
2024-05,nippon:LE,28,0.951
2024-05,nippon:ME,31,0.9609000000000001
2024-05,nippon:MF,69,0.5238
2024-05,nippon:NE,69,0.6819000000000001
2024-05,nippon:PH,31,0.9834000000000003
2024-05,nippon:PS,37,0.9361999999999999
2024-05,nippon:QP,35,0.9611
2024-05,nippon:SC,207,0.9562
2024-05,nippon:SE,73,0.9683999999999999
2024-05,nippon:SH,63,0.7188000000000003
2024-05,nippon:TS,59,0.9732000000000001
2024-05,ppfas:PPDAAF,6,0.16570000000000001
2024-05,ppfas:PPFCF,29,0.695
2024-05,ppfas:PPTSF,34,0.8241
2024-05,sbi:SBAF,74,0.6964999999999999
2024-05,sbi:SBFS,22,0.9312
2024-05,sbi:SBLUECHIP,49,0.9442
2024-05,sbi:SCF,89,0.7829000000000002
2024-05,sbi:SCOF,42,0.9679
2024-05,sbi:SDYF,37,0.9320999999999999
2024-05,sbi:SEHF,31,0.7405
2024-05,sbi:SEMVF,50,0.9979000000000001
2024-05,sbi:SEOF,25,0.9337
2024-05,sbi:SFEF,19,0.7390000000000001
2024-05,sbi:SFLEXI,86,0.9137999999999998
2024-05,sbi:SHOF,24,0.9136000000000002
2024-05,sbi:SIF,42,0.8992
2024-05,sbi:SLMF,75,0.9642999999999998
2024-05,sbi:SLTEF,60,0.8899999999999999
2024-05,sbi:SMAAF,53,0.4035
2024-05,sbi:SMCF,39,0.9503
2024-05,sbi:SMCOMMA,24,0.9595999999999999
2024-05,sbi:SMEEF,37,0.9504000000000001
2024-05,sbi:SMGLF,24,0.7250000000000001
2024-05,sbi:SMIDCAP,74,0.9487000000000002
2024-05,sbi:SPSU,28,0.8991000000000002
2024-05,sbi:SSCF,55,0.8714
2024-05,sbi:STOF,17,0.8393999999999999
2024-05,uti:002,56,0.3791999999999999
2024-05,uti:017,53,0.9676999999999998
2024-05,uti:042,57,0.9525000000000001
2024-05,uti:049,57,0.9262
2024-05,uti:066,59,0.6876000000000001
2024-05,uti:101,45,0.9667000000000001
2024-05,uti:118,39,0.9890000000000005
2024-05,uti:125,55,0.9851999999999997
2024-05,uti:160,84,0.9703999999999998
2024-05,uti:161,51,0.9649999999999999
2024-05,uti:162,35,0.9391999999999999
2024-05,uti:163,32,0.9840000000000002
2024-05,uti:190,49,0.9787999999999998
2024-05,uti:193,56,0.9898
2024-05,uti:251,39,0.9856
2024-05,uti:322,83,0.6768000000000003
2024-05,uti:751,88,0.9725999999999999
2024-05,uti:753,30,0.9822
2024-05,uti:773,60,0.6579999999999997
2024-05,uti:775,26,0.9529000000000002
2024-06,absl:ABSLBCF,53,0.9174895179999998
2024-06,absl:ABSLESG,46,0.9877899250000001
2024-06,absl:ABSLMAAF,56,0.6711384830000002
2024-06,absl:ABSLMCF,70,0.9724579739999999
2024-06,absl:ABSLSO,58,0.966450664
2024-06,absl:ABSLTNLF,31,0.9552967159999999
2024-06,absl:ADVG,73,0.9918248180000002
2024-06,absl:BDYP,65,0.9295816759999997
2024-06,absl:BINFRA,56,0.9511478899999999
2024-06,absl:BSL95F,80,0.769523354
2024-06,absl:BSLBKFS,31,0.9873245319999998
2024-06,absl:BSLDAAF,106,0.734559131
2024-06,absl:BSLEQTY,73,0.969079017
2024-06,absl:BSLFEF,77,0.9683046400000004
2024-06,absl:BSLMFG,52,0.958516836
2024-06,absl:BSLNMF,27,0.9280052400000001
2024-06,absl:BSLPHF,25,0.9658585580000001
2024-06,absl:BSLR96,65,0.99197399
2024-06,absl:BSLTA1,94,0.979246228
2024-06,absl:BTOP100,29,0.9731152100000002
2024-06,absl:GENNEXT,75,0.9536359940000002
2024-06,absl:MIDCAP,84,0.9864954320000001
2024-06,absl:MNC,61,0.988859522
2024-06,absl:PSUEQ,39,0.9286580590000003
2024-06,absl:PURE,76,0.9769400420000005
2024-06,axis:AXISBCF,68,0.9746999999999998
2024-06,axis:AXISDEF,83,0.7104999999999999
2024-06,axis:AXISEHF,66,0.791
2024-06,axis:AXISEQF,50,0.9620999999999998
2024-06,axis:AXISESG,55,0.8136999999999996
2024-06,axis:AXISF25,27,0.9774000000000003
2024-06,axis:AXISGOF,98,0.8362000000000002
2024-06,axis:AXISIMF,82,0.9803000000000001
2024-06,axis:AXISMCF,97,0.9803999999999999
2024-06,axis:AXISMLC,110,0.9853000000000002
2024-06,axis:AXISMLF,59,0.9484
2024-06,axis:AXISQUA,44,0.9733000000000003
2024-06,axis:AXISSCF,119,0.9277000000000002
2024-06,axis:AXISSSF,49,0.8025999999999999
2024-06,axis:AXISTAF,59,0.7439
2024-06,axis:AXISTSF,75,0.9784
2024-06,axis:AXISVAL,77,0.9741999999999998
2024-06,dsp:Banking and Financial Services,23,0.9888999999999998
2024-06,dsp:DAAF,87,0.6596999999999996
2024-06,dsp:EQUITYOPPOR,75,0.9761999999999997
2024-06,dsp:FOCUS,29,0.9688999999999998
2024-06,dsp:Flexi Cap,55,0.9856999999999998
2024-06,dsp:HEALTHCARE,22,0.8602
2024-06,dsp:MIDCAP,61,0.9604000000000001
2024-06,dsp:Multi Asset,32,0.4293999999999999
2024-06,dsp:Multicap Fund,59,0.9559000000000002
2024-06,dsp:NRNEF,23,0.8106000000000002
2024-06,dsp:QUANT,45,0.9974999999999998
2024-06,dsp:SMALLCAP,74,0.9434999999999998
2024-06,dsp:TAX,66,0.9763000000000003
2024-06,dsp:TIGER,73,0.9713999999999999
2024-06,dsp:TOP100,34,0.9495000000000001
2024-06,dsp:VALUE,56,0.6888
2024-06,hdfc:HDFCBKGFSF,32,0.9847999999999999
2024-06,hdfc:HDFCBUSICY,60,0.9788999999999999
2024-06,hdfc:HDFCCB,83,0.9914000000000003
2024-06,hdfc:HDFCCS,30,0.8715000000000002
2024-06,hdfc:HDFCDFNFND,20,0.9509000000000001
2024-06,hdfc:HDFCDIVYLD,94,0.9804
2024-06,hdfc:HDFCEQ,45,0.8704
2024-06,hdfc:HDFCGR,152,0.6560999999999997
2024-06,hdfc:HDFCHOF117,36,0.9762999999999998
2024-06,hdfc:HDFCLARGEF,189,0.9650999999999996
2024-06,hdfc:HDFCMANFFN,78,0.8656999999999996
2024-06,hdfc:HDFCMNCFND,30,0.9810000000000001
2024-06,hdfc:HDFCMULCAP,202,0.9702999999999999
2024-06,hdfc:HDFCNCCFND,43,0.9608
2024-06,hdfc:HDFCPHARHC,34,0.9802000000000003
2024-06,hdfc:HDFCPM,41,0.7032
2024-06,hdfc:HDFCSMALLF,80,0.9259000000000001
2024-06,hdfc:HDFCT2,48,0.9900999999999999
2024-06,hdfc:HDFCTECHFD,24,0.9811999999999997
2024-06,hdfc:HDFCTRALFD,33,0.945
2024-06,hdfc:HDFCTS,44,0.9192
2024-06,hdfc:HDINFG,60,0.8911000000000001
2024-06,hdfc:MIDCAP,72,0.9378
2024-06,hdfc:MY2005,67,0.6767999999999998
2024-06,icici:BAF,94,0.691375522
2024-06,icici:BANFIN SERVICES,32,0.9814558990000001
2024-06,icici:BCYCLE,59,0.823647481
2024-06,icici:BHACON,50,0.8917916809999998
2024-06,icici:BLUECHIP,64,0.9013686080000002
2024-06,icici:COMFUND,39,0.9541515380000001
2024-06,icici:DISCO,60,0.8110455470000002
2024-06,icici:DIVYLD,57,0.9213247130000001
2024-06,icici:E&DF,88,0.7028863300000004
2024-06,icici:ESGFUND,41,0.9289497210000002
2024-06,icici:EXPORTS,51,0.9153652620000001
2024-06,icici:FLEXCAP,67,0.9867917770000003
2024-06,icici:FMCG,22,0.9222439069999999
2024-06,icici:FOCUSED,29,0.9817008239999999
2024-06,icici:HOUSING,36,0.8316482409999998
2024-06,icici:INDOPP,56,0.8596358940000001
2024-06,icici:INFRA,59,0.9202692600000004
2024-06,icici:INNOVA,62,0.854056513
2024-06,icici:LARGE & MIDCAP,88,0.9621671539999997
2024-06,icici:LTEF,72,0.9595972939999999
2024-06,icici:MGFINDIA,76,0.9455805290000001
2024-06,icici:MIDCAP,88,0.9661089680000001
2024-06,icici:MNCFUND,44,0.8980439130000001
2024-06,icici:MULTI,80,0.6549254460000001
2024-06,icici:MULTICAP,113,0.8956368020000001
2024-06,icici:PHARMA,36,0.9825251950000001
2024-06,icici:PSUEQU,28,0.8711726210000001
2024-06,icici:QUANT,43,0.9258719850000001
2024-06,icici:SMALL,88,0.9064291450000002
2024-06,icici:TECH,54,0.9210075329999996
2024-06,icici:TRANSPO,34,0.944050766
2024-06,kotak:BAL,60,0.7419000000000001
2024-06,kotak:BFS,30,0.9834000000000002
2024-06,kotak:CMP,36,0.9860000000000001
2024-06,kotak:CON,68,0.9875
2024-06,kotak:ELS,58,0.9924000000000002
2024-06,kotak:EME,65,0.9718999999999999
2024-06,kotak:ESG,42,0.9884000000000001
2024-06,kotak:HLC,28,0.9835999999999999
2024-06,kotak:K30,60,0.9821999999999999
2024-06,kotak:KBA,95,0.6996
2024-06,kotak:KBC,53,0.9770000000000004
2024-06,kotak:KFE,30,0.9875999999999999
2024-06,kotak:KIE,50,0.96
2024-06,kotak:KMI,53,0.9841000000000002
2024-06,kotak:KOP,67,0.9885999999999997
2024-06,kotak:KPF,46,0.8162000000000001
2024-06,kotak:KQT,40,0.9924999999999999
2024-06,kotak:MAF,62,0.6668999999999997
2024-06,kotak:MID,74,0.9447000000000002
2024-06,kotak:MUC,66,0.9737999999999999
2024-06,kotak:SEF,55,0.9933999999999998
2024-06,kotak:TCH,24,0.9782
2024-06,mirae:MABAF,95,0.6566861399999998
2024-06,mirae:MABFF,32,0.98533532
2024-06,mirae:MAEBF,87,0.984272268
2024-06,mirae:MAFCF,66,0.965248817
2024-06,mirae:MAFF,31,0.9819682339999997
2024-06,mirae:MAHCF,28,0.9839170300000002
2024-06,mirae:MAIPF,76,0.7520556770000003
2024-06,mirae:MAMAAF,93,0.6694846140000004
2024-06,mirae:MAMCF,76,0.986790833
2024-06,mirae:MAMPF,84,0.9871256770000002
2024-06,mirae:MATSF,83,0.9878897240000004
2024-06,mirae:MICCF,43,0.9923569879999998
2024-06,mirae:MIIOF,69,0.986218882
2024-06,nippon:BF,26,0.9794999999999999
2024-06,nippon:EA,62,0.9860999999999998
2024-06,nippon:EO,109,0.9908999999999998
2024-06,nippon:GF,94,0.9850000000000005
2024-06,nippon:GS,75,0.9980000000000002
2024-06,nippon:IT,40,0.9260000000000002
2024-06,nippon:LC,92,0.9758999999999999
2024-06,nippon:LE,28,0.9484999999999999
2024-06,nippon:ME,33,0.9625
2024-06,nippon:MF,71,0.5269
2024-06,nippon:NE,67,0.6943000000000001
2024-06,nippon:PH,31,0.9944000000000001
2024-06,nippon:PS,35,0.9553000000000001
2024-06,nippon:QP,35,0.9856
2024-06,nippon:SC,215,0.9591000000000004
2024-06,nippon:SE,76,0.9773000000000002
2024-06,nippon:SH,66,0.7227000000000001
2024-06,nippon:TS,60,0.9709000000000001
2024-06,ppfas:PPDAAF,6,0.1656
2024-06,ppfas:PPETSF,34,0.8409
2024-06,ppfas:PPFCF,29,0.6970999999999998
2024-06,sbi:SBAF,73,0.7035999999999998
2024-06,sbi:SBFS,22,0.9329999999999999
2024-06,sbi:SBI-AOF,24,0.8774999999999998
2024-06,sbi:SBLUECHIP,50,0.9761999999999998
2024-06,sbi:SCF,89,0.825
2024-06,sbi:SCOF,47,0.9710000000000001
2024-06,sbi:SDYF,37,0.9346000000000001
2024-06,sbi:SEHF,32,0.7558000000000001
2024-06,sbi:SEMVF,50,0.9992999999999997
2024-06,sbi:SEOF,26,0.9311
2024-06,sbi:SFEF,21,0.7678999999999999
2024-06,sbi:SFLEXI,88,0.8943
2024-06,sbi:SHOF,28,0.9343999999999999
2024-06,sbi:SIF,43,0.9091999999999999
2024-06,sbi:SLMF,76,0.9457999999999996
2024-06,sbi:SLTEF,60,0.8865
2024-06,sbi:SMAAF,55,0.45770000000000005
2024-06,sbi:SMCF,41,0.9639
2024-06,sbi:SMCOMMA,23,0.9362
2024-06,sbi:SMEEF,37,0.958
2024-06,sbi:SMGLF,24,0.7363
2024-06,sbi:SMIDCAP,72,0.9437999999999999
2024-06,sbi:SPSU,26,0.9152999999999999
2024-06,sbi:SSCF,55,0.8734000000000001
2024-06,sbi:STOF,17,0.8522
2024-06,uti:002,55,0.38760000000000006
2024-06,uti:017,52,0.9659999999999999
2024-06,uti:042,58,0.9584999999999996
2024-06,uti:049,59,0.9257000000000001
2024-06,uti:066,61,0.6897000000000001
2024-06,uti:101,45,0.9707999999999998
2024-06,uti:118,38,0.9852
2024-06,uti:125,54,0.9838000000000002
2024-06,uti:160,87,0.9762000000000003
2024-06,uti:161,51,0.9535999999999997
2024-06,uti:162,34,0.9571999999999998
2024-06,uti:163,31,0.9941000000000001
2024-06,uti:190,50,0.9451999999999998
2024-06,uti:193,56,0.974
2024-06,uti:251,41,0.9791
2024-06,uti:322,84,0.6572999999999998
2024-06,uti:751,87,0.9662000000000001
2024-06,uti:753,30,0.9870000000000001
2024-06,uti:773,60,0.6802000000000001
2024-06,uti:775,26,0.9558000000000002
2024-07,absl:ABSLBCF,58,0.9424388870000001
2024-07,absl:ABSLESG,47,0.978363024
2024-07,absl:ABSLMAAF,54,0.6776126060000002
2024-07,absl:ABSLMCF,69,0.9498362069999998
2024-07,absl:ABSLQF,49,0.870170411
2024-07,absl:ABSLSO,60,0.9589359030000003
2024-07,absl:ABSLTNLF,32,0.949986812
2024-07,absl:ADVG,72,0.9816555150000003
2024-07,absl:BDYP,65,0.915148106
2024-07,absl:BINFRA,57,0.9748444750000002
2024-07,absl:BSL95F,79,0.7749547020000004
2024-07,absl:BSLBKFS,31,0.974195654
2024-07,absl:BSLDAAF,110,0.7436412730000002
2024-07,absl:BSLEQTY,75,0.9715104609999999
2024-07,absl:BSLFEF,80,0.9757438000000004
2024-07,absl:BSLMFG,59,0.987612891
2024-07,absl:BSLNMF,26,0.9363020430000002
2024-07,absl:BSLPHF,26,0.9763094030000001
2024-07,absl:BSLR96,66,0.986032327
2024-07,absl:BSLTA1,95,0.9829264260000001
2024-07,absl:BTOP100,30,0.953049407
2024-07,absl:GENNEXT,75,0.9573300720000002
2024-07,absl:MIDCAP,84,0.985710577
2024-07,absl:MNC,62,0.9871950259999999
2024-07,absl:PSUEQ,41,0.9779446249999999
2024-07,absl:PURE,77,0.976704183
2024-07,axis:AXISBCF,71,0.9653999999999996
2024-07,axis:AXISDEF,86,0.7011
2024-07,axis:AXISEHF,72,0.7884000000000001
2024-07,axis:AXISEQF,55,0.9484000000000001
2024-07,axis:AXISESG,56,0.8369999999999997
2024-07,axis:AXISF25,27,0.9515
2024-07,axis:AXISGOF,102,0.8492
2024-07,axis:AXISIMF,84,0.9821000000000003
2024-07,axis:AXISMCF,102,0.9817
2024-07,axis:AXISMLC,116,0.9961
2024-07,axis:AXISMLF,59,0.9615000000000002
2024-07,axis:AXISQUA,48,0.9859000000000001
2024-07,axis:AXISSCF,123,0.9151999999999998
2024-07,axis:AXISSSF,53,0.8109999999999999
2024-07,axis:AXISTAF,56,0.7101999999999998
2024-07,axis:AXISTSF,89,0.9788000000000003
2024-07,axis:AXISVAL,80,0.9785000000000001
2024-07,dsp:Banking and Financial Services,23,0.9693999999999998
2024-07,dsp:DAAF,106,0.6623999999999997
2024-07,dsp:EQUITYOPPOR,74,0.9696000000000001
2024-07,dsp:FOCUS,29,0.9657000000000003
2024-07,dsp:Flexi Cap,55,0.9821
2024-07,dsp:HEALTHCARE,24,0.8516999999999999
2024-07,dsp:MIDCAP,59,0.9749999999999999
2024-07,dsp:Multi Asset,34,0.43069999999999997
2024-07,dsp:Multicap Fund,60,0.9758999999999999
2024-07,dsp:NRNEF,23,0.8258
2024-07,dsp:QUANT,44,0.9908999999999998
2024-07,dsp:SMALLCAP,72,0.9363000000000002
2024-07,dsp:TAX,66,0.9880000000000001
2024-07,dsp:TIGER,75,0.9327
2024-07,dsp:TOP100,34,0.9436
2024-07,dsp:VALUE,57,0.6721999999999999
2024-07,hdfc:HDFCBKGFSF,33,0.9949000000000001
2024-07,hdfc:HDFCBUSICY,57,0.9561
2024-07,hdfc:HDFCCB,84,0.9853000000000003
2024-07,hdfc:HDFCCS,28,0.8562000000000001
2024-07,hdfc:HDFCDFNFND,20,0.9673999999999999
2024-07,hdfc:HDFCDIVYLD,101,0.9859999999999998
2024-07,hdfc:HDFCEQ,46,0.8768999999999999
2024-07,hdfc:HDFCGR,151,0.6569999999999996
2024-07,hdfc:HDFCHOF117,37,0.9882
2024-07,hdfc:HDFCLARGEF,192,0.9657999999999994
2024-07,hdfc:HDFCMANFFN,83,0.8874000000000002
2024-07,hdfc:HDFCMNCFND,32,0.9702999999999999
2024-07,hdfc:HDFCMULCAP,205,0.9690999999999994
2024-07,hdfc:HDFCNCCFND,41,0.9526999999999999
2024-07,hdfc:HDFCPHARHC,31,0.9945000000000002
2024-07,hdfc:HDFCPM,40,0.7064000000000002
2024-07,hdfc:HDFCSMALLF,82,0.9237000000000002
2024-07,hdfc:HDFCT2,49,0.9942
2024-07,hdfc:HDFCTECHFD,24,0.9544000000000001
2024-07,hdfc:HDFCTRALFD,31,0.9098999999999999
2024-07,hdfc:HDFCTS,43,0.9137000000000002
2024-07,hdfc:HDINFG,61,0.8884000000000004
2024-07,hdfc:MIDCAP,73,0.9199999999999998
2024-07,hdfc:MY2005,68,0.6641999999999999
2024-07,icici:BAF,91,0.7090769689999998
2024-07,icici:BANFIN SERVICES,32,0.9468247080000001
2024-07,icici:BCYCLE,61,0.8477492649999998
2024-07,icici:BHACON,51,0.9195684509999998
2024-07,icici:BLUECHIP,63,0.8906177140000003
2024-07,icici:COMFUND,41,0.962058013
2024-07,icici:DISCO,61,0.8210117660000003
2024-07,icici:DIVYLD,58,0.9406307519999998
2024-07,icici:E&DF,82,0.6825977550000001
2024-07,icici:ENERGY,23,0.5729211629999998
2024-07,icici:ESGFUND,42,0.9382346730000001
2024-07,icici:EXPORTS,47,0.8955507590000003
2024-07,icici:FLEXCAP,63,0.9758965510000002
2024-07,icici:FMCG,23,0.9441252319999998
2024-07,icici:FOCUSED,29,0.952920024
2024-07,icici:HOUSING,36,0.8310018549999998
2024-07,icici:INDOPP,59,0.8343057749999998
2024-07,icici:INFRA,61,0.929311458
2024-07,icici:INNOVA,60,0.8548700959999997
2024-07,icici:LARGE & MIDCAP,87,0.9489029250000002
2024-07,icici:LTEF,76,0.9540329700000005
2024-07,icici:MGFINDIA,86,0.9616218219999998
2024-07,icici:MIDCAP,84,0.9832168399999998
2024-07,icici:MNCFUND,43,0.8663714750000002
2024-07,icici:MULTI,74,0.6597476329999998
2024-07,icici:MULTICAP,116,0.8797465179999998
2024-07,icici:PHARMA,39,0.9557952939999999
2024-07,icici:PSUEQU,29,0.8404688370000001
2024-07,icici:QUANT,43,0.9140033470000001
2024-07,icici:SMALL,89,0.865581763
2024-07,icici:TECH,57,0.9191350869999999
2024-07,icici:TRANSPO,35,0.9689388460000002
2024-07,kotak:BAL,60,0.7531999999999999
2024-07,kotak:BFS,30,0.9897000000000002
2024-07,kotak:CMP,36,0.9746000000000001
2024-07,kotak:CON,66,0.9835000000000004
2024-07,kotak:ELS,58,0.9937000000000001
2024-07,kotak:EME,67,0.9595000000000006
2024-07,kotak:ESG,42,0.9760000000000001
2024-07,kotak:HLC,27,0.9824000000000002
2024-07,kotak:K30,58,0.9649
2024-07,kotak:KBA,90,0.6942999999999994
2024-07,kotak:KBC,50,0.9647000000000002
2024-07,kotak:KFE,30,0.9835
2024-07,kotak:KIE,51,0.9464
2024-07,kotak:KMI,55,0.9669999999999999
2024-07,kotak:KOP,67,0.9848000000000001
2024-07,kotak:KPF,46,0.8203000000000004
2024-07,kotak:KQT,59,0.9895000000000002
2024-07,kotak:MAF,63,0.7051000000000002
2024-07,kotak:MID,77,0.9629999999999997
2024-07,kotak:MUC,62,0.9936999999999997
2024-07,kotak:SEF,56,0.9819
2024-07,kotak:SPO,32,0.8478999999999999
2024-07,kotak:TCH,24,0.953
2024-07,mirae:MABAF,101,0.6758825620000001
2024-07,mirae:MABFF,30,0.988380162
2024-07,mirae:MAEBF,89,0.991973555
2024-07,mirae:MAFCF,67,0.9734007970000003
2024-07,mirae:MAFF,30,0.9829367640000002
2024-07,mirae:MAHCF,30,0.992580355
2024-07,mirae:MAIPF,78,0.736607634
2024-07,mirae:MAMAAF,100,0.6812545600000001
2024-07,mirae:MAMCF,76,0.9859995969999997
2024-07,mirae:MAMPF,79,0.9912824689999998
2024-07,mirae:MATSF,84,0.980491494
2024-07,mirae:MICCF,43,0.9871924190000001
2024-07,mirae:MIIOF,72,0.99541008657
2024-07,nippon:BF,26,0.9783999999999999
2024-07,nippon:EA,65,0.9903
2024-07,nippon:EO,108,0.9874000000000004
2024-07,nippon:GF,94,0.9865999999999997
2024-07,nippon:GS,73,0.9829999999999999
2024-07,nippon:IT,41,0.9109999999999998
2024-07,nippon:LC,93,0.9668999999999999
2024-07,nippon:LE,28,0.9418000000000001
2024-07,nippon:ME,35,0.9670999999999998
2024-07,nippon:MF,71,0.5298999999999998
2024-07,nippon:NE,68,0.6943000000000004
2024-07,nippon:PH,32,0.9843999999999998
2024-07,nippon:PS,36,0.9794999999999999
2024-07,nippon:QP,35,0.9793999999999999
2024-07,nippon:SC,210,0.9592999999999998
2024-07,nippon:SE,75,0.9512
2024-07,nippon:SH,65,0.7074
2024-07,nippon:TS,60,0.9744999999999997
2024-07,ppfas:PPDAAF,6,0.1631
2024-07,ppfas:PPETSF,33,0.8411
2024-07,ppfas:PPFCF,28,0.7104
2024-07,sbi:SBAF,74,0.7067999999999998
2024-07,sbi:SBFS,24,0.9357
2024-07,sbi:SBI-AOF,26,0.9268999999999998
2024-07,sbi:SBLUECHIP,48,0.9739000000000001
2024-07,sbi:SCF,90,0.8166999999999999
2024-07,sbi:SCOF,46,0.9643999999999996
2024-07,sbi:SDYF,40,0.9392000000000003
2024-07,sbi:SEHF,31,0.7303
2024-07,sbi:SEMVF,51,0.9989
2024-07,sbi:SEOF,26,0.9345
2024-07,sbi:SFEF,23,0.7939
2024-07,sbi:SFLEXI,95,0.9316999999999999
2024-07,sbi:SHOF,29,0.9179000000000003
2024-07,sbi:SIF,45,0.9033
2024-07,sbi:SLMF,75,0.9418999999999996
2024-07,sbi:SLTEF,60,0.9043999999999998
2024-07,sbi:SMAAF,50,0.43149999999999994
2024-07,sbi:SMCF,41,0.9515
2024-07,sbi:SMCOMMA,24,0.9609999999999999
2024-07,sbi:SMEEF,37,0.9629999999999999
2024-07,sbi:SMGLF,22,0.7198999999999999
2024-07,sbi:SMIDCAP,69,0.9388
2024-07,sbi:SPSU,25,0.9098
2024-07,sbi:SSCF,57,0.8947
2024-07,sbi:STOF,19,0.8242999999999999
2024-07,uti:002,55,0.3878
2024-07,uti:017,54,0.9520000000000002
2024-07,uti:042,58,0.9580000000000002
2024-07,uti:049,59,0.9311999999999999
2024-07,uti:066,61,0.6872999999999999
2024-07,uti:101,45,0.9414000000000001
2024-07,uti:118,39,0.9884999999999999
2024-07,uti:125,54,0.9853999999999997
2024-07,uti:160,86,0.9844999999999999
2024-07,uti:161,52,0.9394999999999999
2024-07,uti:162,34,0.95
2024-07,uti:163,31,0.9664000000000004
2024-07,uti:190,50,0.9417000000000001
2024-07,uti:193,57,0.9635999999999996
2024-07,uti:251,41,0.9621000000000003
2024-07,uti:322,83,0.6633999999999998
2024-07,uti:751,89,0.9680999999999996
2024-07,uti:753,30,0.9844999999999998
2024-07,uti:773,60,0.6995000000000001
2024-07,uti:775,26,0.9425000000000001
2024-08,absl:ABSLBCF,62,0.954562877
2024-08,absl:ABSLESG,49,0.971571984
2024-08,absl:ABSLMAAF,61,0.6845086249999999
2024-08,absl:ABSLMCF,70,0.9758838030000001
2024-08,absl:ABSLQF,49,0.9634217530000002
2024-08,absl:ABSLSO,62,0.9791094709999999
2024-08,absl:ABSLTNLF,33,0.97728896
2024-08,absl:ADVG,73,0.977823054
2024-08,absl:BDYP,64,0.9280344030000001
2024-08,absl:BINFRA,58,0.9688445670000001
2024-08,absl:BSL95F,77,0.7674534640000005
2024-08,absl:BSLBKFS,34,0.9829781269999999
2024-08,absl:BSLDAAF,114,0.7335588619999998
2024-08,absl:BSLEQTY,75,0.971864615
2024-08,absl:BSLFEF,77,0.9673587650000002
2024-08,absl:BSLMFG,62,0.9837209649999998
2024-08,absl:BSLNMF,25,0.9168401350000001
2024-08,absl:BSLPHF,26,0.913756263
2024-08,absl:BSLR96,65,0.979948936
2024-08,absl:BSLTA1,98,0.9737149249999999
2024-08,absl:BTOP100,28,0.9373021870000001
2024-08,absl:GENNEXT,76,0.9828825970000002
2024-08,absl:MIDCAP,84,0.9843732480000006
2024-08,absl:MNC,63,0.9888428290000003
2024-08,absl:PSUEQ,40,0.9465412979999996
2024-08,absl:PURE,75,0.9868613789999997
2024-08,axis:AXISBCF,75,0.9719000000000001
2024-08,axis:AXISDEF,86,0.7087
2024-08,axis:AXISEHF,74,0.7929000000000002
2024-08,axis:AXISEQF,54,0.9630000000000002
2024-08,axis:AXISESG,58,0.8513999999999998
2024-08,axis:AXISF25,27,0.9458000000000001
2024-08,axis:AXISGOF,105,0.8515999999999999
2024-08,axis:AXISIMF,86,0.9787000000000003
2024-08,axis:AXISMCF,101,0.9751999999999997
2024-08,axis:AXISMLC,119,0.9919
2024-08,axis:AXISMLF,58,0.9480000000000001
2024-08,axis:AXISQUA,50,0.9816000000000001
2024-08,axis:AXISSCF,122,0.9081999999999999
2024-08,axis:AXISSSF,54,0.8064000000000002
2024-08,axis:AXISTAF,57,0.6850999999999998
2024-08,axis:AXISTSF,85,0.9776999999999999
2024-08,axis:AXISVAL,79,0.9674999999999998
2024-08,dsp:Banking and Financial Services,22,0.9239999999999998
2024-08,dsp:DAAF,103,0.6723999999999999
2024-08,dsp:EQUITYOPPOR,72,0.9609
2024-08,dsp:FOCUS,30,0.9498999999999999
2024-08,dsp:Flexi Cap,56,0.9685999999999997
2024-08,dsp:HEALTHCARE,23,0.8235999999999999
2024-08,dsp:MIDCAP,58,0.9733
2024-08,dsp:Multi Asset,34,0.41629999999999995
2024-08,dsp:Multicap Fund,59,0.9553999999999999
2024-08,dsp:NRNEF,23,0.8097000000000002
2024-08,dsp:QUANT,44,0.9994000000000001
2024-08,dsp:SMALLCAP,74,0.9433999999999998
2024-08,dsp:TAX,65,0.9824000000000002
2024-08,dsp:TIGER,70,0.9303999999999999
2024-08,dsp:TOP100,33,0.9168
2024-08,dsp:VALUE,57,0.6668999999999999
2024-08,hdfc:HDFCBKGFSF,32,0.9881000000000001
2024-08,hdfc:HDFCBUSICY,62,0.9318000000000002
2024-08,hdfc:HDFCCB,86,0.9824999999999999
2024-08,hdfc:HDFCCS,28,0.8621
2024-08,hdfc:HDFCDFNFND,20,0.9498999999999999
2024-08,hdfc:HDFCDIVYLD,105,0.9777999999999996
2024-08,hdfc:HDFCEQ,45,0.8638999999999999
2024-08,hdfc:HDFCGR,150,0.6490999999999997
2024-08,hdfc:HDFCHOF117,37,0.9856999999999999
2024-08,hdfc:HDFCLARGEF,193,0.9748999999999997
2024-08,hdfc:HDFCMANFFN,86,0.9160999999999998
2024-08,hdfc:HDFCMNCFND,32,0.9498000000000002
2024-08,hdfc:HDFCMULCAP,208,0.9683
2024-08,hdfc:HDFCNCCFND,43,0.9773999999999998
2024-08,hdfc:HDFCPHARHC,31,0.9772
2024-08,hdfc:HDFCPM,40,0.6877
2024-08,hdfc:HDFCSMALLF,87,0.9281999999999999
2024-08,hdfc:HDFCT2,45,0.9695999999999998
2024-08,hdfc:HDFCTECHFD,27,0.9695
2024-08,hdfc:HDFCTRALFD,32,0.9735
2024-08,hdfc:HDFCTS,43,0.9160000000000001
2024-08,hdfc:HDINFG,62,0.8957999999999998
2024-08,hdfc:MIDCAP,73,0.9213000000000001
2024-08,hdfc:MY2005,71,0.6613999999999999
2024-08,icici:BAF,90,0.703361325
2024-08,icici:BANFIN SERVICES,33,0.9283053759999998
2024-08,icici:BCYCLE,61,0.8662526180000003
2024-08,icici:BHACON,52,0.8893097889999998
2024-08,icici:BLUECHIP,60,0.9010674669999997
2024-08,icici:COMFUND,40,0.963009497
2024-08,icici:DISCO,66,0.820420209
2024-08,icici:DIVYLD,58,0.9323323059999999
2024-08,icici:E&DF,84,0.6764696350000001
2024-08,icici:ENERGY,34,0.8766771319999997
2024-08,icici:ESGFUND,41,0.9133081989999998
2024-08,icici:EXPORTS,52,0.8780055270000002
2024-08,icici:FLEXCAP,67,0.9837913819999999
2024-08,icici:FMCG,21,0.9290853299999999
2024-08,icici:FOCUSED,28,0.9450182770000001
2024-08,icici:HOUSING,38,0.8634816130000005
2024-08,icici:INDOPP,61,0.869721095
2024-08,icici:INFRA,57,0.9365003329999998
2024-08,icici:INNOVA,62,0.8603068260000002
2024-08,icici:LARGE & MIDCAP,88,0.9497585040000001
2024-08,icici:LTEF,75,0.9548940480000001
2024-08,icici:MGFINDIA,87,0.9556862549999999
2024-08,icici:MIDCAP,82,0.988066154
2024-08,icici:MNCFUND,43,0.8724161720000001
2024-08,icici:MULTI,75,0.6666777319999999
2024-08,icici:MULTICAP,114,0.893535942
2024-08,icici:PHARMA,39,0.9368214330000003
2024-08,icici:PSUEQU,29,0.862327358
2024-08,icici:QUANT,44,0.9072741739999998
2024-08,icici:SMALL,98,0.8881404549999998
2024-08,icici:TECH,63,0.9152352309999998
2024-08,icici:TRANSPO,35,0.953833769
2024-08,kotak:BAL,60,0.7367
2024-08,kotak:BFS,30,0.9854999999999997
2024-08,kotak:CMP,38,0.9881
2024-08,kotak:CON,67,0.9896000000000001
2024-08,kotak:ELS,57,0.9742999999999999
2024-08,kotak:EME,68,0.9548999999999997
2024-08,kotak:ESG,42,0.9924999999999999
2024-08,kotak:HLC,28,0.9904999999999998
2024-08,kotak:K30,60,0.9577999999999999
2024-08,kotak:KBA,95,0.6947
2024-08,kotak:KBC,51,0.9828999999999999
2024-08,kotak:KFE,29,0.9849000000000001
2024-08,kotak:KIE,51,0.9651000000000001
2024-08,kotak:KMI,56,0.9476999999999999
2024-08,kotak:KOP,68,0.9846
2024-08,kotak:KPF,44,0.8377999999999999
2024-08,kotak:KQT,48,0.9980000000000002
2024-08,kotak:MAF,65,0.6742000000000001
2024-08,kotak:MID,74,0.9619999999999999
2024-08,kotak:MUC,61,0.9673999999999998
2024-08,kotak:SEF,58,0.9876000000000003
2024-08,kotak:SPO,37,0.9754
2024-08,kotak:TCH,25,0.9174
2024-08,mirae:MABAF,102,0.6677346839999998
2024-08,mirae:MABFF,29,0.9764119539999998
2024-08,mirae:MAEBF,90,0.9912669580000002
2024-08,mirae:MAFCF,70,0.9684500770000002
2024-08,mirae:MAFF,30,0.9818051640000001
2024-08,mirae:MAHCF,31,0.9930859900000001
2024-08,mirae:MAIPF,79,0.73212313
2024-08,mirae:MAMAAF,102,0.6767374740000001
2024-08,mirae:MAMCF,77,0.9855599479999997
2024-08,mirae:MAMPF,80,0.989967654
2024-08,mirae:MATSF,85,0.9856449460000002
2024-08,mirae:MICCF,41,0.9804675929999999
2024-08,mirae:MIIOF,74,0.9839883231100001
2024-08,nippon:BF,26,0.9820000000000001
2024-08,nippon:EA,64,0.9879
2024-08,nippon:EO,110,0.9794999999999999
2024-08,nippon:GF,95,0.9726999999999999
2024-08,nippon:GS,73,0.9847999999999999
2024-08,nippon:IT,43,0.9536000000000002
2024-08,nippon:LC,92,0.9618999999999999
2024-08,nippon:LE,28,0.9056
2024-08,nippon:ME,35,0.9880000000000001
2024-08,nippon:MF,76,0.5461999999999999
2024-08,nippon:NE,70,0.6859999999999998
2024-08,nippon:PH,33,0.9741000000000002
2024-08,nippon:PS,39,0.9863000000000002
2024-08,nippon:QP,35,0.9833999999999998
2024-08,nippon:SC,215,0.9598999999999998
2024-08,nippon:SE,77,0.9613000000000002
2024-08,nippon:SH,66,0.7320999999999999
2024-08,nippon:TS,59,0.9658
2024-08,ppfas:PPDAAF,6,0.1571
2024-08,ppfas:PPETSF,33,0.8334999999999999
2024-08,ppfas:PPFCF,28,0.6993999999999998
2024-08,sbi:Innovative Opportunities,27,0.6129000000000001
2024-08,sbi:SBAF,74,0.6910999999999999
2024-08,sbi:SBFS,22,0.9320999999999999
2024-08,sbi:SBI-AOF,28,0.9581
2024-08,sbi:SBLUECHIP,46,0.9524000000000001
2024-08,sbi:SCF,91,0.8332999999999998
2024-08,sbi:SCOF,46,0.9628
2024-08,sbi:SDYF,40,0.9339999999999999
2024-08,sbi:SEHF,31,0.7339999999999999
2024-08,sbi:SEMVF,50,0.9991000000000001
2024-08,sbi:SEOF,27,0.9431000000000003
2024-08,sbi:SFEF,23,0.7695
2024-08,sbi:SFLEXI,100,0.9273999999999999
2024-08,sbi:SHOF,28,0.9111000000000001
2024-08,sbi:SIF,44,0.9140999999999996
2024-08,sbi:SLMF,75,0.9383000000000002
2024-08,sbi:SLTEF,60,0.9022
2024-08,sbi:SMAAF,49,0.41200000000000003
2024-08,sbi:SMCF,42,0.9486000000000001
2024-08,sbi:SMCOMMA,24,0.9324
2024-08,sbi:SMEEF,36,0.9714999999999997
2024-08,sbi:SMGLF,23,0.7439
2024-08,sbi:SMIDCAP,68,0.9329000000000001
2024-08,sbi:SPSU,23,0.9206999999999999
2024-08,sbi:SSCF,56,0.8934999999999998
2024-08,sbi:STOF,21,0.8423999999999999
2024-08,uti:002,55,0.3919000000000001
2024-08,uti:017,54,0.9611000000000002
2024-08,uti:042,58,0.9579000000000001
2024-08,uti:049,58,0.9405000000000001
2024-08,uti:066,60,0.6960999999999998
2024-08,uti:101,45,0.9534
2024-08,uti:118,38,0.9743999999999998
2024-08,uti:125,52,0.9662000000000001
2024-08,uti:160,85,0.9769000000000002
2024-08,uti:161,52,0.9419999999999997
2024-08,uti:162,35,0.9463999999999999
2024-08,uti:163,33,0.989
2024-08,uti:190,51,0.9327000000000001
2024-08,uti:193,56,0.9578000000000001
2024-08,uti:251,40,0.9422999999999999
2024-08,uti:322,85,0.6665
2024-08,uti:751,88,0.9635999999999997
2024-08,uti:753,29,0.9530000000000001
2024-08,uti:773,59,0.6944999999999996
2024-08,uti:775,27,0.9489
2024-09,absl:ABSLBCF,65,0.9716090489999998
2024-09,absl:ABSLESG,49,0.9689561400000002
2024-09,absl:ABSLMAAF,54,0.6598776879999999
2024-09,absl:ABSLMCF,69,0.981355711
2024-09,absl:ABSLQF,45,0.968807312
2024-09,absl:ABSLSO,61,0.9872545389999999
2024-09,absl:ABSLTNLF,32,0.9694072560000002
2024-09,absl:ADVG,75,0.9860656570000002
2024-09,absl:BDYP,65,0.941615812
2024-09,absl:BINFRA,60,0.9715964430000003
2024-09,absl:BSL95F,75,0.7671714720000004
2024-09,absl:BSLBKFS,35,0.980601754
2024-09,absl:BSLDAAF,108,0.7292310820000001
2024-09,absl:BSLEQTY,79,0.9835191520000002
2024-09,absl:BSLFEF,77,0.969637767
2024-09,absl:BSLMFG,65,0.9944473899999996
2024-09,absl:BSLNMF,26,0.9322845740000002
2024-09,absl:BSLPHF,26,0.920139051
2024-09,absl:BSLR96,66,0.9892844960000003
2024-09,absl:BSLTA1,97,0.9722810519999998
2024-09,absl:BTOP100,29,0.960543052
2024-09,absl:GENNEXT,77,0.9778009849999999
2024-09,absl:MIDCAP,86,0.9851819629999997
2024-09,absl:MNC,63,0.9902453520000003
2024-09,absl:PSUEQ,36,0.9860490490000001
2024-09,absl:PURE,70,0.9814327440000002
2024-09,axis:AXISBCF,83,0.9637999999999998
2024-09,axis:AXISCON,48,0.6997999999999999
2024-09,axis:AXISDEF,90,0.7082999999999996
2024-09,axis:AXISEHF,75,0.7758999999999999
2024-09,axis:AXISEQF,54,0.9387
2024-09,axis:AXISESG,56,0.8672000000000002
2024-09,axis:AXISF25,27,0.9677999999999999
2024-09,axis:AXISGOF,104,0.8473999999999999
2024-09,axis:AXISIMF,85,0.9712000000000001
2024-09,axis:AXISMCF,102,0.9801000000000003
2024-09,axis:AXISMLC,118,0.9785999999999998
2024-09,axis:AXISMLF,61,0.9581
2024-09,axis:AXISQUA,48,0.9791000000000001
2024-09,axis:AXISSCF,121,0.8863999999999997
2024-09,axis:AXISSSF,56,0.8040999999999998
2024-09,axis:AXISTAF,65,0.6729999999999999
2024-09,axis:AXISTSF,83,0.9746999999999999
2024-09,axis:AXISVAL,79,0.9400999999999995
2024-09,dsp:Banking and Financial Services,23,0.8993999999999999
2024-09,dsp:DAAF,106,0.6563999999999997
2024-09,dsp:EQUITYOPPOR,70,0.9708000000000001
2024-09,dsp:FOCUS,28,0.9298000000000001
2024-09,dsp:Flexi Cap,56,0.9712000000000001
2024-09,dsp:HEALTHCARE,23,0.8234999999999999
2024-09,dsp:MIDCAP,59,0.9515000000000001
2024-09,dsp:Multi Asset,34,0.4148999999999999
2024-09,dsp:Multicap Fund,61,0.9395999999999999
2024-09,dsp:NRNEF,23,0.8423
2024-09,dsp:QUANT,44,0.9993
2024-09,dsp:SMALLCAP,74,0.9411
2024-09,dsp:TAX,62,0.9649999999999999
2024-09,dsp:TIGER,72,0.9581999999999999
2024-09,dsp:TOP100,32,0.9044
2024-09,dsp:VALUE,57,0.665
2024-09,hdfc:HDFCBKGFSF,33,0.9977000000000003
2024-09,hdfc:HDFCBUSICY,63,0.9349000000000002
2024-09,hdfc:HDFCCB,87,0.9923000000000004
2024-09,hdfc:HDFCCS,28,0.8647999999999997
2024-09,hdfc:HDFCDFNFND,21,0.9767000000000001
2024-09,hdfc:HDFCDIVYLD,110,0.9841000000000001
2024-09,hdfc:HDFCEQ,47,0.8701
2024-09,hdfc:HDFCGR,158,0.6510999999999993
2024-09,hdfc:HDFCHOF117,37,0.9902000000000001
2024-09,hdfc:HDFCLARGEF,198,0.9722999999999989
2024-09,hdfc:HDFCMANFFN,89,0.9752999999999998
2024-09,hdfc:HDFCMNCFND,32,0.9564999999999999
2024-09,hdfc:HDFCMULCAP,212,0.9624999999999992
2024-09,hdfc:HDFCNCCFND,43,0.9423000000000001
2024-09,hdfc:HDFCPHARHC,32,0.9750000000000002
2024-09,hdfc:HDFCPM,40,0.6863
2024-09,hdfc:HDFCSMALLF,85,0.9321
2024-09,hdfc:HDFCT2,46,0.9631999999999998
2024-09,hdfc:HDFCTECHFD,27,0.9536000000000001
2024-09,hdfc:HDFCTRALFD,30,0.9526
2024-09,hdfc:HDFCTS,45,0.9222000000000001
2024-09,hdfc:HDINFG,61,0.9108
2024-09,hdfc:MIDCAP,75,0.9305999999999999
2024-09,hdfc:MY2005,70,0.6643
2024-09,icici:BAF,89,0.6791199839999998
2024-09,icici:BANFIN SERVICES,36,0.9477245420000003
2024-09,icici:BCYCLE,63,0.867234483
2024-09,icici:BHACON,53,0.855210391
2024-09,icici:BLUECHIP,60,0.8883379150000003
2024-09,icici:COMFUND,43,0.9636921960000006
2024-09,icici:DISCO,61,0.8256784159999999
2024-09,icici:DIVYLD,62,0.9507125349999997
2024-09,icici:E&DF,84,0.6673413970000003
2024-09,icici:ENERGY,40,0.9127160890000002
2024-09,icici:ESGFUND,45,0.9387418790000001
2024-09,icici:EXPORTS,53,0.8518816220000001
2024-09,icici:FLEXCAP,64,0.9734467609999999
2024-09,icici:FMCG,21,0.9491236930000002
2024-09,icici:FOCUSED,29,0.959491639
2024-09,icici:HOUSING,39,0.8605949290000002
2024-09,icici:INDOPP,64,0.878258487
2024-09,icici:INFRA,57,0.916572809
2024-09,icici:INNOVA,62,0.860197234
2024-09,icici:LARGE & MIDCAP,91,0.9312990479999999
2024-09,icici:LTEF,77,0.9620221190000006
2024-09,icici:MGFINDIA,84,0.9543149720000003
2024-09,icici:MIDCAP,85,0.9863515580000001
2024-09,icici:MNCFUND,46,0.8827246179999999
2024-09,icici:MULTI,74,0.667047493
2024-09,icici:MULTICAP,122,0.8965478290000003
2024-09,icici:PHARMA,41,0.9489829939999995
2024-09,icici:PSUEQU,32,0.8460498320000002
2024-09,icici:QUANT,46,0.8768955759999999
2024-09,icici:SMALL,99,0.8566489929999997
2024-09,icici:TECH,64,0.8991787520000001
2024-09,icici:TRANSPO,37,0.9389043949999998
2024-09,kotak:BAL,61,0.7313000000000002
2024-09,kotak:BFS,29,0.9745000000000003
2024-09,kotak:CMP,37,0.9656999999999999
2024-09,kotak:CON,65,0.9838
2024-09,kotak:ELS,54,0.9853000000000002
2024-09,kotak:EME,70,0.9709999999999996
2024-09,kotak:ESG,41,0.9924
2024-09,kotak:HLC,28,0.9894000000000001
2024-09,kotak:K30,59,0.9680999999999995
2024-09,kotak:KBA,97,0.7029
2024-09,kotak:KBC,52,0.9727
2024-09,kotak:KFE,29,0.9864
2024-09,kotak:KIE,52,0.9833000000000001
2024-09,kotak:KMI,57,0.9737999999999999
2024-09,kotak:KOP,67,0.9842000000000003
2024-09,kotak:KPF,45,0.8350000000000001
2024-09,kotak:KQT,48,0.9899999999999997
2024-09,kotak:MAF,66,0.6892
2024-09,kotak:MID,74,0.9645999999999999
2024-09,kotak:MUC,60,0.9737999999999998
2024-09,kotak:SEF,56,0.9844999999999998
2024-09,kotak:SPO,39,0.9867999999999999
2024-09,kotak:TCH,25,0.9469
2024-09,mirae:MABAF,100,0.6581063669999998
2024-09,mirae:MABFF,30,0.9910769840000002
2024-09,mirae:MAEBF,90,0.9921336599999998
2024-09,mirae:MAFCF,71,0.9877148329999998
2024-09,mirae:MAFF,30,0.9483102580000001
2024-09,mirae:MAHCF,31,0.9964319069999998
2024-09,mirae:MAIPF,75,0.7312371839999996
2024-09,mirae:MAMAAF,101,0.6549883479999999
2024-09,mirae:MAMCF,78,0.9933494399999998
2024-09,mirae:MAMPF,82,0.995307033
2024-09,mirae:MATSF,88,0.9897586079999998
2024-09,mirae:MICCF,42,0.9741720340000001
2024-09,mirae:MIIOF,76,0.9926781321299998
2024-09,nippon:BF,26,0.9833
2024-09,nippon:EA,65,0.9826999999999998
2024-09,nippon:EO,113,0.9806999999999997
2024-09,nippon:GF,93,0.9655
2024-09,nippon:GS,76,0.9895000000000002
2024-09,nippon:IT,45,0.9638999999999998
2024-09,nippon:LC,98,0.9732000000000002
2024-09,nippon:LE,28,0.9157000000000002
2024-09,nippon:ME,36,0.9657999999999998
2024-09,nippon:MF,80,0.5409999999999999
2024-09,nippon:NE,70,0.6846999999999999
2024-09,nippon:PH,33,0.9624999999999998
2024-09,nippon:PS,45,0.9869
2024-09,nippon:QP,35,0.9947999999999998
2024-09,nippon:SC,219,0.9594000000000004
2024-09,nippon:SE,79,0.9552
2024-09,nippon:SH,68,0.7410000000000001
2024-09,nippon:TS,58,0.9588999999999998
2024-09,ppfas:PPDAAF,6,0.1441
2024-09,ppfas:PPETSF,33,0.8277
2024-09,ppfas:PPFCF,28,0.6886000000000001
2024-09,sbi:SBAF,79,0.6838999999999997
2024-09,sbi:SBFS,29,0.9473999999999998
2024-09,sbi:SBI-AOF,27,0.9786999999999999
2024-09,sbi:SBLUECHIP,46,0.9556000000000001
2024-09,sbi:SCF,90,0.8432999999999996
2024-09,sbi:SCOF,49,0.9715
2024-09,sbi:SDYF,41,0.9497999999999998
2024-09,sbi:SEHF,32,0.7458999999999999
2024-09,sbi:SEMVF,50,1.0006000000000002
2024-09,sbi:SEOF,28,0.9571999999999997
2024-09,sbi:SFEF,26,0.7781
2024-09,sbi:SFLEXI,102,0.9277
2024-09,sbi:SHOF,28,0.9150000000000001
2024-09,sbi:SIF,43,0.9129999999999998
2024-09,sbi:SIOF,35,0.8377000000000001
2024-09,sbi:SLMF,75,0.9517999999999999
2024-09,sbi:SLTEF,57,0.9110999999999999
2024-09,sbi:SMAAF,51,0.4034999999999999
2024-09,sbi:SMCF,43,0.9495
2024-09,sbi:SMCOMMA,26,0.9885
2024-09,sbi:SMEEF,37,0.9629
2024-09,sbi:SMGLF,24,0.74
2024-09,sbi:SMIDCAP,64,0.9467999999999998
2024-09,sbi:SPSU,25,0.9654
2024-09,sbi:SSCF,57,0.9047
2024-09,sbi:STOF,22,0.8646999999999999
2024-09,uti:002,55,0.3879
2024-09,uti:017,56,0.9692999999999997
2024-09,uti:042,60,0.9601999999999999
2024-09,uti:049,60,0.9421
2024-09,uti:066,62,0.6983
2024-09,uti:101,46,0.964
2024-09,uti:118,39,0.9663999999999998
2024-09,uti:125,55,0.9820000000000001
2024-09,uti:160,86,0.9777999999999999
2024-09,uti:161,54,0.9583000000000002
2024-09,uti:162,35,0.9551
2024-09,uti:163,34,0.9603
2024-09,uti:190,55,0.9443000000000001
2024-09,uti:193,59,0.9594000000000001
2024-09,uti:251,41,0.9541000000000002
2024-09,uti:322,91,0.6614
2024-09,uti:751,90,0.9743000000000003
2024-09,uti:753,30,0.9817000000000001
2024-09,uti:773,60,0.6849000000000002
2024-09,uti:775,27,0.9407
2024-10,absl:ABSLBCF,69,0.9692938710000002
2024-10,absl:ABSLESG,49,0.9706987649999999
2024-10,absl:ABSLMAAF,52,0.6584579690000001
2024-10,absl:ABSLMCF,71,0.967039946
2024-10,absl:ABSLQF,44,0.9975785229999997
2024-10,absl:ABSLSO,61,0.9629824600000002
2024-10,absl:ABSLTNLF,33,0.93974194
2024-10,absl:ADVG,75,0.9883119679999997
2024-10,absl:BDYP,65,0.9188475580000005
2024-10,absl:BINFRA,61,0.9717386009999999
2024-10,absl:BSL95F,75,0.7573587370000002
2024-10,absl:BSLBKFS,35,0.9761983599999999
2024-10,absl:BSLDAAF,100,0.6866750199999997
2024-10,absl:BSLEQTY,80,0.98120114
2024-10,absl:BSLFEF,78,0.9685794910000004
2024-10,absl:BSLMFG,69,0.980976526
2024-10,absl:BSLNMF,27,0.9213485550000001
2024-10,absl:BSLPHF,26,0.9363457970000002
2024-10,absl:BSLR96,69,0.9929644169999995
2024-10,absl:BSLTA1,97,0.9773557390000004
2024-10,absl:BTOP100,30,0.9444044399999999
2024-10,absl:GENNEXT,78,0.9906182749999999
2024-10,absl:MIDCAP,86,0.992279198
2024-10,absl:MNC,64,0.98731713
2024-10,absl:PSUEQ,36,0.970341499
2024-10,absl:PURE,73,0.9833274479999999
2024-10,axis:AXISBCF,86,0.9678000000000001
2024-10,axis:AXISCON,60,0.8421
2024-10,axis:AXISDEF,87,0.6828999999999996
2024-10,axis:AXISEHF,79,0.7650999999999998
2024-10,axis:AXISEQF,53,0.9177
2024-10,axis:AXISESG,53,0.8676999999999999
2024-10,axis:AXISF25,27,0.9446999999999999
2024-10,axis:AXISGOF,99,0.8340999999999997
2024-10,axis:AXISIMF,87,0.9439999999999997
2024-10,axis:AXISMCF,100,0.9450000000000001
2024-10,axis:AXISMLC,113,0.9355000000000003
2024-10,axis:AXISMLF,58,0.9419
2024-10,axis:AXISQUA,45,0.9813999999999998
2024-10,axis:AXISSCF,117,0.8695
2024-10,axis:AXISSSF,59,0.8080999999999999
2024-10,axis:AXISTAF,70,0.6366
2024-10,axis:AXISTSF,83,0.9596
2024-10,axis:AXISVAL,79,0.9009
2024-10,dsp:Banking and Financial Services,23,0.9007
2024-10,dsp:DAAF,110,0.6659999999999997
2024-10,dsp:EQUITYOPPOR,70,0.9685999999999998
2024-10,dsp:FOCUS,28,0.9054
2024-10,dsp:Flexi Cap,56,0.9605000000000001
2024-10,dsp:HEALTHCARE,24,0.8238999999999999
2024-10,dsp:MIDCAP,57,0.9562999999999998
2024-10,dsp:Multi Asset,33,0.3990999999999999
2024-10,dsp:Multicap Fund,63,0.9719
2024-10,dsp:NRNEF,23,0.8339000000000001
2024-10,dsp:QUANT,48,0.9943
2024-10,dsp:SMALLCAP,75,0.9436999999999998
2024-10,dsp:TAX,62,0.9684999999999999
2024-10,dsp:TIGER,70,0.9530999999999995
2024-10,dsp:TOP100,32,0.9093999999999999
2024-10,dsp:VALUE,53,0.6547999999999999
2024-10,hdfc:HDFCBKGFSF,33,0.9961
2024-10,hdfc:HDFCBUSICY,60,0.9313000000000001
2024-10,hdfc:HDFCCB,87,0.9878999999999993
2024-10,hdfc:HDFCCS,28,0.8369000000000001
2024-10,hdfc:HDFCDFNFND,21,0.9801999999999997
2024-10,hdfc:HDFCDIVYLD,113,0.9839000000000008
2024-10,hdfc:HDFCEQ,50,0.8769
2024-10,hdfc:HDFCGR,158,0.6647999999999995
2024-10,hdfc:HDFCHOF117,36,1.0001
2024-10,hdfc:HDFCLARGEF,200,0.9826999999999994
2024-10,hdfc:HDFCMANFFN,94,0.9793999999999999
2024-10,hdfc:HDFCMNCFND,32,0.9077000000000001
2024-10,hdfc:HDFCMULCAP,214,0.9882999999999997
2024-10,hdfc:HDFCNCCFND,46,0.9826999999999998
2024-10,hdfc:HDFCPHARHC,30,0.9825999999999999
2024-10,hdfc:HDFCPM,41,0.6793999999999999
2024-10,hdfc:HDFCSMALLF,85,0.9316999999999998
2024-10,hdfc:HDFCT2,45,0.9696000000000002
2024-10,hdfc:HDFCTECHFD,27,0.9390000000000001
2024-10,hdfc:HDFCTRALFD,29,0.9809
2024-10,hdfc:HDFCTS,49,0.9212
2024-10,hdfc:HDINFG,63,0.9398
2024-10,hdfc:MIDCAP,75,0.921
2024-10,hdfc:MY2005,70,0.6599000000000002
2024-10,icici:BAF,89,0.6695292710000001
2024-10,icici:BANFIN SERVICES,35,0.9543291040000003
2024-10,icici:BCYCLE,65,0.8546958
2024-10,icici:BHACON,62,0.9092857070000001
2024-10,icici:BLUECHIP,64,0.8952004400000002
2024-10,icici:COMFUND,43,0.962260244
2024-10,icici:DISCO,58,0.8592590089999997
2024-10,icici:DIVYLD,64,0.9649748150000005
2024-10,icici:E&DF,86,0.6968953869999998
2024-10,icici:ENERGY,41,0.8937533099999999
2024-10,icici:ESGFUND,45,0.9375902450000001
2024-10,icici:EXPORTS,54,0.876926315
2024-10,icici:FLEXCAP,64,0.9807049749999998
2024-10,icici:FMCG,20,0.9643872050000002
2024-10,icici:FOCUSED,29,0.9531294
2024-10,icici:HOUSING,41,0.8886939540000003
2024-10,icici:INDOPP,67,0.8716431480000002
2024-10,icici:INFRA,61,0.9448867210000002
2024-10,icici:INNOVA,59,0.8442595230000004
2024-10,icici:LARGE & MIDCAP,88,0.9553832800000001
2024-10,icici:LTEF,78,0.9866137239999998
2024-10,icici:MGFINDIA,87,0.9750742009999999
2024-10,icici:MIDCAP,87,0.98862732
2024-10,icici:MNCFUND,43,0.8905966390000003
2024-10,icici:MULTI,82,0.666202593
2024-10,icici:MULTICAP,123,0.9156355429999998
2024-10,icici:PHARMA,43,0.978704427
2024-10,icici:PSUEQU,33,0.8783872699999999
2024-10,icici:QUANT,50,0.865246874
2024-10,icici:SMALL,100,0.837526534
2024-10,icici:TECH,64,0.9050376729999998
2024-10,icici:TRANSPO,39,0.9742804410000003
2024-10,kotak:BAL,61,0.7329000000000001
2024-10,kotak:BFS,30,0.9817000000000001
2024-10,kotak:CMP,38,0.9821000000000003
2024-10,kotak:CON,68,0.983
2024-10,kotak:ELS,55,0.9843999999999999
2024-10,kotak:EME,66,0.9609
2024-10,kotak:ESG,40,0.9907000000000001
2024-10,kotak:HLC,28,0.9904000000000001
2024-10,kotak:K30,60,0.9620999999999998
2024-10,kotak:KBA,95,0.6671999999999996
2024-10,kotak:KBC,52,0.9835999999999999
2024-10,kotak:KFE,30,0.986
2024-10,kotak:KIE,52,0.9716999999999999
2024-10,kotak:KMI,58,0.9776000000000004
2024-10,kotak:KMN,19,0.035
2024-10,kotak:KOP,67,0.9774000000000003
2024-10,kotak:KPF,46,0.836
2024-10,kotak:KQT,66,0.9835999999999999
2024-10,kotak:MAF,69,0.6732999999999999
2024-10,kotak:MID,75,0.9783000000000001
2024-10,kotak:MUC,60,0.9730999999999999
2024-10,kotak:SEF,58,0.9856999999999999
2024-10,kotak:SPO,39,0.9903999999999998
2024-10,kotak:TCH,26,0.9420999999999999
2024-10,mirae:MABAF,99,0.659567395
2024-10,mirae:MABFF,30,0.9952383959999999
2024-10,mirae:MAEBF,94,0.9920917479999999
2024-10,mirae:MAFCF,75,0.9821130649999996
2024-10,mirae:MAFF,30,0.9686647690000002
2024-10,mirae:MAHCF,30,0.99079611
2024-10,mirae:MAIPF,76,0.7419355990000001
2024-10,mirae:MAMAAF,104,0.6571627049999995
2024-10,mirae:MAMCF,76,0.9885115859999999
2024-10,mirae:MAMPF,84,0.9930555560000001
2024-10,mirae:MATSF,89,0.9910562879999998
2024-10,mirae:MICCF,44,0.9875802589999998
2024-10,mirae:MIIOF,80,0.99628311738
2024-10,nippon:BF,26,0.9833
2024-10,nippon:EA,69,0.9875999999999999
2024-10,nippon:EO,115,0.9802000000000001
2024-10,nippon:GF,94,0.9726999999999999
2024-10,nippon:GS,75,0.9689
2024-10,nippon:IT,45,0.9442999999999997
2024-10,nippon:LC,99,0.9651000000000002
2024-10,nippon:LE,28,0.8802
2024-10,nippon:ME,37,0.9552
2024-10,nippon:MF,82,0.5241999999999998
2024-10,nippon:NE,71,0.6629999999999998
2024-10,nippon:PH,33,0.956
2024-10,nippon:PS,49,0.9805
2024-10,nippon:QP,35,0.9897
2024-10,nippon:SC,221,0.9476999999999992
2024-10,nippon:SE,80,0.9544000000000001
2024-10,nippon:SH,70,0.7249999999999996
2024-10,nippon:TS,60,0.9698
2024-10,ppfas:PPDAAF,7,0.16140000000000002
2024-10,ppfas:PPFCF,27,0.6708
2024-10,ppfas:PPTSF,32,0.8129
2024-10,sbi:SBAF,89,0.6799999999999997
2024-10,sbi:SBFS,27,0.8839999999999999
2024-10,sbi:SBI-AOF,28,0.9517000000000001
2024-10,sbi:SBLUECHIP,46,0.9485999999999999
2024-10,sbi:SCF,88,0.7948000000000001
2024-10,sbi:SCOF,49,0.9561000000000001
2024-10,sbi:SDYF,42,0.9395000000000001
2024-10,sbi:SEHF,32,0.7205
2024-10,sbi:SEMVF,50,1.0001
2024-10,sbi:SEOF,29,0.957
2024-10,sbi:SFEF,26,0.7631999999999998
2024-10,sbi:SFLEXI,102,0.9001000000000001
2024-10,sbi:SHOF,26,0.9218
2024-10,sbi:SIF,43,0.9346000000000001
2024-10,sbi:SIOF,36,0.9238999999999999
2024-10,sbi:SLMF,74,0.9490999999999999
2024-10,sbi:SLTEF,57,0.9089999999999995
2024-10,sbi:SMAAF,51,0.3859999999999999
2024-10,sbi:SMCF,42,0.9269999999999999
2024-10,sbi:SMCOMMA,25,0.9414
2024-10,sbi:SMEEF,37,0.9607999999999999
2024-10,sbi:SMGLF,26,0.7607000000000002
2024-10,sbi:SMIDCAP,62,0.9402999999999996
2024-10,sbi:SPSU,25,0.9662000000000001
2024-10,sbi:SSCF,58,0.8844000000000003
2024-10,sbi:STOF,23,0.8432
2024-10,uti:002,54,0.3727
2024-10,uti:017,57,0.9661999999999997
2024-10,uti:042,59,0.9561000000000001
2024-10,uti:049,61,0.9439999999999998
2024-10,uti:066,63,0.6960000000000001
2024-10,uti:101,47,0.9652999999999998
2024-10,uti:118,41,0.9843999999999997
2024-10,uti:125,56,0.9766999999999998
2024-10,uti:160,86,0.9682000000000001
2024-10,uti:161,55,0.9524
2024-10,uti:162,36,0.9592000000000002
2024-10,uti:163,34,0.9894999999999999
2024-10,uti:190,55,0.9596999999999999
2024-10,uti:193,59,0.9774000000000002
2024-10,uti:251,43,0.9538000000000001
2024-10,uti:322,94,0.6746000000000001
2024-10,uti:751,92,0.9732999999999998
2024-10,uti:753,30,0.9840000000000001
2024-10,uti:773,64,0.6677000000000002
2024-10,uti:775,26,0.9261999999999999
2024-11,absl:ABSLBCF,68,0.9727359339999998
2024-11,absl:ABSLESG,49,0.9844558879999998
2024-11,absl:ABSLMAAF,53,0.6608186380000002
2024-11,absl:ABSLMCF,74,0.9689585279999996
2024-11,absl:ABSLQF,44,0.9931928740000001
2024-11,absl:ABSLSO,62,0.9551752750000001
2024-11,absl:ABSLTNLF,33,0.969417817
2024-11,absl:ADVG,77,0.9852981680000001
2024-11,absl:BDYP,63,0.9109457769999996
2024-11,absl:BINFRA,62,0.9553807189999998
2024-11,absl:BSL95F,78,0.7665757420000003
2024-11,absl:BSLBKFS,34,0.9673011289999998
2024-11,absl:BSLDAAF,98,0.6864045899999999
2024-11,absl:BSLEQTY,80,0.9822135219999999
2024-11,absl:BSLFEF,78,0.965330746
2024-11,absl:BSLMFG,67,0.9861094930000003
2024-11,absl:BSLNMF,28,0.9263662810000001
2024-11,absl:BSLPHF,27,0.9781870380000002
2024-11,absl:BSLR96,67,0.9677323139999999
2024-11,absl:BSLTA1,98,0.9545733509999996
2024-11,absl:BTOP100,29,0.9223136390000001
2024-11,absl:GENNEXT,80,0.993840803
2024-11,absl:MIDCAP,82,0.9762335030000002
2024-11,absl:MNC,64,0.9865824729999999
2024-11,absl:PSUEQ,37,0.9516978320000002
2024-11,absl:PURE,76,0.9892638879999999
2024-11,axis:AXISBCF,86,0.9717999999999999
2024-11,axis:AXISCON,61,0.8561
2024-11,axis:AXISDEF,87,0.6831999999999998
2024-11,axis:AXISEHF,80,0.7709000000000001
2024-11,axis:AXISEQF,54,0.8974
2024-11,axis:AXISESG,48,0.8930000000000002
2024-11,axis:AXISF25,27,0.9462000000000002
2024-11,axis:AXISGOF,98,0.8321999999999999
2024-11,axis:AXISIMF,84,0.9186000000000001
2024-11,axis:AXISMCF,99,0.9298
2024-11,axis:AXISMLC,115,0.9243999999999999
2024-11,axis:AXISMLF,57,0.9465999999999998
2024-11,axis:AXISQUA,46,0.9721000000000001
2024-11,axis:AXISSCF,118,0.8707999999999997
2024-11,axis:AXISSSF,59,0.7997
2024-11,axis:AXISTAF,73,0.6538
2024-11,axis:AXISTSF,82,0.9570999999999996
2024-11,axis:AXISVAL,80,0.8766999999999999
2024-11,dsp:Aggressive Hybrid,46,0.6867999999999999
2024-11,dsp:Banking and Financial Services,24,0.8686
2024-11,dsp:DAAF,107,0.6746999999999996
2024-11,dsp:EQUITYOPPOR,71,0.9623
2024-11,dsp:FOCUS,29,0.9294999999999998
2024-11,dsp:Flexi Cap,57,0.9681000000000002
2024-11,dsp:HEALTHCARE,24,0.7963
2024-11,dsp:MIDCAP,57,0.9492000000000002
2024-11,dsp:Multi Asset,33,0.41480000000000006
2024-11,dsp:Multicap Fund,59,0.9116000000000001
2024-11,dsp:NRNEF,23,0.8283
2024-11,dsp:QUANT,48,1.0015999999999998
2024-11,dsp:SMALLCAP,74,0.9382999999999999
2024-11,dsp:TAX,63,0.9727999999999998
2024-11,dsp:TIGER,71,0.9363
2024-11,dsp:TOP100,32,0.8955000000000001
2024-11,dsp:VALUE,51,0.6570000000000001
2024-11,hdfc:HDFCBKGFSF,33,0.9869000000000003
2024-11,hdfc:HDFCBUSICY,62,0.9337000000000001
2024-11,hdfc:HDFCCB,88,0.9894999999999996
2024-11,hdfc:HDFCCS,29,0.8330000000000001
2024-11,hdfc:HDFCDFNFND,21,0.9908999999999999
2024-11,hdfc:HDFCDIVYLD,116,0.9834000000000002
2024-11,hdfc:HDFCEQ,52,0.8727000000000003
2024-11,hdfc:HDFCGR,161,0.6692999999999996
2024-11,hdfc:HDFCHOF117,36,0.9978999999999999
2024-11,hdfc:HDFCLARGEF,204,0.9859999999999992
2024-11,hdfc:HDFCMANFFN,95,0.9720000000000002
2024-11,hdfc:HDFCMNCFND,32,0.9289999999999998
2024-11,hdfc:HDFCMULCAP,217,0.9691999999999995
2024-11,hdfc:HDFCNCCFND,46,0.946
2024-11,hdfc:HDFCPHARHC,29,0.9720999999999999
2024-11,hdfc:HDFCPM,41,0.6815
2024-11,hdfc:HDFCSMALLF,85,0.9371999999999996
2024-11,hdfc:HDFCT2,45,0.9811999999999999
2024-11,hdfc:HDFCTECHFD,28,0.9360999999999999
2024-11,hdfc:HDFCTRALFD,28,0.9759
2024-11,hdfc:HDFCTS,50,0.9218999999999997
2024-11,hdfc:HDINFG,62,0.9358
2024-11,hdfc:MIDCAP,75,0.9176999999999998
2024-11,hdfc:MY2005,71,0.6717
2024-11,icici:BAF,89,0.69486572
2024-11,icici:BANFIN SERVICES,36,0.9478125739999999
2024-11,icici:BCYCLE,70,0.8819709240000002
2024-11,icici:BHACON,59,0.92740457
2024-11,icici:BLUECHIP,67,0.914313618
2024-11,icici:COMFUND,43,0.9695030319999999
2024-11,icici:DISCO,56,0.8435767209999999
2024-11,icici:DIVYLD,64,0.9449743610000002
2024-11,icici:E&DF,88,0.7127982009999999
2024-11,icici:ENERGY,43,0.8818388489999999
2024-11,icici:ESGFUND,45,0.92664778
2024-11,icici:EXPORTS,55,0.9290595470000002
2024-11,icici:FLEXCAP,63,0.9860757090000001
2024-11,icici:FMCG,21,0.941343507
2024-11,icici:FOCUSED,29,0.9375478200000001
2024-11,icici:HOUSING,43,0.8953955049999999
2024-11,icici:INDOPP,68,0.9090377790000002
2024-11,icici:INFRA,61,0.9487254010000004
2024-11,icici:INNOVA,57,0.8723371370000002
2024-11,icici:LARGE & MIDCAP,89,0.9518660509999999
2024-11,icici:LTEF,78,0.9854798509999999
2024-11,icici:MGFINDIA,86,0.9763583540000002
2024-11,icici:MIDCAP,91,0.9756141329999998
2024-11,icici:MNCFUND,45,0.9172751459999999
2024-11,icici:MULTI,87,0.6712336809999999
2024-11,icici:MULTICAP,128,0.9267174449999994
2024-11,icici:PHARMA,44,0.9727341400000002
2024-11,icici:PSUEQU,35,0.9298875769999999
2024-11,icici:QUANT,54,0.9577505350000001
2024-11,icici:SMALL,107,0.8500531029999996
2024-11,icici:TECH,67,0.907949842
2024-11,icici:TRANSPO,38,0.9429026150000003
2024-11,kotak:BAL,61,0.7643999999999999
2024-11,kotak:BFS,28,0.9415000000000001
2024-11,kotak:CMP,40,0.9715999999999998
2024-11,kotak:CON,66,0.9676
2024-11,kotak:ELS,55,0.9828
2024-11,kotak:EME,65,0.9570000000000002
2024-11,kotak:ESG,41,0.9916999999999998
2024-11,kotak:HLC,28,0.9916
2024-11,kotak:K30,60,0.9674
2024-11,kotak:KBA,102,0.6794999999999999
2024-11,kotak:KBC,54,0.9864000000000005
2024-11,kotak:KFE,29,0.9749
2024-11,kotak:KIE,53,0.9917000000000002
2024-11,kotak:KMI,59,0.9757
2024-11,kotak:KMN,38,0.8561000000000001
2024-11,kotak:KOP,67,0.9734999999999998
2024-11,kotak:KPF,47,0.8192999999999998
2024-11,kotak:KQT,47,0.9674000000000001
2024-11,kotak:MAF,73,0.6893
2024-11,kotak:MID,77,0.9781999999999994
2024-11,kotak:MUC,62,0.9693999999999998
2024-11,kotak:SEF,58,0.9848999999999998
2024-11,kotak:SPO,40,0.9911999999999999
2024-11,kotak:TCH,28,0.9613
2024-11,mirae:MABAF,95,0.6545457670000002
2024-11,mirae:MABFF,30,0.9942790110000002
2024-11,mirae:MAEBF,101,0.9956168150000001
2024-11,mirae:MAFCF,77,0.9688096239999999
2024-11,mirae:MAFF,29,0.9436156869999999
2024-11,mirae:MAHCF,32,0.9954469059999999
2024-11,mirae:MAIPF,75,0.7488182790000002
2024-11,mirae:MAMAAF,105,0.661881569
2024-11,mirae:MAMCF,83,0.9930176670000003
2024-11,mirae:MAMPF,86,0.9922877649999998
2024-11,mirae:MATSF,92,0.9934915889999999
2024-11,mirae:MICCF,42,0.9941034850000001
2024-11,mirae:MIIOF,83,0.9941340064600002
2024-11,nippon:BF,27,0.9806
2024-11,nippon:EA,71,0.9876000000000001
2024-11,nippon:EO,117,0.9879999999999999
2024-11,nippon:GF,96,0.9808000000000002
2024-11,nippon:GS,77,0.9867
2024-11,nippon:IT,46,0.9772000000000001
2024-11,nippon:LC,101,0.9706000000000002
2024-11,nippon:LE,28,0.9000000000000001
2024-11,nippon:ME,37,0.9594
2024-11,nippon:MF,82,0.534
2024-11,nippon:NE,68,0.6743
2024-11,nippon:PH,35,0.9696999999999999
2024-11,nippon:PS,51,0.9831000000000003
2024-11,nippon:QP,35,0.9786999999999997
2024-11,nippon:SC,225,0.9502000000000002
2024-11,nippon:SE,80,0.9720999999999997
2024-11,nippon:SH,71,0.7301
2024-11,nippon:TS,60,0.9680999999999996
2024-11,ppfas:PPDAAF,8,0.1624
2024-11,ppfas:PPFCF,26,0.6583000000000001
2024-11,ppfas:PPTSF,29,0.8137000000000001
2024-11,sbi:SBAF,95,0.6833999999999997
2024-11,sbi:SBFS,26,0.8748
2024-11,sbi:SBI-AOF,28,0.9804
2024-11,sbi:SBLUECHIP,45,0.9535
2024-11,sbi:SCF,86,0.7882000000000001
2024-11,sbi:SCOF,48,0.9732999999999999
2024-11,sbi:SDYF,44,0.9426999999999996
2024-11,sbi:SEHF,39,0.7418
2024-11,sbi:SEMVF,50,0.9997999999999999
2024-11,sbi:SEOF,28,0.9632000000000002
2024-11,sbi:SFEF,24,0.7530000000000001
2024-11,sbi:SFLEXI,101,0.8967
2024-11,sbi:SHOF,29,0.9211000000000001
2024-11,sbi:SIF,41,0.921
2024-11,sbi:SIOF,36,0.9634
2024-11,sbi:SLMF,74,0.9330999999999999
2024-11,sbi:SLTEF,58,0.9017000000000001
2024-11,sbi:SMAAF,52,0.38269999999999993
2024-11,sbi:SMCF,42,0.9149999999999999
2024-11,sbi:SMCOMMA,25,0.9315000000000001
2024-11,sbi:SMEEF,37,0.9623999999999999
2024-11,sbi:SMGLF,26,0.7541999999999999
2024-11,sbi:SMIDCAP,64,0.9398
2024-11,sbi:SPSU,25,0.9389000000000001
2024-11,sbi:SSCF,58,0.8636999999999999
2024-11,sbi:STOF,25,0.8491
2024-11,uti:002,54,0.3799000000000001
2024-11,uti:017,59,0.9727000000000002
2024-11,uti:042,59,0.9587999999999999
2024-11,uti:049,62,0.9435999999999998
2024-11,uti:066,64,0.6919000000000003
2024-11,uti:101,48,0.9514999999999998
2024-11,uti:118,41,0.9787
2024-11,uti:125,57,0.9844999999999996
2024-11,uti:160,86,0.9631000000000004
2024-11,uti:161,54,0.957
2024-11,uti:162,37,0.9661000000000001
2024-11,uti:163,34,0.9655000000000004
2024-11,uti:190,55,0.9590999999999997
2024-11,uti:193,58,0.9839000000000001
2024-11,uti:251,45,0.9796999999999999
2024-11,uti:322,89,0.6784000000000001
2024-11,uti:751,91,0.9677000000000002
2024-11,uti:753,29,0.9814
2024-11,uti:773,64,0.6820999999999999
2024-11,uti:775,26,0.9286999999999999
2024-12,absl:ABSLBCF,68,0.9682610060000002
2024-12,absl:ABSLCONF,12,0.08306300800000001
2024-12,absl:ABSLESG,48,0.9913128190000001
2024-12,absl:ABSLMAAF,51,0.6615172799999999
2024-12,absl:ABSLMCF,78,0.9701525029999998
2024-12,absl:ABSLQF,42,0.9871484610000001
2024-12,absl:ABSLSO,63,0.9716833169999997
2024-12,absl:ABSLTNLF,33,0.972905849
2024-12,absl:ADVG,78,0.98915625
2024-12,absl:BDYP,62,0.9307651390000004
2024-12,absl:BINFRA,61,0.9553884669999998
2024-12,absl:BSL95F,79,0.7601652249999999
2024-12,absl:BSLBKFS,35,0.9841153840000001
2024-12,absl:BSLDAAF,98,0.6663307870000004
2024-12,absl:BSLEQTY,78,0.9832463640000001
2024-12,absl:BSLFEF,78,0.9608300510000002
2024-12,absl:BSLMFG,69,0.9861797689999998
2024-12,absl:BSLNMF,29,0.93712409
2024-12,absl:BSLPHF,28,0.9651481280000002
2024-12,absl:BSLR96,69,0.9758338500000002
2024-12,absl:BSLTA1,98,0.9472593379999998
2024-12,absl:BTOP100,29,0.9528535059999996
2024-12,absl:GENNEXT,80,0.9943204290000002
2024-12,absl:MIDCAP,84,0.9693301890000002
2024-12,absl:MNC,64,0.9876009850000002
2024-12,absl:PSUEQ,37,0.9753157430000001
2024-12,absl:PURE,75,0.9898609749999999
2024-12,axis:AXISBCF,87,0.9714
2024-12,axis:AXISCON,67,0.9014000000000002
2024-12,axis:AXISDEF,89,0.6834000000000002
2024-12,axis:AXISEHF,82,0.7685999999999997
2024-12,axis:AXISEQF,51,0.8870000000000001
2024-12,axis:AXISESG,47,0.9242
2024-12,axis:AXISF25,26,0.9155000000000001
2024-12,axis:AXISGOF,100,0.8554999999999996
2024-12,axis:AXISIMF,87,0.9260999999999997
2024-12,axis:AXISMCF,100,0.9144
2024-12,axis:AXISMIF,44,0.9191
2024-12,axis:AXISMLC,122,0.9465
2024-12,axis:AXISMLF,60,0.9430999999999999
2024-12,axis:AXISQUA,46,0.9894
2024-12,axis:AXISSCF,121,0.8808999999999997
2024-12,axis:AXISSSF,59,0.7874000000000002
2024-12,axis:AXISTAF,73,0.6779999999999999
2024-12,axis:AXISTSF,85,0.9527000000000002
2024-12,axis:AXISVAL,82,0.9000999999999998
2024-12,dsp:Aggressive Hybrid,45,0.6920000000000001
2024-12,dsp:Banking and Financial Services,22,0.8892000000000001
2024-12,dsp:Business Cycle Fund,39,0.5424
2024-12,dsp:DAAF,102,0.6683999999999996
2024-12,dsp:EQUITYOPPOR,72,0.9580999999999998
2024-12,dsp:FOCUS,29,0.9167
2024-12,dsp:Flexi Cap,57,0.9619000000000001
2024-12,dsp:HEALTHCARE,25,0.8291999999999999
2024-12,dsp:MIDCAP,57,0.9557
2024-12,dsp:Multi Asset,33,0.3905
2024-12,dsp:Multicap Fund,60,0.9403
2024-12,dsp:NRNEF,22,0.8394
2024-12,dsp:QUANT,48,0.9929000000000001
2024-12,dsp:SMALLCAP,75,0.9402000000000001
2024-12,dsp:TAX,63,0.9601999999999999
2024-12,dsp:TIGER,74,0.9595000000000002
2024-12,dsp:TOP100,32,0.9127
2024-12,dsp:VALUE,51,0.6481999999999999
2024-12,hdfc:HDFCBKGFSF,34,0.9948000000000001
2024-12,hdfc:HDFCBUSICY,61,0.8956000000000004
2024-12,hdfc:HDFCCB,87,0.9930999999999998
2024-12,hdfc:HDFCCS,28,0.8306
2024-12,hdfc:HDFCDFNFND,21,0.9596999999999998
2024-12,hdfc:HDFCDIVYLD,117,0.9829000000000006
2024-12,hdfc:HDFCEQ,53,0.8703000000000001
2024-12,hdfc:HDFCGR,161,0.6637999999999993
2024-12,hdfc:HDFCHOF117,36,0.9762000000000001
2024-12,hdfc:HDFCLARGEF,204,0.9866999999999994
2024-12,hdfc:HDFCMANFFN,89,0.9696999999999997
2024-12,hdfc:HDFCMNCFND,32,0.9116999999999998
2024-12,hdfc:HDFCMULCAP,221,0.9868999999999997
2024-12,hdfc:HDFCNCCFND,47,0.9458
2024-12,hdfc:HDFCPHARHC,30,0.9664
2024-12,hdfc:HDFCPM,39,0.6791
2024-12,hdfc:HDFCSMALLF,86,0.9452999999999998
2024-12,hdfc:HDFCT2,44,0.9659999999999999
2024-12,hdfc:HDFCTECHFD,28,0.9382
2024-12,hdfc:HDFCTRALFD,29,0.9882000000000001
2024-12,hdfc:HDFCTS,51,0.9062
2024-12,hdfc:HDINFG,60,0.9228999999999999
2024-12,hdfc:MIDCAP,76,0.9051999999999998
2024-12,hdfc:MY2005,70,0.6643000000000001
2024-12,icici:BAF,82,0.6691594679999999
2024-12,icici:BANFIN SERVICES,37,0.9302483900000001
2024-12,icici:BCYCLE,72,0.8893202519999994
2024-12,icici:BHACON,54,0.942740825
2024-12,icici:BLUECHIP,67,0.916897235
2024-12,icici:COMFUND,45,0.957923583
2024-12,icici:DISCO,58,0.8680891650000003
2024-12,icici:DIVYLD,62,0.9502118359999999
2024-12,icici:E&DF,88,0.7182149939999999
2024-12,icici:ENERGY,42,0.8910839689999999
2024-12,icici:ESGFUND,44,0.9174828779999996
2024-12,icici:EXPORTS,49,0.9421478829999999
2024-12,icici:FLEXCAP,67,0.9848341300000004
2024-12,icici:FMCG,22,0.94613632
2024-12,icici:FOCUSED,29,0.9678140709999999
2024-12,icici:HOUSING,41,0.8809916300000001
2024-12,icici:INDOPP,67,0.9352389260000002
2024-12,icici:INFRA,62,0.9378035299999998
2024-12,icici:INNOVA,61,0.8942970889999999
2024-12,icici:LARGE & MIDCAP,85,0.9472537409999998
2024-12,icici:LTEF,76,0.9751808020000001
2024-12,icici:MGFINDIA,91,0.9853802439999998
2024-12,icici:MIDCAP,91,0.984523292
2024-12,icici:MNCFUND,48,0.9282947230000002
2024-12,icici:MULTI,85,0.6594308830000003
2024-12,icici:MULTICAP,121,0.9128582019999998
2024-12,icici:PHARMA,41,0.9807326660000001
2024-12,icici:PSUEQU,34,0.915300574
2024-12,icici:QUANT,51,0.899205951
2024-12,icici:SMALL,107,0.8492862220000001
2024-12,icici:TECH,65,0.903192035
2024-12,icici:TRANSPO,40,0.9555520540000001
2024-12,icici:VARIANCE,29,0.837897354
2024-12,kotak:BAL,61,0.7546999999999998
2024-12,kotak:BFS,30,0.9617
2024-12,kotak:CMP,41,0.9787
2024-12,kotak:CON,66,0.9773000000000001
2024-12,kotak:ELS,55,0.9732999999999999
2024-12,kotak:EME,65,0.9771999999999997
2024-12,kotak:ESG,41,0.9908999999999999
2024-12,kotak:HLC,30,0.9858000000000001
2024-12,kotak:K30,60,0.9525999999999998
2024-12,kotak:KBA,108,0.6968999999999997
2024-12,kotak:KBC,56,0.9865
2024-12,kotak:KFE,30,0.9841
2024-12,kotak:KIE,53,0.9774999999999999
2024-12,kotak:KMI,57,0.9581000000000003
2024-12,kotak:KMN,39,0.8698999999999998
2024-12,kotak:KOP,66,0.9729
2024-12,kotak:KPF,47,0.8058000000000003
2024-12,kotak:KQT,47,0.9814
2024-12,kotak:MAF,75,0.6909999999999996
2024-12,kotak:MID,75,0.9634000000000001
2024-12,kotak:MUC,63,0.9646000000000003
2024-12,kotak:SEF,57,0.9809
2024-12,kotak:SPO,40,0.9967000000000001
2024-12,kotak:TAL,26,0.6761
2024-12,kotak:TCH,28,0.9429000000000001
2024-12,mirae:MABAF,101,0.6450564299999998
2024-12,mirae:MABFF,30,0.9905507480000001
2024-12,mirae:MAEBF,102,0.9918619559999998
2024-12,mirae:MAFCF,80,0.9795670119999997
2024-12,mirae:MAFF,30,0.9488669040000001
2024-12,mirae:MAHCF,31,0.992057491
2024-12,mirae:MAIPF,76,0.7341853449999998
2024-12,mirae:MAMAAF,102,0.6570972410000001
2024-12,mirae:MAMCF,82,0.988443875
2024-12,mirae:MAMPF,84,0.9882994230000002
2024-12,mirae:MATSF,92,0.9924605869999994
2024-12,mirae:MICCF,42,0.968049277
2024-12,mirae:MIIOF,83,0.9915886910600001
2024-12,nippon:BF,27,0.9699
2024-12,nippon:EA,71,0.9814999999999999
2024-12,nippon:EO,121,0.9851
2024-12,nippon:GF,96,0.9916000000000003
2024-12,nippon:GS,77,0.9866999999999999
2024-12,nippon:IT,45,0.9615
2024-12,nippon:LC,97,0.9755999999999999
2024-12,nippon:LE,29,0.9087999999999999
2024-12,nippon:ME,38,0.9727999999999998
2024-12,nippon:MF,81,0.5356
2024-12,nippon:NE,68,0.6749999999999998
2024-12,nippon:PH,36,0.9814
2024-12,nippon:PS,53,0.9925
2024-12,nippon:QP,35,0.9903000000000003
2024-12,nippon:SC,227,0.9496000000000001
2024-12,nippon:SE,78,0.9570000000000001
2024-12,nippon:SH,72,0.7317000000000002
2024-12,nippon:TS,60,0.9692000000000003
2024-12,ppfas:PPDAAF,8,0.15730000000000002
2024-12,ppfas:PPFCF,26,0.6585000000000001
2024-12,ppfas:PPTSF,31,0.8222000000000002
2024-12,sbi:SBAF,100,0.7021999999999995
2024-12,sbi:SBFS,23,0.8236000000000001
2024-12,sbi:SBI Quant Fund,24,0.9801999999999998
2024-12,sbi:SBI-AOF,27,0.9711000000000002
2024-12,sbi:SBLUECHIP,45,0.9557999999999998
2024-12,sbi:SCF,86,0.7761000000000005
2024-12,sbi:SCOF,49,0.983
2024-12,sbi:SDYF,45,0.9648999999999999
2024-12,sbi:SEHF,40,0.7467999999999999
2024-12,sbi:SEMVF,50,1.0005
2024-12,sbi:SEOF,29,0.9841000000000001
2024-12,sbi:SFEF,25,0.7683000000000001
2024-12,sbi:SFLEXI,94,0.8794999999999997
2024-12,sbi:SHOF,29,0.9238999999999997
2024-12,sbi:SIF,40,0.9276000000000001
2024-12,sbi:SIOF,38,0.9322999999999999
2024-12,sbi:SLMF,75,0.9552999999999999
2024-12,sbi:SLTEF,59,0.9025999999999998
2024-12,sbi:SMAAF,53,0.41190000000000004
2024-12,sbi:SMCF,44,0.9225
2024-12,sbi:SMCOMMA,27,0.9264
2024-12,sbi:SMEEF,36,0.9631
2024-12,sbi:SMGLF,27,0.7611000000000002
2024-12,sbi:SMIDCAP,63,0.9394
2024-12,sbi:SPSU,25,0.9480000000000003
2024-12,sbi:SSCF,58,0.8683000000000001
2024-12,sbi:STOF,25,0.8433000000000002
2024-12,uti:002,54,0.37960000000000005
2024-12,uti:017,61,0.9738999999999997
2024-12,uti:042,59,0.9592999999999996
2024-12,uti:049,62,0.9374000000000001
2024-12,uti:066,64,0.6899000000000002
2024-12,uti:101,48,0.9465999999999998
2024-12,uti:118,42,0.9757999999999999
2024-12,uti:125,58,0.9865999999999999
2024-12,uti:160,87,0.9784000000000002
2024-12,uti:161,54,0.9577
2024-12,uti:162,37,0.9648000000000001
2024-12,uti:163,34,0.9622000000000002
2024-12,uti:190,56,0.9735999999999999
2024-12,uti:193,59,0.9864999999999998
2024-12,uti:251,46,0.9702999999999999
2024-12,uti:322,89,0.6629999999999998
2024-12,uti:751,90,0.9642999999999997
2024-12,uti:753,29,0.9697
2024-12,uti:773,64,0.6721
2024-12,uti:775,26,0.9561
2025-01,absl:ABSLBCF,68,0.9705335339999999
2025-01,absl:ABSLCONF,29,0.860736966
2025-01,absl:ABSLESG,49,0.9789254020000001
2025-01,absl:ABSLMAAF,54,0.6596372130000001
2025-01,absl:ABSLMCF,79,0.9722349169999996
2025-01,absl:ABSLQF,42,0.987361308
2025-01,absl:ABSLSO,61,0.9418579990000001
2025-01,absl:ABSLTNLF,33,0.9727233610000001
2025-01,absl:ADVG,77,0.98417849
2025-01,absl:BDYP,57,0.8911493269999999
2025-01,absl:BINFRA,61,0.9670609660000002
2025-01,absl:BSL95F,77,0.757539324
2025-01,absl:BSLBKFS,37,0.9600323829999998
2025-01,absl:BSLDAAF,101,0.6687815179999999
2025-01,absl:BSLEQTY,74,0.9812713520000002
2025-01,absl:BSLFEF,75,0.9490581080000001
2025-01,absl:BSLMFG,67,0.9885574429999998
2025-01,absl:BSLNMF,28,0.9376357659999999
2025-01,absl:BSLPHF,26,0.9426284029999997
2025-01,absl:BSLR96,64,0.9801720650000001
2025-01,absl:BSLTA1,97,0.957142216
2025-01,absl:BTOP100,30,0.9831403459999998
2025-01,absl:GENNEXT,77,0.9935953449999998
2025-01,absl:MIDCAP,76,0.9439705369999997
2025-01,absl:MNC,66,0.9860065200000001
2025-01,absl:PSUEQ,36,0.972176779
2025-01,absl:PURE,74,0.979588924
2025-01,axis:AXISBCF,88,0.9650000000000003
2025-01,axis:AXISCON,70,0.8959000000000004
2025-01,axis:AXISDEF,93,0.6808999999999997
2025-01,axis:AXISEHF,82,0.7797000000000001
2025-01,axis:AXISEQF,53,0.8791999999999999
2025-01,axis:AXISESG,46,0.9182999999999997
2025-01,axis:AXISF25,26,0.9308000000000001
2025-01,axis:AXISGOF,96,0.8421000000000001
2025-01,axis:AXISIMF,87,0.9318999999999997
2025-01,axis:AXISMCF,96,0.8843999999999997
2025-01,axis:AXISMIF,45,0.9467000000000001
2025-01,axis:AXISMLC,122,0.9150999999999999
2025-01,axis:AXISMLF,58,0.9398
2025-01,axis:AXISQUA,50,0.9894
2025-01,axis:AXISSCF,122,0.8755000000000001
2025-01,axis:AXISSSF,59,0.7564000000000002
2025-01,axis:AXISTAF,79,0.6718999999999999
2025-01,axis:AXISTSF,84,0.9536000000000002
2025-01,axis:AXISVAL,80,0.8756999999999998
2025-01,dsp:Aggressive Hybrid,46,0.6997000000000001
2025-01,dsp:Banking and Financial Services,22,0.8207
2025-01,dsp:Business Cycle Fund,42,0.7847999999999998
2025-01,dsp:DAAF,101,0.6681999999999996
2025-01,dsp:EQUITYOPPOR,74,0.9767
2025-01,dsp:FOCUS,29,0.9393000000000001
2025-01,dsp:Flexi Cap,58,0.9625000000000001
2025-01,dsp:HEALTHCARE,26,0.8192000000000003
2025-01,dsp:MIDCAP,56,0.9505999999999998
2025-01,dsp:Multi Asset,37,0.42979999999999996
2025-01,dsp:Multicap Fund,64,0.9644000000000001
2025-01,dsp:NRNEF,22,0.8273000000000001
2025-01,dsp:QUANT,41,0.9881000000000001
2025-01,dsp:SMALLCAP,77,0.9398
2025-01,dsp:TAX,65,0.9685000000000004
2025-01,dsp:TIGER,73,0.8866000000000005
2025-01,dsp:TOP100,33,0.9055000000000002
2025-01,dsp:VALUE,53,0.6576000000000002
2025-01,hdfc:HDFCBKGFSF,32,0.9891999999999997
2025-01,hdfc:HDFCBUSICY,59,0.8764000000000003
2025-01,hdfc:HDFCCB,81,0.9845000000000004
2025-01,hdfc:HDFCCS,27,0.8392
2025-01,hdfc:HDFCDFNFND,21,0.9712999999999999
2025-01,hdfc:HDFCDIVYLD,120,0.9823999999999998
2025-01,hdfc:HDFCEQ,54,0.8758000000000002
2025-01,hdfc:HDFCGR,160,0.6609999999999993
2025-01,hdfc:HDFCHOF117,34,0.9642000000000002
2025-01,hdfc:HDFCLARGEF,206,0.9894999999999998
2025-01,hdfc:HDFCMANFFN,84,0.9656999999999998
2025-01,hdfc:HDFCMNCFND,34,0.9054999999999999
2025-01,hdfc:HDFCMULCAP,222,0.9846999999999995
2025-01,hdfc:HDFCNCCFND,45,0.9591999999999997
2025-01,hdfc:HDFCPHARHC,33,0.9754000000000002
2025-01,hdfc:HDFCPM,40,0.6730000000000002
2025-01,hdfc:HDFCSMALLF,87,0.9331
2025-01,hdfc:HDFCT2,43,0.9927
2025-01,hdfc:HDFCTECHFD,28,0.9396
2025-01,hdfc:HDFCTRALFD,29,0.9629999999999999
2025-01,hdfc:HDFCTS,55,0.9276000000000002
2025-01,hdfc:HDINFG,60,0.9399999999999998
2025-01,hdfc:MIDCAP,79,0.9191
2025-01,hdfc:MY2005,74,0.6688000000000003
2025-01,icici:BAF,87,0.674509875
2025-01,icici:BANFIN SERVICES,38,0.9071008930000002
2025-01,icici:BCYCLE,74,0.891961791
2025-01,icici:BHACON,55,0.924146806
2025-01,icici:BLUECHIP,68,0.9168808409999998
2025-01,icici:COMFUND,46,0.967606785
2025-01,icici:DISCO,63,0.8976200620000001
2025-01,icici:DIVYLD,64,0.9616488980000001
2025-01,icici:E&DF,88,0.7449903499999998
2025-01,icici:ENERGY,41,0.8846750379999998
2025-01,icici:ESGFUND,46,0.9432956250000002
2025-01,icici:EXPORTS,47,0.9257665210000001
2025-01,icici:FLEXCAP,66,0.990350539
2025-01,icici:FMCG,23,0.9344709369999998
2025-01,icici:FOCUSED,29,0.958883037
2025-01,icici:HOUSING,41,0.8733459509999999
2025-01,icici:INDOPP,68,0.9236776190000001
2025-01,icici:INFRA,64,0.9329608279999999
2025-01,icici:INNOVA,61,0.8779887870000002
2025-01,icici:LARGE & MIDCAP,85,0.9311548520000001
2025-01,icici:LTEF,81,0.988773872
2025-01,icici:MGFINDIA,94,0.984286786
2025-01,icici:MIDCAP,87,0.9915853980000002
2025-01,icici:MNCFUND,47,0.9267256349999996
2025-01,icici:MULTI,89,0.6675186
2025-01,icici:MULTICAP,116,0.9382738669999999
2025-01,icici:PHARMA,45,0.9879223350000002
2025-01,icici:PSUEQU,34,0.9129372630000001
2025-01,icici:QUANT,54,0.8804543400000001
2025-01,icici:RURALOPP,29,0.326428132
2025-01,icici:SMALL,107,0.866926251
2025-01,icici:TECH,65,0.8755039590000001
2025-01,icici:TRANSPO,39,0.9102136710000001
2025-01,icici:VARIANCE,30,0.857364134
2025-01,kotak:BAL,58,0.7085999999999999
2025-01,kotak:BFS,31,0.9761
2025-01,kotak:CMP,42,0.9793999999999999
2025-01,kotak:CON,65,0.9901999999999997
2025-01,kotak:ELS,58,0.9953000000000001
2025-01,kotak:EME,66,0.9642999999999997
2025-01,kotak:ESG,42,0.9805000000000001
2025-01,kotak:HLC,32,0.9824000000000002
2025-01,kotak:K30,59,0.9474000000000001
2025-01,kotak:KBA,110,0.6747
2025-01,kotak:KBC,53,0.9865999999999999
2025-01,kotak:KFE,29,0.9872
2025-01,kotak:KIE,53,0.9842000000000002
2025-01,kotak:KMI,57,0.9665
2025-01,kotak:KMN,41,0.8993999999999998
2025-01,kotak:KOP,66,0.9683000000000002
2025-01,kotak:KPF,46,0.8049000000000001
2025-01,kotak:KQT,60,0.9764000000000002
2025-01,kotak:MAF,76,0.6713999999999999
2025-01,kotak:MID,74,0.9675000000000001
2025-01,kotak:MUC,68,0.9856
2025-01,kotak:SEF,57,0.9784999999999998
2025-01,kotak:SPO,42,0.9970000000000002
2025-01,kotak:TAL,27,0.8741000000000001
2025-01,kotak:TCH,28,0.9425
2025-01,mirae:MABAF,107,0.6820664840000001
2025-01,mirae:MABFF,31,0.9931247660000001
2025-01,mirae:MAEBF,103,0.99312851
2025-01,mirae:MAFCF,81,0.9711617079999999
2025-01,mirae:MAFF,30,0.9611472109999999
2025-01,mirae:MAHCF,32,0.9982984930000001
2025-01,mirae:MAIPF,83,0.7637490819999997
2025-01,mirae:MAMAAF,111,0.6921618069999999
2025-01,mirae:MAMCF,80,0.992167281
2025-01,mirae:MAMPF,88,0.9938626060000001
2025-01,mirae:MASCF,40,0.45193024600000004
2025-01,mirae:MATSF,89,0.9894174260000002
2025-01,mirae:MICCF,43,0.9762498029999999
2025-01,mirae:MIIOF,87,0.9935656398700006
2025-01,nippon:BF,26,0.9886
2025-01,nippon:EA,73,0.9777000000000001
2025-01,nippon:EO,118,0.9739999999999998
2025-01,nippon:GF,92,0.9935999999999999
2025-01,nippon:GS,78,0.9786000000000004
2025-01,nippon:IT,45,0.9816000000000001
2025-01,nippon:LC,91,0.9617000000000001
2025-01,nippon:LE,28,0.9307999999999998
2025-01,nippon:ME,37,0.9698999999999998
2025-01,nippon:MF,86,0.5548000000000002
2025-01,nippon:NE,67,0.6739000000000003
2025-01,nippon:PH,37,0.9864999999999997
2025-01,nippon:PS,55,0.9907
2025-01,nippon:QP,35,0.9838000000000001
2025-01,nippon:SC,233,0.9492999999999998
2025-01,nippon:SE,77,0.9608
2025-01,nippon:SH,73,0.7207999999999998
2025-01,nippon:TS,60,0.9595999999999999
2025-01,ppfas:PPDAAF,8,0.1615
2025-01,ppfas:PPFCF,27,0.6543
2025-01,ppfas:PPTSF,32,0.8167000000000002
2025-01,sbi:SBAF,101,0.7073999999999997
2025-01,sbi:SBFS,25,0.857
2025-01,sbi:SBI Quant Fund,26,0.9768000000000001
2025-01,sbi:SBI-AOF,28,0.9782
2025-01,sbi:SBLUECHIP,45,0.9436
2025-01,sbi:SCF,87,0.7446999999999998
2025-01,sbi:SCOF,48,0.9575
2025-01,sbi:SDYF,47,0.9694000000000003
2025-01,sbi:SEHF,40,0.7220000000000002
2025-01,sbi:SEMVF,51,0.9992
2025-01,sbi:SEOF,33,0.9508000000000001
2025-01,sbi:SFEF,24,0.7527999999999999
2025-01,sbi:SFLEXI,78,0.8603000000000004
2025-01,sbi:SHOF,28,0.9354000000000001
2025-01,sbi:SIF,37,0.9134
2025-01,sbi:SIOF,39,0.9695000000000003
2025-01,sbi:SLMF,73,0.9331000000000002
2025-01,sbi:SLTEF,60,0.9022000000000001
2025-01,sbi:SMAAF,54,0.4236999999999999
2025-01,sbi:SMCF,49,0.9577000000000001
2025-01,sbi:SMCOMMA,27,0.9286
2025-01,sbi:SMEEF,36,0.9638
2025-01,sbi:SMGLF,30,0.9368999999999998
2025-01,sbi:SMIDCAP,64,0.9353000000000001
2025-01,sbi:SPSU,25,0.9454
2025-01,sbi:SSCF,61,0.8575000000000003
2025-01,sbi:STOF,25,0.8303
2025-01,uti:002,52,0.37189999999999995
2025-01,uti:017,60,0.9668000000000001
2025-01,uti:042,57,0.9599999999999996
2025-01,uti:049,66,0.9664000000000001
2025-01,uti:066,63,0.6876999999999995
2025-01,uti:101,51,0.9483999999999998
2025-01,uti:118,42,0.9776999999999999
2025-01,uti:125,59,0.9709999999999998
2025-01,uti:160,87,0.9732
2025-01,uti:161,52,0.9571999999999998
2025-01,uti:162,37,0.952
2025-01,uti:163,33,0.9732000000000001
2025-01,uti:190,56,0.9698000000000002
2025-01,uti:193,57,0.9884
2025-01,uti:251,47,0.967
2025-01,uti:322,79,0.6623999999999997
2025-01,uti:751,88,0.9621999999999998
2025-01,uti:753,29,0.9792999999999998
2025-01,uti:773,62,0.6757000000000001
2025-01,uti:775,26,0.9554999999999998
2025-01,uti:783,73,0.7738999999999999
2025-02,absl:ABSLBCF,68,0.9608412199999999
2025-02,absl:ABSLCONF,34,0.9578542000000002
2025-02,absl:ABSLESG,51,0.9865890399999999
2025-02,absl:ABSLMAAF,53,0.6396399750000001
2025-02,absl:ABSLMCF,81,0.9767860869999999
2025-02,absl:ABSLQF,42,0.9857863649999997
2025-02,absl:ABSLSO,60,0.9530309090000002
2025-02,absl:ABSLTNLF,33,0.982835773
2025-02,absl:ADVG,74,0.9820862490000001
2025-02,absl:BDYP,56,0.9050784859999998
2025-02,absl:BINFRA,61,0.954077854
2025-02,absl:BSL95F,78,0.7486022569999998
2025-02,absl:BSLBKFS,38,0.98110743
2025-02,absl:BSLDAAF,98,0.6715690950000001
2025-02,absl:BSLEQTY,75,0.9826356159999998
2025-02,absl:BSLFEF,75,0.9438024879999998
2025-02,absl:BSLMFG,65,0.9874316220000001
2025-02,absl:BSLNMF,29,0.941624201
2025-02,absl:BSLPHF,27,0.9861504010000002
2025-02,absl:BSLR96,64,0.9859641750000001
2025-02,absl:BSLTA1,90,0.948987536
2025-02,absl:BTOP100,30,0.9818664470000001
2025-02,absl:GENNEXT,76,0.9932469319999999
2025-02,absl:MIDCAP,76,0.9624949329999998
2025-02,absl:MNC,66,0.9854784259999999
2025-02,absl:PSUEQ,36,0.9531061970000002
2025-02,absl:PURE,75,0.983473703
2025-02,axis:AXISBCF,88,0.9555
2025-02,axis:AXISCON,71,0.8836
2025-02,axis:AXISDEF,95,0.6633999999999999
2025-02,axis:AXISEHF,78,0.7487
2025-02,axis:AXISEQF,52,0.8485999999999998
2025-02,axis:AXISESG,43,0.8555999999999998
2025-02,axis:AXISF25,26,0.9216000000000001
2025-02,axis:AXISGOF,97,0.8157999999999999
2025-02,axis:AXISIMF,87,0.9271999999999999
2025-02,axis:AXISMCF,100,0.8592
2025-02,axis:AXISMIF,41,0.9158000000000001
2025-02,axis:AXISMLC,122,0.8960999999999997
2025-02,axis:AXISMLF,56,0.9293000000000001
2025-02,axis:AXISQUA,49,0.9820999999999999
2025-02,axis:AXISSCF,124,0.8636000000000006
2025-02,axis:AXISSSF,59,0.7504000000000002
2025-02,axis:AXISTAF,84,0.6790999999999998
2025-02,axis:AXISTSF,84,0.9496000000000002
2025-02,axis:AXISVAL,77,0.8499000000000003
2025-02,dsp:Aggressive Hybrid,45,0.6880000000000001
2025-02,dsp:Banking and Financial Services,22,0.8133
2025-02,dsp:Business Cycle Fund,43,0.8395999999999998
2025-02,dsp:DAAF,97,0.6546999999999998
2025-02,dsp:EQUITYOPPOR,72,0.9569000000000001
2025-02,dsp:FOCUS,30,0.9542999999999999
2025-02,dsp:Flexi Cap,57,0.9553999999999999
2025-02,dsp:HEALTHCARE,26,0.8240000000000002
2025-02,dsp:MIDCAP,55,0.9519999999999996
2025-02,dsp:Multi Asset,37,0.39490000000000003
2025-02,dsp:Multicap Fund,64,0.9475999999999999
2025-02,dsp:NRNEF,22,0.8460000000000001
2025-02,dsp:QUANT,41,0.9884999999999998
2025-02,dsp:SMALLCAP,78,0.9325999999999999
2025-02,dsp:TAX,63,0.9508999999999999
2025-02,dsp:TIGER,69,0.8497999999999998
2025-02,dsp:TOP100,33,0.91
2025-02,dsp:VALUE,53,0.6503999999999999
2025-02,hdfc:HDFCBKGFSF,33,0.9925000000000003
2025-02,hdfc:HDFCBUSICY,58,0.9142
2025-02,hdfc:HDFCCB,76,0.9865999999999994
2025-02,hdfc:HDFCCS,28,0.8502
2025-02,hdfc:HDFCDFNFND,21,0.9799999999999999
2025-02,hdfc:HDFCDIVYLD,124,0.9843999999999996
2025-02,hdfc:HDFCEQ,56,0.8826
2025-02,hdfc:HDFCGR,163,0.6547999999999995
2025-02,hdfc:HDFCHOF117,33,0.9579
2025-02,hdfc:HDFCLARGEF,212,0.9898999999999998
2025-02,hdfc:HDFCMANFFN,83,0.9832
2025-02,hdfc:HDFCMNCFND,33,0.9538000000000002
2025-02,hdfc:HDFCMULCAP,224,0.9909999999999999
2025-02,hdfc:HDFCNCCFND,44,0.9167000000000002
2025-02,hdfc:HDFCPHARHC,32,0.9745999999999999
2025-02,hdfc:HDFCPM,40,0.6585
2025-02,hdfc:HDFCSMALLF,86,0.9266000000000001
2025-02,hdfc:HDFCT2,43,0.9955
2025-02,hdfc:HDFCTECHFD,29,0.9425999999999999
2025-02,hdfc:HDFCTRALFD,29,0.9817999999999999
2025-02,hdfc:HDFCTS,55,0.9235999999999999
2025-02,hdfc:HDINFG,56,0.9137000000000002
2025-02,hdfc:MIDCAP,78,0.9247
2025-02,hdfc:MY2005,75,0.6580999999999998
2025-02,icici:BAF,97,0.6670877439999999
2025-02,icici:BANFIN SERVICES,39,0.9234840220000001
2025-02,icici:BCYCLE,76,0.8753232589999996
2025-02,icici:BHACON,56,0.9293183649999999
2025-02,icici:BLUECHIP,67,0.9182901259999998
2025-02,icici:COMFUND,46,0.9654130859999998
2025-02,icici:DISCO,63,0.9010465350000001
2025-02,icici:DIVYLD,62,0.927935399
2025-02,icici:E&DF,81,0.7251805899999998
2025-02,icici:ENERGY,40,0.8692488870000001
2025-02,icici:ESGFUND,45,0.9455343949999998
2025-02,icici:EXPORTS,46,0.9013596789999998
2025-02,icici:FLEXCAP,64,0.9666244769999999
2025-02,icici:FMCG,21,0.911086576
2025-02,icici:FOCUSED,28,0.9705618070000002
2025-02,icici:HOUSING,41,0.9014033239999999
2025-02,icici:INDOPP,67,0.9380713679999997
2025-02,icici:INFRA,65,0.9339128729999999
2025-02,icici:INNOVA,59,0.8399214759999999
2025-02,icici:LARGE & MIDCAP,85,0.9398444059999999
2025-02,icici:LTEF,80,0.948703775
2025-02,icici:MGFINDIA,93,0.9850244310000005
2025-02,icici:MIDCAP,85,0.9789275490000003
2025-02,icici:MNCFUND,47,0.9249062860000001
2025-02,icici:MULTI,88,0.6633999179999999
2025-02,icici:MULTICAP,109,0.9239931220000001
2025-02,icici:PHARMA,43,0.9904045480000003
2025-02,icici:PSUEQU,33,0.9129255699999997
2025-02,icici:QUANT,54,0.8405381990000002
2025-02,icici:RURALOPP,37,0.8399378500000001
2025-02,icici:SMALL,106,0.8696254189999995
2025-02,icici:TECH,65,0.8857843260000001
2025-02,icici:TRANSPO,39,0.941156587
2025-02,icici:VARIANCE,31,0.8577927059999999
2025-02,kotak:BAL,58,0.7337
2025-02,kotak:BFS,29,0.9637999999999999
2025-02,kotak:CMP,42,0.9784999999999999
2025-02,kotak:CON,61,0.9717
2025-02,kotak:ELS,58,0.9847000000000002
2025-02,kotak:EME,64,0.9777999999999999
2025-02,kotak:ESG,43,0.9878000000000001
2025-02,kotak:HLC,29,0.9870000000000001
2025-02,kotak:K30,58,0.9324999999999998
2025-02,kotak:KBA,111,0.6580000000000005
2025-02,kotak:KBC,53,0.9870000000000002
2025-02,kotak:KFE,28,0.9817000000000002
2025-02,kotak:KIE,53,0.9818000000000001
2025-02,kotak:KMI,57,0.9832000000000002
2025-02,kotak:KMN,42,0.8934000000000001
2025-02,kotak:KOP,66,0.9747
2025-02,kotak:KPF,45,0.7930000000000003
2025-02,kotak:KQT,49,0.9718999999999999
2025-02,kotak:MAF,73,0.6657000000000005
2025-02,kotak:MID,75,0.9848000000000001
2025-02,kotak:MUC,68,0.9713
2025-02,kotak:SEF,56,0.9734
2025-02,kotak:SPO,41,0.9982000000000001
2025-02,kotak:TAL,27,0.8056000000000001
2025-02,kotak:TCH,26,0.9390999999999999
2025-02,mirae:MABAF,108,0.6784692549999998
2025-02,mirae:MABFF,28,0.996497977
2025-02,mirae:MAEBF,104,0.997744073
2025-02,mirae:MAFCF,81,0.9942289220000001
2025-02,mirae:MAFF,30,0.9729050209999999
2025-02,mirae:MAHCF,31,0.9960443429999999
2025-02,mirae:MAIPF,83,0.7740702620000002
2025-02,mirae:MAMAAF,108,0.6923353189999997
2025-02,mirae:MAMCF,78,0.9921783360000004
2025-02,mirae:MAMPF,87,0.9980219379999997
2025-02,mirae:MASCF,68,0.9574443370000001
2025-02,mirae:MATSF,85,0.9973168099999997
2025-02,mirae:MIICF,40,0.9833616730000001
2025-02,mirae:MIIOF,81,0.9921695952999998
2025-02,nippon:BF,27,0.9806999999999999
2025-02,nippon:EA,72,0.9845999999999996
2025-02,nippon:EO,119,0.9759000000000002
2025-02,nippon:GF,93,0.9939
2025-02,nippon:GS,74,0.9822999999999998
2025-02,nippon:IT,44,0.9865999999999999
2025-02,nippon:LC,88,0.9506999999999999
2025-02,nippon:LE,29,0.9402999999999999
2025-02,nippon:ME,36,0.9652000000000001
2025-02,nippon:MF,85,0.5361
2025-02,nippon:NE,65,0.6537000000000002
2025-02,nippon:PH,36,0.9888
2025-02,nippon:PS,55,0.9884
2025-02,nippon:QP,35,0.9702000000000001
2025-02,nippon:SC,233,0.9395999999999998
2025-02,nippon:SE,74,0.9620000000000001
2025-02,nippon:SH,74,0.7109000000000002
2025-02,nippon:TS,60,0.9699000000000001
2025-02,ppfas:PPDAAF,9,0.14850000000000002
2025-02,ppfas:PPFCF,27,0.6437
2025-02,ppfas:PPTSF,32,0.8111999999999998
2025-02,sbi:SBAF,94,0.6967000000000001
2025-02,sbi:SBFS,23,0.9036
2025-02,sbi:SBI Quant Fund,31,0.9887000000000001
2025-02,sbi:SBI-AOF,28,0.9687999999999999
2025-02,sbi:SBLUECHIP,45,0.9443000000000001
2025-02,sbi:SCF,85,0.7303000000000003
2025-02,sbi:SCOF,46,0.9133999999999998
2025-02,sbi:SDYF,47,0.9655999999999998
2025-02,sbi:SEHF,41,0.6913999999999998
2025-02,sbi:SEMVF,50,0.9996999999999999
2025-02,sbi:SEOF,33,0.9621999999999999
2025-02,sbi:SFEF,24,0.7693
2025-02,sbi:SFLEXI,64,0.855
2025-02,sbi:SHOF,28,0.9228000000000002
2025-02,sbi:SIF,36,0.9067999999999998
2025-02,sbi:SIOF,40,0.9490999999999998
2025-02,sbi:SLMF,71,0.9290999999999999
2025-02,sbi:SLTEF,62,0.9032000000000001
2025-02,sbi:SMAAF,54,0.4225
2025-02,sbi:SMCF,51,0.9446000000000006
2025-02,sbi:SMCOMMA,27,0.9203
2025-02,sbi:SMEEF,37,0.9641999999999998
2025-02,sbi:SMGLF,30,0.9639000000000001
2025-02,sbi:SMIDCAP,58,0.9155999999999999
2025-02,sbi:SPSU,25,0.9410000000000002
2025-02,sbi:SSCF,64,0.8304999999999999
2025-02,sbi:STOF,26,0.8029999999999999
2025-02,uti:002,51,0.36210000000000003
2025-02,uti:017,59,0.9641999999999996
2025-02,uti:042,56,0.9584
2025-02,uti:049,65,0.9611
2025-02,uti:066,62,0.6689999999999998
2025-02,uti:101,50,0.9510999999999998
2025-02,uti:118,43,0.9956000000000003
2025-02,uti:125,57,0.9726000000000001
2025-02,uti:160,88,0.9644999999999999
2025-02,uti:161,52,0.9310999999999999
2025-02,uti:162,37,0.9536000000000002
2025-02,uti:163,32,0.9547000000000001
2025-02,uti:190,53,0.9689000000000002
2025-02,uti:193,57,0.9904
2025-02,uti:251,46,0.9782000000000001
2025-02,uti:322,78,0.6516999999999998
2025-02,uti:751,86,0.9593000000000002
2025-02,uti:753,29,0.9778
2025-02,uti:773,65,0.6614999999999999
2025-02,uti:775,25,0.9420000000000001
2025-02,uti:783,73,0.9744000000000004
2025-03,absl:ABSLBCF,67,0.960912478
2025-03,absl:ABSLCONF,36,0.984466818
2025-03,absl:ABSLESG,52,0.977528844
2025-03,absl:ABSLMAAF,56,0.671847005
2025-03,absl:ABSLMCF,82,0.980114632
2025-03,absl:ABSLQF,42,0.9910125289999997
2025-03,absl:ABSLSO,60,0.962203515
2025-03,absl:ABSLTNLF,33,0.9861945550000002
2025-03,absl:ADVG,72,0.9803171700000003
2025-03,absl:BDYP,53,0.9007153979999999
2025-03,absl:BINFRA,59,0.9694910130000003
2025-03,absl:BSL95F,79,0.7658951599999998
2025-03,absl:BSLBKFS,37,0.9677125090000002
2025-03,absl:BSLDAAF,94,0.7202423059999999
2025-03,absl:BSLEQTY,75,0.9757118149999999
2025-03,absl:BSLFEF,74,0.9398515660000003
2025-03,absl:BSLMFG,65,0.98389371
2025-03,absl:BSLNMF,34,0.9435162940000001
2025-03,absl:BSLPHF,28,0.9878615539999999
2025-03,absl:BSLR96,65,0.984106319
2025-03,absl:BSLTA1,90,0.9613798880000001
2025-03,absl:BTOP100,30,0.981854361
2025-03,absl:GENNEXT,76,0.990319744
2025-03,absl:MIDCAP,73,0.9620109410000002
2025-03,absl:MNC,66,0.9888422020000002
2025-03,absl:PSUEQ,36,0.9766892170000001
2025-03,absl:PURE,76,0.98864093
2025-03,axis:AXISBCF,89,0.9662
2025-03,axis:AXISCON,71,0.8962000000000002
2025-03,axis:AXISDEF,98,0.6901999999999999
2025-03,axis:AXISEHF,79,0.7589000000000001
2025-03,axis:AXISEQF,51,0.8679999999999999
2025-03,axis:AXISESG,43,0.8651
2025-03,axis:AXISF25,25,0.9218999999999999
2025-03,axis:AXISGOF,99,0.851
2025-03,axis:AXISIMF,87,0.9459999999999998
2025-03,axis:AXISMCF,102,0.8815999999999999
2025-03,axis:AXISMIF,40,0.9186000000000002
2025-03,axis:AXISMLC,126,0.9209999999999999
2025-03,axis:AXISMLF,54,0.9244
2025-03,axis:AXISQUA,46,0.9732999999999999
2025-03,axis:AXISSCF,128,0.8674999999999998
2025-03,axis:AXISSSF,59,0.7924999999999998
2025-03,axis:AXISTAF,75,0.6857000000000002
2025-03,axis:AXISTSF,83,0.9543999999999998
2025-03,axis:AXISVAL,78,0.8843999999999997
2025-03,dsp:Aggressive Hybrid,43,0.6637999999999997
2025-03,dsp:Banking and Financial Services,23,0.8079000000000001
2025-03,dsp:Business Cycle Fund,43,0.8449000000000001
2025-03,dsp:DAAF,68,0.6653999999999999
2025-03,dsp:EQUITYOPPOR,70,0.9485
2025-03,dsp:FOCUS,30,0.8925999999999997
2025-03,dsp:Flexi Cap,58,0.9562999999999999
2025-03,dsp:HEALTHCARE,25,0.8555
2025-03,dsp:MIDCAP,55,0.9328
2025-03,dsp:Multi Asset,37,0.4146000000000001
2025-03,dsp:Multicap Fund,65,0.9599000000000001
2025-03,dsp:NRNEF,22,0.8442999999999998
2025-03,dsp:QUANT,40,0.9952000000000001
2025-03,dsp:SMALLCAP,77,0.9334999999999999
2025-03,dsp:TAX,61,0.9466000000000001
2025-03,dsp:TIGER,69,0.9328000000000002
2025-03,dsp:TOP100,31,0.8785999999999999
2025-03,dsp:VALUE,53,0.6798000000000001
2025-03,hdfc:HDFCBKGFSF,31,0.9700000000000001
2025-03,hdfc:HDFCBUSICY,60,0.9016999999999998
2025-03,hdfc:HDFCCB,73,0.9835999999999994
2025-03,hdfc:HDFCCS,28,0.8329
2025-03,hdfc:HDFCDFNFND,22,0.9583999999999999
2025-03,hdfc:HDFCDIVYLD,124,0.9763999999999993
2025-03,hdfc:HDFCEQ,54,0.8718999999999998
2025-03,hdfc:HDFCGR,155,0.6696999999999993
2025-03,hdfc:HDFCHOF117,32,0.9722
2025-03,hdfc:HDFCLARGEF,212,0.9824999999999999
2025-03,hdfc:HDFCMANFFN,83,0.9911999999999996
2025-03,hdfc:HDFCMNCFND,34,0.9461999999999998
2025-03,hdfc:HDFCMULCAP,223,0.9753
2025-03,hdfc:HDFCNCCFND,47,0.9833
2025-03,hdfc:HDFCPHARHC,31,0.9566
2025-03,hdfc:HDFCPM,40,0.6790999999999999
2025-03,hdfc:HDFCSMALLF,85,0.9311999999999999
2025-03,hdfc:HDFCT2,44,0.9956000000000002
2025-03,hdfc:HDFCTECHFD,29,0.9128000000000002
2025-03,hdfc:HDFCTRALFD,29,0.9917000000000001
2025-03,hdfc:HDFCTS,55,0.9208000000000001
2025-03,hdfc:HDINFG,56,0.9201000000000003
2025-03,hdfc:MIDCAP,79,0.9301999999999998
2025-03,hdfc:MY2005,75,0.6631999999999999
2025-03,icici:BAF,86,0.67280247
2025-03,icici:BANFIN SERVICES,37,0.9092531199999998
2025-03,icici:BCYCLE,68,0.8722316959999994
2025-03,icici:BHACON,54,0.9189269769999998
2025-03,icici:BLUECHIP,63,0.911696676
2025-03,icici:COMFUND,46,0.9682404640000001
2025-03,icici:DISCO,65,0.8851927859999997
2025-03,icici:DIVYLD,66,0.9346640689999998
2025-03,icici:E&DF,83,0.7193511769999998
2025-03,icici:ENERGY,43,0.9220381990000002
2025-03,icici:ESGFUND,45,0.942133066
2025-03,icici:EXPORTS,45,0.9273285339999998
2025-03,icici:FLEXCAP,63,0.9651483120000003
2025-03,icici:FMCG,21,0.923036587
2025-03,icici:FOCUSED,29,0.936658758
2025-03,icici:HOUSING,41,0.880694158
2025-03,icici:INDOPP,69,0.913416681
2025-03,icici:INFRA,64,0.935869178
2025-03,icici:INNOVA,58,0.8791607010000002
2025-03,icici:LARGE & MIDCAP,88,0.924281742
2025-03,icici:LTEF,84,0.9707352049999999
2025-03,icici:MGFINDIA,91,0.986147955
2025-03,icici:MIDCAP,84,0.9875531179999999
2025-03,icici:MNCFUND,49,0.9434740420000001
2025-03,icici:MULTI,90,0.6555089780000001
2025-03,icici:MULTICAP,105,0.9231223329999997
2025-03,icici:PHARMA,42,0.9828473959999999
2025-03,icici:PSUEQU,34,0.9045657
2025-03,icici:QUANT,53,0.8347026210000001
2025-03,icici:RURALOPP,36,0.8582626289999998
2025-03,icici:SMALL,108,0.8669855070000004
2025-03,icici:TECH,65,0.8893177329999999
2025-03,icici:TRANSPO,39,0.943203742
2025-03,icici:VARIANCE,32,0.8868433369999998
2025-03,kotak:BAL,58,0.7675000000000002
2025-03,kotak:BFS,28,0.9633
2025-03,kotak:CMP,40,0.994
2025-03,kotak:CON,61,0.9779000000000001
2025-03,kotak:ELS,54,0.9726999999999999
2025-03,kotak:EME,66,0.9896000000000001
2025-03,kotak:ESG,42,0.9846
2025-03,kotak:HLC,28,0.9827999999999998
2025-03,kotak:K30,58,0.9509000000000002
2025-03,kotak:KBA,111,0.6917
2025-03,kotak:KBC,52,0.9707999999999999
2025-03,kotak:KFE,28,0.9842000000000002
2025-03,kotak:KIE,53,0.9925999999999999
2025-03,kotak:KMI,56,0.9745000000000003
2025-03,kotak:KMN,42,0.9315000000000002
2025-03,kotak:KOP,66,0.9721000000000001
2025-03,kotak:KPF,45,0.8228
2025-03,kotak:KQT,49,0.9773000000000001
2025-03,kotak:MAF,73,0.7139999999999997
2025-03,kotak:MID,74,0.9561000000000001
2025-03,kotak:MUC,68,0.987
2025-03,kotak:SEF,56,0.9749000000000001
2025-03,kotak:SPO,42,1.0004000000000002
2025-03,kotak:TAL,27,0.8938
2025-03,kotak:TCH,25,0.9580000000000001
2025-03,mirae:MABAF,105,0.685747019
2025-03,mirae:MABFF,30,0.9942685710000001
2025-03,mirae:MAEBF,102,0.9867757629999998
2025-03,mirae:MAFCF,80,0.9861590179999996
2025-03,mirae:MAFF,29,0.96716723
2025-03,mirae:MAHCF,31,0.9954557399999998
2025-03,mirae:MAIPF,82,0.7701266500000001
2025-03,mirae:MAMAAF,108,0.691557249
2025-03,mirae:MAMCF,76,0.9874831100000001
2025-03,mirae:MAMPF,86,0.979320399
2025-03,mirae:MASCF,69,0.9507548799999997
2025-03,mirae:MATSF,86,0.983937772
2025-03,mirae:MICCF,40,0.985471135
2025-03,mirae:MIIOF,80,0.9945402576400001
2025-03,nippon:AM,40,0.9729999999999998
2025-03,nippon:BF,27,0.9684999999999998
2025-03,nippon:EA,70,0.9618
2025-03,nippon:EO,121,0.9779
2025-03,nippon:GF,93,0.9888999999999998
2025-03,nippon:GS,74,0.9685000000000002
2025-03,nippon:IT,45,0.9833999999999999
2025-03,nippon:LC,89,0.9466
2025-03,nippon:LE,30,0.9468
2025-03,nippon:ME,35,0.9887
2025-03,nippon:MF,86,0.5605
2025-03,nippon:NE,65,0.6782999999999998
2025-03,nippon:PH,36,0.9947999999999999
2025-03,nippon:PS,56,0.9965999999999999
2025-03,nippon:QP,35,0.9898999999999999
2025-03,nippon:SC,229,0.9478999999999999
2025-03,nippon:SE,73,0.9632000000000004
2025-03,nippon:SH,75,0.7249999999999998
2025-03,nippon:TS,59,0.9635000000000002
2025-03,ppfas:PPDAAF,9,0.1321
2025-03,ppfas:PPFCF,27,0.6476999999999998
2025-03,ppfas:PPTSF,32,0.8061
2025-03,sbi:SBAF,93,0.7148
2025-03,sbi:SBFS,23,0.8485
2025-03,sbi:SBI-AOF,28,0.9754999999999999
2025-03,sbi:SBLUECHIP,43,0.9310999999999999
2025-03,sbi:SCF,81,0.7454000000000002
2025-03,sbi:SCOF,47,0.9533999999999999
2025-03,sbi:SDYF,47,0.9692999999999998
2025-03,sbi:SEHF,40,0.6991999999999998
2025-03,sbi:SEMVF,50,0.9998999999999999
2025-03,sbi:SEOF,33,0.9642999999999999
2025-03,sbi:SFEF,24,0.7593999999999999
2025-03,sbi:SFLEXI,55,0.8679000000000002
2025-03,sbi:SHOF,28,0.9255
2025-03,sbi:SIF,35,0.9278999999999998
2025-03,sbi:SIOF,39,0.9453999999999999
2025-03,sbi:SLMF,72,0.9382999999999998
2025-03,sbi:SLTEF,61,0.9098999999999999
2025-03,sbi:SMAAF,54,0.43170000000000003
2025-03,sbi:SMCF,49,0.9189
2025-03,sbi:SMCOMMA,27,0.9189999999999998
2025-03,sbi:SMEEF,37,0.9595000000000001
2025-03,sbi:SMGLF,31,0.9618000000000001
2025-03,sbi:SMIDCAP,56,0.9205000000000001
2025-03,sbi:SPSU,25,0.9783000000000001
2025-03,sbi:SQF,27,0.9827000000000002
2025-03,sbi:SSCF,60,0.7892000000000001
2025-03,sbi:STOF,26,0.8309999999999997
2025-03,uti:002,50,0.37270000000000003
2025-03,uti:017,58,0.9556999999999999
2025-03,uti:042,55,0.9593999999999997
2025-03,uti:049,66,0.9547000000000001
2025-03,uti:066,63,0.6880999999999998
2025-03,uti:101,48,0.9412
2025-03,uti:118,43,0.992
2025-03,uti:125,56,0.9675999999999999
2025-03,uti:160,87,0.9734999999999998
2025-03,uti:161,52,0.9451000000000002
2025-03,uti:162,37,0.9377000000000002
2025-03,uti:163,31,0.9765000000000001
2025-03,uti:190,51,0.9692999999999998
2025-03,uti:193,55,0.9928
2025-03,uti:251,45,0.9717000000000001
2025-03,uti:322,78,0.6570000000000004
2025-03,uti:751,86,0.9533
2025-03,uti:753,29,0.9773000000000001
2025-03,uti:773,63,0.6826999999999999
2025-03,uti:775,24,0.9757999999999999
2025-03,uti:783,73,0.9674999999999997
2025-04,absl:ABSLBCF,65,0.9641451060000005
2025-04,absl:ABSLCONF,37,0.9774352049999999
2025-04,absl:ABSLESG,53,0.9567633150000002
2025-04,absl:ABSLMAAF,57,0.6709413119999998
2025-04,absl:ABSLMCF,85,0.9749787529999998
2025-04,absl:ABSLQF,42,0.992381198
2025-04,absl:ABSLSO,61,0.970797702
2025-04,absl:ABSLTNLF,32,0.979152712
2025-04,absl:ADVG,72,0.9794778419999998
2025-04,absl:BDYP,53,0.903051283
2025-04,absl:BINFRA,59,0.9549754130000001
2025-04,absl:BSL95F,78,0.7656451269999998
2025-04,absl:BSLBKFS,35,0.9483873509999998
2025-04,absl:BSLDAAF,93,0.7088455140000001
2025-04,absl:BSLEQTY,75,0.978592588
2025-04,absl:BSLFEF,75,0.9483659979999998
2025-04,absl:BSLMFG,60,0.9886154349999998
2025-04,absl:BSLNMF,34,0.938170894
2025-04,absl:BSLPHF,28,0.9822323179999998
2025-04,absl:BSLR96,63,0.9837949779999997
2025-04,absl:BSLTA1,86,0.9630142860000002
2025-04,absl:BTOP100,30,0.9638896149999999
2025-04,absl:GENNEXT,76,0.9904882439999998
2025-04,absl:MIDCAP,75,0.9742200199999994
2025-04,absl:MNC,69,0.9895628340000002
2025-04,absl:PSUEQ,35,0.961949622
2025-04,absl:PURE,77,0.9877398310000003
2025-04,axis:AXISBCF,85,0.9479000000000001
2025-04,axis:AXISCON,72,0.9483000000000005
2025-04,axis:AXISDEF,95,0.6979
2025-04,axis:AXISEHF,80,0.7669999999999995
2025-04,axis:AXISEQF,50,0.8775999999999998
2025-04,axis:AXISESG,44,0.922
2025-04,axis:AXISF25,24,0.9225
2025-04,axis:AXISGOF,89,0.8935000000000001
2025-04,axis:AXISIMF,88,0.9535
2025-04,axis:AXISMCF,97,0.8996999999999999
2025-04,axis:AXISMIF,40,0.9240999999999999
2025-04,axis:AXISMLC,121,0.9715
2025-04,axis:AXISMLF,52,0.9124000000000002
2025-04,axis:AXISQUA,45,0.9796999999999998
2025-04,axis:AXISSCF,129,0.8669999999999997
2025-04,axis:AXISSSF,60,0.7918000000000003
2025-04,axis:AXISTAF,77,0.7043999999999999
2025-04,axis:AXISTSF,85,0.9520000000000001
2025-04,axis:AXISVAL,86,0.9552000000000002
2025-04,dsp:Aggressive Hybrid,41,0.6642
2025-04,dsp:Banking and Financial Services,22,0.8124999999999999
2025-04,dsp:Business Cycle Fund,45,0.8642
2025-04,dsp:DAAF,70,0.6652999999999998
2025-04,dsp:EQUITYOPPOR,70,0.9282000000000001
2025-04,dsp:FOCUS,29,0.8943
2025-04,dsp:Flexi Cap,57,0.9491000000000003
2025-04,dsp:HEALTHCARE,25,0.8587000000000002
2025-04,dsp:MIDCAP,57,0.9341000000000002
2025-04,dsp:Multi Asset,36,0.37020000000000003
2025-04,dsp:Multicap Fund,64,0.9152000000000002
2025-04,dsp:NRNEF,22,0.8600000000000001
2025-04,dsp:QUANT,40,0.9814000000000003
2025-04,dsp:SMALLCAP,75,0.9280000000000002
2025-04,dsp:TAX,61,0.9323999999999999
2025-04,dsp:TIGER,69,0.8863999999999997
2025-04,dsp:TOP100,30,0.8669
2025-04,dsp:VALUE,52,0.6539000000000004
2025-04,hdfc:HDFCBKGFSF,31,0.9762999999999997
2025-04,hdfc:HDFCBUSICY,64,0.9089999999999999
2025-04,hdfc:HDFCCB,75,0.9934999999999999
2025-04,hdfc:HDFCCS,28,0.8314000000000001
2025-04,hdfc:HDFCDFNFND,22,0.9524999999999999
2025-04,hdfc:HDFCDIVYLD,130,0.9875999999999999
2025-04,hdfc:HDFCEQ,55,0.8664
2025-04,hdfc:HDFCGR,156,0.6743999999999994
2025-04,hdfc:HDFCHOF117,33,0.963
2025-04,hdfc:HDFCLARGEF,214,0.9808999999999992
2025-04,hdfc:HDFCMANFFN,84,0.9894999999999998
2025-04,hdfc:HDFCMNCFND,37,0.9270999999999997
2025-04,hdfc:HDFCMULCAP,227,0.9743999999999985
2025-04,hdfc:HDFCNCCFND,46,0.9541000000000001
2025-04,hdfc:HDFCPHARHC,31,0.9718000000000002
2025-04,hdfc:HDFCPM,40,0.6859000000000001
2025-04,hdfc:HDFCSMALLF,84,0.9245
2025-04,hdfc:HDFCT2,46,0.9670000000000002
2025-04,hdfc:HDFCTECHFD,29,0.9436000000000001
2025-04,hdfc:HDFCTRALFD,29,0.9943
2025-04,hdfc:HDFCTS,54,0.9162000000000001
2025-04,hdfc:HDINFG,55,0.9134000000000002
2025-04,hdfc:MIDCAP,79,0.9256
2025-04,hdfc:MY2005,75,0.6555999999999996
2025-04,icici:BAF,83,0.6699927090000001
2025-04,icici:BANFIN SERVICES,35,0.8953682949999999
2025-04,icici:BCYCLE,74,0.8824802790000003
2025-04,icici:BHACON,56,0.8943175070000001
2025-04,icici:BLUECHIP,65,0.9066453369999999
2025-04,icici:COMFUND,46,0.9692292320000002
2025-04,icici:DISCO,66,0.8603680810000001
2025-04,icici:DIVYLD,65,0.8921479040000001
2025-04,icici:E&DF,84,0.6856841790000001
2025-04,icici:ENERGY,45,0.930024651
2025-04,icici:ESGFUND,47,0.917733205
2025-04,icici:EXPORTS,48,0.8987118129999999
2025-04,icici:FLEXCAP,64,0.9627478919999999
2025-04,icici:FMCG,22,0.853231056
2025-04,icici:FOCUSED,29,0.9545782640000001
2025-04,icici:HOUSING,40,0.8628861269999999
2025-04,icici:INDOPP,67,0.8901234640000001
2025-04,icici:INFRA,63,0.9305309510000002
2025-04,icici:INNOVA,49,0.857822323
2025-04,icici:LARGE & MIDCAP,91,0.9480513609999998
2025-04,icici:LTEF,80,0.9509979639999995
2025-04,icici:MGFINDIA,96,0.9906076430000001
2025-04,icici:MIDCAP,88,0.986861652
2025-04,icici:MNCFUND,49,0.915798938
2025-04,icici:MULTI,92,0.6622771599999999
2025-04,icici:MULTICAP,104,0.8955792680000005
2025-04,icici:PHARMA,41,0.9634361029999997
2025-04,icici:PSUEQU,35,0.883488355
2025-04,icici:QUANT,52,0.8602783430000003
2025-04,icici:RURALOPP,36,0.8568049139999999
2025-04,icici:SMALL,111,0.8669337860000003
2025-04,icici:TECH,66,0.8734750150000001
2025-04,icici:TRANSPO,41,0.8889335369999999
2025-04,icici:VARIANCE,32,0.830881189
2025-04,kotak:BAL,57,0.7670000000000001
2025-04,kotak:BFS,26,0.9656000000000001
2025-04,kotak:CMP,40,0.9898
2025-04,kotak:CON,53,0.9799
2025-04,kotak:ELS,55,0.9871999999999999
2025-04,kotak:EME,65,0.9553
2025-04,kotak:ESG,41,0.9865999999999997
2025-04,kotak:HLC,28,0.9845
2025-04,kotak:K30,58,0.9583999999999999
2025-04,kotak:KBA,109,0.6915
2025-04,kotak:KBC,54,0.9909000000000001
2025-04,kotak:KFE,28,0.9916
2025-04,kotak:KIE,52,0.9916
2025-04,kotak:KMI,57,0.9801
2025-04,kotak:KMN,43,0.9329999999999999
2025-04,kotak:KOP,67,0.9812000000000004
2025-04,kotak:KPF,44,0.8175999999999998
2025-04,kotak:KQT,65,0.9706000000000001
2025-04,kotak:MAF,55,0.6746000000000001
2025-04,kotak:MID,73,0.9369999999999998
2025-04,kotak:MUC,65,0.9888000000000002
2025-04,kotak:SEF,57,0.9793
2025-04,kotak:SPO,42,0.9864000000000002
2025-04,kotak:TAL,28,0.9518999999999997
2025-04,kotak:TCH,25,0.955
2025-04,mirae:MABAF,104,0.6848029259999999
2025-04,mirae:MABFF,31,0.9842797830000002
2025-04,mirae:MAEBF,99,0.991232131
2025-04,mirae:MAFCF,81,0.9987373020000001
2025-04,mirae:MAFF,30,0.9625373110000001
2025-04,mirae:MAHCF,30,0.9983452400000002
2025-04,mirae:MAIPF,82,0.77403784
2025-04,mirae:MAMAAF,108,0.6865426270000003
2025-04,mirae:MAMCF,74,0.986631041
2025-04,mirae:MAMPF,85,0.985075983
2025-04,mirae:MASCF,69,0.967525765
2025-04,mirae:MATSF,86,0.9906901460000002
2025-04,mirae:MICCF,39,0.9752895920000002
2025-04,mirae:MIIOF,83,0.9923382295700004
2025-04,nippon:AM,40,0.9776000000000005
2025-04,nippon:BF,28,0.9813000000000001
2025-04,nippon:EA,71,0.9705999999999999
2025-04,nippon:EO,125,0.9689000000000002
2025-04,nippon:GF,93,0.9807999999999998
2025-04,nippon:GS,79,0.9895000000000004
2025-04,nippon:IT,47,0.9928000000000001
2025-04,nippon:LC,90,0.9455000000000005
2025-04,nippon:LE,30,0.9305
2025-04,nippon:ME,36,0.9725
2025-04,nippon:MF,86,0.5706
2025-04,nippon:NE,65,0.6828000000000001
2025-04,nippon:PH,37,0.9971
2025-04,nippon:PS,59,0.9952
2025-04,nippon:QP,35,0.9848000000000001
2025-04,nippon:SC,228,0.9462999999999995
2025-04,nippon:SE,70,0.9595
2025-04,nippon:SH,75,0.7290000000000001
2025-04,nippon:TS,61,0.9663000000000003
2025-04,ppfas:PPDAAF,8,0.1284
2025-04,ppfas:PPFCF,26,0.637
2025-04,ppfas:PPTSF,31,0.8075
2025-04,sbi:SBAF,94,0.7180999999999998
2025-04,sbi:SBFS,22,0.9611999999999998
2025-04,sbi:SBI-AOF,26,0.9315999999999999
2025-04,sbi:SBIRIOS,39,0.9196000000000001
2025-04,sbi:SBLUECHIP,39,0.9326000000000003
2025-04,sbi:SCF,78,0.7554999999999997
2025-04,sbi:SCOF,47,0.9639000000000001
2025-04,sbi:SDYF,47,0.9720000000000001
2025-04,sbi:SEHF,42,0.7104000000000001
2025-04,sbi:SEMVF,50,1.0002000000000002
2025-04,sbi:SEOF,35,0.9336
2025-04,sbi:SFEF,23,0.7777
2025-04,sbi:SFLEXI,53,0.8917000000000003
2025-04,sbi:SHOF,28,0.9244000000000001
2025-04,sbi:SIF,35,0.9276000000000002
2025-04,sbi:SIOF,38,0.9303999999999999
2025-04,sbi:SLMF,71,0.9431999999999998
2025-04,sbi:SLTEF,61,0.9085999999999997
2025-04,sbi:SMAAF,56,0.4605999999999999
2025-04,sbi:SMCF,48,0.9199999999999997
2025-04,sbi:SMCOMMA,28,0.9916999999999999
2025-04,sbi:SMEEF,37,0.9606000000000001
2025-04,sbi:SMGLF,32,0.9657000000000001
2025-04,sbi:SMIDCAP,57,0.9470999999999999
2025-04,sbi:SPSU,25,0.9630000000000001
2025-04,sbi:SQF,44,0.9798
2025-04,sbi:SSCF,63,0.7973999999999999
2025-04,sbi:STOF,26,0.8626999999999999
2025-04,uti:002,50,0.38000000000000006
2025-04,uti:017,55,0.9625999999999999
2025-04,uti:042,55,0.9625000000000001
2025-04,uti:049,67,0.9428999999999998
2025-04,uti:066,63,0.6803999999999998
2025-04,uti:101,48,0.9465999999999999
2025-04,uti:118,42,0.9892000000000001
2025-04,uti:125,53,0.9633000000000002
2025-04,uti:160,89,0.9726000000000001
2025-04,uti:161,52,0.9387000000000001
2025-04,uti:162,38,0.9565999999999998
2025-04,uti:163,33,0.9834999999999998
2025-04,uti:190,52,0.9689999999999998
2025-04,uti:193,54,0.9941
2025-04,uti:251,41,0.9560999999999997
2025-04,uti:322,93,0.6556000000000002
2025-04,uti:751,87,0.9556000000000001
2025-04,uti:753,29,0.9712000000000002
2025-04,uti:773,62,0.6786000000000001
2025-04,uti:775,24,0.9531
2025-04,uti:783,73,0.9323000000000001
2025-05,absl:ABSLBCF,66,0.9671240580000001
2025-05,absl:ABSLCONF,38,0.9774775279999999
2025-05,absl:ABSLESG,55,0.9720757659999999
2025-05,absl:ABSLMAAF,56,0.6703146189999997
2025-05,absl:ABSLMCF,86,0.9821880529999997
2025-05,absl:ABSLQF,42,0.996116985
2025-05,absl:ABSLSO,61,0.975677963
2025-05,absl:ABSLTNLF,33,0.9872806620000001
2025-05,absl:ADVG,72,0.975924601
2025-05,absl:BDYP,53,0.9034943310000001
2025-05,absl:BINFRA,57,0.9597711860000001
2025-05,absl:BSL95F,76,0.7685045189999997
2025-05,absl:BSLBKFS,35,0.9590403949999997
2025-05,absl:BSLDAAF,73,0.6999409389999998
2025-05,absl:BSLEQTY,76,0.973446651
2025-05,absl:BSLFEF,73,0.9504067420000004
2025-05,absl:BSLMFG,61,0.9911725910000002
2025-05,absl:BSLNMF,35,0.9368475450000001
2025-05,absl:BSLPHF,30,0.9793579790000002
2025-05,absl:BSLR96,62,0.9832520470000001
2025-05,absl:BSLTA1,87,0.9595503400000001
2025-05,absl:BTOP100,30,0.9439602810000003
2025-05,absl:GENNEXT,78,0.9944796419999997
2025-05,absl:MIDCAP,73,0.9695082239999996
2025-05,absl:MNC,68,0.9812816470000001
2025-05,absl:PSUEQ,35,0.9472796290000002
2025-05,absl:PURE,78,0.9751550130000003
2025-05,axis:AXISBCF,84,0.9573999999999998
2025-05,axis:AXISCON,73,0.9741000000000001
2025-05,axis:AXISDEF,96,0.6768999999999997
2025-05,axis:AXISEHF,82,0.7719999999999998
2025-05,axis:AXISEQF,51,0.8913000000000001
2025-05,axis:AXISESG,43,0.9254000000000001
2025-05,axis:AXISF25,23,0.9393999999999999
2025-05,axis:AXISGOF,87,0.8957
2025-05,axis:AXISIMF,90,0.9986999999999999
2025-05,axis:AXISMCF,96,0.9414000000000001
2025-05,axis:AXISMIF,40,0.9296000000000001
2025-05,axis:AXISMLC,119,0.9740999999999997
2025-05,axis:AXISMLF,54,0.9396000000000002
2025-05,axis:AXISQUA,41,0.9823999999999997
2025-05,axis:AXISSCF,131,0.8738999999999996
2025-05,axis:AXISSSF,60,0.7952000000000001
2025-05,axis:AXISTAF,77,0.6856999999999999
2025-05,axis:AXISTSF,87,0.9589
2025-05,axis:AXISVAL,84,0.9657999999999997
2025-05,dsp:Aggressive Hybrid,40,0.6536
2025-05,dsp:Banking and Financial Services,22,0.8207
2025-05,dsp:Business Cycle Fund,48,0.9461999999999998
2025-05,dsp:DAAF,68,0.6765000000000001
2025-05,dsp:Flexi Cap,58,0.9493999999999998
2025-05,dsp:Focused,30,0.9366000000000001
2025-05,dsp:HEALTHCARE,25,0.8634000000000001
2025-05,dsp:Large & Mid Cap,69,0.9066
2025-05,dsp:Large Cap,31,0.8743999999999998
2025-05,dsp:MIDCAP,55,0.9220999999999998
2025-05,dsp:Multi Asset,36,0.35899999999999993
2025-05,dsp:Multicap Fund,64,0.9299000000000001
2025-05,dsp:NRNEF,23,0.8498000000000001
2025-05,dsp:QUANT,40,0.9650000000000001
2025-05,dsp:SMALLCAP,75,0.9274999999999997
2025-05,dsp:TAX,60,0.9253
2025-05,dsp:TIGER,69,0.9308000000000003
2025-05,dsp:VALUE,52,0.6520000000000001
2025-05,hdfc:HDFCBKGFSF,31,0.9775
2025-05,hdfc:HDFCBUSICY,66,0.9586999999999999
2025-05,hdfc:HDFCCB,72,0.9875999999999998
2025-05,hdfc:HDFCCS,28,0.8351000000000001
2025-05,hdfc:HDFCDFNFND,24,0.9578000000000001
2025-05,hdfc:HDFCDIVYLD,131,0.9792000000000002
2025-05,hdfc:HDFCEQ,53,0.8668999999999998
2025-05,hdfc:HDFCGR,151,0.6715999999999995
2025-05,hdfc:HDFCHOF117,34,0.9827000000000004
2025-05,hdfc:HDFCLARGEF,214,0.9738999999999999
2025-05,hdfc:HDFCMANFFN,84,0.9982000000000001
2025-05,hdfc:HDFCMNCFND,37,0.9375000000000002
2025-05,hdfc:HDFCMULCAP,230,0.9767999999999992
2025-05,hdfc:HDFCNCCFND,45,0.9805999999999998
2025-05,hdfc:HDFCPHARHC,30,0.9796000000000001
2025-05,hdfc:HDFCPM,39,0.6745000000000002
2025-05,hdfc:HDFCSMALLF,85,0.9338000000000001
2025-05,hdfc:HDFCT2,45,0.9673
2025-05,hdfc:HDFCTECHFD,29,0.9476
2025-05,hdfc:HDFCTRALFD,32,0.9947000000000001
2025-05,hdfc:HDFCTS,52,0.9101999999999999
2025-05,hdfc:HDINFG,55,0.9151
2025-05,hdfc:MIDCAP,77,0.9178
2025-05,hdfc:MY2005,75,0.6682000000000001
2025-05,icici:BAF,84,0.6729327010000002
2025-05,icici:BANFIN SERVICES,36,0.8980032009999998
2025-05,icici:BCYCLE,73,0.9163661430000002
2025-05,icici:BHACON,59,0.920720847
2025-05,icici:BLUECHIP,67,0.9117733949999999
2025-05,icici:COMFUND,46,0.970133889
2025-05,icici:DISCO,64,0.9078568280000001
2025-05,icici:DIVYLD,64,0.9407612139999997
2025-05,icici:E&DF,89,0.7275634999999998
2025-05,icici:ENERGY,48,0.901785759
2025-05,icici:ESGFUND,44,0.8891256469999999
2025-05,icici:EXPORTS,49,0.9062798919999999
2025-05,icici:FLEXCAP,63,0.9605542349999999
2025-05,icici:FMCG,23,0.9051736509999999
2025-05,icici:FOCUSED,30,0.9693391850000002
2025-05,icici:HOUSING,43,0.882152815
2025-05,icici:INDOPP,68,0.9148796669999999
2025-05,icici:INFRA,59,0.9294049050000001
2025-05,icici:INNOVA,54,0.8998751109999998
2025-05,icici:LARGE & MIDCAP,89,0.9434702729999997
2025-05,icici:LTEF,81,0.9641662460000001
2025-05,icici:MGFINDIA,99,0.9873107849999996
2025-05,icici:MIDCAP,90,0.9873211399999998
2025-05,icici:MNCFUND,48,0.9218341539999999
2025-05,icici:MULTI,98,0.6680777730000002
2025-05,icici:MULTICAP,103,0.9354634609999999
2025-05,icici:PHARMA,38,0.9698786119999999
2025-05,icici:PSUEQU,30,0.9056469810000001
2025-05,icici:QUALITY,40,0.6735655869999999
2025-05,icici:QUANT,52,0.9217379209999997
2025-05,icici:RURALOPP,34,0.8473370100000002
2025-05,icici:SMALL,113,0.8735365139999998
2025-05,icici:TECH,61,0.873898454
2025-05,icici:TRANSPO,42,0.9097613469999998
2025-05,icici:VARIANCE,32,0.865166391
2025-05,kotak:BAL,58,0.7516999999999999
2025-05,kotak:BFS,27,0.9866000000000004
2025-05,kotak:CMP,41,0.9973000000000001
2025-05,kotak:CON,54,0.9876999999999996
2025-05,kotak:ELS,53,0.9846999999999999
2025-05,kotak:EME,60,0.9407000000000002
2025-05,kotak:ESG,43,0.9887
2025-05,kotak:HLC,29,0.949
2025-05,kotak:K30,60,0.9531000000000001
2025-05,kotak:KBA,106,0.6997999999999999
2025-05,kotak:KBC,55,0.9831000000000001
2025-05,kotak:KEO,31,0.8311
2025-05,kotak:KFE,29,0.9891999999999999
2025-05,kotak:KIE,53,0.9893000000000003
2025-05,kotak:KMI,56,0.9694999999999998
2025-05,kotak:KMN,46,0.9552999999999997
2025-05,kotak:KOP,65,0.9738000000000001
2025-05,kotak:KPF,45,0.8110999999999999
2025-05,kotak:KQT,47,0.979
2025-05,kotak:MAF,59,0.7069999999999999
2025-05,kotak:MID,73,0.9469999999999998
2025-05,kotak:MUC,70,0.9800000000000002
2025-05,kotak:SEF,56,0.9789000000000002
2025-05,kotak:SPO,42,0.9902000000000001
2025-05,kotak:TAL,28,0.9848999999999999
2025-05,kotak:TCH,25,0.9685000000000001
2025-05,mirae:MABAF,102,0.6766487679999997
2025-05,mirae:MABFF,31,0.9919648219999998
2025-05,mirae:MAEBF,98,0.9866850710000001
2025-05,mirae:MAFCF,81,0.9766385530000004
2025-05,mirae:MAFF,29,0.947331711
2025-05,mirae:MAHCF,30,0.9935914610000001
2025-05,mirae:MAIPF,79,0.7638714199999999
2025-05,mirae:MAMAAF,104,0.6720259169999999
2025-05,mirae:MAMCF,73,0.9945163020000002
2025-05,mirae:MAMPF,83,0.9827960789999998
2025-05,mirae:MASCF,70,0.9669871080000001
2025-05,mirae:MATSF,81,0.9936627779999998
2025-05,mirae:MICCF,39,0.9837164570000002
2025-05,mirae:MIIOF,82,0.9932103296199997
2025-05,nippon:AM,40,0.9616
2025-05,nippon:BF,29,0.9839000000000001
2025-05,nippon:EA,69,0.9805
2025-05,nippon:EO,129,0.9874000000000007
2025-05,nippon:GF,95,0.9731000000000001
2025-05,nippon:GS,80,0.9799000000000001
2025-05,nippon:IT,46,0.9735
2025-05,nippon:LC,88,0.9479000000000001
2025-05,nippon:LE,29,0.9230000000000002
2025-05,nippon:ME,36,0.9524000000000002
2025-05,nippon:MF,87,0.5707000000000003
2025-05,nippon:NE,65,0.6824000000000001
2025-05,nippon:PH,36,0.9859999999999998
2025-05,nippon:PS,59,0.9904999999999998
2025-05,nippon:QP,35,0.9793999999999999
2025-05,nippon:SC,237,0.9570999999999998
2025-05,nippon:SE,70,0.9618999999999998
2025-05,nippon:SH,74,0.7235
2025-05,nippon:TS,62,0.9605000000000002
2025-05,ppfas:PPDAAF,8,0.1228
2025-05,ppfas:PPFCF,28,0.6467999999999999
2025-05,ppfas:PPTSF,33,0.8234999999999998
2025-05,sbi:SBAF,92,0.7227999999999999
2025-05,sbi:SBFS,26,0.9681
2025-05,sbi:SBI-AOF,28,0.9779
2025-05,sbi:SBLUECHIP,41,0.9748999999999998
2025-05,sbi:SCF,78,0.7653999999999999
2025-05,sbi:SCOF,44,0.9355
2025-05,sbi:SDYF,48,0.9579000000000002
2025-05,sbi:SEHF,43,0.7364999999999997
2025-05,sbi:SEMVF,50,0.9979999999999999
2025-05,sbi:SEOF,35,0.9337000000000001
2025-05,sbi:SFEF,23,0.7747
2025-05,sbi:SFLEXI,54,0.9144
2025-05,sbi:SHOF,28,0.9128000000000001
2025-05,sbi:SIF,36,0.9181999999999998
2025-05,sbi:SIOF,36,0.9527000000000001
2025-05,sbi:SLMF,75,0.9571000000000003
2025-05,sbi:SLTEF,64,0.9186
2025-05,sbi:SMAAF,57,0.48310000000000003
2025-05,sbi:SMCF,51,0.941
2025-05,sbi:SMCOMMA,27,0.9728000000000001
2025-05,sbi:SMEEF,37,0.9619999999999999
2025-05,sbi:SMGLF,30,0.9488999999999999
2025-05,sbi:SMIDCAP,57,0.9347000000000002
2025-05,sbi:SPSU,25,0.9540999999999998
2025-05,sbi:SQF,33,0.9845
2025-05,sbi:SSCF,63,0.8175000000000002
2025-05,sbi:STOF,25,0.8439000000000001
2025-05,uti:002,49,0.3839000000000001
2025-05,uti:017,55,0.9575000000000001
2025-05,uti:042,54,0.961
2025-05,uti:049,65,0.9570999999999996
2025-05,uti:066,61,0.6787000000000004
2025-05,uti:101,48,0.9382
2025-05,uti:118,41,0.9733999999999999
2025-05,uti:125,52,0.9679
2025-05,uti:160,89,0.9726000000000001
2025-05,uti:161,54,0.9417999999999997
2025-05,uti:162,38,0.9665999999999997
2025-05,uti:163,32,0.9794999999999999
2025-05,uti:190,52,0.9697999999999996
2025-05,uti:193,56,0.9809999999999999
2025-05,uti:251,40,0.9811000000000002
2025-05,uti:322,92,0.6672
2025-05,uti:751,88,0.9633000000000003
2025-05,uti:753,30,0.9768999999999998
2025-05,uti:773,60,0.6767
2025-05,uti:775,25,0.9599
2025-05,uti:783,73,0.9253
2025-05,uti:787,53,0.7598999999999997
2025-06,absl:ABSLBCF,68,0.9670301019999997
2025-06,absl:ABSLCONF,38,0.9683548880000002
2025-06,absl:ABSLESG,55,0.9799731430000002
2025-06,absl:ABSLMAAF,59,0.6645296290000002
2025-06,absl:ABSLMCF,88,0.9582648530000003
2025-06,absl:ABSLQF,43,0.996802792
2025-06,absl:ABSLSO,62,0.9860717889999998
2025-06,absl:ABSLTNLF,33,0.99049806
2025-06,absl:ADVG,74,0.9821905799999999
2025-06,absl:BDYP,52,0.9303453139999998
2025-06,absl:BINFRA,59,0.9781342930000002
2025-06,absl:BSL95F,77,0.7667710660000001
2025-06,absl:BSLBKFS,37,0.9785270600000001
2025-06,absl:BSLDAAF,78,0.7213957379999996
2025-06,absl:BSLEQTY,77,0.9751735789999999
2025-06,absl:BSLFEF,77,0.9573420360000001
2025-06,absl:BSLMFG,61,0.9898399640000001
2025-06,absl:BSLNMF,34,0.936316018
2025-06,absl:BSLPHF,32,0.9841810639999998
2025-06,absl:BSLR96,64,0.991800544
2025-06,absl:BSLTA1,87,0.9424074179999999
2025-06,absl:BTOP100,30,0.957691125
2025-06,absl:GENNEXT,78,0.9926539319999999
2025-06,absl:MIDCAP,76,0.9632709710000004
2025-06,absl:MNC,67,0.9792034149999997
2025-06,absl:PSUEQ,33,0.9800632600000002
2025-06,absl:PURE,74,0.978401407
2025-06,axis:AXISBCF,88,0.9574999999999999
2025-06,axis:AXISCON,72,0.9954999999999999
2025-06,axis:AXISDEF,96,0.6839999999999997
2025-06,axis:AXISEHF,86,0.7889999999999999
2025-06,axis:AXISEQF,52,0.9396999999999999
2025-06,axis:AXISESG,45,0.9379000000000005
2025-06,axis:AXISF25,25,0.96
2025-06,axis:AXISGOF,90,0.8998000000000002
2025-06,axis:AXISIMF,89,0.9937999999999999
2025-06,axis:AXISMCF,97,0.9653999999999995
2025-06,axis:AXISMIF,38,0.9551999999999998
2025-06,axis:AXISMLC,119,0.9792000000000001
2025-06,axis:AXISMLF,55,0.9443000000000001
2025-06,axis:AXISQUA,38,0.9792000000000002
2025-06,axis:AXISSCF,131,0.8869000000000004
2025-06,axis:AXISSSF,63,0.8149
2025-06,axis:AXISTAF,75,0.6767
2025-06,axis:AXISTSF,91,0.9732999999999998
2025-06,axis:AXISVAL,88,0.9823
2025-06,dsp:Aggressive Hybrid,42,0.6796000000000001
2025-06,dsp:Banking and Financial Services,23,0.9272
2025-06,dsp:Business Cycle Fund,48,0.9316999999999999
2025-06,dsp:DAAF,69,0.6683999999999998
2025-06,dsp:Flexi Cap,60,0.9593000000000002
2025-06,dsp:Focused,30,0.9323000000000002
2025-06,dsp:HEALTHCARE,24,0.8541000000000001
2025-06,dsp:Large & Mid Cap,72,0.9352000000000001
2025-06,dsp:Large Cap,32,0.8801999999999999
2025-06,dsp:MIDCAP,56,0.9365000000000001
2025-06,dsp:Multi Asset,37,0.3568
2025-06,dsp:Multicap Fund,63,0.9581000000000002
2025-06,dsp:NRNEF,23,0.8350000000000001
2025-06,dsp:QUANT,40,0.9699
2025-06,dsp:SMALLCAP,77,0.9241000000000001
2025-06,dsp:TAX,63,0.9553999999999997
2025-06,dsp:TIGER,69,0.9281999999999999
2025-06,dsp:VALUE,53,0.6597999999999999
2025-06,hdfc:HDFCBKGFSF,31,0.9917000000000001
2025-06,hdfc:HDFCBUSICY,65,0.9486
2025-06,hdfc:HDFCCB,73,0.9921
2025-06,hdfc:HDFCCS,28,0.8391000000000001
2025-06,hdfc:HDFCDFNFND,24,0.9327999999999999
2025-06,hdfc:HDFCDIVYLD,132,0.9819999999999999
2025-06,hdfc:HDFCEQ,51,0.8686999999999999
2025-06,hdfc:HDFCGR,143,0.6695999999999996
2025-06,hdfc:HDFCHOF117,34,0.9760000000000001
2025-06,hdfc:HDFCLARGEF,217,0.9792999999999994
2025-06,hdfc:HDFCMANFFN,88,0.9865999999999998
2025-06,hdfc:HDFCMNCFND,37,0.9675
2025-06,hdfc:HDFCMULCAP,231,0.9766999999999996
2025-06,hdfc:HDFCNCCFND,45,0.9919000000000002
2025-06,hdfc:HDFCPHARHC,29,0.9684000000000001
2025-06,hdfc:HDFCPM,38,0.6763
2025-06,hdfc:HDFCSMALLF,84,0.9337999999999997
2025-06,hdfc:HDFCT2,47,0.9767000000000001
2025-06,hdfc:HDFCTECHFD,29,0.953
2025-06,hdfc:HDFCTRALFD,32,0.9840999999999999
2025-06,hdfc:HDFCTS,53,0.9195999999999998
2025-06,hdfc:HDINFG,55,0.9104999999999999
2025-06,hdfc:MIDCAP,75,0.9284999999999999
2025-06,hdfc:MY2005,75,0.6709999999999998
2025-06,icici:BAF,87,0.660928379
2025-06,icici:BANFIN SERVICES,38,0.934761047
2025-06,icici:BCYCLE,68,0.906348275
2025-06,icici:BHACON,60,0.9487069359999997
2025-06,icici:BLUECHIP,65,0.909825374
2025-06,icici:COMFUND,48,0.964839288
2025-06,icici:DISCO,62,0.9013009659999999
2025-06,icici:DIVYLD,63,0.938653891
2025-06,icici:E&DF,96,0.7346142990000004
2025-06,icici:ENERGY,48,0.922190164
2025-06,icici:ESGFUND,45,0.9047911790000001
2025-06,icici:EXPORTS,56,0.8937768479999999
2025-06,icici:FLEXCAP,67,0.9609526159999995
2025-06,icici:FMCG,23,0.95234948
2025-06,icici:FOCUSED,29,0.9579206550000001
2025-06,icici:HOUSING,44,0.8963358970000002
2025-06,icici:INDOPP,69,0.904133843
2025-06,icici:INFRA,58,0.9392829280000002
2025-06,icici:INNOVA,58,0.9045028700000001
2025-06,icici:LARGE & MIDCAP,89,0.9197740030000001
2025-06,icici:LTEF,82,0.9798256320000003
2025-06,icici:MGFINDIA,97,0.9738916470000004
2025-06,icici:MIDCAP,92,0.9757335170000002
2025-06,icici:MNCFUND,50,0.9205538179999997
2025-06,icici:MULTI,103,0.6797106760000001
2025-06,icici:MULTICAP,106,0.925570989
2025-06,icici:PHARMA,34,0.964454528
2025-06,icici:PSUEQU,28,0.912924302
2025-06,icici:QUALITY,53,0.870578289
2025-06,icici:QUANT,51,0.8993973569999999
2025-06,icici:RURALOPP,42,0.89824423
2025-06,icici:SMALL,110,0.8734156659999999
2025-06,icici:TECH,61,0.8769279059999999
2025-06,icici:TRANSPO,45,0.898125145
2025-06,icici:VARIANCE,34,0.8833916049999999
2025-06,kotak:BAL,55,0.7563
2025-06,kotak:BFS,27,0.9891000000000002
2025-06,kotak:CMP,40,0.9860999999999996
2025-06,kotak:CON,56,0.9788999999999999
2025-06,kotak:ELS,53,0.9965999999999998
2025-06,kotak:EME,60,0.9665
2025-06,kotak:ESG,46,0.9847999999999997
2025-06,kotak:HLC,30,0.9813
2025-06,kotak:K30,60,0.9563
2025-06,kotak:KBA,108,0.7041
2025-06,kotak:KBC,53,0.9963999999999998
2025-06,kotak:KEO,32,0.8939999999999998
2025-06,kotak:KFE,29,0.9867
2025-06,kotak:KIE,51,0.9946000000000004
2025-06,kotak:KMI,57,0.981
2025-06,kotak:KMN,45,0.9744
2025-06,kotak:KOP,67,0.9866
2025-06,kotak:KPF,44,0.8149000000000002
2025-06,kotak:KQT,60,0.9748999999999997
2025-06,kotak:MAF,55,0.6813999999999999
2025-06,kotak:MID,75,0.9625
2025-06,kotak:MUC,64,0.9884000000000001
2025-06,kotak:SEF,57,0.9800000000000002
2025-06,kotak:SPO,41,0.9795999999999997
2025-06,kotak:TAL,27,0.9923
2025-06,kotak:TCH,24,0.9593999999999999
2025-06,mirae:MABAF,105,0.6848864399999998
2025-06,mirae:MABFF,32,0.9959623540000001
2025-06,mirae:MAEBF,96,0.9841158529999998
2025-06,mirae:MAFCF,83,0.9753708839999999
2025-06,mirae:MAFF,30,0.9770755109999998
2025-06,mirae:MAHCF,31,0.991159576
2025-06,mirae:MAIPF,82,0.7598158610000001
2025-06,mirae:MAMAAF,105,0.6672219409999998
2025-06,mirae:MAMCF,74,0.9837710330000002
2025-06,mirae:MAMPF,78,0.9821334010000001
2025-06,mirae:MASCF,70,0.9470018060000004
2025-06,mirae:MATSF,81,0.973241507
2025-06,mirae:MICCF,40,0.9810981260000002
2025-06,mirae:MIIOF,80,0.99033343543
2025-06,nippon:AM,40,0.9826999999999999
2025-06,nippon:BF,32,0.9697999999999998
2025-06,nippon:EA,69,0.9762999999999998
2025-06,nippon:EO,129,0.9902999999999995
2025-06,nippon:GF,93,0.9764000000000002
2025-06,nippon:GS,80,0.9818000000000002
2025-06,nippon:IT,46,0.9712000000000001
2025-06,nippon:LC,90,0.9682000000000005
2025-06,nippon:LE,30,0.9386000000000002
2025-06,nippon:ME,36,0.9682000000000001
2025-06,nippon:MF,89,0.5861000000000003
2025-06,nippon:NE,65,0.6865
2025-06,nippon:PH,36,0.9942999999999997
2025-06,nippon:PS,63,0.9902999999999998
2025-06,nippon:QP,35,0.9843000000000001
2025-06,nippon:SC,235,0.9598
2025-06,nippon:SE,73,0.9652000000000002
2025-06,nippon:SH,73,0.7248999999999999
2025-06,nippon:TS,62,0.9581
2025-06,ppfas:PPDAAF,8,0.1262
2025-06,ppfas:PPFCF,29,0.6658000000000001
2025-06,ppfas:PPTSF,34,0.8532
2025-06,sbi:SBAF,82,0.7262999999999997
2025-06,sbi:SBFS,30,0.9364000000000001
2025-06,sbi:SBI-AOF,28,0.9749999999999996
2025-06,sbi:SBLUECHIP,40,0.9471
2025-06,sbi:SCF,78,0.7898999999999998
2025-06,sbi:SCOF,45,0.9539000000000002
2025-06,sbi:SDYF,45,0.9762999999999995
2025-06,sbi:SEHF,41,0.7416999999999997
2025-06,sbi:SEMVF,50,0.9968
2025-06,sbi:SEOF,35,0.9588999999999999
2025-06,sbi:SFEF,25,0.7898
2025-06,sbi:SFLEXI,52,0.9192
2025-06,sbi:SHOF,28,0.9221999999999997
2025-06,sbi:SIF,36,0.9513999999999997
2025-06,sbi:SIOF,36,0.9670000000000001
2025-06,sbi:SLMF,72,0.9490999999999996
2025-06,sbi:SLTEF,66,0.9391000000000002
2025-06,sbi:SMAAF,58,0.5043000000000001
2025-06,sbi:SMCF,53,0.9445000000000002
2025-06,sbi:SMCOMMA,27,0.9662
2025-06,sbi:SMEEF,37,0.9640999999999997
2025-06,sbi:SMGLF,32,0.9735
2025-06,sbi:SMIDCAP,54,0.9408999999999998
2025-06,sbi:SPSU,26,0.9533000000000001
2025-06,sbi:SQF,33,0.991
2025-06,sbi:SSCF,64,0.8256
2025-06,sbi:STOF,25,0.8363999999999999
2025-06,uti:002,48,0.39430000000000015
2025-06,uti:017,55,0.9608999999999999
2025-06,uti:042,53,0.9612999999999998
2025-06,uti:049,67,0.9545999999999998
2025-06,uti:066,62,0.6842000000000001
2025-06,uti:101,50,0.9575000000000001
2025-06,uti:118,40,0.9889
2025-06,uti:125,58,0.9686000000000001
2025-06,uti:160,89,0.9730999999999999
2025-06,uti:161,53,0.9371999999999998
2025-06,uti:162,38,0.9592999999999999
2025-06,uti:163,30,0.9793999999999999
2025-06,uti:190,51,0.9690999999999999
2025-06,uti:193,55,0.9901999999999999
2025-06,uti:251,41,0.9786
2025-06,uti:322,80,0.6707999999999998
2025-06,uti:751,86,0.9541999999999997
2025-06,uti:753,30,0.9831999999999997
2025-06,uti:773,59,0.6752
2025-06,uti:775,26,0.9627999999999999
2025-06,uti:783,73,0.9164
2025-06,uti:787,64,0.9292999999999998
2025-07,absl:ABSLBCF,67,0.9598576139999999
2025-07,absl:ABSLCONF,39,0.9823642390000001
2025-07,absl:ABSLESG,54,0.9602469930000002
2025-07,absl:ABSLMAAF,60,0.671715872
2025-07,absl:ABSLMCF,87,0.9747840820000001
2025-07,absl:ABSLQF,42,0.9945769780000003
2025-07,absl:ABSLSO,60,0.9750849749999999
2025-07,absl:ABSLTNLF,33,0.988826084
2025-07,absl:ADVG,76,0.9772698249999997
2025-07,absl:BDYP,53,0.9303870419999999
2025-07,absl:BINFRA,57,0.9413936199999999
2025-07,absl:BSL95F,79,0.7595803019999998
2025-07,absl:BSLBKFS,36,0.9783355240000003
2025-07,absl:BSLDAAF,72,0.6653971370000001
2025-07,absl:BSLEQTY,73,0.969924525
2025-07,absl:BSLFEF,77,0.9522671010000002
2025-07,absl:BSLMFG,61,0.984917639
2025-07,absl:BSLNMF,34,0.932236174
2025-07,absl:BSLPHF,35,0.980516156
2025-07,absl:BSLR96,61,0.985044875
2025-07,absl:BSLTA1,91,0.946993408
2025-07,absl:BTOP100,29,0.9557771340000002
2025-07,absl:GENNEXT,78,0.9918465329999996
2025-07,absl:MIDCAP,74,0.9646100150000003
2025-07,absl:MNC,68,0.9679535049999998
2025-07,absl:PSUEQ,32,0.970322581
2025-07,absl:PURE,70,0.957041403
2025-07,axis:AXISBCF,82,0.9506000000000001
2025-07,axis:AXISCON,70,0.989
2025-07,axis:AXISDEF,103,0.6867999999999994
2025-07,axis:AXISEHF,86,0.7874999999999994
2025-07,axis:AXISEQF,54,0.9515999999999998
2025-07,axis:AXISESG,46,0.9590999999999998
2025-07,axis:AXISF25,25,0.935
2025-07,axis:AXISGOF,87,0.9076999999999997
2025-07,axis:AXISIMF,91,0.9944
2025-07,axis:AXISMCF,96,0.9184
2025-07,axis:AXISMIF,42,0.9738000000000002
2025-07,axis:AXISMLC,120,0.9833000000000005
2025-07,axis:AXISMLF,57,0.9477999999999999
2025-07,axis:AXISQUA,38,0.9905
2025-07,axis:AXISSCF,133,0.8962000000000001
2025-07,axis:AXISSOF,29,0.6538000000000002
2025-07,axis:AXISSSF,60,0.8116000000000001
2025-07,axis:AXISTAF,74,0.6812999999999998
2025-07,axis:AXISTSF,92,0.9742000000000001
2025-07,axis:AXISVAL,91,0.9862000000000003
2025-07,dsp:Aggressive Hybrid,42,0.6695999999999998
2025-07,dsp:Banking and Financial Services,23,0.8848
2025-07,dsp:Business Cycle Fund,49,0.9263
2025-07,dsp:DAAF,64,0.6637000000000002
2025-07,dsp:Flexi Cap,59,0.9664999999999999
2025-07,dsp:Focused,29,0.9190000000000002
2025-07,dsp:HEALTHCARE,24,0.8552999999999997
2025-07,dsp:Large & Mid Cap,73,0.9581000000000001
2025-07,dsp:Large Cap,32,0.9091999999999999
2025-07,dsp:MIDCAP,57,0.9434000000000001
2025-07,dsp:Multi Asset,34,0.34859999999999997
2025-07,dsp:Multicap Fund,65,0.9462999999999997
2025-07,dsp:NRNEF,22,0.8255999999999999
2025-07,dsp:QUANT,40,0.9805000000000003
2025-07,dsp:SMALLCAP,77,0.9143
2025-07,dsp:TAX,62,0.9585999999999998
2025-07,dsp:TIGER,69,0.9222999999999999
2025-07,dsp:VALUE,51,0.6550000000000001
2025-07,hdfc:HDFCBKGFSF,31,0.9746000000000001
2025-07,hdfc:HDFCBUSICY,67,0.9295000000000002
2025-07,hdfc:HDFCCB,74,0.9855999999999999
2025-07,hdfc:HDFCCS,29,0.8532000000000001
2025-07,hdfc:HDFCDFNFND,24,0.9461999999999999
2025-07,hdfc:HDFCDIVYLD,131,0.9822999999999998
2025-07,hdfc:HDFCEQ,50,0.8819
2025-07,hdfc:HDFCGR,142,0.6572999999999998
2025-07,hdfc:HDFCHOF117,34,0.9692
2025-07,hdfc:HDFCINNOVF,50,0.8478000000000002
2025-07,hdfc:HDFCLARGEF,223,0.9894999999999997
2025-07,hdfc:HDFCMANFFN,86,0.9891999999999999
2025-07,hdfc:HDFCMNCFND,38,0.9588000000000001
2025-07,hdfc:HDFCMULCAP,239,0.9858000000000002
2025-07,hdfc:HDFCNCCFND,45,0.9978999999999999
2025-07,hdfc:HDFCPHARHC,29,0.982
2025-07,hdfc:HDFCPM,42,0.6772999999999998
2025-07,hdfc:HDFCSMALLF,82,0.9109
2025-07,hdfc:HDFCT2,48,0.9596
2025-07,hdfc:HDFCTECHFD,29,0.9712999999999999
2025-07,hdfc:HDFCTRALFD,32,0.9896000000000001
2025-07,hdfc:HDFCTS,54,0.9359999999999999
2025-07,hdfc:HDINFG,57,0.9054000000000001
2025-07,hdfc:MIDCAP,73,0.9275999999999996
2025-07,hdfc:MY2005,75,0.6664999999999999
2025-07,icici:BAF,87,0.671598229
2025-07,icici:BANFIN SERVICES,41,0.9517859000000003
2025-07,icici:BCYCLE,65,0.9023931209999997
2025-07,icici:BHACON,55,0.93824201
2025-07,icici:BLUECHIP,63,0.9062474870000004
2025-07,icici:COMFUND,48,0.9317443209999999
2025-07,icici:DISCO,60,0.8992835470000001
2025-07,icici:DIVYLD,64,0.9454448839999996
2025-07,icici:E&DF,98,0.757761728
2025-07,icici:ENERGY,59,0.9244420419999998
2025-07,icici:ESGFUND,50,0.9507563499999998
2025-07,icici:EXPORTS,60,0.9233377960000001
2025-07,icici:FLEXCAP,69,0.9760564100000003
2025-07,icici:FMCG,23,0.952411424
2025-07,icici:FOCUSED,28,0.9578408549999999
2025-07,icici:HOUSING,44,0.8918772529999999
2025-07,icici:INDOPP,71,0.9357749459999997
2025-07,icici:INFRA,62,0.9237288230000001
2025-07,icici:INNOVA,55,0.915893262
2025-07,icici:LARGE & MIDCAP,89,0.916292178
2025-07,icici:LTEF,83,0.9849827270000001
2025-07,icici:MGFINDIA,96,0.9807931159999999
2025-07,icici:MIDCAP,86,0.9792667370000001
2025-07,icici:MNCFUND,47,0.9263691579999997
2025-07,icici:MOMACT,29,0.2546487210000001
2025-07,icici:MULTI,107,0.662369797
2025-07,icici:MULTICAP,110,0.923951606
2025-07,icici:PHARMA,36,0.9588595619999998
2025-07,icici:PSUEQU,30,0.9396440330000001
2025-07,icici:QUALITY,62,0.875882592
2025-07,icici:QUANT,55,0.9451817940000001
2025-07,icici:RURALOPP,38,0.8352501370000003
2025-07,icici:SMALL,100,0.8409712959999999
2025-07,icici:TECH,62,0.8812159119999999
2025-07,icici:TRANSPO,44,0.9348718099999997
2025-07,icici:VARIANCE,34,0.8703717339999999
2025-07,kotak:BAL,56,0.7217999999999998
2025-07,kotak:BFS,29,0.9861999999999999
2025-07,kotak:CMP,40,0.9611000000000002
2025-07,kotak:CON,57,0.9828999999999994
2025-07,kotak:ELS,53,0.9928
2025-07,kotak:EME,61,0.9797999999999999
2025-07,kotak:ESG,47,0.9728000000000001
2025-07,kotak:HLC,30,0.9440999999999998
2025-07,kotak:K30,60,0.9584
2025-07,kotak:KBA,107,0.6779999999999997
2025-07,kotak:KBC,55,0.9939000000000002
2025-07,kotak:KEO,33,0.8855000000000003
2025-07,kotak:KFE,29,0.9887999999999997
2025-07,kotak:KIE,55,0.9904999999999999
2025-07,kotak:KMI,59,0.9721999999999996
2025-07,kotak:KMN,46,0.9833
2025-07,kotak:KOP,66,0.9810000000000001
2025-07,kotak:KPF,45,0.8194000000000001
2025-07,kotak:KQT,49,0.9824999999999997
2025-07,kotak:MAF,54,0.6884
2025-07,kotak:MID,78,0.9792
2025-07,kotak:MUC,66,0.9858000000000002
2025-07,kotak:SEF,57,0.9766999999999999
2025-07,kotak:SPO,43,0.9777999999999999
2025-07,kotak:TAL,29,0.9868
2025-07,kotak:TCH,24,0.9699000000000001
2025-07,mirae:MABAF,104,0.6679049819999998
2025-07,mirae:MABFF,31,0.980152482
2025-07,mirae:MAEBF,95,0.9904353319999997
2025-07,mirae:MAFCF,84,0.9564921049999995
2025-07,mirae:MAFF,29,0.9565087939999999
2025-07,mirae:MAHCF,31,0.9962583840000001
2025-07,mirae:MAIPF,78,0.745252131
2025-07,mirae:MAMAAF,108,0.6809383710000001
2025-07,mirae:MAMCF,72,0.9794663650000002
2025-07,mirae:MAMPF,82,0.9860758349999998
2025-07,mirae:MASCF,73,0.9322814230000002
2025-07,mirae:MATSF,81,0.9901730700000001
2025-07,mirae:MICCF,40,0.9777002870000002
2025-07,mirae:MIIOF,79,0.98929921485
2025-07,nippon:AM,41,0.9642999999999999
2025-07,nippon:BF,30,0.9856000000000001
2025-07,nippon:EA,69,0.9886999999999997
2025-07,nippon:EO,130,0.9813999999999996
2025-07,nippon:GF,95,0.9860000000000001
2025-07,nippon:GS,84,0.9895000000000003
2025-07,nippon:IT,45,0.9675
2025-07,nippon:LC,89,0.9578000000000002
2025-07,nippon:LE,30,0.9661999999999998
2025-07,nippon:MC,20,0.6947
2025-07,nippon:ME,36,0.9615999999999998
2025-07,nippon:MF,91,0.5824000000000001
2025-07,nippon:NE,77,0.6917
2025-07,nippon:PH,37,0.9944999999999997
2025-07,nippon:PS,63,0.9872000000000002
2025-07,nippon:QP,35,0.9895
2025-07,nippon:SC,237,0.9576000000000001
2025-07,nippon:SE,73,0.9592000000000002
2025-07,nippon:SH,73,0.7148000000000005
2025-07,nippon:TS,61,0.9691000000000001
2025-07,ppfas:PPDAAF,8,0.12639999999999998
2025-07,ppfas:PPFCF,28,0.6436999999999999
2025-07,ppfas:PPTSF,33,0.8475
2025-07,sbi:SBAF,78,0.7045999999999999
2025-07,sbi:SBFS,31,0.9250999999999998
2025-07,sbi:SBI-AOF,27,0.9674
2025-07,sbi:SBIRIOS,32,0.8343999999999999
2025-07,sbi:SBLUECHIP,37,0.9529000000000001
2025-07,sbi:SCF,79,0.7865000000000001
2025-07,sbi:SCOF,46,0.9822000000000001
2025-07,sbi:SDYF,45,0.9754000000000002
2025-07,sbi:SEHF,44,0.7415999999999999
2025-07,sbi:SEMVF,50,0.9987
2025-07,sbi:SEOF,33,0.9377999999999999
2025-07,sbi:SFEF,25,0.7931
2025-07,sbi:SFLEXI,53,0.8990000000000002
2025-07,sbi:SHOF,29,0.9350999999999999
2025-07,sbi:SIF,34,0.9479000000000003
2025-07,sbi:SIOF,36,0.9512
2025-07,sbi:SLMF,72,0.9441999999999999
2025-07,sbi:SLTEF,68,0.9371999999999999
2025-07,sbi:SMAAF,60,0.5001
2025-07,sbi:SMCF,55,0.94
2025-07,sbi:SMCOMMA,28,0.9601
2025-07,sbi:SMEEF,36,0.9580000000000001
2025-07,sbi:SMGLF,35,0.9624
2025-07,sbi:SMIDCAP,53,0.9492
2025-07,sbi:SPSU,26,0.9732000000000001
2025-07,sbi:SQF,31,0.9821999999999999
2025-07,sbi:SSCF,64,0.8332999999999998
2025-07,sbi:STOF,25,0.8579000000000001
2025-07,uti:002,48,0.3856999999999999
2025-07,uti:017,54,0.9661000000000001
2025-07,uti:042,54,0.9608000000000001
2025-07,uti:049,70,0.9513000000000004
2025-07,uti:066,62,0.6648000000000001
2025-07,uti:101,50,0.9560000000000001
2025-07,uti:118,41,0.9766000000000002
2025-07,uti:125,56,0.9937
2025-07,uti:160,92,0.9817
2025-07,uti:161,55,0.9435999999999999
2025-07,uti:162,39,0.9582999999999999
2025-07,uti:163,28,0.9859
2025-07,uti:190,52,0.9457999999999999
2025-07,uti:193,56,0.9914000000000003
2025-07,uti:251,43,0.9851999999999996
2025-07,uti:322,83,0.6581999999999999
2025-07,uti:751,88,0.9462
2025-07,uti:753,30,0.9817999999999999
2025-07,uti:773,62,0.6821999999999999
2025-07,uti:775,25,0.9517
2025-07,uti:783,72,0.9177999999999997
2025-07,uti:787,68,0.9360999999999998
2025-08,absl:ABSLBCF,64,0.969426886
2025-08,absl:ABSLCONF,41,0.9865270119999999
2025-08,absl:ABSLESG,54,0.9890551900000001
2025-08,absl:ABSLMAAF,60,0.6531157630000003
2025-08,absl:ABSLMCF,90,0.9680556139999996
2025-08,absl:ABSLQF,43,0.991857358
2025-08,absl:ABSLSO,62,0.9827510390000002
2025-08,absl:ABSLTNLF,35,0.9871547819999998
2025-08,absl:ADVG,73,0.9682163850000002
2025-08,absl:BDYP,53,0.9268287259999997
2025-08,absl:BINFRA,58,0.9576410589999999
2025-08,absl:BSL95F,80,0.7597922720000001
2025-08,absl:BSLBKFS,36,0.97383175
2025-08,absl:BSLDAAF,73,0.6847576210000004
2025-08,absl:BSLEQTY,75,0.9811948620000004
2025-08,absl:BSLFEF,79,0.9466436510000004
2025-08,absl:BSLMFG,61,0.9911261950000001
2025-08,absl:BSLNMF,31,0.928594751
2025-08,absl:BSLPHF,36,0.9785708449999999
2025-08,absl:BSLR96,60,0.9799916380000001
2025-08,absl:BSLTA1,93,0.96062444
2025-08,absl:BTOP100,29,0.954499184
2025-08,absl:GENNEXT,79,0.9930410129999997
2025-08,absl:MIDCAP,77,0.9681729379999999
2025-08,absl:MNC,72,0.9678421919999999
2025-08,absl:PSUEQ,32,0.9639753649999998
2025-08,absl:PURE,72,0.9622417890000002
2025-08,axis:AXISBCF,83,0.9799999999999999
2025-08,axis:AXISCON,72,0.9884000000000003
2025-08,axis:AXISDEF,102,0.6960999999999998
2025-08,axis:AXISEHF,88,0.7797999999999998
2025-08,axis:AXISEQF,51,0.9619999999999999
2025-08,axis:AXISESG,47,0.9639
2025-08,axis:AXISF25,24,0.9359000000000002
2025-08,axis:AXISGOF,92,0.9018000000000002
2025-08,axis:AXISIMF,90,0.9744999999999997
2025-08,axis:AXISMCF,95,0.8923
2025-08,axis:AXISMIF,41,0.9603999999999999
2025-08,axis:AXISMLC,122,0.9850999999999996
2025-08,axis:AXISMLF,58,0.9239000000000002
2025-08,axis:AXISQUA,38,0.9661000000000002
2025-08,axis:AXISSCF,135,0.8925999999999996
2025-08,axis:AXISSOF,34,0.8922999999999998
2025-08,axis:AXISSSF,60,0.8122000000000001
2025-08,axis:AXISTAF,76,0.6944999999999997
2025-08,axis:AXISTSF,91,0.9812999999999996
2025-08,axis:AXISVAL,94,0.9833000000000004
2025-08,dsp:Aggressive Hybrid,40,0.6722999999999999
2025-08,dsp:Banking and Financial Services,24,0.8825000000000001
2025-08,dsp:Business Cycle Fund,50,0.9227
2025-08,dsp:DAAF,55,0.6658
2025-08,dsp:Flexi Cap,58,0.9791000000000002
2025-08,dsp:Focused,30,0.9421000000000002
2025-08,dsp:HEALTHCARE,24,0.8417999999999999
2025-08,dsp:Large & Mid Cap,71,0.9704000000000004
2025-08,dsp:Large Cap,30,0.8959000000000001
2025-08,dsp:MIDCAP,58,0.9420999999999999
2025-08,dsp:Multi Asset,34,0.35059999999999997
2025-08,dsp:Multicap Fund,65,0.9496000000000001
2025-08,dsp:NRNEF,22,0.8123000000000001
2025-08,dsp:QUANT,41,0.9763000000000001
2025-08,dsp:SMALLCAP,78,0.9059000000000001
2025-08,dsp:TAX,61,0.9780000000000002
2025-08,dsp:TIGER,69,0.8945000000000001
2025-08,dsp:VALUE,50,0.6495000000000001
2025-08,hdfc:HDFCBKGFSF,31,0.9834000000000002
2025-08,hdfc:HDFCBUSICY,68,0.9531000000000001
2025-08,hdfc:HDFCCB,75,0.9947999999999999
2025-08,hdfc:HDFCCS,29,0.8576
2025-08,hdfc:HDFCDFNFND,24,0.9393
2025-08,hdfc:HDFCDIVYLD,130,0.9801
2025-08,hdfc:HDFCEQ,50,0.8860000000000002
2025-08,hdfc:HDFCGR,143,0.6538999999999995
2025-08,hdfc:HDFCHOF117,35,0.9793999999999998
2025-08,hdfc:HDFCINNOVF,56,0.9619999999999999
2025-08,hdfc:HDFCLARGEF,222,0.9847999999999996
2025-08,hdfc:HDFCMANFFN,84,0.9982999999999999
2025-08,hdfc:HDFCMNCFND,35,0.9717
2025-08,hdfc:HDFCMULCAP,239,0.9775999999999992
2025-08,hdfc:HDFCNCCFND,44,0.9683999999999999
2025-08,hdfc:HDFCPHARHC,29,0.9888999999999999
2025-08,hdfc:HDFCPM,43,0.6752999999999997
2025-08,hdfc:HDFCSMALLF,82,0.8965999999999997
2025-08,hdfc:HDFCT2,48,0.9717999999999999
2025-08,hdfc:HDFCTECHFD,29,0.9574
2025-08,hdfc:HDFCTRALFD,33,0.9775
2025-08,hdfc:HDFCTS,53,0.9311000000000003
2025-08,hdfc:HDINFG,55,0.8955
2025-08,hdfc:MIDCAP,72,0.9301999999999997
2025-08,hdfc:MY2005,73,0.6660999999999997
2025-08,icici:BAF,89,0.6663582330000001
2025-08,icici:BANFIN SERVICES,41,0.966567247
2025-08,icici:BCYCLE,67,0.8838245309999998
2025-08,icici:BHACON,55,0.9454121869999998
2025-08,icici:BLUECHIP,63,0.9006272970000002
2025-08,icici:COMFUND,49,0.9387603769999998
2025-08,icici:DISCO,61,0.9095492339999998
2025-08,icici:DIVYLD,64,0.9157082179999996
2025-08,icici:E&DF,95,0.7260150259999998
2025-08,icici:ENERGY,59,0.8931743770000004
2025-08,icici:ESGFUND,48,0.9411133770000002
2025-08,icici:EXPORTS,62,0.9588808069999997
2025-08,icici:FLEXCAP,68,0.961586929
2025-08,icici:FMCG,24,0.9749125120000001
2025-08,icici:FOCUSED,29,0.9791817350000002
2025-08,icici:HOUSING,44,0.8909619920000001
2025-08,icici:INDOPP,72,0.938461865
2025-08,icici:INFRA,65,0.9424179339999997
2025-08,icici:INNOVA,50,0.8746168049999999
2025-08,icici:LARGE & MIDCAP,89,0.9537912480000004
2025-08,icici:LTEF,80,0.9724023400000004
2025-08,icici:MGFINDIA,96,0.9868028239999997
2025-08,icici:MIDCAP,88,0.982231382
2025-08,icici:MNCFUND,50,0.9256851219999999
2025-08,icici:MOMACT,40,0.8078269690000001
2025-08,icici:MULTI,108,0.663809875
2025-08,icici:MULTICAP,147,0.9728848850000006
2025-08,icici:PHARMA,37,0.958816544
2025-08,icici:PSUEQU,30,0.9323294200000001
2025-08,icici:QUALITY,64,0.8836366620000001
2025-08,icici:QUANT,57,0.9047585550000001
2025-08,icici:RURALOPP,46,0.9020484580000002
2025-08,icici:SMALL,104,0.8548305550000002
2025-08,icici:TECH,62,0.873430024
2025-08,icici:TRANSPO,44,0.9326812569999999
2025-08,icici:VARIANCE,35,0.917345681
2025-08,kotak:BAL,57,0.7605000000000003
2025-08,kotak:BFS,30,0.9815999999999999
2025-08,kotak:CMP,39,0.9693999999999998
2025-08,kotak:CON,55,0.9893
2025-08,kotak:ELS,53,0.9881999999999997
2025-08,kotak:EME,64,0.9788
2025-08,kotak:ESG,48,0.9855
2025-08,kotak:HLC,30,0.9538999999999999
2025-08,kotak:K30,60,0.9646999999999999
2025-08,kotak:KBA,107,0.6695000000000003
2025-08,kotak:KBC,56,0.9768
2025-08,kotak:KEO,33,0.9025000000000002
2025-08,kotak:KFE,28,0.9707
2025-08,kotak:KIE,54,0.9934000000000002
2025-08,kotak:KMI,57,0.9622999999999999
2025-08,kotak:KMN,46,0.9938999999999998
2025-08,kotak:KOP,67,0.986
2025-08,kotak:KPF,46,0.8107
2025-08,kotak:KQT,49,0.9870999999999999
2025-08,kotak:MAF,55,0.6919999999999996
2025-08,kotak:MID,80,0.9927999999999999
2025-08,kotak:MUC,67,0.9903999999999998
2025-08,kotak:SEF,58,0.9558000000000003
2025-08,kotak:SPO,42,0.9788999999999998
2025-08,kotak:TAL,30,0.9648000000000001
2025-08,kotak:TCH,24,0.9666
2025-08,mirae:MABAF,107,0.6630142550000003
2025-08,mirae:MABFF,30,0.9912512879999997
2025-08,mirae:MAEBF,92,0.9921659199999999
2025-08,mirae:MAFCF,85,0.9675448629999998
2025-08,mirae:MAFF,30,0.972073847
2025-08,mirae:MAHCF,30,0.9958525970000001
2025-08,mirae:MAIPF,80,0.7591695729999999
2025-08,mirae:MAMAAF,109,0.6617867889999997
2025-08,mirae:MAMCF,70,0.9878714180000003
2025-08,mirae:MAMPF,78,0.9961461180000004
2025-08,mirae:MASCF,74,0.9401897670000001
2025-08,mirae:MATSF,79,0.9967657229999998
2025-08,mirae:MICCF,40,0.9834228420000001
2025-08,mirae:MIIOF,83,0.9963749123000007
2025-08,nippon:AM,41,0.9754000000000002
2025-08,nippon:BF,31,0.9821000000000001
2025-08,nippon:EA,66,0.9845999999999997
2025-08,nippon:EO,129,0.9748000000000003
2025-08,nippon:GF,94,0.9757999999999999
2025-08,nippon:GS,76,0.9668999999999999
2025-08,nippon:IT,44,0.9341000000000002
2025-08,nippon:LC,88,0.9780000000000001
2025-08,nippon:LE,29,0.9519
2025-08,nippon:MC,30,0.9274
2025-08,nippon:ME,39,0.9770999999999999
2025-08,nippon:MF,95,0.5690000000000001
2025-08,nippon:NE,78,0.6964000000000001
2025-08,nippon:PH,37,0.9945999999999999
2025-08,nippon:PS,64,0.9936999999999999
2025-08,nippon:QP,36,0.9908
2025-08,nippon:SC,235,0.9492
2025-08,nippon:SE,75,0.9368000000000002
2025-08,nippon:SH,75,0.713
2025-08,nippon:TS,62,0.9664999999999999
2025-08,ppfas:PPDAAF,9,0.13599999999999998
2025-08,ppfas:PPFCF,28,0.6364000000000001
2025-08,ppfas:PPTSF,33,0.8557
2025-08,sbi:SBAF,87,0.6916999999999996
2025-08,sbi:SBFS,31,0.9740000000000002
2025-08,sbi:SBI-AOF,26,0.9680999999999998
2025-08,sbi:SBIRIOS,32,0.8206
2025-08,sbi:SBLUECHIP,40,0.9849000000000003
2025-08,sbi:SCF,79,0.7675000000000002
2025-08,sbi:SCOF,45,0.9572000000000002
2025-08,sbi:SDYF,44,0.9630999999999998
2025-08,sbi:SEHF,45,0.7520999999999998
2025-08,sbi:SEMVF,50,0.9992000000000003
2025-08,sbi:SEOF,33,0.9316999999999999
2025-08,sbi:SFEF,26,0.8106999999999999
2025-08,sbi:SFLEXI,56,0.9281000000000005
2025-08,sbi:SHOF,30,0.9195000000000002
2025-08,sbi:SIF,35,0.9727000000000001
2025-08,sbi:SIOF,38,0.992
2025-08,sbi:SLMF,71,0.9353999999999999
2025-08,sbi:SLTEF,71,0.9420999999999998
2025-08,sbi:SMAAF,60,0.4651999999999999
2025-08,sbi:SMCF,56,0.8978000000000002
2025-08,sbi:SMCOMMA,31,0.9857
2025-08,sbi:SMEEF,36,0.9765000000000004
2025-08,sbi:SMGLF,35,0.9682
2025-08,sbi:SMIDCAP,54,0.9448
2025-08,sbi:SPSU,24,0.9624
2025-08,sbi:SQF,30,0.9817999999999999
2025-08,sbi:SSCF,65,0.8373999999999997
2025-08,sbi:STOF,25,0.8523000000000001
2025-08,uti:002,49,0.38760000000000006
2025-08,uti:017,55,0.9631000000000003
2025-08,uti:042,55,0.9628
2025-08,uti:049,69,0.9548999999999997
2025-08,uti:066,62,0.6642000000000001
2025-08,uti:101,51,0.9666000000000002
2025-08,uti:118,41,0.9934999999999998
2025-08,uti:125,55,0.9895999999999999
2025-08,uti:160,95,0.9820999999999998
2025-08,uti:161,59,0.9536000000000001
2025-08,uti:162,38,0.9472
2025-08,uti:163,28,0.9824
2025-08,uti:190,48,0.941
2025-08,uti:193,57,0.9944000000000001
2025-08,uti:251,43,0.9865999999999996
2025-08,uti:322,83,0.6607999999999999
2025-08,uti:751,88,0.9431999999999996
2025-08,uti:753,30,0.9854999999999998
2025-08,uti:773,61,0.681
2025-08,uti:775,25,0.9549999999999998
2025-08,uti:783,78,0.9312999999999999
2025-08,uti:787,72,0.9348999999999998
2025-09,absl:ABSLBCF,66,0.9746046899999998
2025-09,absl:ABSLCONF,40,0.982571669
2025-09,absl:ABSLESG,54,0.9865147390000002
2025-09,absl:ABSLMAAF,63,0.6454682809999999
2025-09,absl:ABSLMCF,88,0.971698261
2025-09,absl:ABSLQF,46,0.997347719
2025-09,absl:ABSLSO,62,0.9710090570000003
2025-09,absl:ABSLTNLF,35,0.988721916
2025-09,absl:ADVG,69,0.97539029
2025-09,absl:BDYP,53,0.9286582050000003
2025-09,absl:BINFRA,57,0.9482814129999998
2025-09,absl:BSL95F,80,0.7600816579999999
2025-09,absl:BSLBKFS,34,0.9749012979999999
2025-09,absl:BSLDAAF,76,0.6725257410000001
2025-09,absl:BSLEQTY,74,0.9755494020000001
2025-09,absl:BSLFEF,77,0.9501875050000002
2025-09,absl:BSLMFG,61,0.987974046
2025-09,absl:BSLNMF,30,0.92589006
2025-09,absl:BSLPHF,36,0.9833812900000003
2025-09,absl:BSLR96,60,0.9834311710000002
2025-09,absl:BSLTA1,90,0.9527731059999998
2025-09,absl:BTOP100,29,0.9512155790000002
2025-09,absl:GENNEXT,78,0.9904891010000002
2025-09,absl:MIDCAP,77,0.971327531
2025-09,absl:MNC,72,0.98517738
2025-09,absl:PSUEQ,32,0.9759099769999999
2025-09,absl:PURE,71,0.9610117910000006
2025-09,axis:AXISBCF,83,0.9699000000000003
2025-09,axis:AXISCON,70,0.9830000000000002
2025-09,axis:AXISDEF,103,0.7062999999999997
2025-09,axis:AXISEHF,87,0.7706999999999999
2025-09,axis:AXISEQF,49,0.9580000000000004
2025-09,axis:AXISESG,47,0.9854999999999999
2025-09,axis:AXISF25,25,0.9518000000000001
2025-09,axis:AXISGOF,93,0.9031999999999997
2025-09,axis:AXISIMF,88,0.9923999999999997
2025-09,axis:AXISMCF,95,0.9163
2025-09,axis:AXISMIF,40,0.9683
2025-09,axis:AXISMLC,123,0.9795000000000001
2025-09,axis:AXISMLF,58,0.9267999999999998
2025-09,axis:AXISQUA,37,0.9907999999999999
2025-09,axis:AXISSCF,137,0.8918999999999998
2025-09,axis:AXISSOF,34,0.9045
2025-09,axis:AXISSSF,62,0.8114000000000001
2025-09,axis:AXISTAF,78,0.6858999999999998
2025-09,axis:AXISTSF,91,0.9754999999999999
2025-09,axis:AXISVAL,95,0.9885000000000002
2025-09,dsp:Aggressive Hybrid,40,0.6941000000000002
2025-09,dsp:Banking and Financial Services,26,0.9013
2025-09,dsp:Business Cycle Fund,49,0.9302999999999999
2025-09,dsp:DAAF,52,0.6615999999999996
2025-09,dsp:Flexi Cap,57,0.9876000000000003
2025-09,dsp:Focused,29,0.9212000000000002
2025-09,dsp:HEALTHCARE,24,0.8462000000000001
2025-09,dsp:Large & Mid Cap,71,0.9745999999999998
2025-09,dsp:Large Cap,30,0.9058999999999999
2025-09,dsp:MIDCAP,59,0.9531000000000001
2025-09,dsp:Multi Asset,34,0.34520000000000006
2025-09,dsp:Multicap Fund,66,0.9349000000000002
2025-09,dsp:NRNEF,22,0.8643
2025-09,dsp:QUANT,40,0.9877
2025-09,dsp:SMALLCAP,79,0.9083
2025-09,dsp:TAX,59,0.9696
2025-09,dsp:TIGER,68,0.9001000000000002
2025-09,dsp:VALUE,50,0.6492999999999999
2025-09,hdfc:HDFCBKGFSF,28,0.9722999999999999
2025-09,hdfc:HDFCBUSICY,70,0.9643999999999999
2025-09,hdfc:HDFCCB,72,0.982
2025-09,hdfc:HDFCCS,29,0.8553999999999999
2025-09,hdfc:HDFCDFNFND,24,0.9853
2025-09,hdfc:HDFCDIVYLD,127,0.9847999999999996
2025-09,hdfc:HDFCEQ,50,0.8798
2025-09,hdfc:HDFCGR,144,0.6710999999999997
2025-09,hdfc:HDFCHOF117,35,0.9783000000000001
2025-09,hdfc:HDFCINNOVF,59,0.9632999999999999
2025-09,hdfc:HDFCLARGEF,223,0.9888999999999994
2025-09,hdfc:HDFCMANFFN,84,0.9975999999999996
2025-09,hdfc:HDFCMNCFND,34,0.9945
2025-09,hdfc:HDFCMULCAP,194,0.9563000000000001
2025-09,hdfc:HDFCNCCFND,44,0.9595999999999999
2025-09,hdfc:HDFCPHARHC,29,0.9901000000000002
2025-09,hdfc:HDFCPM,43,0.6711999999999999
2025-09,hdfc:HDFCSMALLF,82,0.8981
2025-09,hdfc:HDFCT2,48,0.9801999999999998
2025-09,hdfc:HDFCTECHFD,29,0.9747000000000002
2025-09,hdfc:HDFCTRALFD,33,0.9955999999999999
2025-09,hdfc:HDFCTS,54,0.9378000000000001
2025-09,hdfc:HDINFG,55,0.8904999999999997
2025-09,hdfc:MIDCAP,73,0.9359999999999999
2025-09,hdfc:MY2005,73,0.6666000000000001
2025-09,icici:BAF,92,0.679786567
2025-09,icici:BANFIN SERVICES,39,0.958532884
2025-09,icici:BCYCLE,65,0.8802115349999998
2025-09,icici:BHACON,56,0.9684292249999997
2025-09,icici:BLUECHIP,63,0.9025596250000002
2025-09,icici:COMFUND,50,0.9348339029999999
2025-09,icici:DISCO,60,0.9100073929999997
2025-09,icici:DIVYLD,66,0.9135663810000001
2025-09,icici:E&DF,101,0.7301236539999998
2025-09,icici:ENERGY,61,0.9192050100000001
2025-09,icici:ESGFUND,49,0.9163380210000003
2025-09,icici:EXPORTS,63,0.9501361639999998
2025-09,icici:FLEXCAP,68,0.9569443600000003
2025-09,icici:FMCG,24,0.974618234
2025-09,icici:FOCUSED,29,0.9832839670000001
2025-09,icici:HOUSING,44,0.9187498899999996
2025-09,icici:INDOPP,72,0.9442716030000005
2025-09,icici:INFRA,66,0.9193478520000002
2025-09,icici:INNOVA,48,0.8978741890000002
2025-09,icici:LARGE & MIDCAP,91,0.9568805549999999
2025-09,icici:LTEF,82,0.9828308169999999
2025-09,icici:MGFINDIA,95,0.958535284
2025-09,icici:MIDCAP,86,0.9803706779999999
2025-09,icici:MNCFUND,50,0.9316084949999999
2025-09,icici:MOMACT,44,0.8268527020000004
2025-09,icici:MULTI,115,0.6676391570000001
2025-09,icici:MULTICAP,149,0.9604479150000004
2025-09,icici:PHARMA,41,0.9754771779999999
2025-09,icici:PSUEQU,29,0.926885424
2025-09,icici:QUALITY,69,0.9231227389999999
2025-09,icici:QUANT,54,0.9582984469999996
2025-09,icici:RURALOPP,46,0.8528163779999999
2025-09,icici:SMALL,101,0.8602354309999997
2025-09,icici:TECH,61,0.87354505
2025-09,icici:TRANSPO,41,0.970902897
2025-09,icici:VARIANCE,34,0.9283990480000003
2025-09,kotak:BAL,56,0.7610999999999994
2025-09,kotak:BFS,30,0.9869000000000002
2025-09,kotak:CMP,40,0.9504
2025-09,kotak:CON,56,0.9741
2025-09,kotak:ELS,52,0.9692000000000003
2025-09,kotak:EME,62,0.9808000000000002
2025-09,kotak:ESG,49,0.9862
2025-09,kotak:HLC,30,0.9768
2025-09,kotak:K30,60,0.9674
2025-09,kotak:KAM,50,0.9958999999999998
2025-09,kotak:KBA,109,0.6753
2025-09,kotak:KBC,55,0.9751
2025-09,kotak:KEO,35,0.8982000000000002
2025-09,kotak:KFE,28,0.9772999999999997
2025-09,kotak:KIE,55,0.9940999999999998
2025-09,kotak:KMI,56,0.9669999999999999
2025-09,kotak:KMN,43,0.9972
2025-09,kotak:KOP,65,0.9732999999999998
2025-09,kotak:KPF,46,0.7937999999999998
2025-09,kotak:KQT,61,0.9699999999999999
2025-09,kotak:MAF,54,0.6562000000000004
2025-09,kotak:MID,79,0.9755000000000005
2025-09,kotak:MUC,64,0.9815000000000002
2025-09,kotak:SEF,57,0.9713999999999997
2025-09,kotak:SPO,40,0.9705
2025-09,kotak:TAL,30,0.9933000000000001
2025-09,kotak:TCH,24,0.9599000000000004
2025-09,mirae:MABAF,107,0.6613276180000002
2025-09,mirae:MABFF,30,0.9906697590000002
2025-09,mirae:MAEBF,89,0.9883950570000001
2025-09,mirae:MAFCF,84,0.9795227119999996
2025-09,mirae:MAFF,30,0.99796312
2025-09,mirae:MAHCF,30,0.998909116
2025-09,mirae:MAIPF,80,0.768548711
2025-09,mirae:MAMAAF,120,0.6714840549999996
2025-09,mirae:MAMCF,69,0.9880983740000001
2025-09,mirae:MAMPF,75,0.9853469130000004
2025-09,mirae:MASCF,75,0.941921037
2025-09,mirae:MATSF,77,0.9918453669999998
2025-09,mirae:MICCF,39,0.9845881949999999
2025-09,mirae:MIIOF,84,0.9977551580999998
2025-09,nippon:AM,41,0.9832
2025-09,nippon:BF,31,0.9802
2025-09,nippon:EA,67,0.9911999999999999
2025-09,nippon:EO,127,0.9864000000000002
2025-09,nippon:GF,94,0.9691000000000001
2025-09,nippon:GS,78,0.9855000000000004
2025-09,nippon:IT,44,0.9533000000000003
2025-09,nippon:LC,86,0.9866000000000003
2025-09,nippon:LE,29,0.9511000000000002
2025-09,nippon:MC,31,0.9078000000000003
2025-09,nippon:ME,36,0.9686000000000001
2025-09,nippon:MF,91,0.5531
2025-09,nippon:NE,76,0.6996000000000001
2025-09,nippon:PH,37,0.9944000000000002
2025-09,nippon:PS,65,0.9942999999999999
2025-09,nippon:QP,36,0.9910000000000001
2025-09,nippon:SC,235,0.9516000000000004
2025-09,nippon:SE,74,0.9434999999999998
2025-09,nippon:SH,75,0.7144999999999998
2025-09,nippon:TS,61,0.9725
2025-09,ppfas:PPDAAF,9,0.13399999999999998
2025-09,ppfas:PPFCF,27,0.6313999999999997
2025-09,ppfas:PPTSF,32,0.8566
2025-09,sbi:SBAF,92,0.6979999999999997
2025-09,sbi:SBFS,30,0.9826999999999999
2025-09,sbi:SBI-AOF,27,0.9853999999999998
2025-09,sbi:SBIRIOS,33,0.9056999999999998
2025-09,sbi:SBLUECHIP,38,0.9695999999999998
2025-09,sbi:SCF,79,0.7852
2025-09,sbi:SCOF,46,0.9531000000000001
2025-09,sbi:SDYF,45,0.9713000000000002
2025-09,sbi:SEHF,44,0.7233999999999999
2025-09,sbi:SEMVF,50,0.9999000000000003
2025-09,sbi:SEOF,31,0.9400999999999996
2025-09,sbi:SFEF,26,0.8009000000000001
2025-09,sbi:SFLEXI,57,0.9409000000000001
2025-09,sbi:SHOF,29,0.9229999999999999
2025-09,sbi:SIF,34,0.9210999999999999
2025-09,sbi:SIOF,37,0.9779
2025-09,sbi:SLMF,71,0.9501000000000001
2025-09,sbi:SLTEF,71,0.9354999999999998
2025-09,sbi:SMAAF,61,0.44449999999999995
2025-09,sbi:SMCF,58,0.9194999999999999
2025-09,sbi:SMCOMMA,31,0.9388999999999998
2025-09,sbi:SMEEF,37,0.9861000000000001
2025-09,sbi:SMGLF,36,0.9837999999999998
2025-09,sbi:SMIDCAP,56,0.9367000000000001
2025-09,sbi:SPSU,25,0.9783
2025-09,sbi:SQF,27,0.9732
2025-09,sbi:SSCF,65,0.8285999999999999
2025-09,sbi:STOF,25,0.8503000000000001
2025-09,uti:002,49,0.3827000000000001
2025-09,uti:017,56,0.9725999999999999
2025-09,uti:042,55,0.9651
2025-09,uti:049,71,0.9712999999999998
2025-09,uti:066,63,0.6802
2025-09,uti:101,52,0.9600000000000002
2025-09,uti:118,41,0.9899000000000002
2025-09,uti:125,55,0.9827000000000001
2025-09,uti:160,92,0.9772000000000001
2025-09,uti:161,58,0.9606
2025-09,uti:162,38,0.9384000000000001
2025-09,uti:163,29,0.9951000000000001
2025-09,uti:190,48,0.9367000000000001
2025-09,uti:193,58,0.9881000000000002
2025-09,uti:251,43,0.969
2025-09,uti:322,81,0.6512999999999994
2025-09,uti:751,91,0.9635999999999998
2025-09,uti:753,29,0.9666000000000001
2025-09,uti:773,62,0.6922999999999998
2025-09,uti:775,26,0.9604000000000001
2025-09,uti:783,76,0.9350999999999997
2025-09,uti:787,72,0.9681000000000001
2025-10,absl:ABSLBCF,67,0.9726676380000001
2025-10,absl:ABSLCONF,40,0.9891642929999998
2025-10,absl:ABSLESG,53,0.9848744340000002
2025-10,absl:ABSLMAAF,64,0.662258588
2025-10,absl:ABSLMCF,89,0.9652826889999998
2025-10,absl:ABSLQF,45,0.9960077060000001
2025-10,absl:ABSLSO,64,0.967858502
2025-10,absl:ABSLTNLF,35,0.988997192
2025-10,absl:ADVG,71,0.9779994780000001
2025-10,absl:BDYP,52,0.9299604699999999
2025-10,absl:BINFRA,57,0.9530472929999998
2025-10,absl:BSL95F,81,0.7707909589999998
2025-10,absl:BSLBKFS,34,0.9759439809999998
2025-10,absl:BSLDAAF,80,0.6816442690000002
2025-10,absl:BSLEQTY,72,0.9798446249999999
2025-10,absl:BSLFEF,78,0.959349269
2025-10,absl:BSLMFG,62,0.9884062019999996
2025-10,absl:BSLNMF,30,0.9240196979999998
2025-10,absl:BSLPHF,36,0.9674330689999999
2025-10,absl:BSLR96,60,0.9873859620000003
2025-10,absl:BSLTA1,89,0.9424582540000003
2025-10,absl:BTOP100,29,0.9668928900000001
2025-10,absl:GENNEXT,81,0.994934339
2025-10,absl:MIDCAP,78,0.973820996
2025-10,absl:MNC,75,0.9839678420000002
2025-10,absl:PSUEQ,33,0.9792383379999998
2025-10,absl:PURE,70,0.9718188549999998
2025-10,axis:AXISBCF,86,0.9631000000000003
2025-10,axis:AXISCON,71,0.9977999999999998
2025-10,axis:AXISDEF,106,0.7095999999999998
2025-10,axis:AXISEHF,88,0.7747999999999998
2025-10,axis:AXISEQF,51,0.9676999999999999
2025-10,axis:AXISESG,47,0.9874
2025-10,axis:AXISF25,25,0.9608
2025-10,axis:AXISGOF,97,0.9194999999999998
2025-10,axis:AXISIMF,90,0.9919999999999999
2025-10,axis:AXISMCF,99,0.9421999999999996
2025-10,axis:AXISMIF,41,0.9833999999999998
2025-10,axis:AXISMLC,126,0.9896999999999997
2025-10,axis:AXISMLF,58,0.9339000000000002
2025-10,axis:AXISQUA,38,0.9807000000000001
2025-10,axis:AXISSCF,141,0.9055000000000003
2025-10,axis:AXISSOF,35,0.9365999999999995
2025-10,axis:AXISSSF,64,0.823
2025-10,axis:AXISTAF,89,0.7262000000000003
2025-10,axis:AXISTSF,98,0.9839999999999995
2025-10,axis:AXISVAL,96,0.9891999999999999
2025-10,dsp:Aggressive Hybrid,41,0.6875
2025-10,dsp:Banking and Financial Services,33,0.9386000000000001
2025-10,dsp:Business Cycle Fund,50,0.8992000000000002
2025-10,dsp:DAAF,54,0.6743999999999999
2025-10,dsp:Flexi Cap,59,0.9785
2025-10,dsp:Focused,29,0.9237000000000001
2025-10,dsp:HEALTHCARE,24,0.8358
2025-10,dsp:Large & Mid Cap,74,0.9754000000000006
2025-10,dsp:Large Cap,31,0.9043000000000003
2025-10,dsp:MIDCAP,61,0.9602000000000003
2025-10,dsp:Multi Asset,35,0.36879999999999996
2025-10,dsp:Multicap Fund,68,0.9515000000000002
2025-10,dsp:NRNEF,22,0.85
2025-10,dsp:QUANT,40,0.9615999999999999
2025-10,dsp:SMALLCAP,82,0.9280000000000004
2025-10,dsp:TAX,62,0.9897999999999998
2025-10,dsp:TIGER,69,0.9445
2025-10,dsp:VALUE,51,0.6628000000000001
2025-10,hdfc:HDFCBKGFSF,28,0.9702
2025-10,hdfc:HDFCBUSICY,72,0.9834
2025-10,hdfc:HDFCCB,75,0.9812000000000001
2025-10,hdfc:HDFCCS,29,0.8535000000000003
2025-10,hdfc:HDFCDFNFND,23,0.9887000000000001
2025-10,hdfc:HDFCDIVYLD,129,0.9860999999999996
2025-10,hdfc:HDFCEQ,50,0.8713999999999996
2025-10,hdfc:HDFCGR,141,0.6825999999999998
2025-10,hdfc:HDFCHOF117,35,0.9748000000000001
2025-10,hdfc:HDFCINNOVF,60,0.9544999999999998
2025-10,hdfc:HDFCLARGEF,225,0.9790999999999995
2025-10,hdfc:HDFCMANFFN,83,0.9961999999999999
2025-10,hdfc:HDFCMNCFND,36,0.9884000000000002
2025-10,hdfc:HDFCMULCAP,174,0.9742999999999997
2025-10,hdfc:HDFCNCCFND,47,0.9738000000000001
2025-10,hdfc:HDFCPHARHC,31,0.9831000000000004
2025-10,hdfc:HDFCPM,46,0.6897
2025-10,hdfc:HDFCSMALLF,82,0.9039000000000001
2025-10,hdfc:HDFCT2,49,0.9713000000000002
2025-10,hdfc:HDFCTECHFD,29,0.9814000000000002
2025-10,hdfc:HDFCTRALFD,35,0.9927
2025-10,hdfc:HDFCTS,54,0.9420999999999996
2025-10,hdfc:HDINFG,55,0.9053000000000002
2025-10,hdfc:MIDCAP,75,0.9393999999999998
2025-10,hdfc:MY2005,72,0.6567999999999997
2025-10,icici:BAF,91,0.6622460640000001
2025-10,icici:BANFIN SERVICES,40,0.9710065820000001
2025-10,icici:BCYCLE,69,0.8727684829999999
2025-10,icici:BHACON,60,0.9600601399999996
2025-10,icici:BLUECHIP,62,0.9019572000000002
2025-10,icici:COMFUND,47,0.9297713379999998
2025-10,icici:CONGLO,23,0.467410683
2025-10,icici:DISCO,58,0.9149425000000001
2025-10,icici:DIVYLD,63,0.9301205860000002
2025-10,icici:E&DF,108,0.7406002009999997
2025-10,icici:ENERGY,62,0.926482248
2025-10,icici:ESGFUND,52,0.9356871760000002
2025-10,icici:EXPORTS,67,0.967012092
2025-10,icici:FLEXCAP,70,0.9627460500000001
2025-10,icici:FMCG,22,0.9751711509999998
2025-10,icici:FOCUSED,29,0.9537277899999999
2025-10,icici:HOUSING,45,0.9360631809999999
2025-10,icici:INDOPP,70,0.9508124390000002
2025-10,icici:INFRA,68,0.9289374239999998
2025-10,icici:INNOVA,51,0.8889936990000002
2025-10,icici:LARGE & MIDCAP,91,0.9266063410000002
2025-10,icici:LTEF,86,0.9797184399999995
2025-10,icici:MGFINDIA,98,0.9459823880000002
2025-10,icici:MIDCAP,87,0.9869457890000002
2025-10,icici:MNCFUND,52,0.9455186229999998
2025-10,icici:MOMACT,48,0.9012158619999998
2025-10,icici:MULTI,117,0.6657456139999999
2025-10,icici:MULTICAP,151,0.9724008300000002
2025-10,icici:PHARMA,39,0.9709634570000002
2025-10,icici:PSUEQU,33,0.9372486840000002
2025-10,icici:QUALITY,70,0.9289151960000004
2025-10,icici:QUANT,59,0.9477759909999997
2025-10,icici:RURALOPP,49,0.9422356229999997
2025-10,icici:SMALL,104,0.884434534
2025-10,icici:TECH,61,0.86966484
2025-10,icici:TRANSPO,43,0.9618868150000001
2025-10,icici:VARIANCE,34,0.9613596959999999
2025-10,kotak:BAL,58,0.7730999999999999
2025-10,kotak:BFS,31,0.979
2025-10,kotak:CMP,41,0.9581
2025-10,kotak:CON,59,0.9751000000000001
2025-10,kotak:ELS,55,0.9732999999999998
2025-10,kotak:EME,64,0.9874999999999998
2025-10,kotak:ESG,47,0.9781
2025-10,kotak:HLC,30,0.9871000000000001
2025-10,kotak:K30,60,0.9714000000000002
2025-10,kotak:KAM,50,0.9993000000000003
2025-10,kotak:KBA,112,0.6867000000000001
2025-10,kotak:KBC,55,0.9912000000000003
2025-10,kotak:KEO,36,0.9192999999999999
2025-10,kotak:KFE,28,0.9657000000000001
2025-10,kotak:KIE,56,0.9996999999999998
2025-10,kotak:KMI,57,0.9701
2025-10,kotak:KMN,42,0.9810999999999998
2025-10,kotak:KOP,63,0.9761999999999997
2025-10,kotak:KPF,46,0.7961999999999999
2025-10,kotak:KQT,43,0.9819
2025-10,kotak:MAF,54,0.6850000000000002
2025-10,kotak:MID,77,0.9867999999999998
2025-10,kotak:MUC,64,0.9899999999999999
2025-10,kotak:SEF,57,0.9780000000000003
2025-10,kotak:SPO,40,0.9693
2025-10,kotak:TAL,30,0.9621000000000002
2025-10,kotak:TCH,25,0.9571999999999999
2025-10,mirae:MABAF,109,0.6662837999999999
2025-10,mirae:MABFF,28,0.977536305
2025-10,mirae:MAEBF,90,0.9903395689999999
2025-10,mirae:MAFCF,88,0.9852204050000002
2025-10,mirae:MAFF,31,0.9946317770000002
2025-10,mirae:MAHCF,31,0.9931129280000003
2025-10,mirae:MAIPF,79,0.7597758769999998
2025-10,mirae:MAMAAF,122,0.6819041689999998
2025-10,mirae:MAMCF,69,0.9759393129999999
2025-10,mirae:MAMPF,79,0.9823241560000007
2025-10,mirae:MASCF,77,0.9405038340000001
2025-10,mirae:MATSF,76,0.9844052769999999
2025-10,mirae:MICCF,41,0.9923805710000001
2025-10,mirae:MIIOF,85,0.9964805558999997
2025-10,nippon:AM,41,0.9812999999999998
2025-10,nippon:BF,30,0.9796000000000004
2025-10,nippon:EA,71,0.9896
2025-10,nippon:EO,130,0.9888999999999998
2025-10,nippon:GF,95,0.9752
2025-10,nippon:GS,80,0.9834
2025-10,nippon:IT,46,0.9747000000000003
2025-10,nippon:LC,87,0.9878000000000001
2025-10,nippon:LE,29,0.9631999999999998
2025-10,nippon:MC,32,0.9249
2025-10,nippon:ME,39,0.9826000000000003
2025-10,nippon:MF,93,0.5539000000000001
2025-10,nippon:NE,79,0.7193000000000002
2025-10,nippon:PH,36,0.9967000000000001
2025-10,nippon:PS,67,0.9938000000000001
2025-10,nippon:QP,36,0.9790999999999997
2025-10,nippon:SC,237,0.9586999999999998
2025-10,nippon:SE,72,0.9498999999999999
2025-10,nippon:SH,74,0.7087999999999997
2025-10,nippon:TS,62,0.9747999999999998
2025-10,ppfas:PPDAAF,9,0.13419999999999999
2025-10,ppfas:PPFCF,27,0.6255
2025-10,ppfas:PPTSF,32,0.8647000000000001
2025-10,sbi:SBAF,95,0.7195999999999997
2025-10,sbi:SBFS,31,0.9634
2025-10,sbi:SBI-AOF,27,0.9783
2025-10,sbi:SBIRIOS,34,0.9212000000000001
2025-10,sbi:SBLUECHIP,40,0.9516000000000001
2025-10,sbi:SCF,80,0.7832
2025-10,sbi:SCOF,44,0.9841
2025-10,sbi:SDYF,47,0.9822999999999996
2025-10,sbi:SEHF,44,0.7336999999999999
2025-10,sbi:SEMVF,51,0.9993000000000003
2025-10,sbi:SEOF,31,0.9571000000000003
2025-10,sbi:SFEF,26,0.8040999999999999
2025-10,sbi:SFLEXI,58,0.9287
2025-10,sbi:SHOF,29,0.9199999999999999
2025-10,sbi:SIF,34,0.9677000000000002
2025-10,sbi:SIOF,36,0.9770000000000001
2025-10,sbi:SLMF,74,0.9558000000000001
2025-10,sbi:SLTEF,71,0.9349000000000003
2025-10,sbi:SMAAF,62,0.47889999999999994
2025-10,sbi:SMCF,60,0.9336
2025-10,sbi:SMCOMMA,32,0.9673
2025-10,sbi:SMEEF,40,0.9817
2025-10,sbi:SMGLF,36,0.9775000000000001
2025-10,sbi:SMIDCAP,54,0.9548999999999999
2025-10,sbi:SPSU,25,0.9855
2025-10,sbi:SQF,28,0.9731999999999998
2025-10,sbi:SSCF,65,0.8393999999999998
2025-10,sbi:STOF,25,0.8537999999999998
2025-11,absl:ABSLBCF,68,0.9655203319999999
2025-11,absl:ABSLCONF,41,0.9883539609999997
2025-11,absl:ABSLESG,53,0.9872603040000001
2025-11,absl:ABSLMAAF,67,0.6549416009999999
2025-11,absl:ABSLMCF,87,0.9683781600000001
2025-11,absl:ABSLQF,45,0.9968268480000002
2025-11,absl:ABSLSO,62,0.9574121480000001
2025-11,absl:ABSLTNLF,34,0.9923575249999999
2025-11,absl:ADVG,72,0.9782503530000001
2025-11,absl:BDYP,53,0.9374962149999998
2025-11,absl:BINFRA,58,0.9726257180000001
2025-11,absl:BSL95F,80,0.7699776040000004
2025-11,absl:BSLBKFS,35,0.9880072100000001
2025-11,absl:BSLDAAF,83,0.6890246660000001
2025-11,absl:BSLEQTY,73,0.9851423270000002
2025-11,absl:BSLFEF,80,0.960481131
2025-11,absl:BSLMFG,60,0.9929387729999999
2025-11,absl:BSLNMF,36,0.931594344
2025-11,absl:BSLPHF,35,0.9766993859999997
2025-11,absl:BSLR96,60,0.9896815490000005
2025-11,absl:BSLTA1,88,0.952228075
2025-11,absl:BTOP100,29,0.96123572
2025-11,absl:GENNEXT,79,0.9922425650000001
2025-11,absl:MIDCAP,77,0.9887616949999998
2025-11,absl:MNC,74,0.986138593
2025-11,absl:PSUEQ,34,0.9680350950000001
2025-11,absl:PURE,73,0.9772370280000001
2025-11,axis:AXISBCF,91,0.9865999999999999
2025-11,axis:AXISCON,69,0.9953000000000001
2025-11,axis:AXISDEF,106,0.7189999999999998
2025-11,axis:AXISEHF,85,0.7750000000000001
2025-11,axis:AXISEQF,54,0.9617
2025-11,axis:AXISESG,47,0.9821000000000001
2025-11,axis:AXISF25,26,0.9698000000000002
2025-11,axis:AXISGOF,98,0.9134999999999999
2025-11,axis:AXISIMF,93,0.9859999999999995
2025-11,axis:AXISMCF,102,0.9322
2025-11,axis:AXISMIF,37,0.9933000000000001
2025-11,axis:AXISMLC,129,0.9734000000000003
2025-11,axis:AXISMLF,58,0.9288000000000002
2025-11,axis:AXISQUA,38,0.9756999999999999
2025-11,axis:AXISSCF,142,0.9188000000000003
2025-11,axis:AXISSOF,36,0.9687000000000001
2025-11,axis:AXISSSF,49,0.808
2025-11,axis:AXISTAF,92,0.7329
2025-11,axis:AXISTSF,97,0.9871999999999999
2025-11,axis:AXISVAL,98,0.9893
2025-11,dsp:Aggressive Hybrid,40,0.6885999999999999
2025-11,dsp:Banking and Financial Services,34,0.9463
2025-11,dsp:Business Cycle Fund,51,0.9110000000000001
2025-11,dsp:DAAF,54,0.6796
2025-11,dsp:Flexi Cap,61,0.9834
2025-11,dsp:Focused,29,0.9264
2025-11,dsp:HEALTHCARE,24,0.7982
2025-11,dsp:Large & Mid Cap,73,0.9851000000000003
2025-11,dsp:Large Cap,30,0.9063
2025-11,dsp:MIDCAP,60,0.9482000000000003
2025-11,dsp:Multi Asset,35,0.38380000000000003
2025-11,dsp:Multicap Fund,70,0.9606999999999998
2025-11,dsp:NRNEF,22,0.8320000000000001
2025-11,dsp:QUANT,40,0.9783
2025-11,dsp:SMALLCAP,82,0.9273000000000003
2025-11,dsp:TAX,62,0.9882
2025-11,dsp:TIGER,69,0.9615000000000001
2025-11,dsp:VALUE,51,0.6872
2025-11,hdfc:HDFCBKGFSF,30,0.9884000000000003
2025-11,hdfc:HDFCBUSICY,68,0.9695999999999999
2025-11,hdfc:HDFCCB,75,0.9920999999999998
2025-11,hdfc:HDFCCS,29,0.8407000000000002
2025-11,hdfc:HDFCDFNFND,23,0.9832
2025-11,hdfc:HDFCDIVYLD,128,0.9894
2025-11,hdfc:HDFCEQ,50,0.8617999999999998
2025-11,hdfc:HDFCGR,147,0.6912999999999997
2025-11,hdfc:HDFCHOF117,35,0.9765999999999999
2025-11,hdfc:HDFCINNOVF,63,0.9816000000000001
2025-11,hdfc:HDFCLARGEF,228,0.9864999999999997
2025-11,hdfc:HDFCMANFFN,84,0.9947
2025-11,hdfc:HDFCMNCFND,36,0.9882999999999997
2025-11,hdfc:HDFCMULCAP,161,0.9727999999999998
2025-11,hdfc:HDFCNCCFND,48,0.9976
2025-11,hdfc:HDFCPHARHC,31,0.9838999999999998
2025-11,hdfc:HDFCPM,46,0.6966
2025-11,hdfc:HDFCSMALLF,83,0.8975999999999997
2025-11,hdfc:HDFCT2,50,0.9835999999999997
2025-11,hdfc:HDFCTECHFD,29,0.9953000000000001
2025-11,hdfc:HDFCTRALFD,36,0.9858999999999997
2025-11,hdfc:HDFCTS,54,0.9443999999999999
2025-11,hdfc:HDINFG,55,0.9157999999999995
2025-11,hdfc:MIDCAP,76,0.9370000000000003
2025-11,hdfc:MY2005,74,0.6691000000000004
2025-11,icici:BAF,97,0.689814437
2025-11,icici:BANFIN SERVICES,39,0.9428568450000002
2025-11,icici:BCYCLE,71,0.8738216369999997
2025-11,icici:BHACON,63,0.9484585830000001
2025-11,icici:BLUECHIP,64,0.9038528849999999
2025-11,icici:COMFUND,47,0.944497553
2025-11,icici:CONGLO,39,0.9362110809999998
2025-11,icici:DISCO,62,0.923421911
2025-11,icici:DIVYLD,65,0.9430507269999999
2025-11,icici:E&DF,111,0.752528203
2025-11,icici:ENERGY,64,0.9378209260000001
2025-11,icici:ESGFUND,51,0.971198974
2025-11,icici:EXPORTS,67,0.9646884520000002
2025-11,icici:FLEXCAP,72,0.9624747929999999
2025-11,icici:FMCG,23,0.965312511
2025-11,icici:FOCUSED,29,0.9648164349999999
2025-11,icici:HOUSING,46,0.9475902870000003
2025-11,icici:INDOPP,73,0.9376075799999999
2025-11,icici:INFRA,69,0.9340150040000001
2025-11,icici:INNOVA,49,0.894282069
2025-11,icici:LARGE & MIDCAP,95,0.9425689159999999
2025-11,icici:LTEF,89,0.9901764159999997
2025-11,icici:MGFINDIA,100,0.9597540760000002
2025-11,icici:MIDCAP,87,0.9842027440000003
2025-11,icici:MNCFUND,49,0.9581923339999998
2025-11,icici:MOMACT,47,0.9428374860000001
2025-11,icici:MULTI,121,0.7111956229999996
2025-11,icici:MULTICAP,151,0.9814044679999999
2025-11,icici:PHARMA,38,0.9770440730000001
2025-11,icici:PSUEQU,34,0.9322117459999999
2025-11,icici:QUALITY,68,0.9755126060000001
2025-11,icici:QUANT,53,0.8893757569999998
2025-11,icici:RURALOPP,48,0.9096297549999999
2025-11,icici:SMALL,105,0.894039734
2025-11,icici:TECH,61,0.8591445509999999
2025-11,icici:TRANSPO,43,0.9776657420000001
2025-11,icici:VARIANCE,34,0.9488980330000001
2025-11,kotak:BAL,57,0.7544999999999998
2025-11,kotak:BFS,32,0.9838999999999998
2025-11,kotak:CMP,43,0.9590000000000001
2025-11,kotak:CON,61,0.9799000000000002
2025-11,kotak:ELS,54,0.9772
2025-11,kotak:EME,63,0.9798999999999999
2025-11,kotak:ESG,47,0.9843
2025-11,kotak:HLC,30,0.9902999999999998
2025-11,kotak:K30,59,0.9687999999999998
2025-11,kotak:KAM,79,0.9443999999999997
2025-11,kotak:KBA,111,0.6998000000000002
2025-11,kotak:KBC,53,0.9773000000000001
2025-11,kotak:KEO,37,0.9496999999999999
2025-11,kotak:KFE,28,0.9671
2025-11,kotak:KIE,54,0.9903999999999997
2025-11,kotak:KMI,56,0.9675999999999999
2025-11,kotak:KMN,41,0.9815000000000002
2025-11,kotak:KOP,63,0.9810999999999996
2025-11,kotak:KPF,47,0.7958999999999998
2025-11,kotak:KQT,43,0.9810000000000001
2025-11,kotak:MAF,56,0.6666000000000001
2025-11,kotak:MID,78,0.9894999999999998
2025-11,kotak:MUC,65,0.9941999999999999
2025-11,kotak:ROF,1,0.0043
2025-11,kotak:SEF,58,0.9755999999999998
2025-11,kotak:SPO,36,0.9521999999999999
2025-11,kotak:TAL,31,0.9911
2025-11,kotak:TCH,27,0.9616
2025-11,mirae:MABAF,107,0.6646049609999997
2025-11,mirae:MABFF,29,0.9732789450000001
2025-11,mirae:MAEBF,89,0.9944880680000003
2025-11,mirae:MAFCF,87,0.9826907570000003
2025-11,mirae:MAFF,29,0.9976925809999997
2025-11,mirae:MAHCF,32,0.9945414050000001
2025-11,mirae:MAIPF,78,0.7602254529999999
2025-11,mirae:MAMAAF,121,0.6673444880000001
2025-11,mirae:MAMCF,69,0.9810566389999995
2025-11,mirae:MAMPF,78,0.995099636
2025-11,mirae:MASCF,80,0.954930939
2025-11,mirae:MATSF,75,0.9970436579999998
2025-11,mirae:MICCF,39,0.9819102539999999
2025-11,mirae:MIIOF,81,0.9949577881
2025-11,nippon:AM,40,0.9850000000000001
2025-11,nippon:BF,32,0.9725
2025-11,nippon:EA,71,0.9955000000000002
2025-11,nippon:EO,131,0.9852000000000001
2025-11,nippon:GF,96,0.9812999999999998
2025-11,nippon:GS,82,0.9817999999999999
2025-11,nippon:IT,47,0.9797
2025-11,nippon:LC,86,0.9890000000000001
2025-11,nippon:LE,30,0.9536
2025-11,nippon:MC,32,0.9177999999999998
2025-11,nippon:ME,39,0.9826
2025-11,nippon:MF,93,0.5559999999999998
2025-11,nippon:NE,78,0.7308000000000002
2025-11,nippon:PH,36,0.9947000000000003
2025-11,nippon:PS,68,0.9934999999999998
2025-11,nippon:QP,35,0.9909
2025-11,nippon:SC,235,0.9584999999999998
2025-11,nippon:SE,75,0.9577999999999999
2025-11,nippon:SH,73,0.7125000000000001
2025-11,nippon:TS,64,0.9680000000000005
2025-11,ppfas:PPDAAF,10,0.13279999999999997
2025-11,ppfas:PPFCF,29,0.6373999999999999
2025-11,ppfas:PPTSF,33,0.8612999999999997
2025-11,sbi:SBAF,95,0.7031999999999997
2025-11,sbi:SBFS,34,0.9694000000000002
2025-11,sbi:SBI-AOF,29,0.9888
2025-11,sbi:SBIRIOS,32,0.9056
2025-11,sbi:SBLUECHIP,41,0.9711
2025-11,sbi:SCF,80,0.7848000000000002
2025-11,sbi:SCOF,43,0.9775000000000001
2025-11,sbi:SDYF,48,0.9937000000000005
2025-11,sbi:SEHF,45,0.7435
2025-11,sbi:SEMVF,50,0.9999000000000002
2025-11,sbi:SEOF,32,0.9726999999999998
2025-11,sbi:SFEF,26,0.7846999999999998
2025-11,sbi:SFLEXI,61,0.9227
2025-11,sbi:SHOF,30,0.9181000000000001
2025-11,sbi:SIF,34,0.9669999999999999
2025-11,sbi:SIOF,33,0.9330000000000002
2025-11,sbi:SLMF,78,0.9496999999999999
2025-11,sbi:SLTEF,70,0.9270000000000004
2025-11,sbi:SMAAF,64,0.47150000000000003
2025-11,sbi:SMCF,63,0.9792999999999996
2025-11,sbi:SMCOMMA,31,0.9286
2025-11,sbi:SMEEF,40,0.9737
2025-11,sbi:SMGLF,36,0.9848999999999999
2025-11,sbi:SMIDCAP,51,0.9614000000000001
2025-11,sbi:SPSU,25,0.9603999999999998
2025-11,sbi:SQF,28,0.9757000000000001
2025-11,sbi:SSCF,68,0.8555
2025-11,sbi:STOF,26,0.8273000000000001
2025-11,uti:002,50,0.39109999999999995
2025-11,uti:017,58,0.9857
2025-11,uti:042,55,0.9679000000000002
2025-11,uti:049,69,0.9602999999999998
2025-11,uti:066,61,0.6899999999999997
2025-11,uti:101,52,0.9494000000000001
2025-11,uti:118,43,0.9874000000000003
2025-11,uti:125,61,0.9938000000000002
2025-11,uti:160,90,0.9824000000000005
2025-11,uti:161,60,0.9453999999999998
2025-11,uti:162,39,0.9400000000000001
2025-11,uti:163,32,0.9823000000000001
2025-11,uti:190,50,0.9306
2025-11,uti:193,59,0.9898000000000001
2025-11,uti:251,45,0.9739999999999999
2025-11,uti:322,83,0.6656999999999998
2025-11,uti:751,91,0.9480999999999998
2025-11,uti:753,29,0.9815
2025-11,uti:773,64,0.7089
2025-11,uti:775,27,0.9756000000000002
2025-11,uti:783,76,0.9426000000000002
2025-11,uti:787,73,0.9530999999999998
2025-12,absl:ABSLBCF,69,0.965620431
2025-12,absl:ABSLCONF,41,0.96420338
2025-12,absl:ABSLESG,56,0.9877325520000003
2025-12,absl:ABSLMAAF,67,0.6425242359999999
2025-12,absl:ABSLMCF,86,0.9649837629999999
2025-12,absl:ABSLQF,42,0.9960126310000001
2025-12,absl:ABSLSO,63,0.962500222
2025-12,absl:ABSLTNLF,35,0.9879608899999998
2025-12,absl:ADVG,71,0.9835339550000001
2025-12,absl:BDYP,54,0.9408991740000001
2025-12,absl:BINFRA,58,0.958589734
2025-12,absl:BSL95F,79,0.7668484610000004
2025-12,absl:BSLBKFS,36,0.9821465850000002
2025-12,absl:BSLDAAF,84,0.6889386090000001
2025-12,absl:BSLEQTY,73,0.980283066
2025-12,absl:BSLFEF,81,0.9611798609999997
2025-12,absl:BSLMFG,61,0.9941322140000001
2025-12,absl:BSLNMF,33,0.9304546659999999
2025-12,absl:BSLPHF,36,0.9880552449999997
2025-12,absl:BSLR96,61,0.9877305660000001
2025-12,absl:BSLTA1,87,0.952494189
2025-12,absl:BTOP100,29,0.952075429
2025-12,absl:GENNEXT,79,0.9900812180000003
2025-12,absl:MIDCAP,78,0.974948876
2025-12,absl:MNC,72,0.9834872530000001
2025-12,absl:PSUEQ,32,0.9728284400000003
2025-12,absl:PURE,71,0.9614011520000001
2025-12,axis:AXISBCF,88,0.9782
2025-12,axis:AXISCON,70,0.9914999999999999
2025-12,axis:AXISDEF,106,0.7136999999999996
2025-12,axis:AXISEHF,83,0.7604999999999997
2025-12,axis:AXISEQF,53,0.9501999999999996
2025-12,axis:AXISESG,48,0.9866999999999999
2025-12,axis:AXISF25,27,0.9312999999999999
2025-12,axis:AXISGOF,96,0.9038000000000002
2025-12,axis:AXISIMF,94,0.9863999999999998
2025-12,axis:AXISMCF,101,0.9292999999999998
2025-12,axis:AXISMIF,36,0.9739999999999998
2025-12,axis:AXISMLC,127,0.9786999999999998
2025-12,axis:AXISMLF,59,0.9144
2025-12,axis:AXISQUA,38,0.9880999999999999
2025-12,axis:AXISSCF,142,0.9186999999999995
2025-12,axis:AXISSOF,38,0.9819000000000002
2025-12,axis:AXISSSF,47,0.8307
2025-12,axis:AXISTAF,83,0.6919000000000004
2025-12,axis:AXISTSF,98,0.9804999999999997
2025-12,axis:AXISVAL,96,0.972
2025-12,dsp:Aggressive Hybrid,40,0.6701999999999999
2025-12,dsp:Banking and Financial Services,36,0.9771000000000002
2025-12,dsp:Business Cycle Fund,49,0.9188999999999999
2025-12,dsp:DAAF,57,0.6935999999999999
2025-12,dsp:Flexi Cap,64,0.9832
2025-12,dsp:Focused,29,0.9326
2025-12,dsp:HEALTHCARE,26,0.8092
2025-12,dsp:Large & Mid Cap,75,0.9823000000000003
2025-12,dsp:Large Cap,31,0.9138000000000001
2025-12,dsp:MIDCAP,59,0.9461000000000002
2025-12,dsp:Multi Asset,35,0.3521
2025-12,dsp:Multicap Fund,70,0.9640000000000001
2025-12,dsp:NRNEF,22,0.8211000000000002
2025-12,dsp:QUANT,40,0.9876999999999999
2025-12,dsp:SMALLCAP,83,0.9407000000000001
2025-12,dsp:TAX,63,0.9842
2025-12,dsp:TIGER,68,0.9597999999999999
2025-12,dsp:VALUE,52,0.6898999999999998
2025-12,hdfc:HDFCBKGFSF,28,0.9934000000000001
2025-12,hdfc:HDFCBUSICY,66,0.9623999999999999
2025-12,hdfc:HDFCCB,74,0.9950000000000003
2025-12,hdfc:HDFCCS,29,0.8468000000000001
2025-12,hdfc:HDFCDFNFND,24,0.9894999999999999
2025-12,hdfc:HDFCDIVYLD,130,0.9874999999999999
2025-12,hdfc:HDFCEQ,51,0.8446999999999999
2025-12,hdfc:HDFCGR,151,0.7013999999999996
2025-12,hdfc:HDFCHOF117,35,0.9776999999999999
2025-12,hdfc:HDFCINNOVF,64,0.9903000000000002
2025-12,hdfc:HDFCLARGEF,232,0.9876
2025-12,hdfc:HDFCMANFFN,85,0.9914000000000001
2025-12,hdfc:HDFCMNCFND,34,0.9644
2025-12,hdfc:HDFCMULCAP,150,0.9855999999999999
2025-12,hdfc:HDFCNCCFND,50,0.9843999999999997
2025-12,hdfc:HDFCPHARHC,30,0.978
2025-12,hdfc:HDFCPM,46,0.6991999999999999
2025-12,hdfc:HDFCSMALLF,84,0.9052
2025-12,hdfc:HDFCT2,49,0.9884
2025-12,hdfc:HDFCTECHFD,27,0.9917
2025-12,hdfc:HDFCTRALFD,36,0.9891
2025-12,hdfc:HDFCTS,55,0.9761
2025-12,hdfc:HDINFG,56,0.9260999999999997
2025-12,hdfc:MIDCAP,77,0.9288000000000002
2025-12,hdfc:MY2005,76,0.6649000000000002
2025-12,icici:BAF,97,0.6790209539999998
2025-12,icici:BANFIN SERVICES,40,0.9649700690000002
2025-12,icici:BCYCLE,74,0.8908717639999999
2025-12,icici:BHACON,63,0.9680478250000002
2025-12,icici:BLUECHIP,64,0.9139645919999998
2025-12,icici:COMFUND,46,0.9248104540000003
2025-12,icici:CONGLO,40,0.9461863360000001
2025-12,icici:DISCO,64,0.9421841590000001
2025-12,icici:DIVYLD,67,0.9574418140000001
2025-12,icici:E&DF,111,0.7432616649999999
2025-12,icici:ENERGY,62,0.9537943459999999
2025-12,icici:ESGFUND,52,0.9830007910000002
2025-12,icici:EXPORTS,57,0.9349186019999998
2025-12,icici:FLEXCAP,71,0.980267949
2025-12,icici:FMCG,23,0.973110051
2025-12,icici:FOCUSED,30,0.969750376
2025-12,icici:HOUSING,48,0.9650746429999998
2025-12,icici:INDOPP,77,0.9388495589999999
2025-12,icici:INFRA,64,0.959017112
2025-12,icici:INNOVA,50,0.9051297939999999
2025-12,icici:LARGE & MIDCAP,91,0.9476753179999995
2025-12,icici:LTEF,88,0.9797169010000001
2025-12,icici:MGFINDIA,101,0.9556893409999998
2025-12,icici:MIDCAP,87,0.984757207
2025-12,icici:MNCFUND,51,0.9601606149999998
2025-12,icici:MOMACT,47,0.936405387
2025-12,icici:MULTI,122,0.709555834
2025-12,icici:MULTICAP,150,0.9763085710000002
2025-12,icici:PHARMA,39,0.9787150970000003
2025-12,icici:PSUEQU,34,0.9429876650000001
2025-12,icici:QUALITY,64,0.941125415
2025-12,icici:QUANT,56,0.9400627019999999
2025-12,icici:RURALOPP,47,0.9364861230000001
2025-12,icici:SMALL,107,0.9083040439999993
2025-12,icici:TECH,62,0.8569510519999999
2025-12,icici:TRANSPO,45,0.973660395
2025-12,icici:VARIANCE,37,0.9635597779999998
2025-12,kotak:BAL,59,0.7760999999999998
2025-12,kotak:BFS,33,0.9723999999999999
2025-12,kotak:CMP,45,0.9536999999999999
2025-12,kotak:CON,61,0.9822999999999995
2025-12,kotak:ELS,55,0.9810999999999998
2025-12,kotak:EME,65,0.99
2025-12,kotak:ESG,49,0.9837000000000001
2025-12,kotak:HLC,31,0.9625000000000001
2025-12,kotak:K30,60,0.9705999999999999
2025-12,kotak:KAM,48,0.9993999999999997
2025-12,kotak:KBA,111,0.7033999999999997
2025-12,kotak:KBC,54,0.9848000000000002
2025-12,kotak:KEO,37,0.9081
2025-12,kotak:KFE,29,0.9865
2025-12,kotak:KIE,53,0.9952999999999996
2025-12,kotak:KMI,53,0.9771000000000002
2025-12,kotak:KMN,40,0.9753000000000002
2025-12,kotak:KOP,65,0.9824000000000004
2025-12,kotak:KPF,48,0.794
2025-12,kotak:KQT,58,0.9801000000000001
2025-12,kotak:MAF,61,0.6893999999999999
2025-12,kotak:MID,77,0.9777999999999999
2025-12,kotak:MUC,66,0.9934999999999999
2025-12,kotak:ROF,38,0.8373
2025-12,kotak:SEF,58,0.9730999999999999
2025-12,kotak:SPO,36,0.9606000000000002
2025-12,kotak:TAL,31,0.9940999999999998
2025-12,kotak:TCH,27,0.9523999999999998
2025-12,mirae:INFRA,36,0.9540317390000002
2025-12,mirae:MABAF,107,0.6587384299999998
2025-12,mirae:MABFF,30,0.9854524799999999
2025-12,mirae:MAEBF,87,0.9828816690000001
2025-12,mirae:MAFCF,88,0.9783078509999998
2025-12,mirae:MAFF,29,0.9939901599999998
2025-12,mirae:MAHCF,33,0.9945604929999997
2025-12,mirae:MAIPF,79,0.7553495169999996
2025-12,mirae:MAMAAF,126,0.6826666659999999
2025-12,mirae:MAMCF,68,0.9744338810000003
2025-12,mirae:MAMPF,78,0.9921377019999998
2025-12,mirae:MASCF,79,0.9641939049999996
2025-12,mirae:MATSF,74,0.9888450490000004
2025-12,mirae:MICCF,40,0.9899686209999996
2025-12,mirae:MIIOF,84,0.9924259642100001
2025-12,nippon:AM,40,0.9785000000000001
2025-12,nippon:BF,33,0.9844000000000004
2025-12,nippon:EA,72,0.9930999999999998
2025-12,nippon:EO,132,0.9894000000000001
2025-12,nippon:GF,96,0.9774000000000005
2025-12,nippon:GS,87,0.9667000000000001
2025-12,nippon:IT,48,0.9825999999999999
2025-12,nippon:LC,85,0.9966999999999998
2025-12,nippon:LE,30,0.9711000000000002
2025-12,nippon:MC,33,0.9312
2025-12,nippon:ME,41,0.9785999999999998
2025-12,nippon:MF,96,0.5315000000000001
2025-12,nippon:NE,69,0.6410999999999999
2025-12,nippon:PH,36,0.9736999999999999
2025-12,nippon:PS,70,0.9957000000000001
2025-12,nippon:QP,36,0.9885999999999998
2025-12,nippon:SC,240,0.9614999999999997
2025-12,nippon:SE,73,0.9692999999999998
2025-12,nippon:SH,63,0.6302000000000002
2025-12,nippon:TS,65,0.9710000000000001
2025-12,ppfas:PPDAAF,11,0.1369
2025-12,ppfas:PPFCF,30,0.6443999999999999
2025-12,ppfas:PPTSF,34,0.8722000000000001
2025-12,sbi:SBAF,95,0.7141999999999995
2025-12,sbi:SBFS,35,0.9683
2025-12,sbi:SBI-AOF,31,0.9792000000000001
2025-12,sbi:SBIRIOS,34,0.9546000000000001
2025-12,sbi:SBLUECHIP,43,0.9575
2025-12,sbi:SCF,82,0.7959999999999999
2025-12,sbi:SCOF,44,0.9778999999999998
2025-12,sbi:SDYF,46,0.9736999999999998
2025-12,sbi:SEHF,47,0.7543
2025-12,sbi:SEMVF,51,1.0000000000000002
2025-12,sbi:SEOF,32,0.983
2025-12,sbi:SFEF,25,0.7552000000000001
2025-12,sbi:SFLEXI,62,0.9280999999999997
2025-12,sbi:SHOF,31,0.9296
2025-12,sbi:SIF,35,0.9718
2025-12,sbi:SIOF,35,0.9627000000000003
2025-12,sbi:SLMF,79,0.9337000000000001
2025-12,sbi:SLTEF,69,0.9208999999999999
2025-12,sbi:SMAAF,65,0.4510999999999999
2025-12,sbi:SMCF,60,0.9538000000000001
2025-12,sbi:SMCOMMA,30,0.9502999999999999
2025-12,sbi:SMEEF,41,0.9677999999999997
2025-12,sbi:SMGLF,36,0.9870000000000003
2025-12,sbi:SMIDCAP,54,0.9518
2025-12,sbi:SPSU,24,0.9712000000000001
2025-12,sbi:SQF,26,0.9827000000000001
2025-12,sbi:SSCF,71,0.8961000000000003
2025-12,sbi:STOF,28,0.8266
2025-12,uti:002,50,0.3861000000000001
2025-12,uti:017,60,0.9792000000000002
2025-12,uti:042,55,0.9674999999999997
2025-12,uti:049,70,0.9555000000000001
2025-12,uti:066,61,0.6844
2025-12,uti:101,54,0.9646999999999999
2025-12,uti:118,43,0.9941000000000002
2025-12,uti:125,60,0.9988000000000001
2025-12,uti:160,90,0.9905999999999998
2025-12,uti:161,62,0.9607
2025-12,uti:162,42,0.9617999999999999
2025-12,uti:163,33,0.9824000000000003
2025-12,uti:190,52,0.9370999999999998
2025-12,uti:193,59,0.9927000000000001
2025-12,uti:251,45,0.9665999999999999
2025-12,uti:322,80,0.6577000000000001
2025-12,uti:751,91,0.9558999999999997
2025-12,uti:753,29,0.9806999999999998
2025-12,uti:773,63,0.6970999999999997
2025-12,uti:775,28,0.9615999999999999
2025-12,uti:783,76,0.9697000000000003
2025-12,uti:787,76,0.9561
2026-01,absl:ABSLBCF,68,0.9681893830000001
2026-01,absl:ABSLCONF,41,0.96222779
2026-01,absl:ABSLESG,56,0.9941704480000002
2026-01,absl:ABSLMAAF,70,0.6181800480000004
2026-01,absl:ABSLMCF,81,0.9520298699999998
2026-01,absl:ABSLQF,42,0.995566151
2026-01,absl:ABSLSO,65,0.9634240389999998
2026-01,absl:ABSLTNLF,34,0.9924843970000002
2026-01,absl:ADVG,71,0.9846033350000003
2026-01,absl:BDYP,53,0.935222444
2026-01,absl:BINFRA,57,0.964886975
2026-01,absl:BSL95F,80,0.7671189459999999
2026-01,absl:BSLBKFS,38,0.956440441
2026-01,absl:BSLDAAF,84,0.6920974419999999
2026-01,absl:BSLEQTY,75,0.9821006130000003
2026-01,absl:BSLFEF,79,0.9560475829999998
2026-01,absl:BSLMFG,61,0.9892646160000002
2026-01,absl:BSLNMF,34,0.9247262800000003
2026-01,absl:BSLPHF,36,0.979759823
2026-01,absl:BSLR96,59,0.9898813439999999
2026-01,absl:BSLTA1,89,0.9552155549999998
2026-01,absl:BTOP100,30,0.9743294820000001
2026-01,absl:GENNEXT,79,0.9933391210000001
2026-01,absl:MIDCAP,79,0.9808041279999999
2026-01,absl:MNC,69,0.9860316639999998
2026-01,absl:PSUEQ,32,0.9805146399999999
2026-01,absl:PURE,70,0.9588722359999999
2026-01,axis:AXISBCF,86,0.9837
2026-01,axis:AXISCON,68,0.9901
2026-01,axis:AXISDEF,104,0.6974
2026-01,axis:AXISEHF,84,0.7455999999999999
2026-01,axis:AXISEQF,52,0.9168999999999998
2026-01,axis:AXISESG,46,0.9520000000000001
2026-01,axis:AXISF25,29,0.9246000000000001
2026-01,axis:AXISGOF,94,0.8825999999999998
2026-01,axis:AXISIMF,90,0.9255
2026-01,axis:AXISMCF,93,0.8720000000000001
2026-01,axis:AXISMIF,36,1.0026000000000002
2026-01,axis:AXISMLC,122,0.9497000000000003
2026-01,axis:AXISMLF,59,0.8919
2026-01,axis:AXISQUA,37,0.9872
2026-01,axis:AXISSCF,139,0.8994999999999996
2026-01,axis:AXISSOF,38,0.9732
2026-01,axis:AXISSSF,47,0.8252000000000002
2026-01,axis:AXISTAF,79,0.6818999999999998
2026-01,axis:AXISTSF,90,0.9684999999999998
2026-01,axis:AXISVAL,91,0.9654000000000001
2026-01,dsp:Aggressive Hybrid,41,0.6860999999999999
2026-01,dsp:Banking and Financial Services,36,0.9610000000000002
2026-01,dsp:Business Cycle Fund,50,0.9193999999999999
2026-01,dsp:DAAF,57,0.6824000000000002
2026-01,dsp:Flexi Cap,64,0.9742000000000004
2026-01,dsp:Focused,29,0.9244000000000001
2026-01,dsp:HEALTHCARE,25,0.7892999999999999
2026-01,dsp:Large & Mid Cap,75,0.9777999999999999
2026-01,dsp:Large Cap,31,0.917
2026-01,dsp:MIDCAP,62,0.9589999999999999
2026-01,dsp:Multi Asset,35,0.29519999999999996
2026-01,dsp:Multicap Fund,68,0.9590000000000003
2026-01,dsp:NRNEF,22,0.7519
2026-01,dsp:QUANT,40,0.9903999999999998
2026-01,dsp:SMALLCAP,83,0.9420999999999998
2026-01,dsp:TAX,63,0.9842
2026-01,dsp:TIGER,68,0.9779999999999999
2026-01,dsp:VALUE,54,0.6730999999999999
2026-01,hdfc:HDFCBKGFSF,29,0.9943
2026-01,hdfc:HDFCBUSICY,60,0.9199999999999999
2026-01,hdfc:HDFCCB,73,0.9971999999999998
2026-01,hdfc:HDFCCS,29,0.9015000000000002
2026-01,hdfc:HDFCDFNFND,23,0.9799999999999999
2026-01,hdfc:HDFCDIVYLD,129,0.9892999999999997
2026-01,hdfc:HDFCEQ,50,0.8212000000000002
2026-01,hdfc:HDFCGR,144,0.6777999999999996
2026-01,hdfc:HDFCHOF117,35,0.9847000000000001
2026-01,hdfc:HDFCINNOVF,61,0.9875999999999999
2026-01,hdfc:HDFCLARGEF,234,0.9866999999999986
2026-01,hdfc:HDFCMANFFN,85,0.9914000000000003
2026-01,hdfc:HDFCMNCFND,33,0.9856000000000001
2026-01,hdfc:HDFCMULCAP,139,0.9816000000000004
2026-01,hdfc:HDFCNCCFND,48,0.9643999999999997
2026-01,hdfc:HDFCPHARHC,29,0.9733999999999998
2026-01,hdfc:HDFCPM,49,0.716
2026-01,hdfc:HDFCSMALLF,85,0.9150000000000004
2026-01,hdfc:HDFCT2,46,0.9751000000000002
2026-01,hdfc:HDFCTECHFD,28,0.9962000000000002
2026-01,hdfc:HDFCTRALFD,35,0.9886000000000001
2026-01,hdfc:HDFCTS,56,0.985
2026-01,hdfc:HDINFG,58,0.9495999999999998
2026-01,hdfc:MIDCAP,77,0.9404999999999998
2026-01,hdfc:MY2005,75,0.6549999999999999
2026-01,icici:BAF,96,0.6949228209999996
2026-01,icici:BANFIN SERVICES,40,0.9577216010000003
2026-01,icici:BCYCLE,77,0.8997280360000001
2026-01,icici:BHACON,63,0.9626067009999999
2026-01,icici:BLUECHIP,65,0.9200722359999999
2026-01,icici:COMFUND,45,0.8899073110000001
2026-01,icici:CONGLO,41,0.9706594399999998
2026-01,icici:DISCO,67,0.959067784
2026-01,icici:DIVYLD,67,0.9454110299999996
2026-01,icici:E&DF,109,0.7507254199999998
2026-01,icici:ENERGY,61,0.9527480129999999
2026-01,icici:ESGFUND,52,0.9867212359999998
2026-01,icici:EXPORTS,59,0.9539705219999999
2026-01,icici:FLEXCAP,73,0.9769706529999997
2026-01,icici:FMCG,24,0.9644705680000001
2026-01,icici:FOCUSED,30,0.954525837
2026-01,icici:HOUSING,48,0.926276116
2026-01,icici:INDOPP,79,0.9297674990000002
2026-01,icici:INFRA,57,0.944549288
2026-01,icici:INNOVA,51,0.9076607079999996
2026-01,icici:LARGE & MIDCAP,86,0.9647027710000001
2026-01,icici:LTEF,93,0.9772715230000004
2026-01,icici:MGFINDIA,100,0.9705662770000002
2026-01,icici:MIDCAP,84,0.9844165930000002
2026-01,icici:MNCFUND,54,0.9646292180000001
2026-01,icici:MOMACT,49,0.9392275020000002
2026-01,icici:MULTI,122,0.7005688179999999
2026-01,icici:MULTICAP,148,0.9846108719999997
2026-01,icici:PHARMA,40,0.9759848100000001
2026-01,icici:PSUEQU,38,0.9137904800000001
2026-01,icici:QUALITY,66,0.9474513269999998
2026-01,icici:QUANT,54,0.956489571
2026-01,icici:RURALOPP,49,0.9413181949999999
2026-01,icici:SMALL,108,0.9228834370000004
2026-01,icici:TECH,64,0.8700984410000001
2026-01,icici:TRANSPO,46,0.97081265
2026-01,icici:VARIANCE,35,0.9521184739999998
2026-01,kotak:BAL,61,0.7807
2026-01,kotak:BFS,33,0.9833000000000002
2026-01,kotak:CMP,45,0.9574
2026-01,kotak:CON,59,0.9884
2026-01,kotak:ELS,56,0.9862000000000002
2026-01,kotak:EME,66,0.9921000000000001
2026-01,kotak:ESG,49,0.9864999999999998
2026-01,kotak:HLC,32,0.9825
2026-01,kotak:K30,60,0.9687999999999996
2026-01,kotak:KAM,48,1.0026000000000002
2026-01,kotak:KBA,113,0.6990999999999999
2026-01,kotak:KBC,54,0.9971000000000001
2026-01,kotak:KEO,36,0.9176000000000002
2026-01,kotak:KFE,29,0.9834
2026-01,kotak:KIE,51,0.9971000000000002
2026-01,kotak:KMI,53,0.9751000000000001
2026-01,kotak:KMN,40,0.9829
2026-01,kotak:KOP,65,0.9887000000000001
2026-01,kotak:KPF,48,0.7808999999999998
2026-01,kotak:KQT,48,0.9856000000000001
2026-01,kotak:MAF,64,0.6832
2026-01,kotak:MID,79,0.9878999999999994
2026-01,kotak:MUC,67,0.9903999999999998
2026-01,kotak:ROF,41,0.8992000000000001
2026-01,kotak:SEF,58,0.9782000000000002
2026-01,kotak:SPO,36,0.985
2026-01,kotak:TAL,31,0.9897999999999999
2026-01,kotak:TCH,24,0.9165000000000002
2026-01,mirae:INFRA,37,0.9755362930000001
2026-01,mirae:MABAF,103,0.6780369
2026-01,mirae:MABFF,31,0.9501308779999997
2026-01,mirae:MAEBF,91,0.9833094979999999
2026-01,mirae:MAFCF,87,0.9725503700000003
2026-01,mirae:MAFF,29,0.9933187500000001
2026-01,mirae:MAHCF,32,0.9974661989999999
2026-01,mirae:MAIPF,75,0.7657222700000001
2026-01,mirae:MAMAAF,123,0.6873330940000001
2026-01,mirae:MAMCF,68,0.988240918
2026-01,mirae:MAMPF,77,0.9873543629999999
2026-01,mirae:MASCF,80,0.9519677490000003
2026-01,mirae:MATSF,73,0.9957207549999996
2026-01,mirae:MICCF,39,0.9927012969999998
2026-01,mirae:MIIOF,82,0.9942066528099999
2026-01,nippon:AM,40,0.9867000000000001
2026-01,nippon:BF,34,0.9846999999999998
2026-01,nippon:EA,70,0.9909999999999997
2026-01,nippon:EO,128,0.9942
2026-01,nippon:GF,98,0.9898000000000002
2026-01,nippon:GS,89,0.9748000000000001
2026-01,nippon:IT,48,0.9806000000000001
2026-01,nippon:LC,87,0.9944999999999999
2026-01,nippon:LE,30,0.9813000000000003
2026-01,nippon:MC,33,0.9326000000000001
2026-01,nippon:ME,41,0.9802000000000001
2026-01,nippon:MF,96,0.5380000000000001
2026-01,nippon:NE,75,0.7144999999999997
2026-01,nippon:PH,35,0.9896
2026-01,nippon:PS,74,0.9983999999999998
2026-01,nippon:QP,36,0.9912
2026-01,nippon:SC,238,0.9579000000000002
2026-01,nippon:SE,70,0.9309000000000001
2026-01,nippon:SH,76,0.7191000000000002
2026-01,nippon:TS,64,0.9620000000000002
2026-01,ppfas:PPDAAF,12,0.14989999999999998
2026-01,ppfas:PPFCF,32,0.6559051729999997
2026-01,ppfas:PPTSF,35,0.8700999999999999
2026-01,sbi:SBAF,96,0.6911000000000002
2026-01,sbi:SBFS,35,0.9872000000000004
2026-01,sbi:SBI-AOF,29,0.9692999999999998
2026-01,sbi:SBIRIOS,31,0.8968
2026-01,sbi:SBLUECHIP,43,0.9671000000000001
2026-01,sbi:SCF,81,0.8023999999999999
2026-01,sbi:SCOF,43,0.9555999999999999
2026-01,sbi:SDYF,45,0.9706999999999998
2026-01,sbi:SEHF,46,0.7471999999999999
2026-01,sbi:SEMVF,51,0.9994000000000001
2026-01,sbi:SEOF,32,0.9685
2026-01,sbi:SFEF,23,0.7051999999999999
2026-01,sbi:SFLEXI,65,0.9250999999999999
2026-01,sbi:SHOF,32,0.9528
2026-01,sbi:SIF,34,0.9511000000000001
2026-01,sbi:SIOF,34,0.9637
2026-01,sbi:SLMF,79,0.9424999999999997
2026-01,sbi:SLTEF,73,0.9622000000000002
2026-01,sbi:SMAAF,66,0.4577000000000002
2026-01,sbi:SMCF,60,0.9356000000000002
2026-01,sbi:SMCOMMA,31,0.9753000000000001
2026-01,sbi:SMEEF,40,0.9805999999999999
2026-01,sbi:SMGLF,37,0.9821000000000001
2026-01,sbi:SMIDCAP,53,0.9795
2026-01,sbi:SPSU,23,0.9699000000000001
2026-01,sbi:SQF,30,0.9724
2026-01,sbi:SSCF,69,0.9039999999999997
2026-01,sbi:STOF,29,0.8286
2026-01,uti:002,50,0.3808000000000001
2026-01,uti:017,58,0.9618000000000002
2026-01,uti:042,55,0.9684999999999999
2026-01,uti:049,72,0.9424000000000005
2026-01,uti:066,63,0.6776999999999996
2026-01,uti:101,54,0.9827
2026-01,uti:118,43,0.9880999999999998
2026-01,uti:125,59,0.9981
2026-01,uti:160,88,0.9841000000000001
2026-01,uti:161,62,0.9567999999999998
2026-01,uti:162,42,0.9597000000000001
2026-01,uti:163,31,0.9738000000000002
2026-01,uti:190,52,0.9310999999999999
2026-01,uti:193,58,0.9893000000000001
2026-01,uti:251,45,0.9831
2026-01,uti:322,80,0.6466999999999998
2026-01,uti:751,91,0.9525000000000001
2026-01,uti:753,30,0.9730000000000001
2026-01,uti:773,63,0.6899
2026-01,uti:775,28,0.9574000000000001
2026-01,uti:783,76,0.9776999999999995
2026-01,uti:787,77,0.9257000000000001
2026-02,absl:ABSLBCF,67,0.9720189399999997
2026-02,absl:ABSLCONF,41,0.9567045760000001
2026-02,absl:ABSLESG,56,0.9940628230000003
2026-02,absl:ABSLMAAF,70,0.6595864419999999
2026-02,absl:ABSLMCF,83,0.9720640789999999
2026-02,absl:ABSLQF,42,0.996289901
2026-02,absl:ABSLSO,65,0.94795222
2026-02,absl:ABSLTNLF,32,0.9665752599999999
2026-02,absl:ADVG,70,0.9818776760000003
2026-02,absl:BDYP,50,0.9349384780000002
2026-02,absl:BINFRA,53,0.9412224040000001
2026-02,absl:BSL95F,80,0.760692548
2026-02,absl:BSLBKFS,38,0.9585335609999999
2026-02,absl:BSLDAAF,84,0.6806149370000004
2026-02,absl:BSLEQTY,75,0.976882968
2026-02,absl:BSLFEF,76,0.9684900089999999
2026-02,absl:BSLMFG,60,0.98915875
2026-02,absl:BSLNMF,31,0.925529844
2026-02,absl:BSLPHF,36,0.9844575990000003
2026-02,absl:BSLR96,60,0.992919351
2026-02,absl:BSLTA1,90,0.9550295380000002
2026-02,absl:BTOP100,30,0.9674388909999999
2026-02,absl:GENNEXT,77,0.9925932520000001
2026-02,absl:MIDCAP,79,0.9821055480000002
2026-02,absl:MNC,68,0.9868119219999997
2026-02,absl:PSUEQ,32,0.9777399400000001
2026-02,absl:PURE,67,0.9440677619999996
2026-02,axis:AXISBCF,74,0.9817999999999996
2026-02,axis:AXISCON,66,0.9957000000000004
2026-02,axis:AXISDEF,103,0.7009000000000001
2026-02,axis:AXISEHF,85,0.7324999999999998
2026-02,axis:AXISEQF,49,0.9112000000000002
2026-02,axis:AXISESG,39,0.8779999999999998
2026-02,axis:AXISF25,26,0.8855000000000002
2026-02,axis:AXISGOF,92,0.8852999999999998
2026-02,axis:AXISIMF,91,0.9643999999999998
2026-02,axis:AXISMCF,93,0.8839000000000002
2026-02,axis:AXISMIF,37,0.9981000000000001
2026-02,axis:AXISMLC,120,0.9416
2026-02,axis:AXISMLF,58,0.9030000000000001
2026-02,axis:AXISQUA,37,0.9774999999999998
2026-02,axis:AXISSCF,136,0.8900999999999997
2026-02,axis:AXISSOF,38,0.9588
2026-02,axis:AXISSSF,47,0.8338999999999999
2026-02,axis:AXISTAF,67,0.6639000000000003
2026-02,axis:AXISTSF,81,0.9679999999999997
2026-02,axis:AXISVAL,92,0.9686999999999999
2026-02,dsp:Aggressive Hybrid,41,0.6668
2026-02,dsp:Banking and Financial Services,37,0.9768000000000001
2026-02,dsp:Business Cycle Fund,50,0.9310999999999996
2026-02,dsp:DAAF,57,0.6706999999999999
2026-02,dsp:Flexi Cap,63,0.9567999999999998
2026-02,dsp:Focused,29,0.9145
2026-02,dsp:HEALTHCARE,25,0.7982
2026-02,dsp:Large & Mid Cap,76,0.9694999999999998
2026-02,dsp:Large Cap,32,0.8942999999999999
2026-02,dsp:MIDCAP,63,0.9581
2026-02,dsp:Multi Asset,35,0.29370000000000007
2026-02,dsp:Multicap Fund,69,0.9604999999999999
2026-02,dsp:NRNEF,23,0.7289
2026-02,dsp:QUANT,41,0.9617
2026-02,dsp:SMALLCAP,83,0.9467000000000001
2026-02,dsp:TAX,62,0.9754
2026-02,dsp:TIGER,68,0.9704
2026-02,dsp:VALUE,53,0.6541000000000001
2026-02,hdfc:HDFCBKGFSF,29,0.9821000000000001
2026-02,hdfc:HDFCBUSICY,61,0.9615
2026-02,hdfc:HDFCCB,69,0.9963999999999996
2026-02,hdfc:HDFCCS,29,0.8983999999999998
2026-02,hdfc:HDFCDFNFND,22,0.963
2026-02,hdfc:HDFCDIVYLD,129,0.9883999999999996
2026-02,hdfc:HDFCEQ,58,0.9043000000000002
2026-02,hdfc:HDFCGR,149,0.6932
2026-02,hdfc:HDFCHOF117,35,0.9801999999999998
2026-02,hdfc:HDFCINNOVF,57,0.9534999999999999
2026-02,hdfc:HDFCLARGEF,235,0.9872999999999998
2026-02,hdfc:HDFCMANFFN,83,0.9898999999999999
2026-02,hdfc:HDFCMNCFND,35,0.9826000000000001
2026-02,hdfc:HDFCMULCAP,133,0.9829999999999998
2026-02,hdfc:HDFCNCCFND,48,0.9730000000000005
2026-02,hdfc:HDFCPHARHC,29,0.9822000000000002
2026-02,hdfc:HDFCPM,50,0.7117000000000001
2026-02,hdfc:HDFCSMALLF,84,0.9197
2026-02,hdfc:HDFCT2,46,0.9854999999999998
2026-02,hdfc:HDFCTECHFD,28,0.9957000000000001
2026-02,hdfc:HDFCTRALFD,34,0.9769999999999999
2026-02,hdfc:HDFCTS,57,0.9793000000000001
2026-02,hdfc:HDINFG,59,0.9535999999999998
2026-02,hdfc:MIDCAP,78,0.9424
2026-02,hdfc:MY2005,76,0.6346999999999997
2026-02,icici:BAF,99,0.6672047770000001
2026-02,icici:BANFIN SERVICES,42,0.9633598690000001
2026-02,icici:BCYCLE,78,0.9126933800000002
2026-02,icici:BHACON,62,0.9659999770000001
2026-02,icici:BLUECHIP,67,0.9216182190000001
2026-02,icici:COMFUND,45,0.8955717040000001
2026-02,icici:CONGLO,43,0.9719333869999998
2026-02,icici:DISCO,65,0.9372215619999997
2026-02,icici:DIVYLD,64,0.9133078879999996
2026-02,icici:E&DF,115,0.7411964439999997
2026-02,icici:ENERGY,63,0.940039484
2026-02,icici:ESGFUND,50,0.9616295560000002
2026-02,icici:EXPORTS,57,0.9234454090000002
2026-02,icici:FLEXCAP,73,0.9733501159999999
2026-02,icici:FMCG,25,0.951172934
2026-02,icici:FOCUSED,30,0.9755261170000002
2026-02,icici:HOUSING,51,0.9520165949999998
2026-02,icici:INDOPP,82,0.924764823
2026-02,icici:INFRA,54,0.9169225439999998
2026-02,icici:INNOVA,53,0.9382779450000001
2026-02,icici:LARGE & MIDCAP,83,0.9502792170000002
2026-02,icici:LTEF,92,0.9789104569999995
2026-02,icici:MGFINDIA,101,0.959814489
2026-02,icici:MIDCAP,82,0.9830229069999998
2026-02,icici:MNCFUND,51,0.93919946
2026-02,icici:MOMACT,47,0.9272921970000002
2026-02,icici:MULTI,122,0.6932646950000002
2026-02,icici:MULTICAP,146,0.97825655
2026-02,icici:PHARMA,39,0.9797995420000001
2026-02,icici:PSUEQU,39,0.8770667390000002
2026-02,icici:QUALITY,62,0.9376551000000003
2026-02,icici:QUANT,52,0.9626340690000003
2026-02,icici:RURALOPP,50,0.9469115640000002
2026-02,icici:SMALL,121,0.9219977940000003
2026-02,icici:TECH,67,0.8480000609999998
2026-02,icici:TRANSPO,43,0.972509009
2026-02,icici:VARIANCE,35,0.9411559669999999
2026-02,kotak:BAL,61,0.7902000000000001
2026-02,kotak:BFS,33,0.9877999999999999
2026-02,kotak:CMP,46,0.9851
2026-02,kotak:CON,60,0.9835000000000003
2026-02,kotak:DYF,46,0.9279000000000003
2026-02,kotak:ELS,55,0.9888000000000003
2026-02,kotak:EME,65,0.9911000000000002
2026-02,kotak:ESG,48,0.9884999999999998
2026-02,kotak:HLC,32,0.9873000000000001
2026-02,kotak:K30,60,0.9787999999999998
2026-02,kotak:KAM,48,0.9697
2026-02,kotak:KBA,118,0.6979
2026-02,kotak:KBC,54,0.9723999999999997
2026-02,kotak:KEO,36,0.9367
2026-02,kotak:KFE,30,0.9697999999999999
2026-02,kotak:KIE,51,1.0001
2026-02,kotak:KMI,52,0.9337
2026-02,kotak:KMN,39,0.9778
2026-02,kotak:KOP,65,0.9891
2026-02,kotak:KPF,50,0.7880999999999999
2026-02,kotak:KQT,48,0.9940000000000002
2026-02,kotak:MAF,64,0.6805000000000001
2026-02,kotak:MID,79,0.9831000000000002
2026-02,kotak:MUC,70,0.9859000000000001
2026-02,kotak:ROF,46,0.9566999999999999
2026-02,kotak:SEF,58,0.9823
2026-02,kotak:SPO,35,0.9807
2026-02,kotak:TAL,31,0.9937
2026-02,kotak:TCH,25,0.9320999999999999
2026-02,mirae:INFRA,38,0.9638650299999998
2026-02,mirae:MABAF,107,0.6837043570000002
2026-02,mirae:MABFF,32,0.9505834009999999
2026-02,mirae:MAEBF,84,0.988956761
2026-02,mirae:MAFCF,85,0.9853988970000004
2026-02,mirae:MAFF,30,0.976957937
2026-02,mirae:MAHCF,32,0.99718741
2026-02,mirae:MAIPF,76,0.7604451640000001
2026-02,mirae:MAMAAF,125,0.6684008459999999
2026-02,mirae:MAMCF,64,0.980609531
2026-02,mirae:MAMPF,76,0.9940509199999996
2026-02,mirae:MASCF,79,0.9524431000000001
2026-02,mirae:MATSF,70,0.9918203710000001
2026-02,mirae:MICCF,38,0.9919280310000002
2026-02,mirae:MIIOF,78,0.9919594688000003
2026-02,nippon:AM,40,0.9652999999999997
2026-02,nippon:BF,35,0.9779999999999998
2026-02,nippon:EA,67,0.9927
2026-02,nippon:EO,125,0.9936999999999997
2026-02,nippon:GF,98,0.9866000000000006
2026-02,nippon:GS,93,0.9772000000000001
2026-02,nippon:IT,49,0.9881
2026-02,nippon:LC,86,0.9892999999999998
2026-02,nippon:LE,30,0.9693999999999999
2026-02,nippon:MC,33,0.9558000000000001
2026-02,nippon:ME,41,0.9671999999999998
2026-02,nippon:MF,94,0.5819000000000002
2026-02,nippon:NE,73,0.7008999999999999
2026-02,nippon:PH,35,0.9968
2026-02,nippon:PS,78,0.9922999999999995
2026-02,nippon:QP,35,0.9785
2026-02,nippon:SC,244,0.9592999999999997
2026-02,nippon:SE,72,0.9725
2026-02,nippon:SH,77,0.72
2026-02,nippon:TS,62,0.9706000000000004
2026-02,ppfas:PPDAAF,12,0.1547
2026-02,ppfas:PPFCF,33,0.6597999999999997
2026-02,ppfas:PPLCF,101,1.0004
2026-02,ppfas:PPTSF,38,0.8785999999999998
2026-02,sbi:SBAF,95,0.6881999999999997
2026-02,sbi:SBFS,34,0.9771
2026-02,sbi:SBI-AOF,30,0.9793000000000002
2026-02,sbi:SBIRIOS,33,0.8999999999999999
2026-02,sbi:SBLUECHIP,45,0.9531999999999999
2026-02,sbi:SCF,81,0.8179000000000002
2026-02,sbi:SCOF,43,0.9747999999999998
2026-02,sbi:SDYF,47,0.9877999999999998
2026-02,sbi:SEHF,45,0.7447999999999999
2026-02,sbi:SEMVF,50,0.9992000000000001
2026-02,sbi:SEOF,33,0.9442
2026-02,sbi:SFEF,23,0.7221000000000001
2026-02,sbi:SFLEXI,66,0.9180999999999998
2026-02,sbi:SHOF,32,0.9390999999999999
2026-02,sbi:SIF,33,0.9407
2026-02,sbi:SIOF,35,0.9359
2026-02,sbi:SLMF,78,0.9257000000000001
2026-02,sbi:SLTEF,80,0.9781000000000001
2026-02,sbi:SMAAF,66,0.45510000000000017
2026-02,sbi:SMCF,57,0.9217000000000001
2026-02,sbi:SMCOMMA,31,0.9543000000000003
2026-02,sbi:SMEEF,39,0.9882999999999998
2026-02,sbi:SMGLF,36,0.9447
2026-02,sbi:SMIDCAP,52,0.9378
2026-02,sbi:SPSU,22,0.9583999999999999
2026-02,sbi:SQF,31,0.9775000000000001
2026-02,sbi:SQLF,36,0.8639999999999997
2026-02,sbi:SSCF,67,0.8595999999999999
2026-02,sbi:STOF,29,0.8469
2026-02,uti:002,50,0.3757000000000001
2026-02,uti:017,60,0.9801999999999998
2026-02,uti:042,55,0.9685999999999999
2026-02,uti:049,71,0.9418000000000001
2026-02,uti:066,62,0.6772000000000002
2026-02,uti:101,52,0.9537999999999998
2026-02,uti:118,43,0.9820999999999996
2026-02,uti:125,61,0.9947999999999999
2026-02,uti:160,91,0.9833000000000002
2026-02,uti:161,60,0.9481999999999998
2026-02,uti:162,42,0.9455000000000002
2026-02,uti:163,32,0.9669999999999999
2026-02,uti:190,53,0.9290999999999999
2026-02,uti:193,59,0.9907
2026-02,uti:251,45,0.9827000000000001
2026-02,uti:322,80,0.6508
2026-02,uti:751,98,0.9494999999999999
2026-02,uti:753,29,0.9755000000000001
2026-02,uti:773,67,0.6953000000000001
2026-02,uti:775,29,0.9810000000000003
2026-02,uti:783,76,0.9691
2026-02,uti:787,73,0.9365
2026-03,absl:ABSLBCF,66,0.9736209229999997
2026-03,absl:ABSLCONF,42,0.9929843580000002
2026-03,absl:ABSLESG,56,0.9871817000000002
2026-03,absl:ABSLMAAF,71,0.6594636239999999
2026-03,absl:ABSLMCF,81,0.9756277759999998
2026-03,absl:ABSLQF,42,0.9917010409999997
2026-03,absl:ABSLSO,67,0.9433715730000003
2026-03,absl:ABSLTNLF,33,0.9908996809999999
2026-03,absl:ADVG,71,0.9834763050000003
2026-03,absl:BDYP,47,0.9382104119999999
2026-03,absl:BINFRA,57,0.9590291200000003
2026-03,absl:BSL95F,80,0.7383784509999998
2026-03,absl:BSLBKFS,38,0.9695455260000002
2026-03,absl:BSLDAAF,90,0.7103042620000002
2026-03,absl:BSLEQTY,77,0.9904154720000005
2026-03,absl:BSLFEF,76,0.9848882129999997
2026-03,absl:BSLMFG,60,0.9935277880000002
2026-03,absl:BSLNMF,30,0.9349548769999999
2026-03,absl:BSLPHF,37,0.976504814
2026-03,absl:BSLR96,59,0.9890234869999998
2026-03,absl:BSLTA1,88,0.9313005160000003
2026-03,absl:BTOP100,29,0.972775313
2026-03,absl:GENNEXT,77,0.9924906369999998
2026-03,absl:MIDCAP,78,0.9729377169999996
2026-03,absl:MNC,69,0.9827739890000002
2026-03,absl:PSUEQ,32,0.9706963319999998
2026-03,absl:PURE,68,0.9757613619999997
2026-03,axis:AXISBCF,76,0.9495999999999998
2026-03,axis:AXISCON,62,0.9810000000000001
2026-03,axis:AXISDEF,105,0.6816000000000003
2026-03,axis:AXISEHF,87,0.7174000000000003
2026-03,axis:AXISEQF,46,0.8816
2026-03,axis:AXISESG,37,0.8553999999999999
2026-03,axis:AXISF25,28,0.8866
2026-03,axis:AXISGOF,89,0.8684000000000001
2026-03,axis:AXISIMF,90,0.9136000000000004
2026-03,axis:AXISMCF,88,0.8691000000000001
2026-03,axis:AXISMIF,41,0.9935999999999999
2026-03,axis:AXISMLC,117,0.9373
2026-03,axis:AXISMLF,60,0.8982000000000001
2026-03,axis:AXISQUA,55,0.8051000000000001
2026-03,axis:AXISSCF,137,0.8782000000000002
2026-03,axis:AXISSOF,38,0.9580999999999998
2026-03,axis:AXISSSF,47,0.8262
2026-03,axis:AXISTAF,70,0.6663000000000001
2026-03,axis:AXISTSF,75,0.9557000000000002
2026-03,axis:AXISVAL,89,0.9286000000000003
2026-03,dsp:Aggressive Hybrid,44,0.7101000000000001
2026-03,dsp:Banking and Financial Services,34,0.973
2026-03,dsp:Business Cycle Fund,50,0.9548000000000001
2026-03,dsp:DAAF,53,0.6527999999999998
2026-03,dsp:Flexi Cap,63,0.951
2026-03,dsp:Focused,28,0.8930000000000001
2026-03,dsp:HEALTHCARE,25,0.7956999999999999
2026-03,dsp:Large & Mid Cap,76,0.9744000000000003
2026-03,dsp:Large Cap,34,0.9011999999999999
2026-03,dsp:MIDCAP,61,0.9602999999999998
2026-03,dsp:Multi Asset,42,0.3144999999999999
2026-03,dsp:Multicap Fund,66,0.9751999999999998
2026-03,dsp:NRNEF,23,0.6554999999999999
2026-03,dsp:QUANT,41,0.9649000000000001
2026-03,dsp:SMALLCAP,82,0.9341999999999997
2026-03,dsp:TAX,62,0.9928999999999997
2026-03,dsp:TIGER,67,0.9517
2026-03,dsp:VALUE,57,0.6485999999999997
2026-03,hdfc:HDFCBKGFSF,30,0.9902000000000001
2026-03,hdfc:HDFCBUSICY,59,0.9186000000000002
2026-03,hdfc:HDFCCB,70,0.9976999999999997
2026-03,hdfc:HDFCCS,29,0.9198999999999999
2026-03,hdfc:HDFCDFNFND,22,0.9609000000000002
2026-03,hdfc:HDFCDIVYLD,129,0.9901000000000001
2026-03,hdfc:HDFCEQ,59,0.9306
2026-03,hdfc:HDFCGR,152,0.6821999999999996
2026-03,hdfc:HDFCHOF117,34,0.9758999999999999
2026-03,hdfc:HDFCINNOVF,59,0.9671000000000001
2026-03,hdfc:HDFCLARGEF,237,0.9860999999999993
2026-03,hdfc:HDFCMANFFN,84,0.9979000000000003
2026-03,hdfc:HDFCMNCFND,34,0.9521999999999998
2026-03,hdfc:HDFCMULCAP,121,0.9787999999999997
2026-03,hdfc:HDFCNCCFND,48,0.9786
2026-03,hdfc:HDFCPHARHC,29,0.9852
2026-03,hdfc:HDFCPM,51,0.6915999999999999
2026-03,hdfc:HDFCSMALLF,83,0.8972999999999999
2026-03,hdfc:HDFCT2,45,0.9647
2026-03,hdfc:HDFCTECHFD,28,0.9915999999999998
2026-03,hdfc:HDFCTRALFD,35,0.9916999999999998
2026-03,hdfc:HDFCTS,55,0.9826999999999999
2026-03,hdfc:HDINFG,62,0.9459999999999998
2026-03,hdfc:MIDCAP,78,0.9235
2026-03,hdfc:MY2005,79,0.6584000000000001
2026-03,icici:BAF,101,0.6933250879999998
2026-03,icici:BANFIN SERVICES,41,0.9738363690000004
2026-03,icici:BCYCLE,77,0.9320048520000002
2026-03,icici:BHACON,60,0.9794073119999996
2026-03,icici:BLUECHIP,71,0.943764284
2026-03,icici:COMFUND,45,0.9007387930000003
2026-03,icici:CONGLO,41,0.9797751270000001
2026-03,icici:DISCO,66,0.9519151320000001
2026-03,icici:DIVYLD,68,0.9331713779999997
2026-03,icici:E&DF,119,0.7490165339999999
2026-03,icici:ENERGY,66,0.9288383780000001
2026-03,icici:ESGFUND,50,0.9455421130000001
2026-03,icici:EXPORTS,60,0.9638981370000002
2026-03,icici:FLEXCAP,74,0.9620492460000003
2026-03,icici:FMCG,27,0.9823871129999999
2026-03,icici:FOCUSED,30,0.9719548070000001
2026-03,icici:HOUSING,52,0.9395589389999998
2026-03,icici:INDOPP,79,0.9403934809999998
2026-03,icici:INFRA,55,0.9442548100000002
2026-03,icici:INNOVA,57,0.9556758399999998
2026-03,icici:LARGE & MIDCAP,83,0.9426734510000002
2026-03,icici:LTEF,90,0.9653260779999996
2026-03,icici:MGFINDIA,101,0.9583578339999997
2026-03,icici:MIDCAP,81,0.9836456930000002
2026-03,icici:MNCFUND,52,0.9552046230000002
2026-03,icici:MOMACT,46,0.9296799490000001
2026-03,icici:MULTI,127,0.7001535659999999
2026-03,icici:MULTICAP,147,0.9815119269999998
2026-03,icici:PHARMA,38,0.9761842839999999
2026-03,icici:PSUEQU,41,0.9425385629999999
2026-03,icici:QUALITY,58,0.951708494
2026-03,icici:QUANT,53,0.949490578
2026-03,icici:RURALOPP,49,0.9653844060000002
2026-03,icici:SMALL,127,0.9345085249999998
2026-03,icici:TECH,66,0.9366363660000001
2026-03,icici:TRANSPO,42,0.9596275749999998
2026-03,icici:VARIANCE,35,0.9659011040000001
2026-03,kotak:BAL,60,0.7971000000000003
2026-03,kotak:BFS,34,0.9651000000000001
2026-03,kotak:CMP,46,0.9933999999999998
2026-03,kotak:CON,61,0.9830999999999998
2026-03,kotak:DYF,47,0.9367
2026-03,kotak:ELS,55,0.9909999999999998
2026-03,kotak:EME,65,0.9923999999999997
2026-03,kotak:ESG,48,0.979
2026-03,kotak:HLC,32,0.9935000000000002
2026-03,kotak:K30,60,0.9695
2026-03,kotak:KAM,48,0.957
2026-03,kotak:KBA,120,0.671
2026-03,kotak:KBC,54,0.9981
2026-03,kotak:KEO,36,0.9527999999999999
2026-03,kotak:KFE,29,0.9591
2026-03,kotak:KIE,51,1.0016
2026-03,kotak:KMI,52,0.9347000000000003
2026-03,kotak:KMN,38,0.9817
2026-03,kotak:KOP,66,0.9792000000000001
2026-03,kotak:KPF,49,0.7862
2026-03,kotak:KQT,59,0.9419999999999997
2026-03,kotak:MAF,66,0.7049000000000001
2026-03,kotak:MID,77,0.9898000000000001
2026-03,kotak:MUC,71,0.9783000000000001
2026-03,kotak:ROF,45,0.9709
2026-03,kotak:SEF,57,0.9818000000000001
2026-03,kotak:SPO,34,0.9845
2026-03,kotak:SRF,22,0.7223000000000002
2026-03,kotak:TAL,31,0.9963
2026-03,kotak:TCH,24,0.9567000000000001
2026-03,mirae:INFRA,39,0.987429277
2026-03,mirae:MABAF,111,0.6748003879999999
2026-03,mirae:MABFF,32,0.9568738880000002
2026-03,mirae:MAEBF,82,0.9806864729999998
2026-03,mirae:MAFCF,85,0.9823380080000002
2026-03,mirae:MAFF,28,0.9808240399999999
2026-03,mirae:MAHCF,33,0.9992443649999997
2026-03,mirae:MAIPF,76,0.7622113400000001
2026-03,mirae:MAMAAF,127,0.6628559740000002
2026-03,mirae:MAMCF,63,0.9834236279999998
2026-03,mirae:MAMPF,75,0.9919924940000002
2026-03,mirae:MASCF,78,0.9558451969999999
2026-03,mirae:MATSF,69,0.9895184940000002
2026-03,mirae:MICCF,38,0.995250378
2026-03,mirae:MIIOF,76,0.9942520619
2026-03,nippon:AM,40,0.9149
2026-03,nippon:BF,36,0.9858
2026-03,nippon:EA,65,0.9575999999999998
2026-03,nippon:EO,122,0.9741000000000003
2026-03,nippon:GF,98,0.9873000000000003
2026-03,nippon:GS,96,0.9736000000000002
2026-03,nippon:IT,49,0.9830999999999998
2026-03,nippon:LC,83,0.9773999999999999
2026-03,nippon:LE,29,0.9756999999999999
2026-03,nippon:MC,33,0.9488000000000001
2026-03,nippon:ME,42,0.9994000000000001
2026-03,nippon:MF,95,0.5633
2026-03,nippon:NE,75,0.6693000000000002
2026-03,nippon:PH,35,0.9944999999999999
2026-03,nippon:PS,80,0.9937
2026-03,nippon:QP,34,0.9552000000000002
2026-03,nippon:SC,247,0.9600999999999996
2026-03,nippon:SE,74,0.9403000000000005
2026-03,nippon:SH,77,0.7107000000000002
2026-03,nippon:TS,63,0.9962000000000001
2026-03,ppfas:PPDAAF,12,0.1495
2026-03,ppfas:PPFCF,33,0.6674999999999999
2026-03,ppfas:PPLCF,107,0.9732000000000004
2026-03,ppfas:PPTSF,38,0.8830999999999999
2026-03,sbi:SBAF,96,0.6939999999999998
2026-03,sbi:SBFS,32,0.904
2026-03,sbi:SBI-AOF,32,0.9906
2026-03,sbi:SBIRIOS,32,0.9220999999999999
2026-03,sbi:SBLUECHIP,45,0.9647999999999995
2026-03,sbi:SCF,81,0.8191000000000002
2026-03,sbi:SCOF,45,0.9661000000000002
2026-03,sbi:SDYF,46,0.9625999999999999
2026-03,sbi:SEHF,49,0.7538999999999999
2026-03,sbi:SEMVF,50,0.9817000000000001
2026-03,sbi:SEOF,34,0.9464999999999997
2026-03,sbi:SFEF,25,0.7769000000000001
2026-03,sbi:SFLEXI,68,0.9388
2026-03,sbi:SHOF,33,0.9518999999999997
2026-03,sbi:SIF,31,0.9102999999999999
2026-03,sbi:SIOF,37,0.9409000000000001
2026-03,sbi:SLMF,80,0.9297000000000002
2026-03,sbi:SLTEF,75,0.9718
2026-03,sbi:SMAAF,70,0.4373
2026-03,sbi:SMCF,58,0.9292
2026-03,sbi:SMCOMMA,32,0.9406
2026-03,sbi:SMEEF,40,0.9853
2026-03,sbi:SMGLF,38,0.9837999999999999
2026-03,sbi:SMIDCAP,51,0.9389999999999997
2026-03,sbi:SPSU,20,0.9512999999999999
2026-03,sbi:SQF,29,0.9695999999999998
2026-03,sbi:SQLF,42,0.9527000000000002
2026-03,sbi:SSCF,68,0.8818999999999999
2026-03,sbi:STOF,29,0.8189
2026-03,uti:002,51,0.37760000000000005
2026-03,uti:017,58,0.9657999999999998
2026-03,uti:042,55,0.9664
2026-03,uti:049,71,0.9513000000000001
2026-03,uti:066,62,0.6847000000000001
2026-03,uti:101,51,0.9452
2026-03,uti:118,43,0.9866000000000003
2026-03,uti:125,60,0.9887999999999999
2026-03,uti:160,89,0.9819
2026-03,uti:161,65,0.9697999999999999
2026-03,uti:162,41,0.9405
2026-03,uti:163,31,0.9618999999999999
2026-03,uti:190,54,0.9269
2026-03,uti:193,59,0.9904000000000003
2026-03,uti:251,41,0.9741
2026-03,uti:322,77,0.6468999999999999
2026-03,uti:751,99,0.9424999999999999
2026-03,uti:753,29,0.9832
2026-03,uti:773,57,0.6739999999999998
2026-03,uti:775,28,0.9690000000000001
2026-03,uti:783,84,0.969
2026-03,uti:787,73,0.9422
2026-04,absl:ABSLBCF,70,0.979063425
2026-04,absl:ABSLCONF,50,0.9914517600000001
2026-04,absl:ABSLESG,56,0.9934522390000001
2026-04,absl:ABSLMAAF,70,0.6708179089999999
2026-04,absl:ABSLMCF,82,0.9514666520000004
2026-04,absl:ABSLQF,48,0.9978547969999999
2026-04,absl:ABSLSO,71,0.949291578
2026-04,absl:ABSLTNLF,32,0.991273338
2026-04,absl:ADVG,73,0.9595946139999997
2026-04,absl:BDYP,50,0.9388727219999999
2026-04,absl:BINFRA,60,0.9586858289999993
2026-04,absl:BSL95F,85,0.7591871100000002
2026-04,absl:BSLBKFS,39,0.983859151
2026-04,absl:BSLDAAF,91,0.761380622
2026-04,absl:BSLEQTY,78,0.9861434609999998
2026-04,absl:BSLFEF,79,0.9799957180000001
2026-04,absl:BSLMFG,65,0.9842752990000004
2026-04,absl:BSLNMF,30,0.9224092130000002
2026-04,absl:BSLPHF,38,0.986061824
2026-04,absl:BSLR96,59,0.9800165250000001
2026-04,absl:BSLTA1,88,0.934510602
2026-04,absl:BTOP100,30,0.9553966090000001
2026-04,absl:GENNEXT,73,0.990457255
2026-04,absl:MIDCAP,79,0.970488707
2026-04,absl:MNC,71,0.9880710280000002
2026-04,absl:PSUEQ,33,0.983100623
2026-04,absl:PURE,71,0.957339847
2026-04,axis:AXISBCF,76,0.9601000000000002
2026-04,axis:AXISCON,60,0.9927000000000001
2026-04,axis:AXISDEF,108,0.7282000000000001
2026-04,axis:AXISEHF,88,0.7457000000000005
2026-04,axis:AXISEQF,46,0.8761000000000002
2026-04,axis:AXISESG,41,0.8624999999999999
2026-04,axis:AXISF25,27,0.9264
2026-04,axis:AXISGOF,87,0.8864999999999997
2026-04,axis:AXISIMF,90,0.9841999999999999
2026-04,axis:AXISMCF,87,0.8948999999999999
2026-04,axis:AXISMIF,67,0.8449999999999995
2026-04,axis:AXISMLC,117,0.9720999999999999
2026-04,axis:AXISMLF,59,0.9231999999999997
2026-04,axis:AXISQUA,25,0.8449000000000002
2026-04,axis:AXISSCF,136,0.8834999999999996
2026-04,axis:AXISSOF,38,0.9647
2026-04,axis:AXISSSF,46,0.8112999999999998
2026-04,axis:AXISTAF,83,0.6865
2026-04,axis:AXISTSF,77,0.9754
2026-04,axis:AXISVAL,91,0.9414
2026-04,dsp:Aggressive Hybrid,44,0.7044
2026-04,dsp:Banking and Financial Services,33,0.9523
2026-04,dsp:Business Cycle Fund,52,0.9019999999999998
2026-04,dsp:DAAF,51,0.6651999999999998
2026-04,dsp:Flexi Cap,62,0.9136
2026-04,dsp:Focused,29,0.9193999999999998
2026-04,dsp:HEALTHCARE,25,0.7963
2026-04,dsp:Large & Mid Cap,75,0.9452999999999999
2026-04,dsp:Large Cap,32,0.9087999999999998
2026-04,dsp:MIDCAP,61,0.9509999999999997
2026-04,dsp:Multi Asset,48,0.4079
2026-04,dsp:Multicap Fund,63,0.9377
2026-04,dsp:NRNEF,23,0.7351
2026-04,dsp:QUANT,40,0.9503999999999996
2026-04,dsp:SMALLCAP,81,0.9163999999999998
2026-04,dsp:TAX,59,0.9415999999999998
2026-04,dsp:TIGER,65,0.9061000000000001
2026-04,dsp:VALUE,56,0.6470999999999998
2026-04,hdfc:HDFCBKGFSF,33,0.9838999999999999
2026-04,hdfc:HDFCBUSICY,57,0.8945999999999998
2026-04,hdfc:HDFCCB,71,0.9738999999999998
2026-04,hdfc:HDFCCS,29,0.9072000000000002
2026-04,hdfc:HDFCDFNFND,22,0.9806999999999999
2026-04,hdfc:HDFCDIVYLD,128,0.9839000000000004
2026-04,hdfc:HDFCEQ,63,0.9288000000000002
2026-04,hdfc:HDFCGR,153,0.6973999999999996
2026-04,hdfc:HDFCHOF117,35,0.9608000000000002
2026-04,hdfc:HDFCINNOVF,60,0.9656999999999998
2026-04,hdfc:HDFCLARGEF,237,0.9815999999999993
2026-04,hdfc:HDFCMANFFN,82,0.9859000000000001
2026-04,hdfc:HDFCMNCFND,35,0.8763000000000001
2026-04,hdfc:HDFCMULCAP,117,0.9661999999999995
2026-04,hdfc:HDFCNCCFND,49,0.9736999999999998
2026-04,hdfc:HDFCPHARHC,31,0.9729999999999998
2026-04,hdfc:HDFCPM,53,0.7055999999999999
2026-04,hdfc:HDFCSMALLF,84,0.9044999999999999
2026-04,hdfc:HDFCT2,44,0.9640999999999998
2026-04,hdfc:HDFCTECHFD,28,0.9877
2026-04,hdfc:HDFCTRALFD,35,0.9944999999999998
2026-04,hdfc:HDFCTS,55,0.9656999999999999
2026-04,hdfc:HDINFG,66,0.9665000000000001
2026-04,hdfc:MIDCAP,77,0.9345999999999997
2026-04,hdfc:MY2005,77,0.6804
2026-04,icici:BAF,101,0.6841922139999999
2026-04,icici:BANFIN SERVICES,43,0.9566676789999998
2026-04,icici:BCYCLE,74,0.9349448199999999
2026-04,icici:BHACON,62,0.9638424409999999
2026-04,icici:BLUECHIP,81,0.9396914370000001
2026-04,icici:COMFUND,49,0.898174667
2026-04,icici:CONGLO,45,0.9703894509999998
2026-04,icici:DISCO,63,0.9373177680000001
2026-04,icici:DIVYLD,69,0.9358816259999997
2026-04,icici:E&DF,122,0.7475322240000002
2026-04,icici:ENERGY,66,0.9385253900000002
2026-04,icici:ESGFUND,51,0.9775114519999998
2026-04,icici:EXPORTS,65,0.9117165299999999
2026-04,icici:FLEXCAP,78,0.9609541189999999
2026-04,icici:FMCG,29,0.9116136860000001
2026-04,icici:FOCUSED,30,0.970181152
2026-04,icici:HOUSING,53,0.9726989310000003
2026-04,icici:INDOPP,81,0.9288279809999996
2026-04,icici:INFRA,58,0.9467799730000003
2026-04,icici:INNOVA,58,0.9551741360000001
2026-04,icici:LARGE & MIDCAP,83,0.9412680179999999
2026-04,icici:LTEF,91,0.9679751830000002
2026-04,icici:MGFINDIA,96,0.9406996360000001
2026-04,icici:MIDCAP,85,0.980110672
2026-04,icici:MNCFUND,56,0.96800639
2026-04,icici:MOMACT,51,0.891985666
2026-04,icici:MULTI,130,0.6906133080000001
2026-04,icici:MULTICAP,162,0.9796660100000002
2026-04,icici:PHARMA,38,0.9675557660000004
2026-04,icici:PSUEQU,43,0.9211645030000002
2026-04,icici:QUALITY,57,0.9267441020000001
2026-04,icici:QUANT,54,0.9604869810000002
2026-04,icici:RURALOPP,47,0.9497065360000001
2026-04,icici:SMALL,133,0.9086530139999999
2026-04,icici:TECH,62,0.8747906839999999
2026-04,icici:TRANSPO,43,0.9664879979999996
2026-04,icici:VARIANCE,33,0.9165766369999998
2026-04,kotak:BAL,58,0.7911
2026-04,kotak:BFS,33,0.9782000000000002
2026-04,kotak:CMP,43,0.9922000000000001
2026-04,kotak:CON,60,0.9885999999999999
2026-04,kotak:DYF,49,0.9705999999999999
2026-04,kotak:ELS,55,0.9802000000000003
2026-04,kotak:EME,64,0.9943000000000002
2026-04,kotak:ESG,46,0.9661000000000002
2026-04,kotak:HLC,33,0.9902000000000001
2026-04,kotak:K30,60,0.9709000000000002
2026-04,kotak:KAM,48,0.949
2026-04,kotak:KBA,123,0.6954999999999996
2026-04,kotak:KBC,50,0.9578000000000001
2026-04,kotak:KEO,36,0.9419000000000002
2026-04,kotak:KFE,29,0.9508000000000001
2026-04,kotak:KIE,51,0.9981000000000002
2026-04,kotak:KMI,55,0.9811999999999996
2026-04,kotak:KMN,36,0.9535
2026-04,kotak:KOP,67,0.9889000000000004
2026-04,kotak:KPF,48,0.7541
2026-04,kotak:KQT,52,0.9824
2026-04,kotak:MAF,67,0.7296000000000002
2026-04,kotak:MID,76,0.9845999999999999
2026-04,kotak:MUC,72,0.9839999999999999
2026-04,kotak:ROF,45,0.9760999999999999
2026-04,kotak:SEF,56,0.9729999999999998
2026-04,kotak:SPO,35,0.9994000000000001
2026-04,kotak:SRF,31,0.8510999999999999
2026-04,kotak:TAL,31,0.9878000000000001
2026-04,kotak:TCH,24,0.9492
2026-04,mirae:INFRA,41,0.9654180510000001
2026-04,mirae:MABAF,112,0.6848188029999999
2026-04,mirae:MABFF,32,0.9657905279999998
2026-04,mirae:MAEBF,86,0.99186335
2026-04,mirae:MAFCF,92,0.980187877
2026-04,mirae:MAFF,29,0.9684195369999999
2026-04,mirae:MAHCF,32,0.9995501780000002
2026-04,mirae:MAIPF,80,0.7621783119999999
2026-04,mirae:MAMAAF,130,0.6804947420000002
2026-04,mirae:MAMCF,64,0.9785382959999999
2026-04,mirae:MAMPF,81,0.9952353199999998
2026-04,mirae:MASCF,79,0.9734344349999999
2026-04,mirae:MATSF,69,0.9910523609999997
2026-04,mirae:MICCF,38,0.9951829389999997
2026-04,mirae:MIIOF,80,0.9963028219000001
2026-04,nippon:AM,45,0.9519999999999998
2026-04,nippon:BF,37,0.9759
2026-04,nippon:EA,64,0.9642999999999998
2026-04,nippon:EO,125,0.9949999999999999
2026-04,nippon:GF,97,0.9854999999999999
2026-04,nippon:GS,102,0.9844
2026-04,nippon:IT,54,0.9837000000000001
2026-04,nippon:LC,89,0.9853999999999999
2026-04,nippon:LE,30,0.9611000000000002
2026-04,nippon:MC,38,0.9844999999999999
2026-04,nippon:ME,42,0.9695000000000001
2026-04,nippon:MF,98,0.5513000000000001
2026-04,nippon:NE,74,0.6988000000000001
2026-04,nippon:PH,34,0.9869999999999999
2026-04,nippon:PS,79,0.9927000000000001
2026-04,nippon:QP,39,0.9776999999999996
2026-04,nippon:SC,249,0.9716999999999998
2026-04,nippon:SE,77,0.9861
2026-04,nippon:SH#0,76,0.7278000000000007
2026-04,nippon:TS,62,0.9827
2026-04,ppfas:PPDAAF,11,0.16110000000000002
2026-04,ppfas:PPFCF,32,0.6858999999999998
2026-04,ppfas:PPLCF,105,0.9877999999999996
2026-04,ppfas:PPTSF,39,0.908
2026-04,sbi:SBAF,95,0.7135000000000001
2026-04,sbi:SBFS,33,0.9181000000000001
2026-04,sbi:SBI-AOF,31,0.9679
2026-04,sbi:SBLUECHIP,50,0.9725999999999997
2026-04,sbi:SCF,81,0.8203999999999999
2026-04,sbi:SCOF,43,0.9837
2026-04,sbi:SDYF,52,0.975
2026-04,sbi:SEHF,43,0.7341
2026-04,sbi:SEMVF,50,0.9853000000000003
2026-04,sbi:SEOF,34,0.9740999999999999
2026-04,sbi:SFEF,23,0.7703000000000001
2026-04,sbi:SFLEXI,77,0.9449000000000002
2026-04,sbi:SHOF,31,0.9466999999999999
2026-04,sbi:SIF,33,0.9458000000000001
2026-04,sbi:SIOF,38,0.9485000000000002
2026-04,sbi:SLMF,76,0.9264000000000002
2026-04,sbi:SLTEF,73,0.9605000000000004
2026-04,sbi:SMAAF,73,0.4939
2026-04,sbi:SMCF,58,0.9331
2026-04,sbi:SMCOMMA,37,0.9405000000000001
2026-04,sbi:SMEEF,40,0.9774
2026-04,sbi:SMGLF,42,0.9511000000000002
2026-04,sbi:SMIDCAP,49,0.9309000000000001
2026-04,sbi:SPSU,21,0.9543999999999999
2026-04,sbi:SQF,31,0.988
2026-04,sbi:SQLF,42,0.9616999999999999
2026-04,sbi:SSCF,65,0.8702000000000001
2026-04,sbi:STOF,26,0.8493
2026-04,uti:002,49,0.38360000000000005
2026-04,uti:017,61,0.9705
2026-04,uti:042,55,0.9680000000000003
2026-04,uti:049,68,0.9297000000000004
2026-04,uti:066,61,0.6811000000000001
2026-04,uti:101,52,0.9139999999999999
2026-04,uti:118,43,0.9526999999999997
2026-04,uti:125,59,0.9793000000000004
2026-04,uti:160,91,0.9836999999999998
2026-04,uti:161,63,0.961
2026-04,uti:162,41,0.9445000000000001
2026-04,uti:163,27,0.9687999999999998
2026-04,uti:190,52,0.9100000000000001
2026-04,uti:193,59,0.9863999999999997
2026-04,uti:251,41,0.9787999999999999
2026-04,uti:322,95,0.6555999999999997
2026-04,uti:751,103,0.9669000000000001
2026-04,uti:753,30,0.9766000000000002
2026-04,uti:773,54,0.6569999999999998
2026-04,uti:775,28,0.9728
2026-04,uti:783,84,0.9505999999999999
2026-04,uti:787,73,0.9612
2026-05,absl:ABSLBCF,70,0.9612848679999999
2026-05,absl:ABSLCONF,52,0.977514393
2026-05,absl:ABSLESG,55,0.985743719
2026-05,absl:ABSLMAAF,71,0.6688332489999995
2026-05,absl:ABSLMCF,86,0.9787001359999997
2026-05,absl:ABSLQF,48,0.9956875599999999
2026-05,absl:ABSLSO,72,0.9607748310000002
2026-05,absl:ABSLTNLF,31,0.971157585
2026-05,absl:ADVG,76,0.9814627010000001
2026-05,absl:BDYP,51,0.9378206600000001
2026-05,absl:BINFRA,58,0.9656205489999998
2026-05,absl:BSL95F,83,0.7550745610000001
2026-05,absl:BSLBKFS,38,0.9705832940000001
2026-05,absl:BSLDAAF,91,0.7445714639999998
2026-05,absl:BSLEQTY,77,0.9867466630000001
2026-05,absl:BSLFEF,76,0.9876138560000003
2026-05,absl:BSLMFG,66,0.9819630640000002
2026-05,absl:BSLNMF,30,0.9260421789999999
2026-05,absl:BSLPHF,38,0.96827297
2026-05,absl:BSLR96,60,0.986932822
2026-05,absl:BSLTA1,90,0.9491783530000001
2026-05,absl:BTOP100,30,0.9466572129999998
2026-05,absl:GENNEXT,70,0.990306203
2026-05,absl:MIDCAP,79,0.9833566160000001
2026-05,absl:MNC,67,0.9934696329999998
2026-05,absl:PSUEQ,32,0.980644666
2026-05,absl:PURE,67,0.9653884919999998
2026-05,axis:AXISBCF,77,0.9654999999999999
2026-05,axis:AXISCON,57,0.9983999999999998
2026-05,axis:AXISDEF,111,0.7375999999999995
2026-05,axis:AXISEHF,94,0.7517999999999997
2026-05,axis:AXISEQF,45,0.9177999999999998
2026-05,axis:AXISESG,44,0.9183999999999999
2026-05,axis:AXISF25,28,0.8894
2026-05,axis:AXISGOF,86,0.8828000000000001
2026-05,axis:AXISIMF,84,0.9767000000000003
2026-05,axis:AXISMCF,86,0.9149000000000004
2026-05,axis:AXISMIF,43,0.7486999999999997
2026-05,axis:AXISMLC,112,0.9583
2026-05,axis:AXISMLF,63,0.9136999999999998
2026-05,axis:AXISQUA,25,0.8634000000000001
2026-05,axis:AXISSCF,133,0.8840999999999999
2026-05,axis:AXISSOF,38,0.9643999999999997
2026-05,axis:AXISSSF,45,0.8029000000000002
2026-05,axis:AXISTAF,79,0.6824000000000001
2026-05,axis:AXISTSF,72,0.9879999999999998
2026-05,axis:AXISVAL,90,0.9588000000000002
2026-05,dsp:Aggressive Hybrid,43,0.6742999999999999
2026-05,dsp:Banking and Financial Services,33,0.9356999999999999
2026-05,dsp:Business Cycle Fund,41,0.8223
2026-05,dsp:DAAF,47,0.6763000000000001
2026-05,dsp:Flexi Cap,64,0.9081999999999999
2026-05,dsp:Focused,29,0.9034
2026-05,dsp:HEALTHCARE,23,0.7566999999999999
2026-05,dsp:Large & Mid Cap,72,0.965
2026-05,dsp:Large Cap,41,0.9568000000000001
2026-05,dsp:MIDCAP,62,0.9552999999999999
2026-05,dsp:Multi Asset,41,0.3671000000000002
2026-05,dsp:Multicap Fund,60,0.9188000000000002
2026-05,dsp:NRNEF,22,0.759
2026-05,dsp:QUANT,40,0.9603999999999999
2026-05,dsp:SMALLCAP,80,0.8948999999999998
2026-05,dsp:TAX,56,0.9393000000000002
2026-05,dsp:TIGER,64,0.8833999999999999
2026-05,dsp:VALUE,45,0.6431000000000001
2026-05,hdfc:HDFCBKGFSF,33,0.9929000000000001
2026-05,hdfc:HDFCBUSICY,57,0.9254999999999999
2026-05,hdfc:HDFCCB,71,0.9938999999999998
2026-05,hdfc:HDFCCS,29,0.9064000000000001
2026-05,hdfc:HDFCDFNFND,23,0.9825
2026-05,hdfc:HDFCDIVYLD,128,0.9888000000000002
2026-05,hdfc:HDFCEQ,67,0.9271000000000001
2026-05,hdfc:HDFCGR,154,0.6931999999999994
2026-05,hdfc:HDFCHOF117,34,0.9422
2026-05,hdfc:HDFCINNOVF,61,0.9664999999999998
2026-05,hdfc:HDFCLARGEF,237,0.9895999999999995
2026-05,hdfc:HDFCMANFFN,83,0.9909
2026-05,hdfc:HDFCMNCFND,38,0.9477
2026-05,hdfc:HDFCMULCAP,118,0.9678000000000001
2026-05,hdfc:HDFCNCCFND,51,0.9907999999999999
2026-05,hdfc:HDFCPHARHC,32,0.9868
2026-05,hdfc:HDFCPM,54,0.7061
2026-05,hdfc:HDFCSMALLF,83,0.8987999999999999
2026-05,hdfc:HDFCT2,44,0.9733
2026-05,hdfc:HDFCTECHFD,27,0.9854999999999999
2026-05,hdfc:HDFCTRALFD,35,0.9990000000000001
2026-05,hdfc:HDFCTS,56,0.9729999999999998
2026-05,hdfc:HDINFG,66,0.9715000000000001
2026-05,hdfc:MIDCAP,76,0.9247999999999997
2026-05,hdfc:MY2005,77,0.6756000000000001
2026-05,icici:BAF,103,0.6813808050000003
2026-05,icici:BANFIN SERVICES,44,0.9497379889999997
2026-05,icici:BCYCLE,77,0.940323953
2026-05,icici:BHACON,61,0.9549206110000001
2026-05,icici:BLUECHIP,81,0.9474517110000003
2026-05,icici:COMFUND,48,0.8982271839999999
2026-05,icici:CONGLO,45,0.9806232420000004
2026-05,icici:DISCO,61,0.9555928460000003
2026-05,icici:DIVYLD,70,0.9496175929999999
2026-05,icici:E&DF,120,0.732342722
2026-05,icici:ENERGY,71,0.9403838189999999
2026-05,icici:ESGFUND,53,0.9638091010000004
2026-05,icici:EXPORTS,69,0.9266893860000003
2026-05,icici:FLEXCAP,80,0.9769323469999999
2026-05,icici:FMCG,29,0.944239548
2026-05,icici:FOCUSED,28,0.965206874
2026-05,icici:HOUSING,53,0.9612463570000002
2026-05,icici:INDOPP,80,0.9507036080000003
2026-05,icici:INFRA,59,0.9342786020000002
2026-05,icici:INNOVA,68,0.9606053490000003
2026-05,icici:LARGE & MIDCAP,79,0.9553616170000003
2026-05,icici:LTEF,89,0.9703742829999998
2026-05,icici:MGFINDIA,83,0.9655572299999998
2026-05,icici:MIDCAP,81,0.9790645830000001
2026-05,icici:MNCFUND,54,0.95128828
2026-05,icici:MOMACT,52,0.9307903370000002
2026-05,icici:MULTI,123,0.6671603959999998
2026-05,icici:MULTICAP,162,0.9782813050000001
2026-05,icici:PHARMA,37,0.998179329
2026-05,icici:PSUEQU,45,0.9378366890000001
2026-05,icici:QUALITY,63,0.935338198
2026-05,icici:QUANT,53,0.9504357790000001
2026-05,icici:RURALOPP,46,0.9562805800000003
2026-05,icici:SMALL,138,0.9458817230000001
2026-05,icici:TECH,61,0.875246522
2026-05,icici:TRANSPO,40,0.927484666
2026-05,icici:VARIANCE,36,0.9407752629999999
2026-05,kotak:BAL,60,0.7816
2026-05,kotak:BFS,33,0.9810999999999999
2026-05,kotak:CMP,45,0.9977999999999998
2026-05,kotak:CON,59,0.9771
2026-05,kotak:DYF,48,0.9704000000000002
2026-05,kotak:ELS,53,0.9877
2026-05,kotak:EME,64,0.9835000000000002
2026-05,kotak:ESG,47,0.9719999999999999
2026-05,kotak:HLC,34,0.9887
2026-05,kotak:K30,60,0.9652000000000002
2026-05,kotak:KAM,76,0.9591
2026-05,kotak:KBA,144,0.7101999999999999
2026-05,kotak:KBC,49,0.9563000000000001
2026-05,kotak:KEO,37,0.9461
2026-05,kotak:KFE,30,0.9629
2026-05,kotak:KIE,49,0.9999000000000001
2026-05,kotak:KMI,54,0.9661999999999998
2026-05,kotak:KMN,38,0.9577000000000002
2026-05,kotak:KOP,67,0.9886999999999999
2026-05,kotak:KPF,49,0.7623999999999999
2026-05,kotak:KQT,52,0.9796
2026-05,kotak:MAF,69,0.7101000000000003
2026-05,kotak:MID,77,0.9855
2026-05,kotak:MUC,72,0.9731
2026-05,kotak:ROF,46,0.9633999999999998
2026-05,kotak:SEF,56,0.9727000000000005
2026-05,kotak:SPO,36,0.9987
2026-05,kotak:SRF,38,0.8887000000000002
2026-05,kotak:TAL,31,0.9892
2026-05,kotak:TCH,23,0.9473000000000003
2026-05,mirae:INFRA,42,0.965246516
2026-05,mirae:MABAF,112,0.6729426759999999
2026-05,mirae:MABFF,32,0.9520920920000001
2026-05,mirae:MAEBF,85,0.9939014990000007
2026-05,mirae:MAFCF,90,0.9825923699999998
2026-05,mirae:MAFF,30,0.9526783910000001
2026-05,mirae:MAHCF,29,0.9935523739999998
2026-05,mirae:MAIPF,80,0.7489175820000005
2026-05,mirae:MAMAAF,133,0.6729489519999996
2026-05,mirae:MAMCF,63,0.9902156799999997
2026-05,mirae:MAMPF,77,0.9851166180000002
2026-05,mirae:MASCF,79,0.992393323
2026-05,mirae:MATSF,67,0.9899548690000001
2026-05,mirae:MICCF,39,0.99224184
2026-05,mirae:MIIOF,80,0.9879781277000005
2026-05,nippon:AM,46,0.9671000000000002
2026-05,nippon:BF,37,0.9815999999999998
2026-05,nippon:EA,67,0.9976000000000002
2026-05,nippon:EO,123,0.9955
2026-05,nippon:GF,96,0.9870000000000001
2026-05,nippon:GS,97,0.9725000000000001
2026-05,nippon:IT,55,0.9772999999999998
2026-05,nippon:LC,91,0.9853999999999997
2026-05,nippon:LE,30,0.9693
2026-05,nippon:MC,39,0.9827999999999999
2026-05,nippon:ME,42,0.9735
2026-05,nippon:MF,96,0.5468000000000003
2026-05,nippon:NE,72,0.6969
2026-05,nippon:PH,34,0.9797999999999999
2026-05,nippon:PS,79,0.9845000000000002
2026-05,nippon:QP,39,0.9893
2026-05,nippon:SC,250,0.9709000000000003
2026-05,nippon:SE,79,0.9682000000000001
2026-05,nippon:SH#0,78,0.7355999999999999
2026-05,nippon:TS,65,0.9887000000000004
2026-05,ppfas:PPDAAF,10,0.1474
2026-05,ppfas:PPFCF,32,0.6906000000000001
2026-05,ppfas:PPLCF,105,0.9893999999999998
2026-05,ppfas:PPTSF,40,0.9199999999999999
2026-05,sbi:SBAF,98,0.7192999999999997
2026-05,sbi:SBFS,36,0.9555999999999999
2026-05,sbi:SBI-AOF,31,0.9478000000000003
2026-05,sbi:SBIRIOS,32,0.9127999999999998
2026-05,sbi:SBLUECHIP,51,0.9692999999999997
2026-05,sbi:SCF,82,0.8336
2026-05,sbi:SCOF,43,0.9713999999999999
2026-05,sbi:SDYF,55,0.9479
2026-05,sbi:SEHF,43,0.7452000000000001
2026-05,sbi:SEMVF,50,0.9895000000000003
2026-05,sbi:SEOF,34,0.9734000000000002
2026-05,sbi:SFEF,23,0.8022000000000001
2026-05,sbi:SFLEXI,72,0.9489999999999997
2026-05,sbi:SHOF,32,0.9535000000000001
2026-05,sbi:SIF,36,0.9634999999999999
2026-05,sbi:SIOF,40,0.9617
2026-05,sbi:SLMF,75,0.9524
2026-05,sbi:SLTEF,76,0.9793999999999999
2026-05,sbi:SMAAF,74,0.5090999999999999
2026-05,sbi:SMCF,62,0.9803
2026-05,sbi:SMCOMMA,39,0.9498999999999999
2026-05,sbi:SMEEF,41,0.9902
2026-05,sbi:SMGLF,45,0.9592999999999998
2026-05,sbi:SMIDCAP,54,0.9541000000000001
2026-05,sbi:SPSU,20,0.9675
2026-05,sbi:SQF,33,0.9815999999999999
2026-05,sbi:SQLF,42,0.9247000000000001
2026-05,sbi:SSCF,68,0.8867999999999998
2026-05,sbi:STOF,25,0.8404999999999998
2026-05,uti:002,49,0.3843999999999999
2026-05,uti:017,58,0.9684
2026-05,uti:042,55,0.9716
2026-05,uti:049,68,0.9210999999999999
2026-05,uti:066,61,0.6811999999999999
2026-05,uti:101,54,0.9320000000000003
2026-05,uti:118,42,0.9445999999999998
2026-05,uti:125,59,0.9831
2026-05,uti:160,88,0.9838000000000001
2026-05,uti:161,62,0.9645000000000002
2026-05,uti:162,41,0.9444999999999999
2026-05,uti:163,28,0.9784999999999997
2026-05,uti:190,51,0.9024000000000001
2026-05,uti:193,58,0.9855999999999997
2026-05,uti:251,39,0.9837
2026-05,uti:322,90,0.6508000000000002
2026-05,uti:751,102,0.9563999999999997
2026-05,uti:753,30,0.9847999999999999
2026-05,uti:773,55,0.6645999999999999
2026-05,uti:775,28,0.9490999999999998
2026-05,uti:783,82,0.9616
2026-05,uti:787,72,0.9456
2026-06,absl:ABSLBCF,59,0.9745491120000003
2026-06,absl:ABSLCONF,52,0.9693399769999997
2026-06,absl:ABSLESG,55,0.9938618469999999
2026-06,absl:ABSLMAAF,73,0.6902295940000003
2026-06,absl:ABSLMCF,87,0.9626110409999998
2026-06,absl:ABSLQF,45,0.996254676
2026-06,absl:ABSLSO,66,0.9664303379999999
2026-06,absl:ABSLTNLF,32,0.985192918
2026-06,absl:ADVG,74,0.979128507
2026-06,absl:BDYP,63,0.940575408
2026-06,absl:BINFRA,56,0.9555513629999999
2026-06,absl:BSL95F,80,0.758945069
2026-06,absl:BSLBKFS,40,0.9855429059999998
2026-06,absl:BSLDAAF,124,0.7553526020000001
2026-06,absl:BSLEQTY,79,0.984857146
2026-06,absl:BSLFEF,73,0.9896797989999996
2026-06,absl:BSLMFG,65,0.940861396
2026-06,absl:BSLNMF,30,0.9193114920000001
2026-06,absl:BSLPHF,38,0.978537969
2026-06,absl:BSLR96,60,0.9837088149999998
2026-06,absl:BSLTA1,92,0.9595433889999991
2026-06,absl:BTOP100,30,0.942855088
2026-06,absl:GENNEXT,69,0.9900476239999999
2026-06,absl:MIDCAP,78,0.974147161
2026-06,absl:MNC,63,0.988523531
2026-06,absl:PSUEQ,32,0.9765580289999999
2026-06,absl:PURE,67,0.9627607499999999
2026-06,axis:AXISBCF,78,0.9727000000000001
2026-06,axis:AXISCON,56,0.9939000000000002
2026-06,axis:AXISDEF,111,0.7412999999999994
2026-06,axis:AXISEHF,95,0.7519000000000002
2026-06,axis:AXISEQF,44,0.9567
2026-06,axis:AXISESG,42,0.9367000000000002
2026-06,axis:AXISF25,28,0.9382000000000001
2026-06,axis:AXISGOF,81,0.8865
2026-06,axis:AXISIMF,78,0.9580000000000001
2026-06,axis:AXISMCF,84,0.869
2026-06,axis:AXISMIF,48,0.8686999999999999
2026-06,axis:AXISMLC,105,0.9531000000000001
2026-06,axis:AXISMLF,63,0.9265999999999998
2026-06,axis:AXISQUA,25,0.8755000000000001
2026-06,axis:AXISSCF,129,0.9114999999999999
2026-06,axis:AXISSOF,38,0.9807999999999999
2026-06,axis:AXISSSF,46,0.8141000000000002
2026-06,axis:AXISTAF,82,0.6866000000000002
2026-06,axis:AXISTSF,68,0.9773999999999998
2026-06,axis:AXISVAL,86,0.9728999999999999
2026-06,dsp:Aggressive Hybrid,41,0.6833000000000001
2026-06,dsp:Banking and Financial Services,35,0.9742
2026-06,dsp:Business Cycle Fund,43,0.8116000000000001
2026-06,dsp:DAAF,38,0.469
2026-06,dsp:Flexi Cap,64,0.9246999999999997
2026-06,dsp:Focused,30,0.9165000000000002
2026-06,dsp:HEALTHCARE,23,0.7605
2026-06,dsp:Large & Mid Cap,70,0.9703000000000002
2026-06,dsp:Large Cap,41,0.9724000000000002
2026-06,dsp:MIDCAP,63,0.9568000000000001
2026-06,dsp:Multi Asset,45,0.4146000000000001
2026-06,dsp:Multicap Fund,59,0.8976
2026-06,dsp:NRNEF,22,0.7729
2026-06,dsp:QUANT,40,0.9477000000000001
2026-06,dsp:SMALLCAP,80,0.8871999999999999
2026-06,dsp:TAX,58,0.9612999999999997
2026-06,dsp:TIGER,61,0.8655999999999998
2026-06,dsp:VALUE,38,0.6347999999999999
2026-06,hdfc:HDFCBKGFSF,35,0.9921999999999996
2026-06,hdfc:HDFCBUSICY,60,0.9684
2026-06,hdfc:HDFCCB,72,0.9947000000000001
2026-06,hdfc:HDFCCS,29,0.9061000000000001
2026-06,hdfc:HDFCDFNFND,22,0.9783999999999999
2026-06,hdfc:HDFCDIVYLD,127,0.9874999999999998
2026-06,hdfc:HDFCEQ,70,0.9404
2026-06,hdfc:HDFCGR,159,0.7075999999999996
2026-06,hdfc:HDFCHOF117,33,0.9522
2026-06,hdfc:HDFCINNOVF,62,0.9856
2026-06,hdfc:HDFCLARGEF,237,0.9882999999999997
2026-06,hdfc:HDFCMANFFN,85,0.9973000000000005
2026-06,hdfc:HDFCMNCFND,38,0.9860000000000003
2026-06,hdfc:HDFCMULCAP,121,0.9889000000000003
2026-06,hdfc:HDFCNCCFND,52,0.9859999999999999
2026-06,hdfc:HDFCPHARHC,35,0.9725000000000004
2026-06,hdfc:HDFCPM,54,0.7023
2026-06,hdfc:HDFCSMALLF,83,0.8984000000000002
2026-06,hdfc:HDFCT2,44,0.9676
2026-06,hdfc:HDFCTECHFD,27,0.9816
2026-06,hdfc:HDFCTRALFD,34,0.9891000000000002
2026-06,hdfc:HDFCTS,58,0.9857000000000001
2026-06,hdfc:HDINFG,67,0.9773999999999999
2026-06,hdfc:MIDCAP,76,0.9206000000000003
2026-06,hdfc:MY2005,76,0.6801
2026-06,icici:BAF,102,0.7013935109999998
2026-06,icici:BANFIN SERVICES,46,0.947251911
2026-06,icici:BCYCLE,76,0.921195799
2026-06,icici:BHACON,61,0.9105802310000001
2026-06,icici:BLUECHIP,82,0.9442192659999998
2026-06,icici:COMFUND,48,0.902224609
2026-06,icici:CONGLO,44,0.9767230600000001
2026-06,icici:DISCO,62,0.9608436679999998
2026-06,icici:DIVYLD,68,0.9524079280000002
2026-06,icici:E&DF,123,0.7187389749999997
2026-06,icici:ENERGY,74,0.9600714329999998
2026-06,icici:ESGFUND,54,0.9642742020000001
2026-06,icici:EXPORTS,67,0.9281735589999998
2026-06,icici:FLEXCAP,71,0.9676813819999999
2026-06,icici:FMCG,30,0.9237895960000001
2026-06,icici:FOCUSED,30,0.9629968230000001
2026-06,icici:HOUSING,54,0.9637761229999996
2026-06,icici:INDOPP,78,0.9481717270000002
2026-06,icici:INFRA,63,0.9139659689999999
2026-06,icici:INNOVA,73,0.9541721199999998
2026-06,icici:LARGE & MIDCAP,101,0.9427561380000001
2026-06,icici:LTEF,90,0.975310729
2026-06,icici:MGFINDIA,83,0.9749265320000003
2026-06,icici:MIDCAP,80,0.978993373
2026-06,icici:MNCFUND,54,0.9470099660000001
2026-06,icici:MOMACT,49,0.9166523079999999
2026-06,icici:MULTI,119,0.6736189429999997
2026-06,icici:MULTICAP,163,0.974383404
2026-06,icici:PHARMA,35,0.9604909729999999
2026-06,icici:PSUEQU,45,0.9552000510000003
2026-06,icici:QUALITY,61,0.9645292339999999
2026-06,icici:QUANT,50,0.963533169
2026-06,icici:RURALOPP,48,0.9466113199999999
2026-06,icici:SMALL,136,0.9810753390000001
2026-06,icici:TECH,62,0.9143075139999999
2026-06,icici:TRANSPO,42,0.9278799409999999
2026-06,icici:VARIANCE,32,0.896419103
2026-06,kotak:BAL,60,0.7829999999999999
2026-06,kotak:BFS,34,0.9776000000000001
2026-06,kotak:CMP,43,0.9789000000000001
2026-06,kotak:CON,60,0.9799000000000001
2026-06,kotak:DYF,49,0.9685000000000001
2026-06,kotak:ELS,53,0.9883
2026-06,kotak:EME,66,0.9813000000000001
2026-06,kotak:ESG,46,0.9526
2026-06,kotak:HLC,34,0.9898
2026-06,kotak:K30,60,0.9558999999999999
2026-06,kotak:KAM,47,0.9711000000000003
2026-06,kotak:KBA,143,0.7177999999999995
2026-06,kotak:KBC,51,0.9932999999999997
2026-06,kotak:KEO,37,0.9394000000000001
2026-06,kotak:KFE,30,0.9629
2026-06,kotak:KIE,49,0.9972000000000003
2026-06,kotak:KMI,54,0.9647999999999999
2026-06,kotak:KMN,41,0.9746000000000001
2026-06,kotak:KOP,66,0.9855999999999998
2026-06,kotak:KPF,49,0.7733999999999999
2026-06,kotak:KQT,77,0.9553999999999996
2026-06,kotak:MAF,68,0.7090000000000001
2026-06,kotak:MID,78,0.9841
2026-06,kotak:MUC,74,0.9825999999999999
2026-06,kotak:ROF,46,0.9826999999999999
2026-06,kotak:SEF,59,0.9845000000000002
2026-06,kotak:SPO,37,0.9991
2026-06,kotak:SRF,47,0.9561999999999998
2026-06,kotak:TAL,31,0.9892000000000001
2026-06,kotak:TCH,22,0.9384
2026-06,mirae:INFRA,43,0.9675587940000003
2026-06,mirae:MABAF,111,0.685730865
2026-06,mirae:MABFF,32,0.975141738
2026-06,mirae:MAEBF,82,0.9893897109999997
2026-06,mirae:MAFCF,88,0.9855367829999995
2026-06,mirae:MAFF,30,0.9752229580000003
2026-06,mirae:MAHCF,28,0.997759431
2026-06,mirae:MAIPF,80,0.762757365
2026-06,mirae:MAMAAF,139,0.6915309179999999
2026-06,mirae:MAMCF,64,0.9838231900000001
2026-06,mirae:MAMPF,74,0.9890402049999999
2026-06,mirae:MASCF,78,0.9668975000000001
2026-06,mirae:MATSF,66,0.991158176
2026-06,mirae:MICCF,39,0.9972831500000002
2026-06,mirae:MIIOF,79,0.9936569889999999
2026-06,nippon:AM,41,0.9687
2026-06,nippon:BF,37,0.9874000000000002
2026-06,nippon:EA,64,0.9887000000000002
2026-06,nippon:EO,120,0.9942000000000002
2026-06,nippon:GF,96,0.9767000000000006
2026-06,nippon:GS,87,0.9573999999999999
2026-06,nippon:IT,57,0.9864999999999999
2026-06,nippon:LC,89,0.9787999999999996
2026-06,nippon:LE,30,0.9551999999999999
2026-06,nippon:MC,35,0.9733999999999999
2026-06,nippon:ME,42,0.9854999999999997
2026-06,nippon:MF,92,0.5627000000000001
2026-06,nippon:NE,78,0.7134000000000003
2026-06,nippon:PH,35,0.9764
2026-06,nippon:PS,80,0.9915999999999999
2026-06,nippon:QP,33,0.9648999999999999
2026-06,nippon:SC,251,0.9694000000000003
2026-06,nippon:SE,82,0.9674999999999999
2026-06,nippon:SH#0,80,0.7406
2026-06,nippon:TS,64,0.9869
2026-06,ppfas:PPDAAF,9,0.1482
2026-06,ppfas:PPFCF,33,0.7071
2026-06,ppfas:PPLCF,104,0.9908
2026-06,ppfas:PPTSF,41,0.9164999999999998
2026-06,sbi:SBAF,94,0.7210999999999999
2026-06,sbi:SBFS,32,0.9680000000000001
2026-06,sbi:SBI-AOF,30,0.9790999999999999
2026-06,sbi:SBIRIOS,31,0.9638000000000001
2026-06,sbi:SBLUECHIP,53,0.9795
2026-06,sbi:SCF,83,0.8605000000000002
2026-06,sbi:SCOF,48,0.9692000000000001
2026-06,sbi:SDYF,56,0.9863
2026-06,sbi:SEHF,44,0.7507000000000001
2026-06,sbi:SEMVF,50,0.9861000000000001
2026-06,sbi:SEOF,34,0.9712
2026-06,sbi:SFEF,24,0.8308000000000001
2026-06,sbi:SFLEXI,67,0.9574
2026-06,sbi:SHOF,31,0.9511999999999999
2026-06,sbi:SIF,36,0.9525999999999999
2026-06,sbi:SIOF,39,0.9648000000000001
2026-06,sbi:SLMF,76,0.9623999999999999
2026-06,sbi:SLTEF,77,0.9742000000000001
2026-06,sbi:SMAAF,75,0.5048
2026-06,sbi:SMCF,63,0.9609999999999997
2026-06,sbi:SMCOMMA,41,0.9457000000000001
2026-06,sbi:SMEEF,42,0.9619000000000002
2026-06,sbi:SMGLF,43,0.9838000000000001
2026-06,sbi:SMIDCAP,55,0.9804000000000002
2026-06,sbi:SPSU,21,0.9653
2026-06,sbi:SQF,34,0.9851
2026-06,sbi:SQLF,42,0.9469999999999997
2026-06,sbi:SSCF,69,0.9280000000000002
2026-06,sbi:STOF,23,0.8587999999999998
2026-06,uti:002,48,0.3862
2026-06,uti:017,61,0.9643000000000004
2026-06,uti:042,56,0.9702000000000003
2026-06,uti:049,70,0.9544
2026-06,uti:066,63,0.6995000000000001
2026-06,uti:101,59,0.9476000000000002
2026-06,uti:118,42,0.9505999999999999
2026-06,uti:125,59,0.9798999999999998
2026-06,uti:160,91,0.9903
2026-06,uti:161,63,0.9612999999999997
2026-06,uti:162,41,0.9581999999999998
2026-06,uti:163,28,0.9746999999999999
2026-06,uti:190,53,0.9132999999999999
2026-06,uti:193,61,0.9901000000000001
2026-06,uti:251,40,0.9783999999999997
2026-06,uti:322,91,0.6643999999999998
2026-06,uti:751,105,0.9546
2026-06,uti:753,28,0.9623999999999999
2026-06,uti:773,57,0.6758999999999998
2026-06,uti:775,31,0.9811000000000001
2026-06,uti:783,86,0.9689000000000002
2026-06,uti:787,72,0.9563000000000001
2026-07,absl:ABSLBCF,58,0.9682729919999997
2026-07,absl:ABSLCONF,47,0.9943755660000001
2026-07,absl:ABSLESG,53,0.9793594090000001
2026-07,absl:ABSLMAAF,81,0.7157623749999998
2026-07,absl:ABSLMCF,85,0.9678246489999998
2026-07,absl:ABSLQF,40,0.996675518
2026-07,absl:ABSLSO,66,0.92795213
2026-07,absl:ABSLTNLF,33,0.9745488310000001
2026-07,absl:ADVG,74,0.9749662960000001
2026-07,absl:BDYP,84,0.9415517079999999
2026-07,absl:BINFRA,56,0.9594734509999998
2026-07,absl:BSL95F,79,0.764830876
2026-07,absl:BSLBKFS,38,0.9730598109999998
2026-07,absl:BSLDAAF,113,0.7833470499999997
2026-07,absl:BSLEQTY,80,0.9764064799999999
2026-07,absl:BSLFEF,72,0.9833111889999999
2026-07,absl:BSLMFG,68,0.9437328720000001
2026-07,absl:BSLNMF,32,0.917420777
2026-07,absl:BSLPHF,38,0.97612528
2026-07,absl:BSLR96,61,0.9823784890000004
2026-07,absl:BSLTA1,88,0.952891423
2026-07,absl:BTOP100,29,0.9530656420000001
2026-07,absl:GENNEXT,65,0.9891305080000001
2026-07,absl:MIDCAP,74,0.980443187
2026-07,absl:MNC,61,0.9759402809999997
2026-07,absl:PSUEQ,32,0.9658813999999999
2026-07,absl:PURE,65,0.9704386590000001
2026-07,axis:AXISBCF,77,0.9650999999999996
2026-07,axis:AXISCON,55,0.988
2026-07,axis:AXISDEF,114,0.7669999999999996
2026-07,axis:AXISEHF,97,0.7530999999999994
2026-07,axis:AXISEQF,44,0.9522999999999999
2026-07,axis:AXISESG,42,0.8932
2026-07,axis:AXISF25,27,0.9366000000000002
2026-07,axis:AXISGOF,86,0.8935000000000001
2026-07,axis:AXISIMF,73,0.9754999999999998
2026-07,axis:AXISMCF,82,0.893
2026-07,axis:AXISMIF,47,0.9055000000000003
2026-07,axis:AXISMLC,109,0.9875000000000003
2026-07,axis:AXISMLF,62,0.9202
2026-07,axis:AXISQUA,25,0.8875000000000002
2026-07,axis:AXISSCF,127,0.9161000000000002
2026-07,axis:AXISSOF,38,0.9893000000000001
2026-07,axis:AXISSSF,46,0.8210000000000002
2026-07,axis:AXISTAF,76,0.7027999999999998
2026-07,axis:AXISTSF,67,0.9783999999999999
2026-07,axis:AXISVAL,86,0.9738999999999998
2026-07,dsp:Aggressive Hybrid,40,0.6965
2026-07,dsp:Banking and Financial Services,35,0.9804999999999999
2026-07,dsp:Business Cycle Fund,46,0.843
2026-07,dsp:DAAF,39,0.4934999999999999
2026-07,dsp:Flexi Cap,66,0.9531000000000004
2026-07,dsp:Focused,30,0.9061999999999998
2026-07,dsp:HEALTHCARE,25,0.8432
2026-07,dsp:Large & Mid Cap,72,0.9842
2026-07,dsp:Large Cap,43,0.9864000000000002
2026-07,dsp:MIDCAP,64,0.9582999999999998
2026-07,dsp:Multi Asset,46,0.3846999999999999
2026-07,dsp:Multicap Fund,59,0.9848000000000002
2026-07,dsp:NRNEF,24,0.8000999999999997
2026-07,dsp:QUANT,40,0.9661000000000004
2026-07,dsp:SMALLCAP,82,0.8735999999999996
2026-07,dsp:TAX,58,0.9747999999999999
2026-07,dsp:TIGER,64,0.8498000000000002
2026-07,dsp:VALUE,40,0.6708999999999998
2026-07,hdfc:HDFCBKGFSF,36,0.9903999999999998
2026-07,hdfc:HDFCBUSICY,60,0.9187
2026-07,hdfc:HDFCCB,74,0.9957
2026-07,hdfc:HDFCCS,29,0.9331
2026-07,hdfc:HDFCDFNFND,24,0.9828
2026-07,hdfc:HDFCDIVYLD,125,0.9830999999999993
2026-07,hdfc:HDFCEQ,75,0.9424999999999998
2026-07,hdfc:HDFCGR,161,0.7135999999999996
2026-07,hdfc:HDFCHOF117,34,0.9624000000000001
2026-07,hdfc:HDFCINNOVF,69,0.9678000000000001
2026-07,hdfc:HDFCLARGEF,239,0.9892000000000007
2026-07,hdfc:HDFCMANFFN,89,0.9929999999999999
2026-07,hdfc:HDFCMNCFND,42,0.9762
2026-07,hdfc:HDFCMULCAP,121,0.9891999999999994
2026-07,hdfc:HDFCNCCFND,51,0.9932000000000002
2026-07,hdfc:HDFCPHARHC,37,0.9953
2026-07,hdfc:HDFCPM,54,0.7007000000000003
2026-07,hdfc:HDFCSMALLF,84,0.9001999999999998
2026-07,hdfc:HDFCT2,45,0.9626
2026-07,hdfc:HDFCTECHFD,25,0.9685999999999999
2026-07,hdfc:HDFCTRALFD,34,0.9859999999999999
2026-07,hdfc:HDFCTS,62,0.9858999999999999
2026-07,hdfc:HDINFG,70,0.9696999999999999
2026-07,hdfc:MIDCAP,79,0.9307999999999996
2026-07,hdfc:MY2005,75,0.6787000000000001
2026-07,icici:BAF,106,0.7090892420000002
2026-07,icici:BALHYBID,29,0.4405292929999999
2026-07,icici:BANFIN SERVICES,48,0.9465475960000002
2026-07,icici:BCYCLE,74,0.896348141
2026-07,icici:BHACON,62,0.9641617419999999
2026-07,icici:BLUECHIP,84,0.9430780939999995
2026-07,icici:COMFUND,50,0.9084094990000002
2026-07,icici:CONGLO,41,0.9648324150000003
2026-07,icici:DISCO,64,0.9330492780000004
2026-07,icici:DIVYLD,68,0.9436971170000001
2026-07,icici:E&DF,120,0.7177485500000003
2026-07,icici:ENERGY,76,0.9396767079999998
2026-07,icici:ESGFUND,54,0.9466219959999999
2026-07,icici:EXPORTS,67,0.9423054620000002
2026-07,icici:FLEXCAP,69,0.9680452050000001
2026-07,icici:FMCG,33,0.967106779
2026-07,icici:FOCUSED,29,0.963723534
2026-07,icici:HOUSING,57,0.966875829
2026-07,icici:INDOPP,74,0.9270210139999998
2026-07,icici:INFRA,70,0.956192541
2026-07,icici:INNOVA,72,0.9562385940000002
2026-07,icici:LARGE & MIDCAP,120,0.9752369820000002
2026-07,icici:LTEF,89,0.9774782239999998
2026-07,icici:MGFINDIA,74,0.981397058
2026-07,icici:MIDCAP,77,0.979428104
2026-07,icici:MNCFUND,53,0.955770716
2026-07,icici:MOMACT,43,0.9544131090000001
2026-07,icici:MULTI,123,0.7013860429999995
2026-07,icici:MULTICAP,164,0.9807470079999998
2026-07,icici:PHARMA,35,0.9715744390000001
2026-07,icici:PSUEQU,47,0.9279670050000002
2026-07,icici:QUALITY,60,0.964777341
2026-07,icici:QUANT,51,0.9419583349999998
2026-07,icici:RURALOPP,47,0.9734951449999999
2026-07,icici:SMALL,130,0.9724592290000003
2026-07,icici:TECH,62,0.9267444350000001
2026-07,icici:TRANSPO,42,0.9627070379999999
2026-07,icici:VARIANCE,30,0.921643678
2026-07,kotak:BAL,58,0.7835
2026-07,kotak:BFS,34,0.9709999999999999
2026-07,kotak:CMP,42,0.9925999999999999
2026-07,kotak:CON,61,0.9862000000000003
2026-07,kotak:DYF,51,0.9753000000000001
2026-07,kotak:ELS,52,0.9947
2026-07,kotak:EME,67,0.9855999999999999
2026-07,kotak:ESG,46,0.9600999999999998
2026-07,kotak:HLC,32,0.9873000000000001
2026-07,kotak:K30,61,0.9645999999999999
2026-07,kotak:KAM,46,0.9424000000000001
2026-07,kotak:KBA,142,0.7241
2026-07,kotak:KBC,51,0.9938000000000001
2026-07,kotak:KEO,38,0.9738000000000001
2026-07,kotak:KFE,30,0.9577
2026-07,kotak:KIE,48,0.9898999999999998
2026-07,kotak:KMI,58,0.9913
2026-07,kotak:KMN,43,0.9987000000000003
2026-07,kotak:KOP,68,0.9935999999999999
2026-07,kotak:KPF,51,0.8052000000000002
2026-07,kotak:KQT,56,0.9948999999999999
2026-07,kotak:MAF,70,0.7188000000000001
2026-07,kotak:MID,79,0.9975999999999999
2026-07,kotak:MUC,71,0.9925999999999999
2026-07,kotak:ROF,47,0.9842000000000001
2026-07,kotak:SEF,59,0.9823
2026-07,kotak:SPO,40,0.9940999999999999
2026-07,kotak:SRF,46,0.9318000000000002
2026-07,kotak:TAL,30,0.9638
2026-07,kotak:TCH,23,0.9476000000000001
2026-07,mirae:INFRA,44,0.9784711839999999
2026-07,mirae:MABAF,103,0.6789093129999999
2026-07,mirae:MABFF,32,0.9818140200000001
2026-07,mirae:MAEBF,83,0.9848208559999997
2026-07,mirae:MAFCF,84,0.9856012
2026-07,mirae:MAFF,30,0.9005792490000002
2026-07,mirae:MAHCF,27,0.9874378300000001
2026-07,mirae:MAIPF,81,0.769063863
2026-07,mirae:MAMAAF,136,0.6806263159999996
2026-07,mirae:MAMCF,66,0.9782344989999998
2026-07,mirae:MAMPF,78,0.97811488
2026-07,mirae:MASCF,80,0.9955286409999996
2026-07,mirae:MATSF,66,0.9914755460000001
2026-07,mirae:MICCF,40,0.9908780829999999
2026-07,mirae:MIIOF,78,0.9824180117
2026-07,nippon:AM,40,0.9629999999999999
2026-07,nippon:BF,38,0.9833999999999999
2026-07,nippon:EA,64,0.9866000000000005
2026-07,nippon:EO,113,0.9869
2026-07,nippon:GF,98,0.9883000000000002
2026-07,nippon:GS,82,0.9666
2026-07,nippon:IT,57,0.9904999999999999
2026-07,nippon:LC,88,0.9805999999999996
2026-07,nippon:LE,29,0.9594999999999999
2026-07,nippon:MC,35,0.9579
2026-07,nippon:ME,44,0.9915
2026-07,nippon:MF,92,0.5678
2026-07,nippon:NE,77,0.7167
2026-07,nippon:PH,35,0.9732000000000001
2026-07,nippon:PS,82,0.9927000000000002
2026-07,nippon:QP,33,0.9788999999999999
2026-07,nippon:SC,251,0.9726000000000002
2026-07,nippon:SE,85,0.9774
2026-07,nippon:SH#0,79,0.7382000000000001
2026-07,nippon:TS,64,0.9858999999999999
2026-07,ppfas:PPDAAF,9,0.14709999999999998
2026-07,ppfas:PPFCF,33,0.7011
2026-07,ppfas:PPLCF,103,0.9914999999999997
2026-07,ppfas:PPTSF,41,0.9141999999999999
2026-07,sbi:SBAF,83,0.7244000000000002
2026-07,sbi:SBFS,32,0.9081999999999998
2026-07,sbi:SBI-AOF,32,0.9739
2026-07,sbi:SBIRIOS,30,0.9623000000000002
2026-07,sbi:SBLUECHIP,51,0.9754999999999998
2026-07,sbi:SCF,83,0.8596000000000001
2026-07,sbi:SCOF,48,0.982
2026-07,sbi:SDYF,54,0.9896000000000001
2026-07,sbi:SEHF,44,0.7522999999999997
2026-07,sbi:SEMVF,50,0.9872000000000001
2026-07,sbi:SEOF,36,0.9956999999999999
2026-07,sbi:SFEF,24,0.8301999999999999
2026-07,sbi:SFLEXI,63,0.9184999999999997
2026-07,sbi:SHOF,33,0.9831
2026-07,sbi:SIF,38,0.9392999999999999
2026-07,sbi:SIOF,37,0.9761000000000001
2026-07,sbi:SLMF,80,0.9799000000000004
2026-07,sbi:SLTEF,80,0.9569999999999996
2026-07,sbi:SMAAF,70,0.5119
2026-07,sbi:SMCF,64,0.9792
2026-07,sbi:SMCOMMA,41,0.9778
2026-07,sbi:SMEEF,43,0.9741
2026-07,sbi:SMGLF,47,0.9692999999999999
2026-07,sbi:SMIDCAP,54,0.9538
2026-07,sbi:SPSU,24,0.9804999999999999
2026-07,sbi:SQF,33,0.9801
2026-07,sbi:SQLF,42,0.9006
2026-07,sbi:SSCF,68,0.8995000000000001
2026-07,sbi:STOF,21,0.8569
2026-07,uti:002,46,0.3907000000000001
2026-07,uti:017,62,0.9568999999999999
2026-07,uti:042,56,0.971
2026-07,uti:049,69,0.9546999999999998
2026-07,uti:066,60,0.7066999999999999
2026-07,uti:101,59,0.9462999999999995
2026-07,uti:118,43,0.9615000000000001
2026-07,uti:125,59,0.9804000000000003
2026-07,uti:160,79,0.9766999999999998
2026-07,uti:161,65,0.9687000000000003
2026-07,uti:162,42,0.9677
2026-07,uti:163,29,0.964
2026-07,uti:190,53,0.9111000000000002
2026-07,uti:193,62,0.9925999999999998
2026-07,uti:251,42,0.9806
2026-07,uti:322,91,0.6679000000000002
2026-07,uti:751,108,0.9607000000000003
2026-07,uti:753,29,0.9697999999999999
2026-07,uti:773,60,0.6820999999999999
2026-07,uti:775,31,0.9744
2026-07,uti:783,86,0.9646
2026-07,uti:787,73,0.9546000000000001
