month,scheme_id,jaccard,l1_weight_change,new_positions,disappeared_positions
2023-09,absl:ABSLBCF,0.9545454545454546,0.11788592700000002,2,0
2023-09,absl:ABSLESG,1.0,0.061053585999999986,0,0
2023-09,absl:ABSLMAAF,0.875,0.088598147,4,3
2023-09,absl:ABSLMCF,0.8831168831168831,0.127551061,6,3
2023-09,absl:ABSLSO,0.873015873015873,0.086822276,4,4
2023-09,absl:ADVG,0.92,0.09954299799999998,4,2
2023-09,absl:BDYP,0.8947368421052632,0.11642943000000001,3,3
2023-09,absl:BINFRA,0.8947368421052632,0.113567219,2,4
2023-09,absl:BSL95F,0.975,0.062306329,1,1
2023-09,absl:BSLBKFS,0.9512195121951219,0.086829862,0,2
2023-09,absl:BSLDAAF,0.9181818181818182,0.03783168900000001,4,5
2023-09,absl:BSLEQTY,1.0,0.051464782999999986,0,0
2023-09,absl:BSLFEF,0.9743589743589743,0.053665303,1,1
2023-09,absl:BSLMFG,1.0,0.043816972999999995,0,0
2023-09,absl:BSLNMF,1.0,0.05113408099999996,0,0
2023-09,absl:BSLPHF,0.8387096774193549,0.172491108,2,3
2023-09,absl:BSLR96,0.9841269841269841,0.05775944599999999,1,0
2023-09,absl:BSLTA1,0.9017857142857143,0.132189995,6,5
2023-09,absl:BTOP100,1.0,0.07264948200000002,0,0
2023-09,absl:GENNEXT,0.9736842105263158,0.050908624000000006,2,0
2023-09,absl:MIDCAP,0.9876543209876543,0.04694264199999999,1,0
2023-09,absl:MNC,0.9482758620689655,0.07305567699999997,2,1
2023-09,absl:PSUEQ,0.9210526315789473,0.192664997,2,1
2023-09,absl:PURE,0.8589743589743589,0.14614136,3,8
2023-09,axis:AXISBCF,0.9361702127659575,0.0798,2,1
2023-09,axis:AXISDEF,0.9574468085106383,0.08230000000000001,1,1
2023-09,axis:AXISEHF,0.8703703703703703,0.10749999999999998,4,3
2023-09,axis:AXISEQF,1.0,0.0644,0,0
2023-09,axis:AXISESG,0.8780487804878049,0.1366,4,1
2023-09,axis:AXISF25,1.0,0.0531,0,0
2023-09,axis:AXISGOF,0.8059701492537313,0.14150000000000001,6,7
2023-09,axis:AXISMCF,0.9411764705882353,0.0744,2,2
2023-09,axis:AXISMLC,0.9180327868852459,0.1496,4,1
2023-09,axis:AXISMLF,0.9310344827586207,0.06709999999999999,2,2
2023-09,axis:AXISQUA,0.7241379310344828,0.3079,8,8
2023-09,axis:AXISSCF,0.9484536082474226,0.0991,4,1
2023-09,axis:AXISSSF,0.925,0.058499999999999996,2,1
2023-09,axis:AXISTAF,0.9361702127659575,0.0873,2,1
2023-09,axis:AXISTSF,0.9047619047619048,0.05650000000000001,1,3
2023-09,axis:AXISVAL,0.7833333333333333,0.27830000000000005,9,4
2023-09,dsp:DAAF,0.8321167883211679,0.2174,4,19
2023-09,dsp:EQUITYOPPOR,0.9436619718309859,0.0905,1,3
2023-09,dsp:FOCUS,0.9,0.14680000000000004,2,1
2023-09,dsp:Flexi Cap,0.9464285714285714,0.1378,1,2
2023-09,dsp:HEALTHCARE,0.9523809523809523,0.059899999999999995,1,0
2023-09,dsp:MIDCAP,0.896551724137931,0.1125,4,2
2023-09,dsp:NRNEF,1.0,0.0862,0,0
2023-09,dsp:QUANT,1.0,0.029999999999999992,0,0
2023-09,dsp:SMALLCAP,0.9466666666666667,0.1116,3,1
2023-09,dsp:TAX,0.9420289855072463,0.09190000000000002,1,3
2023-09,dsp:TIGER,0.8923076923076924,0.1643,2,5
2023-09,dsp:TOP100,0.9032258064516129,0.0751,3,0
2023-09,dsp:VALUE,0.9137931034482759,0.0849,3,2
2023-09,hdfc:HDFCBKGFSF,0.9310344827586207,0.06649999999999999,2,0
2023-09,hdfc:HDFCBUSICY,0.8775510204081632,0.13266095300000003,5,1
2023-09,hdfc:HDFCCB,0.9701492537313433,0.06039999999999998,2,0
2023-09,hdfc:HDFCCS,0.8571428571428571,0.1617,3,1
2023-09,hdfc:HDFCDFNFND,0.8095238095238095,0.4401,2,2
2023-09,hdfc:HDFCDIVYLD,0.9615384615384616,0.06582901899999999,2,1
2023-09,hdfc:HDFCEQ,0.9285714285714286,0.14200000000000002,2,1
2023-09,hdfc:HDFCGR,0.881578947368421,0.06599999999999999,16,2
2023-09,hdfc:HDFCHOF117,0.9444444444444444,0.0717,1,1
2023-09,hdfc:HDFCLARGEF,0.9588235294117647,0.1124,5,2
2023-09,hdfc:HDFCMNCFND,0.9354838709677419,0.08769999999999999,1,1
2023-09,hdfc:HDFCMULCAP,0.95,0.1236,7,1
2023-09,hdfc:HDFCNCCFND,0.8478260869565217,0.207200371,5,2
2023-09,hdfc:HDFCPM,0.9714285714285714,0.053,0,1
2023-09,hdfc:HDFCSMALLF,0.9868421052631579,0.0695,1,0
2023-09,hdfc:HDFCT2,0.9230769230769231,0.09250000000000001,1,3
2023-09,hdfc:HDFCTRALFD,0.8484848484848485,0.2182,5,0
2023-09,hdfc:HDFCTS,0.918918918918919,0.16299999999999998,2,1
2023-09,hdfc:HDINFG,0.8695652173913043,0.1357,3,3
2023-09,hdfc:MIDCAP,0.9384615384615385,0.12419999999999999,2,2
2023-09,hdfc:MY2005,0.9193548387096774,0.08970000000000002,2,3
2023-09,icici:BAF,0.9777777777777777,0.035620143,2,0
2023-09,icici:BANFIN SERVICES,0.8064516129032258,0.09568781800000002,3,3
2023-09,icici:BCYCLE,0.9841269841269841,0.04543738800000002,1,0
2023-09,icici:BHACON,0.9375,0.146615733,2,1
2023-09,icici:BLUECHIP,0.927536231884058,0.052961421,3,2
2023-09,icici:COMFUND,0.9354838709677419,0.15147317699999996,2,0
2023-09,icici:DISCO,0.9,0.069553338,5,2
2023-09,icici:DIVYLD,0.9622641509433962,0.07172440699999998,1,1
2023-09,icici:E&DF,0.9558823529411765,0.034964859000000015,3,0
2023-09,icici:ESGFUND,0.9523809523809523,0.077089351,2,0
2023-09,icici:EXPORTS,0.8947368421052632,0.18553158299999997,3,1
2023-09,icici:FLEXCAP,0.9180327868852459,0.08168788100000003,3,2
2023-09,icici:FMCG,1.0,0.050220047,0,0
2023-09,icici:FOCUSED,0.9655172413793104,0.09408697699999997,0,1
2023-09,icici:HOUSING,0.9166666666666666,0.09084845600000001,2,1
2023-09,icici:INDOPP,0.8035714285714286,0.159899527,7,4
2023-09,icici:INFRA,0.9655172413793104,0.103191469,1,1
2023-09,icici:INNOVA,0.7733333333333333,0.235735274,7,10
2023-09,icici:LARGE & MIDCAP,0.8607594936708861,0.08550051400000001,1,10
2023-09,icici:LTEF,0.9019607843137255,0.05400358999999999,5,0
2023-09,icici:MGFINDIA,0.8793103448275862,0.19399667299999995,3,4
2023-09,icici:MIDCAP,0.8571428571428571,0.12800065300000002,10,2
2023-09,icici:MNCFUND,0.8888888888888888,0.10156383100000001,3,2
2023-09,icici:MULTI,0.9682539682539683,0.04869465200000002,1,1
2023-09,icici:MULTICAP,0.9166666666666666,0.100904083,5,5
2023-09,icici:PHARMA,0.9512195121951219,0.070261681,2,0
2023-09,icici:PSUEQU,1.0,0.049311844000000014,0,0
2023-09,icici:QUANT,0.8,0.259098651,3,6
2023-09,icici:SMALL,0.8133333333333334,0.21748163,9,5
2023-09,icici:TECH,0.8269230769230769,0.09165069099999999,5,4
2023-09,icici:TRANSPO,0.9666666666666667,0.11157409600000001,1,0
2023-09,kotak:BAL,0.967741935483871,0.03779999999999999,1,1
2023-09,kotak:BFS,1.0,0.06539999999999999,0,0
2023-09,kotak:CON,0.9344262295081968,0.10759999999999999,3,1
2023-09,kotak:ELS,0.9830508474576272,0.06019999999999999,0,1
2023-09,kotak:EME,0.9753086419753086,0.05669999999999998,1,1
2023-09,kotak:ESG,0.9565217391304348,0.08379999999999999,1,1
2023-09,kotak:K30,1.0,0.033600000000000005,0,0
2023-09,kotak:KBA,0.9791666666666666,0.029000000000000015,0,2
2023-09,kotak:KBC,0.9491525423728814,0.04669999999999999,2,1
2023-09,kotak:KFE,0.9354838709677419,0.10699999999999998,1,1
2023-09,kotak:KIE,1.0,0.05119999999999999,0,0
2023-09,kotak:KMI,1.0,0.03810000000000001,0,0
2023-09,kotak:KOP,0.9428571428571428,0.05380000000000001,3,1
2023-09,kotak:KPF,1.0,0.03180000000000001,0,0
2023-09,kotak:KQT,0.9534883720930233,0.0853,1,1
2023-09,kotak:MID,0.9259259259259259,0.0721,4,2
2023-09,kotak:MUC,0.8611111111111112,0.1837,4,6
2023-09,kotak:SEF,1.0,0.03829999999999997,0,0
2023-09,mirae:MABAF,0.8842105263157894,0.094430243,7,4
2023-09,mirae:MABFF,0.9642857142857143,0.056198205000000036,1,0
2023-09,mirae:MAEBF,0.9506172839506173,0.09718656300000002,3,1
2023-09,mirae:MAFCF,0.9130434782608695,0.08808138900000001,6,0
2023-09,mirae:MAFF,0.9666666666666667,0.04809210200000002,1,0
2023-09,mirae:MAHCF,0.896551724137931,0.159374817,2,1
2023-09,mirae:MAIPF,0.9565217391304348,0.040806678000000006,3,0
2023-09,mirae:MAMCF,0.9420289855072463,0.10245945699999998,3,1
2023-09,mirae:MAMPF,0.8571428571428571,0.202045689,9,2
2023-09,mirae:MATSF,0.9705882352941176,0.097167105,2,0
2023-09,mirae:MICCF,0.9230769230769231,0.12141071200000002,2,1
2023-09,mirae:MIIOF,0.921875,0.06314394499999998,0,5
2023-09,nippon:BF,0.9166666666666666,0.07250000000000002,1,1
2023-09,nippon:EA,0.9464285714285714,0.1033,1,2
2023-09,nippon:EO,0.9081632653061225,0.11350000000000002,4,5
2023-09,nippon:GF,0.9157894736842105,0.1372,4,4
2023-09,nippon:GS,0.8125,0.24029999999999999,8,7
2023-09,nippon:IT,0.71875,0.3553,9,0
2023-09,nippon:LC,0.9058823529411765,0.12100000000000001,4,4
2023-09,nippon:LE,1.0,0.08310000000000002,0,0
2023-09,nippon:ME,0.7894736842105263,0.3075,5,3
2023-09,nippon:MF,0.9454545454545454,0.06799999999999999,2,1
2023-09,nippon:NE,0.8571428571428571,0.08089999999999999,6,3
2023-09,nippon:PH,0.9354838709677419,0.11309999999999999,1,1
2023-09,nippon:PS,0.9,0.16790000000000002,3,1
2023-09,nippon:QP,0.8421052631578947,0.1698,3,3
2023-09,nippon:SC,0.9223300970873787,0.12190000000000001,10,6
2023-09,nippon:SE,0.825,0.14930000000000002,9,5
2023-09,nippon:SH,0.9242424242424242,0.0663,2,3
2023-09,nippon:TS,0.9538461538461539,0.06839999999999999,1,2
2023-09,ppfas:PPFCF,1.0,0.042300000000000004,0,0
2023-09,ppfas:PPTSF,1.0,0.0594,0,0
2023-09,sbi:SBAF,0.96,0.0362,2,1
2023-09,sbi:SBFS,0.7916666666666666,0.2172,3,2
2023-09,sbi:SBLUECHIP,0.96,0.0555,2,0
2023-09,sbi:SCF,0.9080459770114943,0.1731,5,3
2023-09,sbi:SCOF,0.9210526315789473,0.1933,3,0
2023-09,sbi:SDYF,1.0,0.052199999999999996,0,0
2023-09,sbi:SEHF,0.9714285714285714,0.0531,0,1
2023-09,sbi:SEMVF,1.0,0.035799999999999985,0,0
2023-09,sbi:SFEF,0.9523809523809523,0.08980000000000002,0,1
2023-09,sbi:SFLEXI,0.9090909090909091,0.08390000000000002,2,3
2023-09,sbi:SHOF,0.9166666666666666,0.1392,1,1
2023-09,sbi:SIF,0.8378378378378378,0.14909999999999998,3,3
2023-09,sbi:SLMF,0.9594594594594594,0.09000000000000001,2,1
2023-09,sbi:SLTEF,0.9375,0.07280000000000002,3,1
2023-09,sbi:SMAAF,0.9375,0.116,2,1
2023-09,sbi:SMCF,0.8095238095238095,0.13770000000000002,5,3
2023-09,sbi:SMCOMMA,0.7727272727272727,0.2605,2,3
2023-09,sbi:SMEEF,1.0,0.041800000000000004,0,0
2023-09,sbi:SMGLF,0.9545454545454546,0.08139999999999999,1,0
2023-09,sbi:SMIDCAP,0.8970588235294118,0.11649999999999999,7,0
2023-09,sbi:SPSU,0.8333333333333334,0.2715,2,2
2023-09,sbi:SSCF,0.9821428571428571,0.0638,1,0
2023-09,sbi:STAF-III,0.9545454545454546,0.047700000000000006,0,1
2023-09,sbi:STOF,1.0,0.045399999999999996,0,0
2023-09,uti:002,0.9642857142857143,0.019400000000000004,1,1
2023-09,uti:017,0.9787234042553191,0.06749999999999999,1,0
2023-09,uti:042,0.9821428571428571,0.0414,1,0
2023-09,uti:049,0.9166666666666666,0.1042,4,1
2023-09,uti:066,0.9032258064516129,0.06289999999999998,4,2
2023-09,uti:101,0.925,0.0871,2,1
2023-09,uti:118,0.9411764705882353,0.0766,1,1
2023-09,uti:125,0.9818181818181818,0.05040000000000001,0,1
2023-09,uti:160,0.9753086419753086,0.06629999999999998,1,1
2023-09,uti:161,0.9347826086956522,0.0848,3,0
2023-09,uti:162,0.9705882352941176,0.0389,1,0
2023-09,uti:163,0.9642857142857143,0.04740000000000001,1,0
2023-09,uti:190,0.9591836734693877,0.09219999999999999,1,1
2023-09,uti:193,0.9152542372881356,0.08570000000000001,3,2
2023-09,uti:251,1.0,0.044199999999999996,0,0
2023-09,uti:322,0.9591836734693877,0.0802,1,1
2023-09,uti:751,0.9518072289156626,0.1056,3,1
2023-09,uti:753,1.0,0.04170000000000004,0,0
2023-09,uti:773,0.9636363636363636,0.035500000000000004,1,1
2023-10,absl:ABSLBCF,0.9777777777777777,0.03827654900000002,1,0
2023-10,absl:ABSLESG,0.9772727272727273,0.06862890999999999,1,0
2023-10,absl:ABSLMAAF,0.847457627118644,0.128261964,6,3
2023-10,absl:ABSLMCF,0.825,0.171642485,6,8
2023-10,absl:ABSLSO,0.9508196721311475,0.07954777,2,1
2023-10,absl:ADVG,0.96,0.07752208299999999,2,1
2023-10,absl:BDYP,1.0,0.06862447199999999,0,0
2023-10,absl:BINFRA,0.9444444444444444,0.09172143999999999,1,2
2023-10,absl:BSL95F,0.9753086419753086,0.051701989000000004,2,0
2023-10,absl:BSLBKFS,0.8780487804878049,0.08908199799999997,2,3
2023-10,absl:BSLDAAF,0.9537037037037037,0.06209818500000001,3,2
2023-10,absl:BSLEQTY,1.0,0.030190480000000006,0,0
2023-10,absl:BSLFEF,0.9615384615384616,0.041559834,1,2
2023-10,absl:BSLMFG,1.0,0.03310029100000001,0,0
2023-10,absl:BSLNMF,0.9310344827586207,0.04475658700000001,1,1
2023-10,absl:BSLPHF,0.9642857142857143,0.10052874300000003,0,1
2023-10,absl:BSLR96,1.0,0.07345157000000001,0,0
2023-10,absl:BSLTA1,0.9090909090909091,0.095901174,3,7
2023-10,absl:BTOP100,1.0,0.04482948599999999,0,0
2023-10,absl:GENNEXT,0.9615384615384616,0.064511496,2,1
2023-10,absl:MIDCAP,1.0,0.048647440000000014,0,0
2023-10,absl:MNC,0.9827586206896551,0.068818062,1,0
2023-10,absl:PSUEQ,1.0,0.10040687300000001,0,0
2023-10,absl:PURE,1.0,0.085785971,0,0
2023-10,axis:AXISBCF,0.8846153846153846,0.1092,6,0
2023-10,axis:AXISDEF,0.8679245283018868,0.14370000000000002,7,0
2023-10,axis:AXISEHF,0.8793103448275862,0.11019999999999999,7,0
2023-10,axis:AXISEQF,0.975,0.06570000000000001,0,1
2023-10,axis:AXISESG,0.9523809523809523,0.0916,2,0
2023-10,axis:AXISF25,1.0,0.043599999999999986,0,0
2023-10,axis:AXISGOF,0.873015873015873,0.1108,3,5
2023-10,axis:AXISMCF,0.9850746268656716,0.05929999999999999,1,0
2023-10,axis:AXISMLC,0.9672131147540983,0.06670000000000002,1,1
2023-10,axis:AXISMLF,1.0,0.07790000000000001,0,0
2023-10,axis:AXISQUA,0.7017543859649122,0.3075,7,10
2023-10,axis:AXISSCF,0.9795918367346939,0.06349999999999999,2,0
2023-10,axis:AXISSSF,0.926829268292683,0.059799999999999985,2,1
2023-10,axis:AXISTAF,0.9787234042553191,0.04529999999999999,1,0
2023-10,axis:AXISTSF,0.975,0.04589999999999999,1,0
2023-10,axis:AXISVAL,0.8870967741935484,0.2017,6,1
2023-10,dsp:DAAF,0.8740157480314961,0.0551,9,7
2023-10,dsp:EQUITYOPPOR,1.0,0.05479999999999999,0,0
2023-10,dsp:FOCUS,0.9333333333333333,0.07709999999999997,1,1
2023-10,dsp:Flexi Cap,1.0,0.05549999999999996,0,0
2023-10,dsp:HEALTHCARE,1.0,0.060700000000000025,0,0
2023-10,dsp:MIDCAP,0.9298245614035088,0.08380000000000003,1,3
2023-10,dsp:Multi Asset,0.6,0.1483,10,0
2023-10,dsp:NRNEF,0.9,0.07050000000000001,2,0
2023-10,dsp:QUANT,0.9347826086956522,0.2098,1,2
2023-10,dsp:SMALLCAP,0.9473684210526315,0.0772,2,2
2023-10,dsp:TAX,1.0,0.05289999999999999,0,0
2023-10,dsp:TIGER,0.9836065573770492,0.06780000000000001,1,0
2023-10,dsp:TOP100,1.0,0.04410000000000001,0,0
2023-10,dsp:VALUE,0.875,0.1243,8,0
2023-10,hdfc:HDFCBKGFSF,0.9032258064516129,0.057100000000000005,2,1
2023-10,hdfc:HDFCBUSICY,0.9795918367346939,0.04746095300000001,1,0
2023-10,hdfc:HDFCCB,0.9852941176470589,0.03610000000000002,1,0
2023-10,hdfc:HDFCCS,0.9285714285714286,0.0995,1,1
2023-10,hdfc:HDFCDFNFND,0.95,0.1059,1,0
2023-10,hdfc:HDFCDIVYLD,1.0,0.046729019,0,0
2023-10,hdfc:HDFCEQ,0.9523809523809523,0.08679999999999999,1,1
2023-10,hdfc:HDFCGR,0.9403973509933775,0.03770000000000001,1,8
2023-10,hdfc:HDFCHOF117,0.9722222222222222,0.06929999999999999,1,0
2023-10,hdfc:HDFCLARGEF,0.9940828402366864,0.082,1,0
2023-10,hdfc:HDFCMNCFND,1.0,0.07779999999999998,0,0
2023-10,hdfc:HDFCMULCAP,0.9754601226993865,0.1092,4,0
2023-10,hdfc:HDFCNCCFND,0.9361702127659575,0.137800371,3,0
2023-10,hdfc:HDFCPM,0.9444444444444444,0.038200000000000005,2,0
2023-10,hdfc:HDFCSMALLF,0.987012987012987,0.07289999999999998,1,0
2023-10,hdfc:HDFCT2,0.96,0.0292,1,1
2023-10,hdfc:HDFCTECHFD,0.8421052631578947,0.09819999999999998,3,0
2023-10,hdfc:HDFCTRALFD,0.9705882352941176,0.0813,1,0
2023-10,hdfc:HDFCTS,0.9459459459459459,0.0981,1,1
2023-10,hdfc:HDINFG,0.9772727272727273,0.0835,1,0
2023-10,hdfc:MIDCAP,0.984375,0.08279999999999998,1,0
2023-10,hdfc:MY2005,0.9672131147540983,0.06520000000000001,2,0
2023-10,icici:BAF,0.9782608695652174,0.04058720300000001,2,0
2023-10,icici:BANFIN SERVICES,0.9642857142857143,0.088028959,0,1
2023-10,icici:BCYCLE,0.8955223880597015,0.06570309000000002,4,3
2023-10,icici:BHACON,0.8627450980392157,0.09721622700000002,4,3
2023-10,icici:BLUECHIP,0.9154929577464789,0.059893183999999995,4,2
2023-10,icici:COMFUND,0.9393939393939394,0.148498817,2,0
2023-10,icici:DISCO,0.9714285714285714,0.06445590700000003,2,0
2023-10,icici:DIVYLD,0.9107142857142857,0.11148897399999999,4,1
2023-10,icici:E&DF,0.9714285714285714,0.038067354000000005,2,0
2023-10,icici:ESGFUND,0.9302325581395349,0.063877795,1,2
2023-10,icici:EXPORTS,0.8292682926829268,0.14294215199999996,4,3
2023-10,icici:FLEXCAP,0.9833333333333333,0.04803504799999999,1,0
2023-10,icici:FMCG,1.0,0.06786248599999997,0,0
2023-10,icici:FOCUSED,0.9,0.125995884,2,1
2023-10,icici:HOUSING,0.8378378378378378,0.11122845,2,4
2023-10,icici:INDOPP,0.9272727272727272,0.15633834700000002,3,1
2023-10,icici:INFRA,0.9180327868852459,0.122034493,4,1
2023-10,icici:INNOVA,0.8356164383561644,0.292834312,8,4
2023-10,icici:LARGE & MIDCAP,0.8648648648648649,0.140384836,5,5
2023-10,icici:LTEF,0.9444444444444444,0.05761985000000001,3,0
2023-10,icici:MGFINDIA,0.8412698412698413,0.156922178,9,1
2023-10,icici:MIDCAP,0.8928571428571429,0.14067316100000002,2,7
2023-10,icici:MNCFUND,0.8888888888888888,0.090338688,2,3
2023-10,icici:MULTI,0.9538461538461539,0.06536950899999998,3,0
2023-10,icici:MULTICAP,0.8916666666666667,0.17593112000000002,5,8
2023-10,icici:PHARMA,0.9302325581395349,0.134249546,2,1
2023-10,icici:PSUEQU,0.8076923076923077,0.12091862099999999,2,3
2023-10,icici:QUANT,0.8292682926829268,0.145737186,2,5
2023-10,icici:SMALL,0.7816091954022989,0.259940226,17,2
2023-10,icici:TECH,0.9583333333333334,0.06561035099999998,0,2
2023-10,icici:TRANSPO,0.9032258064516129,0.09670092900000002,1,2
2023-10,kotak:BAL,0.967741935483871,0.03629999999999999,1,1
2023-10,kotak:BFS,0.9285714285714286,0.07440000000000001,1,1
2023-10,kotak:CON,0.9833333333333333,0.051500000000000004,0,1
2023-10,kotak:ELS,0.9166666666666666,0.06230000000000002,2,3
2023-10,kotak:EME,0.9753086419753086,0.05049999999999999,1,1
2023-10,kotak:ESG,1.0,0.05639999999999999,0,0
2023-10,kotak:K30,0.9661016949152542,0.04810000000000003,1,1
2023-10,kotak:KBA,0.9893617021276596,0.0308,0,1
2023-10,kotak:KBC,1.0,0.0539,0,0
2023-10,kotak:KFE,1.0,0.03370000000000001,0,0
2023-10,kotak:KIE,0.9166666666666666,0.11359999999999998,3,1
2023-10,kotak:KMI,0.9423076923076923,0.0686,2,1
2023-10,kotak:KOP,0.9565217391304348,0.0494,0,3
2023-10,kotak:KPF,0.9777777777777777,0.04230000000000001,0,1
2023-10,kotak:KQT,1.0,0.03919999999999999,0,0
2023-10,kotak:MAF,0.5423728813559322,0.4855,27,0
2023-10,kotak:MID,0.9873417721518988,0.04949999999999999,0,1
2023-10,kotak:MUC,0.9696969696969697,0.09380000000000001,0,2
2023-10,kotak:SEF,1.0,0.036000000000000004,0,0
2023-10,mirae:MABAF,0.88,0.11821826999999999,9,3
2023-10,mirae:MABFF,1.0,0.025317210000000007,0,0
2023-10,mirae:MAEBF,1.0,0.083480963,0,0
2023-10,mirae:MAFCF,0.9714285714285714,0.08483580299999999,1,1
2023-10,mirae:MAFF,0.875,0.08881369900000001,2,2
2023-10,mirae:MAHCF,1.0,0.052670452000000006,0,0
2023-10,mirae:MAIPF,0.9571428571428572,0.045627795000000006,1,2
2023-10,mirae:MAMCF,0.9852941176470589,0.09463751200000001,0,1
2023-10,mirae:MAMPF,0.9358974358974359,0.183052591,3,2
2023-10,mirae:MATSF,0.9436619718309859,0.08574264499999999,3,1
2023-10,mirae:MICCF,0.9487179487179487,0.127581337,1,1
2023-10,mirae:MIIOF,0.9833333333333333,0.08635985399999997,1,0
2023-10,nippon:BF,0.92,0.0656,2,0
2023-10,nippon:EA,0.9272727272727272,0.07619999999999999,1,3
2023-10,nippon:EO,0.9587628865979382,0.07719999999999999,4,0
2023-10,nippon:GF,0.967032967032967,0.09630000000000001,0,3
2023-10,nippon:GS,0.788235294117647,0.25320000000000004,12,6
2023-10,nippon:IT,0.9696969696969697,0.10729999999999999,1,0
2023-10,nippon:LC,0.963855421686747,0.0791,2,1
2023-10,nippon:LE,0.9333333333333333,0.0715,0,2
2023-10,nippon:ME,0.9444444444444444,0.13720000000000002,1,1
2023-10,nippon:MF,0.8360655737704918,0.11969999999999999,7,3
2023-10,nippon:NE,0.8787878787878788,0.08480000000000001,6,2
2023-10,nippon:PH,1.0,0.04619999999999998,0,0
2023-10,nippon:PS,0.95,0.09610000000000002,1,1
2023-10,nippon:QP,0.75,0.23059999999999997,5,5
2023-10,nippon:SC,0.9219512195121952,0.09069999999999999,5,11
2023-10,nippon:SE,0.9230769230769231,0.1462,3,3
2023-10,nippon:SH,0.9841269841269841,0.02809999999999999,0,1
2023-10,nippon:TS,0.9104477611940298,0.07449999999999998,4,2
2023-10,ppfas:PPFCF,1.0,0.037500000000000026,0,0
2023-10,ppfas:PPTSF,1.0,0.039099999999999996,0,0
2023-10,sbi:SBAF,0.9736842105263158,0.0664,2,0
2023-10,sbi:SBFS,0.9565217391304348,0.117,1,0
2023-10,sbi:SBLUECHIP,1.0,0.0395,0,0
2023-10,sbi:SCF,0.9411764705882353,0.0701,1,4
2023-10,sbi:SCOF,0.9743589743589743,0.0881,1,0
2023-10,sbi:SDYF,0.9714285714285714,0.06550000000000002,1,0
2023-10,sbi:SEHF,0.9705882352941176,0.038199999999999984,0,1
2023-10,sbi:SEMVF,1.0,0.10110000000000002,0,0
2023-10,sbi:SFEF,0.9523809523809523,0.05030000000000001,1,0
2023-10,sbi:SFLEXI,0.9272727272727272,0.0865,3,1
2023-10,sbi:SHOF,1.0,0.042,0,0
2023-10,sbi:SIF,1.0,0.05509999999999999,0,0
2023-10,sbi:SLMF,0.9210526315789473,0.11520000000000001,3,3
2023-10,sbi:SLTEF,0.984375,0.04749999999999998,1,0
2023-10,sbi:SMAAF,0.9387755102040817,0.125,2,1
2023-10,sbi:SMCF,0.975,0.11160000000000002,1,0
2023-10,sbi:SMCOMMA,0.8636363636363636,0.254,3,0
2023-10,sbi:SMEEF,1.0,0.029000000000000012,0,0
2023-10,sbi:SMGLF,0.9565217391304348,0.0719,1,0
2023-10,sbi:SMIDCAP,1.0,0.06829999999999999,0,0
2023-10,sbi:SPSU,0.84,0.1951,3,1
2023-10,sbi:SSCF,0.9821428571428571,0.059899999999999995,0,1
2023-10,sbi:STAF-III,1.0,0.03370000000000001,0,0
2023-10,sbi:STOF,0.8235294117647058,0.10080000000000003,1,2
2023-10,uti:002,1.0,0.014100000000000001,0,0
2023-10,uti:017,1.0,0.05199999999999999,0,0
2023-10,uti:042,1.0,0.0341,0,0
2023-10,uti:049,0.9508196721311475,0.113,2,1
2023-10,uti:066,0.9516129032258065,0.05260000000000001,2,1
2023-10,uti:101,0.975,0.12279999999999999,1,0
2023-10,uti:118,0.9705882352941176,0.042699999999999995,1,0
2023-10,uti:125,0.9464285714285714,0.05510000000000002,2,1
2023-10,uti:160,0.9523809523809523,0.0837,4,0
2023-10,uti:161,1.0,0.054299999999999994,0,0
2023-10,uti:162,0.9705882352941176,0.04039999999999999,0,1
2023-10,uti:163,0.8275862068965517,0.1721,1,4
2023-10,uti:190,0.9791666666666666,0.07579999999999999,0,1
2023-10,uti:193,0.9655172413793104,0.09820000000000001,1,1
2023-10,uti:251,0.8918918918918919,0.1109,2,2
2023-10,uti:322,0.6461538461538462,0.5501,17,6
2023-10,uti:751,0.9523809523809523,0.0848,2,2
2023-10,uti:753,0.9333333333333333,0.05639999999999999,2,0
2023-10,uti:773,1.0,0.02600000000000001,0,0
2023-11,absl:ABSLBCF,0.7755102040816326,0.257036863,4,7
2023-11,absl:ABSLESG,1.0,0.07658668799999999,0,0
2023-11,absl:ABSLMAAF,0.8333333333333334,0.110434004,4,6
2023-11,absl:ABSLMCF,0.8933333333333333,0.179898143,3,5
2023-11,absl:ABSLSO,0.9508196721311475,0.10064796000000002,1,2
2023-11,absl:ADVG,0.9605263157894737,0.09944583299999998,2,1
2023-11,absl:BDYP,0.9814814814814815,0.058268598000000005,0,1
2023-11,absl:BINFRA,0.9622641509433962,0.08520103700000002,1,1
2023-11,absl:BSL95F,0.9634146341463414,0.062793094,1,2
2023-11,absl:BSLBKFS,0.9743589743589743,0.06361438599999998,1,0
2023-11,absl:BSLDAAF,0.9150943396226415,0.05392745700000001,0,9
2023-11,absl:BSLEQTY,0.9857142857142858,0.077242508,1,0
2023-11,absl:BSLFEF,0.9736842105263158,0.045442345,0,2
2023-11,absl:BSLMFG,1.0,0.051072051,0,0
2023-11,absl:BSLNMF,0.9310344827586207,0.054619400999999984,1,1
2023-11,absl:BSLPHF,1.0,0.061579934,0,0
2023-11,absl:BSLR96,0.9841269841269841,0.07375930600000001,0,1
2023-11,absl:BSLTA1,0.9428571428571428,0.138173731,2,4
2023-11,absl:BTOP100,0.9642857142857143,0.066607687,0,1
2023-11,absl:GENNEXT,0.987012987012987,0.072828017,0,1
2023-11,absl:MIDCAP,0.9878048780487805,0.07566345,1,0
2023-11,absl:MNC,1.0,0.054790599999999974,0,0
2023-11,absl:PSUEQ,0.9487179487179487,0.12575254900000002,2,0
2023-11,absl:PURE,0.9305555555555556,0.108389708,2,3
2023-11,axis:AXISBCF,0.9629629629629629,0.05070000000000001,2,0
2023-11,axis:AXISDEF,0.8666666666666667,0.12589999999999998,7,1
2023-11,axis:AXISEHF,0.95,0.0663,2,1
2023-11,axis:AXISEQF,1.0,0.0578,0,0
2023-11,axis:AXISESG,1.0,0.0497,0,0
2023-11,axis:AXISF25,1.0,0.09189999999999998,0,0
2023-11,axis:AXISGOF,0.9508196721311475,0.062099999999999995,3,0
2023-11,axis:AXISMCF,0.9710144927536232,0.0693,2,0
2023-11,axis:AXISMLC,0.9365079365079365,0.09559999999999998,3,1
2023-11,axis:AXISMLF,0.9649122807017544,0.06309999999999998,1,1
2023-11,axis:AXISQUA,0.8148148148148148,0.2909,7,3
2023-11,axis:AXISSCF,0.9504950495049505,0.0753,3,2
2023-11,axis:AXISSSF,1.0,0.056299999999999996,0,0
2023-11,axis:AXISTAF,1.0,0.04309999999999999,0,0
2023-11,axis:AXISTSF,0.9523809523809523,0.09600000000000002,2,0
2023-11,axis:AXISVAL,0.9090909090909091,0.1039,5,1
2023-11,dsp:DAAF,0.7741935483870968,0.2198,4,24
2023-11,dsp:EQUITYOPPOR,0.9571428571428572,0.0907,2,1
2023-11,dsp:FOCUS,0.9333333333333333,0.1282,1,1
2023-11,dsp:Flexi Cap,0.9629629629629629,0.09350000000000001,0,2
2023-11,dsp:HEALTHCARE,1.0,0.05419999999999999,0,0
2023-11,dsp:MIDCAP,0.9814814814814815,0.09329999999999998,0,1
2023-11,dsp:Multi Asset,1.0,0.045700000000000005,0,0
2023-11,dsp:NRNEF,1.0,0.0471,0,0
2023-11,dsp:QUANT,1.0,0.0373,0,0
2023-11,dsp:SMALLCAP,0.9864864864864865,0.09540000000000001,0,1
2023-11,dsp:TAX,0.9411764705882353,0.0992,2,2
2023-11,dsp:TIGER,0.9523809523809523,0.1217,2,1
2023-11,dsp:TOP100,0.9375,0.09989999999999999,1,1
2023-11,dsp:VALUE,0.953125,0.060000000000000005,0,3
2023-11,hdfc:HDFCBKGFSF,0.90625,0.09169999999999998,2,1
2023-11,hdfc:HDFCBUSICY,0.9411764705882353,0.09409999999999998,2,1
2023-11,hdfc:HDFCCB,0.9710144927536232,0.05889999999999998,1,1
2023-11,hdfc:HDFCCS,0.8571428571428571,0.13920000000000002,1,3
2023-11,hdfc:HDFCDFNFND,0.95,0.11460000000000001,0,1
2023-11,hdfc:HDFCDIVYLD,0.9871794871794872,0.051300000000000005,1,0
2023-11,hdfc:HDFCEQ,1.0,0.06920000000000001,0,0
2023-11,hdfc:HDFCGR,1.0,0.04619999999999999,0,0
2023-11,hdfc:HDFCHOF117,1.0,0.05129999999999999,0,0
2023-11,hdfc:HDFCLARGEF,0.9881656804733728,0.0921,0,2
2023-11,hdfc:HDFCMNCFND,0.9354838709677419,0.08710000000000001,1,1
2023-11,hdfc:HDFCMULCAP,0.9759036144578314,0.0866,3,1
2023-11,hdfc:HDFCNCCFND,0.8775510204081632,0.1578,2,4
2023-11,hdfc:HDFCPHARHC,1.0,0.1381,0,0
2023-11,hdfc:HDFCPM,1.0,0.040500000000000015,0,0
2023-11,hdfc:HDFCSMALLF,0.9358974358974359,0.0975,1,4
2023-11,hdfc:HDFCT2,1.0,0.05899999999999999,0,0
2023-11,hdfc:HDFCTECHFD,1.0,0.06670000000000001,0,0
2023-11,hdfc:HDFCTRALFD,0.9705882352941176,0.05970000000000002,0,1
2023-11,hdfc:HDFCTS,1.0,0.05490000000000002,0,0
2023-11,hdfc:HDINFG,1.0,0.06600000000000002,0,0
2023-11,hdfc:MIDCAP,0.9411764705882353,0.09950000000000002,4,0
2023-11,hdfc:MY2005,1.0,0.0276,0,0
2023-11,icici:BAF,0.978494623655914,0.05353994799999999,1,1
2023-11,icici:BANFIN SERVICES,0.8928571428571429,0.05693607399999998,1,2
2023-11,icici:BCYCLE,0.9692307692307692,0.05355453599999999,1,1
2023-11,icici:BHACON,0.88,0.212116569,2,4
2023-11,icici:BLUECHIP,0.9714285714285714,0.046403630999999994,1,1
2023-11,icici:COMFUND,0.9696969696969697,0.096087407,0,1
2023-11,icici:DISCO,0.9295774647887324,0.120219686,1,4
2023-11,icici:DIVYLD,0.9818181818181818,0.064026184,0,1
2023-11,icici:E&DF,0.92,0.05913807700000001,5,1
2023-11,icici:ESGFUND,0.9534883720930233,0.078045029,2,0
2023-11,icici:EXPORTS,0.875,0.203010402,2,3
2023-11,icici:FLEXCAP,0.9508196721311475,0.053812552,1,2
2023-11,icici:FMCG,0.9473684210526315,0.10207482399999998,1,0
2023-11,icici:FOCUSED,0.9666666666666667,0.154025516,1,0
2023-11,icici:HOUSING,0.7631578947368421,0.135477548,5,4
2023-11,icici:INDOPP,0.8596491228070176,0.213269353,3,5
2023-11,icici:INFRA,0.9666666666666667,0.09511529500000002,0,2
2023-11,icici:INNOVA,0.9577464788732394,0.12026304799999998,2,1
2023-11,icici:LARGE & MIDCAP,0.9166666666666666,0.10254527299999999,3,3
2023-11,icici:LTEF,0.9473684210526315,0.053754862999999986,3,0
2023-11,icici:MGFINDIA,0.953125,0.23700921100000003,2,1
2023-11,icici:MIDCAP,0.9024390243902439,0.177129104,5,3
2023-11,icici:MNCFUND,0.9318181818181818,0.093245835,2,1
2023-11,icici:MULTI,0.9420289855072463,0.10606439100000001,4,0
2023-11,icici:MULTICAP,0.8803418803418803,0.134339728,5,9
2023-11,icici:PHARMA,0.813953488372093,0.14832035900000004,1,7
2023-11,icici:PSUEQU,0.8846153846153846,0.124325821,3,0
2023-11,icici:QUANT,0.9459459459459459,0.12316683199999999,1,1
2023-11,icici:SMALL,0.9130434782608695,0.196109326,7,1
2023-11,icici:TECH,1.0,0.06909724900000004,0,0
2023-11,icici:TRANSPO,0.8235294117647058,0.134980041,5,1
2023-11,kotak:BAL,1.0,0.031199999999999995,0,0
2023-11,kotak:BFS,0.9310344827586207,0.0756,2,0
2023-11,kotak:CON,0.9032258064516129,0.1133,3,3
2023-11,kotak:ELS,0.9661016949152542,0.05039999999999998,2,0
2023-11,kotak:EME,1.0,0.054099999999999995,0,0
2023-11,kotak:ESG,1.0,0.08080000000000001,0,0
2023-11,kotak:K30,0.9661016949152542,0.07149999999999998,1,1
2023-11,kotak:KBA,0.9090909090909091,0.044200000000000024,6,3
2023-11,kotak:KBC,0.8983050847457628,0.07880000000000001,1,5
2023-11,kotak:KFE,0.9354838709677419,0.07099999999999998,1,1
2023-11,kotak:KIE,0.9791666666666666,0.0525,1,0
2023-11,kotak:KMI,0.9615384615384616,0.0619,1,1
2023-11,kotak:KOP,0.9558823529411765,0.07520000000000002,2,1
2023-11,kotak:KPF,0.7755102040816326,0.1464,5,6
2023-11,kotak:KQT,0.43859649122807015,0.8639,15,17
2023-11,kotak:MAF,0.9508196721311475,0.11529999999999999,2,1
2023-11,kotak:MID,0.9615384615384616,0.07070000000000001,0,3
2023-11,kotak:MUC,0.9846153846153847,0.0846,1,0
2023-11,kotak:SEF,0.9811320754716981,0.046999999999999986,1,0
2023-11,mirae:MABAF,0.9108910891089109,0.08209126600000001,4,5
2023-11,mirae:MABFF,0.8275862068965517,0.052312066999999976,1,4
2023-11,mirae:MAEBF,0.9876543209876543,0.06528857599999999,1,0
2023-11,mirae:MAFCF,0.9714285714285714,0.08570022499999999,1,1
2023-11,mirae:MAFF,1.0,0.05155687,0,0
2023-11,mirae:MAHCF,1.0,0.063616399,0,0
2023-11,mirae:MAIPF,0.9710144927536232,0.03803602200000002,1,1
2023-11,mirae:MAMCF,0.9285714285714286,0.092745578,3,2
2023-11,mirae:MAMPF,0.9493670886075949,0.12493038100000001,3,1
2023-11,mirae:MATSF,0.9859154929577465,0.08176496200000001,1,0
2023-11,mirae:MICCF,0.9743589743589743,0.055286300999999996,1,0
2023-11,mirae:MIIOF,1.0,0.03886758499999999,0,0
2023-11,nippon:BF,0.8928571428571429,0.08770000000000003,3,0
2023-11,nippon:EA,0.9444444444444444,0.08690000000000002,2,1
2023-11,nippon:EO,0.96,0.06780000000000001,3,1
2023-11,nippon:GF,0.9565217391304348,0.0976,4,0
2023-11,nippon:GS,0.8068181818181818,0.2527,9,8
2023-11,nippon:IT,0.9428571428571428,0.10870000000000002,2,0
2023-11,nippon:LC,0.9759036144578314,0.0817,1,1
2023-11,nippon:LE,0.9655172413793104,0.11009999999999998,1,0
2023-11,nippon:ME,0.9444444444444444,0.10109999999999998,1,1
2023-11,nippon:MF,0.9016393442622951,0.0819,3,3
2023-11,nippon:NE,0.9545454545454546,0.08289999999999999,2,1
2023-11,nippon:PH,0.967741935483871,0.08320000000000001,1,0
2023-11,nippon:PS,0.9512195121951219,0.0868,2,0
2023-11,nippon:QP,0.8421052631578947,0.15039999999999998,3,3
2023-11,nippon:SC,0.964824120603015,0.0969,5,2
2023-11,nippon:SE,0.875,0.1378,5,5
2023-11,nippon:SH,0.9841269841269841,0.032499999999999994,1,0
2023-11,nippon:TS,0.9545454545454546,0.07860000000000003,1,2
2023-11,ppfas:PPFCF,0.9615384615384616,0.03549999999999999,1,0
2023-11,ppfas:PPTSF,0.9375,0.031699999999999985,2,0
2023-11,sbi:SBAF,0.961038961038961,0.0583,1,2
2023-11,sbi:SBFS,0.8846153846153846,0.1396,3,0
2023-11,sbi:SBLUECHIP,1.0,0.04099999999999998,0,0
2023-11,sbi:SCF,0.9404761904761905,0.1091,3,2
2023-11,sbi:SCOF,0.926829268292683,0.1063,2,1
2023-11,sbi:SDYF,1.0,0.04689999999999998,0,0
2023-11,sbi:SEHF,0.9696969696969697,0.04640000000000001,0,1
2023-11,sbi:SEMVF,1.0,0.0412,0,0
2023-11,sbi:SFEF,0.9090909090909091,0.084,1,1
2023-11,sbi:SFLEXI,0.9636363636363636,0.061500000000000006,1,1
2023-11,sbi:SHOF,1.0,0.060399999999999995,0,0
2023-11,sbi:SIF,0.9714285714285714,0.12510000000000002,1,0
2023-11,sbi:SLMF,0.9473684210526315,0.07869999999999999,3,1
2023-11,sbi:SLTEF,0.9242424242424242,0.0832,2,3
2023-11,sbi:SMAAF,0.8461538461538461,0.1681,4,4
2023-11,sbi:SMCF,0.9047619047619048,0.12510000000000002,2,2
2023-11,sbi:SMCOMMA,0.9130434782608695,0.1965,1,1
2023-11,sbi:SMEEF,1.0,0.03839999999999999,0,0
2023-11,sbi:SMGLF,0.9130434782608695,0.06729999999999998,0,2
2023-11,sbi:SMIDCAP,1.0,0.066,0,0
2023-11,sbi:SPSU,0.88,0.1789,1,2
2023-11,sbi:SSCF,0.9636363636363636,0.07609999999999997,0,2
2023-11,sbi:STAF-III,0.9047619047619048,0.1756,0,2
2023-11,sbi:STOF,0.9375,0.04709999999999998,1,0
2023-11,uti:002,0.9821428571428571,0.0208,1,0
2023-11,uti:017,0.9583333333333334,0.09169999999999999,1,1
2023-11,uti:042,1.0,0.04160000000000001,0,0
2023-11,uti:049,0.9344262295081968,0.075,1,3
2023-11,uti:066,0.9516129032258065,0.0506,1,2
2023-11,uti:101,0.975,0.1303,0,1
2023-11,uti:118,0.9714285714285714,0.05830000000000002,1,0
2023-11,uti:125,0.9636363636363636,0.0813,0,2
2023-11,uti:160,0.9651162790697675,0.0811,2,1
2023-11,uti:161,1.0,0.0527,0,0
2023-11,uti:162,1.0,0.043,0,0
2023-11,uti:163,0.9259259259259259,0.1277,2,0
2023-11,uti:190,0.9791666666666666,0.0639,1,0
2023-11,uti:193,0.9649122807017544,0.05560000000000002,0,2
2023-11,uti:251,0.868421052631579,0.1262,3,2
2023-11,uti:322,0.9333333333333333,0.06539999999999999,1,3
2023-11,uti:751,0.9879518072289156,0.0896,1,0
2023-11,uti:753,1.0,0.0658,0,0
2023-11,uti:773,1.0,0.026999999999999993,0,0
2023-11,uti:775,1.0,0.28040000000000004,0,0
2023-12,absl:ABSLBCF,0.8085106382978723,0.177469327,5,4
2023-12,absl:ABSLESG,0.9111111111111111,0.14383511,1,3
2023-12,absl:ABSLMAAF,0.9298245614035088,0.07410022000000001,3,1
2023-12,absl:ABSLMCF,0.9054054054054054,0.113750664,4,3
2023-12,absl:ABSLSO,0.95,0.09754608800000002,1,2
2023-12,absl:ABSLTNLF,0.43478260869565216,0.426778254,13,0
2023-12,absl:ADVG,0.9605263157894737,0.082410599,1,2
2023-12,absl:BDYP,0.9298245614035088,0.097190179,4,0
2023-12,absl:BINFRA,0.9622641509433962,0.09440166599999998,1,1
2023-12,absl:BSL95F,0.9390243902439024,0.051871570000000006,2,3
2023-12,absl:BSLBKFS,0.8780487804878049,0.11449168100000001,2,3
2023-12,absl:BSLDAAF,0.9313725490196079,0.086070723,5,2
2023-12,absl:BSLEQTY,0.9452054794520548,0.119668868,3,1
2023-12,absl:BSLFEF,0.9487179487179487,0.05305299300000001,4,0
2023-12,absl:BSLMFG,0.8913043478260869,0.10705844300000002,3,2
2023-12,absl:BSLNMF,0.9642857142857143,0.05437962999999998,0,1
2023-12,absl:BSLPHF,1.0,0.035124038999999996,0,0
2023-12,absl:BSLR96,0.9076923076923077,0.09812045699999998,3,3
2023-12,absl:BSLTA1,0.9245283018867925,0.116392277,5,3
2023-12,absl:BTOP100,0.9642857142857143,0.067210645,1,0
2023-12,absl:GENNEXT,0.9868421052631579,0.05376109099999999,0,1
2023-12,absl:MIDCAP,0.9529411764705882,0.102460865,3,1
2023-12,absl:MNC,0.95,0.07738294100000001,2,1
2023-12,absl:PSUEQ,0.9512195121951219,0.17887868799999998,2,0
2023-12,absl:PURE,0.92,0.134232748,6,0
2023-12,axis:AXISBCF,0.9636363636363636,0.12749999999999997,1,1
2023-12,axis:AXISDEF,0.8235294117647058,0.1696,9,3
2023-12,axis:AXISEHF,0.9344262295081968,0.08510000000000002,2,2
2023-12,axis:AXISEQF,0.8837209302325582,0.0819,4,1
2023-12,axis:AXISESG,1.0,0.09620000000000001,0,0
2023-12,axis:AXISF25,0.92,0.1326,2,0
2023-12,axis:AXISGOF,0.8805970149253731,0.1205,6,2
2023-12,axis:AXISMCF,0.9452054794520548,0.08170000000000001,4,0
2023-12,axis:AXISMLC,0.8840579710144928,0.1483,7,1
2023-12,axis:AXISMLF,0.78125,0.17679999999999998,8,6
2023-12,axis:AXISQUA,0.8181818181818182,0.2281,4,6
2023-12,axis:AXISSCF,0.9245283018867925,0.0923,7,1
2023-12,axis:AXISSSF,0.9047619047619048,0.08149999999999999,2,2
2023-12,axis:AXISTAF,0.9591836734693877,0.1099,2,0
2023-12,axis:AXISTSF,0.9333333333333333,0.06999999999999999,3,0
2023-12,axis:AXISVAL,0.9253731343283582,0.1688,2,3
2023-12,dsp:DAAF,0.746031746031746,0.214,26,6
2023-12,dsp:EQUITYOPPOR,0.9857142857142858,0.0717,1,0
2023-12,dsp:FOCUS,0.8709677419354839,0.1394,2,2
2023-12,dsp:Flexi Cap,0.9615384615384616,0.08040000000000003,0,2
2023-12,dsp:HEALTHCARE,1.0,0.036299999999999985,0,0
2023-12,dsp:MIDCAP,0.9622641509433962,0.0808,0,2
2023-12,dsp:Multi Asset,0.9615384615384616,0.019099999999999992,1,0
2023-12,dsp:NRNEF,1.0,0.0721,0,0
2023-12,dsp:QUANT,1.0,0.0408,0,0
2023-12,dsp:SMALLCAP,0.96,0.1031,2,1
2023-12,dsp:TAX,1.0,0.07050000000000001,0,0
2023-12,dsp:TIGER,0.96875,0.10179999999999999,2,0
2023-12,dsp:TOP100,0.967741935483871,0.0819,0,1
2023-12,dsp:VALUE,0.9838709677419355,0.044,1,0
2023-12,hdfc:HDFCBKGFSF,0.7714285714285715,0.0885,4,4
2023-12,hdfc:HDFCBUSICY,0.9433962264150944,0.12040000000000001,3,0
2023-12,hdfc:HDFCCB,0.9714285714285714,0.06050000000000001,2,0
2023-12,hdfc:HDFCCS,0.8888888888888888,0.07069999999999999,2,1
2023-12,hdfc:HDFCDFNFND,0.782608695652174,0.11159999999999999,4,1
2023-12,hdfc:HDFCDIVYLD,0.9506172839506173,0.1008,3,1
2023-12,hdfc:HDFCEQ,0.8222222222222222,0.1027,4,4
2023-12,hdfc:HDFCGR,0.9319727891156463,0.038500000000000006,4,6
2023-12,hdfc:HDFCHOF117,1.0,0.0532,0,0
2023-12,hdfc:HDFCLARGEF,0.9766081871345029,0.089,4,0
2023-12,hdfc:HDFCMNCFND,0.9354838709677419,0.23809999999999998,1,1
2023-12,hdfc:HDFCMULCAP,0.9593023255813954,0.1024,7,0
2023-12,hdfc:HDFCNCCFND,0.875,0.22920000000000001,3,3
2023-12,hdfc:HDFCPHARHC,0.8857142857142857,0.10419999999999999,3,1
2023-12,hdfc:HDFCPM,0.813953488372093,0.051,7,1
2023-12,hdfc:HDFCSMALLF,1.0,0.061900000000000004,0,0
2023-12,hdfc:HDFCT2,0.9795918367346939,0.0753,0,1
2023-12,hdfc:HDFCTECHFD,1.0,0.05249999999999997,0,0
2023-12,hdfc:HDFCTRALFD,0.7631578947368421,0.2064,5,4
2023-12,hdfc:HDFCTS,0.8947368421052632,0.1255,2,2
2023-12,hdfc:HDINFG,0.9166666666666666,0.1473,4,0
2023-12,hdfc:MIDCAP,0.9571428571428572,0.1169,2,1
2023-12,hdfc:MY2005,1.0,0.03309999999999999,0,0
2023-12,icici:BAF,0.90625,0.05683677699999999,4,5
2023-12,icici:BANFIN SERVICES,0.8666666666666667,0.04761506000000002,4,0
2023-12,icici:BCYCLE,1.0,0.11206145799999999,0,0
2023-12,icici:BHACON,0.84,0.199303189,4,4
2023-12,icici:BLUECHIP,0.9571428571428572,0.071978807,1,2
2023-12,icici:COMFUND,0.9696969696969697,0.08615289400000001,1,0
2023-12,icici:DISCO,0.9014084507042254,0.10278922400000001,4,3
2023-12,icici:DIVYLD,0.9298245614035088,0.08248612599999998,3,1
2023-12,icici:E&DF,0.961038961038961,0.058287946000000014,3,0
2023-12,icici:ESGFUND,0.9545454545454546,0.072889201,1,1
2023-12,icici:EXPORTS,0.8947368421052632,0.177517511,1,3
2023-12,icici:FLEXCAP,0.9508196721311475,0.09071541400000001,2,1
2023-12,icici:FMCG,1.0,0.175261783,0,0
2023-12,icici:FOCUSED,0.875,0.166358733,2,2
2023-12,icici:HOUSING,0.9166666666666666,0.125735508,2,1
2023-12,icici:INDOPP,0.9272727272727272,0.154990995,3,1
2023-12,icici:INFRA,0.8983050847457628,0.12728431899999998,1,5
2023-12,icici:INNOVA,0.7631578947368421,0.133674266,6,12
2023-12,icici:LARGE & MIDCAP,0.9583333333333334,0.098540981,3,0
2023-12,icici:LTEF,0.8852459016393442,0.08464778199999999,4,3
2023-12,icici:MGFINDIA,0.8309859154929577,0.227298075,8,4
2023-12,icici:MIDCAP,0.872093023255814,0.127970252,7,4
2023-12,icici:MNCFUND,0.9130434782608695,0.075065334,3,1
2023-12,icici:MULTI,0.9855072463768116,0.05083719399999999,0,1
2023-12,icici:MULTICAP,0.8947368421052632,0.139693625,6,6
2023-12,icici:PHARMA,0.9210526315789473,0.124037909,2,1
2023-12,icici:PSUEQU,0.7666666666666667,0.15442129,4,3
2023-12,icici:QUANT,0.8292682926829268,0.181111542,5,2
2023-12,icici:SMALL,0.8762886597938144,0.204268867,6,6
2023-12,icici:TECH,0.9375,0.03822660399999999,2,1
2023-12,icici:TRANSPO,0.9166666666666666,0.11156905099999999,3,0
2023-12,kotak:BAL,0.9508196721311475,0.0489,0,3
2023-12,kotak:BFS,0.875,0.1401,3,1
2023-12,kotak:CMP,0.5588235294117647,0.4933,15,0
2023-12,kotak:CON,0.9032258064516129,0.1417,3,3
2023-12,kotak:ELS,0.9032258064516129,0.1436,3,3
2023-12,kotak:EME,1.0,0.0651,0,0
2023-12,kotak:ESG,0.8541666666666666,0.1537,3,4
2023-12,kotak:K30,0.9827586206896551,0.0422,0,1
2023-12,kotak:KBA,0.8504672897196262,0.07229999999999999,11,5
2023-12,kotak:KBC,0.7777777777777778,0.2718,9,5
2023-12,kotak:KFE,1.0,0.0527,0,0
2023-12,kotak:KIE,0.96,0.09059999999999999,2,0
2023-12,kotak:KMI,0.9444444444444444,0.09410000000000002,3,0
2023-12,kotak:KOP,0.9420289855072463,0.126,2,2
2023-12,kotak:KPF,0.8297872340425532,0.18760000000000002,4,4
2023-12,kotak:KQT,1.0,0.061399999999999996,0,0
2023-12,kotak:MAF,0.75,0.1157,4,12
2023-12,kotak:MID,0.8780487804878049,0.1436,7,3
2023-12,kotak:MUC,0.9552238805970149,0.163,2,1
2023-12,kotak:SEF,0.9811320754716981,0.06030000000000001,0,1
2023-12,mirae:MABAF,0.94,0.08789999999999999,4,2
2023-12,mirae:MABFF,0.9615384615384616,0.053000000000000005,1,0
2023-12,mirae:MAEBF,0.9523809523809523,0.11590000000000002,3,1
2023-12,mirae:MAFCF,0.9154929577464789,0.11959999999999998,2,4
2023-12,mirae:MAFF,0.9666666666666667,0.06899999999999999,0,1
2023-12,mirae:MAHCF,0.9310344827586207,0.09119999999999999,1,1
2023-12,mirae:MAIPF,0.9142857142857143,0.0663,2,4
2023-12,mirae:MAMCF,0.9166666666666666,0.1361,4,2
2023-12,mirae:MAMPF,0.8902439024390244,0.1839,4,5
2023-12,mirae:MATSF,0.9861111111111112,0.08509999999999998,1,0
2023-12,mirae:MICCF,0.9512195121951219,0.10250000000000001,2,0
2023-12,mirae:MIIOF,0.9836065573770492,0.051599999999999986,1,0
2023-12,nippon:BF,0.9333333333333333,0.0681,2,0
2023-12,nippon:EA,0.9629629629629629,0.10690000000000001,1,1
2023-12,nippon:EO,0.9514563106796117,0.1067,4,1
2023-12,nippon:GF,0.9484536082474226,0.1198,5,0
2023-12,nippon:GS,0.8488372093023255,0.1955,6,7
2023-12,nippon:IT,0.9722222222222222,0.1376,1,0
2023-12,nippon:LC,0.8764044943820225,0.10410000000000003,7,4
2023-12,nippon:LE,1.0,0.08410000000000001,0,0
2023-12,nippon:ME,0.8421052631578947,0.12450000000000001,3,3
2023-12,nippon:MF,0.84375,0.09380000000000001,6,4
2023-12,nippon:NE,0.8591549295774648,0.06400000000000002,6,4
2023-12,nippon:PH,0.96875,0.03840000000000001,1,0
2023-12,nippon:PS,1.0,0.09079999999999999,0,0
2023-12,nippon:QP,0.8421052631578947,0.1541,3,3
2023-12,nippon:SC,0.9138755980861244,0.1168,12,6
2023-12,nippon:SE,0.7976190476190477,0.15760000000000002,9,8
2023-12,nippon:SH,0.9692307692307692,0.061299999999999986,2,0
2023-12,nippon:TS,0.9242424242424242,0.07110000000000001,2,3
2023-12,ppfas:PPFCF,0.9285714285714286,0.028500000000000008,2,0
2023-12,ppfas:PPTSF,0.9411764705882353,0.055099999999999996,2,0
2023-12,sbi:SBAF,0.9342105263157895,0.0642,1,4
2023-12,sbi:SBFS,0.8888888888888888,0.19430000000000003,1,2
2023-12,sbi:SBLUECHIP,1.0,0.052800000000000014,0,0
2023-12,sbi:SCF,0.8863636363636364,0.1711,6,4
2023-12,sbi:SCOF,0.9285714285714286,0.0797,2,1
2023-12,sbi:SDYF,0.9722222222222222,0.054000000000000006,1,0
2023-12,sbi:SEHF,0.9090909090909091,0.0879,1,2
2023-12,sbi:SEMVF,1.0,0.0398,0,0
2023-12,sbi:SFEF,1.0,0.038599999999999995,0,0
2023-12,sbi:SFLEXI,0.819672131147541,0.1867,7,4
2023-12,sbi:SHOF,1.0,0.036299999999999985,0,0
2023-12,sbi:SIF,0.8,0.23049999999999998,5,3
2023-12,sbi:SLMF,0.8641975308641975,0.1556,6,5
2023-12,sbi:SLTEF,0.984375,0.0786,1,0
2023-12,sbi:SMAAF,0.9215686274509803,0.1028,3,1
2023-12,sbi:SMCF,0.9047619047619048,0.10880000000000002,2,2
2023-12,sbi:SMCOMMA,0.9130434782608695,0.11809999999999998,1,1
2023-12,sbi:SMEEF,0.9166666666666666,0.11220000000000001,2,1
2023-12,sbi:SMGLF,1.0,0.0605,0,0
2023-12,sbi:SMIDCAP,0.9436619718309859,0.08759999999999998,3,1
2023-12,sbi:SPSU,1.0,0.1455,0,0
2023-12,sbi:SSCF,0.8947368421052632,0.12499999999999999,4,2
2023-12,sbi:STAF-III,1.0,0.031299999999999994,0,0
2023-12,sbi:STOF,1.0,0.035899999999999994,0,0
2023-12,uti:002,1.0,0.022200000000000004,0,0
2023-12,uti:017,0.92,0.07310000000000001,3,1
2023-12,uti:042,1.0,0.041499999999999995,0,0
2023-12,uti:049,0.9333333333333333,0.1038,2,2
2023-12,uti:066,0.9354838709677419,0.07339999999999999,2,2
2023-12,uti:101,1.0,0.0831,0,0
2023-12,uti:118,0.9722222222222222,0.045799999999999993,1,0
2023-12,uti:125,0.9636363636363636,0.08299999999999999,2,0
2023-12,uti:160,0.8777777777777778,0.18620000000000003,5,6
2023-12,uti:161,0.9166666666666666,0.07039999999999998,2,2
2023-12,uti:162,0.9705882352941176,0.0572,1,0
2023-12,uti:163,0.8666666666666667,0.1849,3,1
2023-12,uti:190,0.9,0.1394,2,3
2023-12,uti:193,0.8666666666666667,0.16120000000000004,5,3
2023-12,uti:251,0.9473684210526315,0.1343,2,0
2023-12,uti:322,1.0,0.04649999999999999,0,0
2023-12,uti:751,0.8977272727272727,0.1491,5,4
2023-12,uti:753,1.0,0.07070000000000001,0,0
2023-12,uti:773,0.9818181818181818,0.044300000000000006,1,0
2023-12,uti:775,0.9583333333333334,0.09740000000000001,1,0
2024-01,absl:ABSLBCF,0.9111111111111111,0.095175931,2,2
2024-01,absl:ABSLESG,0.9111111111111111,0.151732031,3,1
2024-01,absl:ABSLMAAF,0.8813559322033898,0.109740773,3,4
2024-01,absl:ABSLMCF,0.8666666666666667,0.208965689,4,6
2024-01,absl:ABSLSO,0.9333333333333333,0.121776738,2,2
2024-01,absl:ABSLTNLF,0.92,0.11158808999999997,2,0
2024-01,absl:ADVG,0.8048780487804879,0.262715102,8,8
2024-01,absl:BDYP,0.9655172413793104,0.070747021,1,1
2024-01,absl:BINFRA,0.9622641509433962,0.10926161100000001,1,1
2024-01,absl:BSL95F,0.9625,0.08210243400000002,1,2
2024-01,absl:BSLBKFS,1.0,0.10261164000000002,0,0
2024-01,absl:BSLDAAF,0.8942307692307693,0.113764359,4,7
2024-01,absl:BSLEQTY,0.9333333333333333,0.10876124899999999,3,2
2024-01,absl:BSLFEF,0.9746835443037974,0.084711201,1,1
2024-01,absl:BSLMFG,0.9555555555555556,0.134338018,1,1
2024-01,absl:BSLNMF,1.0,0.08392977600000003,0,0
2024-01,absl:BSLPHF,0.9642857142857143,0.08127107100000001,1,0
2024-01,absl:BSLR96,0.8805970149253731,0.13895744000000002,5,3
2024-01,absl:BSLTA1,0.8796296296296297,0.155904442,5,8
2024-01,absl:BTOP100,0.9310344827586207,0.09038651499999999,1,1
2024-01,absl:GENNEXT,0.922077922077922,0.139989653,2,4
2024-01,absl:MIDCAP,0.9213483146067416,0.145751006,5,2
2024-01,absl:MNC,0.9344262295081968,0.10663793199999998,2,2
2024-01,absl:PSUEQ,0.8723404255319149,0.196390706,6,0
2024-01,absl:PURE,0.8987341772151899,0.158241872,4,4
2024-01,axis:AXISBCF,0.896551724137931,0.13069999999999998,4,2
2024-01,axis:AXISDEF,0.8309859154929577,0.1769,6,6
2024-01,axis:AXISEHF,0.9180327868852459,0.111,2,3
2024-01,axis:AXISEQF,0.8913043478260869,0.196,4,1
2024-01,axis:AXISESG,0.7450980392156863,0.3202,9,4
2024-01,axis:AXISF25,1.0,0.07899999999999997,0,0
2024-01,axis:AXISGOF,0.7662337662337663,0.2592,12,6
2024-01,axis:AXISIMF,0.8461538461538461,0.3608,10,0
2024-01,axis:AXISMCF,0.8888888888888888,0.1518,8,1
2024-01,axis:AXISMLC,0.8571428571428571,0.1716,9,2
2024-01,axis:AXISMLF,0.95,0.1779,2,1
2024-01,axis:AXISQUA,0.7543859649122807,0.32,8,6
2024-01,axis:AXISSCF,0.9428571428571428,0.1011,0,6
2024-01,axis:AXISSSF,0.975609756097561,0.1109,1,0
2024-01,axis:AXISTAF,0.8392857142857143,0.1688,7,2
2024-01,axis:AXISTSF,0.88,0.2388,5,1
2024-01,axis:AXISVAL,0.8309859154929577,0.25320000000000004,7,5
2024-01,dsp:Banking and Financial Services,0.7727272727272727,0.2748,5,0
2024-01,dsp:DAAF,0.7956204379562044,0.2299,17,11
2024-01,dsp:EQUITYOPPOR,0.92,0.1218,5,1
2024-01,dsp:FOCUS,0.9333333333333333,0.16570000000000001,1,1
2024-01,dsp:Flexi Cap,1.0,0.07509999999999999,0,0
2024-01,dsp:HEALTHCARE,0.9545454545454546,0.06720000000000001,1,0
2024-01,dsp:MIDCAP,0.8305084745762712,0.1773,8,2
2024-01,dsp:Multi Asset,0.9285714285714286,0.03889999999999999,2,0
2024-01,dsp:NRNEF,1.0,0.07159999999999997,0,0
2024-01,dsp:QUANT,0.9111111111111111,0.25,1,3
2024-01,dsp:SMALLCAP,0.96,0.1246,1,2
2024-01,dsp:TAX,0.927536231884058,0.11930000000000002,3,2
2024-01,dsp:TIGER,0.9253731343283582,0.1997,3,2
2024-01,dsp:TOP100,0.967741935483871,0.09770000000000002,1,0
2024-01,dsp:VALUE,0.9375,0.1174,2,2
2024-01,hdfc:HDFCBKGFSF,0.9393939393939394,0.10979999999999998,2,0
2024-01,hdfc:HDFCBUSICY,0.9444444444444444,0.1099,1,2
2024-01,hdfc:HDFCCB,1.0,0.06380000000000001,0,0
2024-01,hdfc:HDFCCS,0.8928571428571429,0.14700000000000002,2,1
2024-01,hdfc:HDFCDFNFND,1.0,0.08199999999999999,0,0
2024-01,hdfc:HDFCDIVYLD,0.963855421686747,0.10280000000000002,3,0
2024-01,hdfc:HDFCEQ,1.0,0.1019,0,0
2024-01,hdfc:HDFCGR,0.9246575342465754,0.052099999999999994,5,6
2024-01,hdfc:HDFCHOF117,1.0,0.06900000000000002,0,0
2024-01,hdfc:HDFCLARGEF,0.9447513812154696,0.12030000000000002,10,0
2024-01,hdfc:HDFCMNCFND,0.9666666666666667,0.09709999999999998,0,1
2024-01,hdfc:HDFCMULCAP,0.9297297297297298,0.1144,13,0
2024-01,hdfc:HDFCNCCFND,0.8723404255319149,0.12569999999999998,2,4
2024-01,hdfc:HDFCPHARHC,0.8611111111111112,0.22069999999999998,2,3
2024-01,hdfc:HDFCPM,0.9318181818181818,0.0731,2,1
2024-01,hdfc:HDFCSMALLF,1.0,0.0774,0,0
2024-01,hdfc:HDFCT2,0.9583333333333334,0.08340000000000002,0,2
2024-01,hdfc:HDFCTECHFD,0.95,0.053200000000000025,1,0
2024-01,hdfc:HDFCTRALFD,0.8611111111111112,0.14559999999999998,2,3
2024-01,hdfc:HDFCTS,0.8780487804878049,0.1579,5,0
2024-01,hdfc:HDINFG,1.0,0.0981,0,0
2024-01,hdfc:MIDCAP,0.9855072463768116,0.10259999999999998,0,1
2024-01,hdfc:MY2005,0.9672131147540983,0.0704,0,2
2024-01,icici:BAF,0.9468085106382979,0.044086222,3,2
2024-01,icici:BANFIN SERVICES,0.8235294117647058,0.11604152499999998,4,2
2024-01,icici:BCYCLE,0.8939393939393939,0.11029356400000001,2,5
2024-01,icici:BHACON,0.8235294117647058,0.196603862,5,4
2024-01,icici:BLUECHIP,0.9295774647887324,0.084953745,3,2
2024-01,icici:COMFUND,0.8157894736842105,0.16397347,5,2
2024-01,icici:DISCO,0.9027777777777778,0.099247461,4,3
2024-01,icici:DIVYLD,0.9482758620689655,0.08763649200000001,2,1
2024-01,icici:E&DF,0.9259259259259259,0.054756713000000005,4,2
2024-01,icici:ESGFUND,1.0,0.080463425,0,0
2024-01,icici:EXPORTS,0.7333333333333333,0.256134261,10,2
2024-01,icici:FLEXCAP,0.9672131147540983,0.08460657799999999,1,1
2024-01,icici:FMCG,0.85,0.21071209800000001,1,2
2024-01,icici:FOCUSED,0.9032258064516129,0.127181655,1,2
2024-01,icici:HOUSING,0.7692307692307693,0.15815871399999998,4,5
2024-01,icici:INDOPP,0.9636363636363636,0.18378804299999998,1,1
2024-01,icici:INFRA,0.8983050847457628,0.152999462,5,1
2024-01,icici:INNOVA,0.855072463768116,0.173465004,5,5
2024-01,icici:LARGE & MIDCAP,0.8625,0.11655114500000001,8,3
2024-01,icici:LTEF,1.0,0.06804294699999998,0,0
2024-01,icici:MGFINDIA,0.9428571428571428,0.159321104,3,1
2024-01,icici:MIDCAP,0.898876404494382,0.140060788,7,2
2024-01,icici:MNCFUND,0.8571428571428571,0.19362839399999998,4,3
2024-01,icici:MULTI,0.8421052631578947,0.081272778,8,4
2024-01,icici:MULTICAP,0.8947368421052632,0.180695447,6,6
2024-01,icici:PHARMA,0.875,0.12437139499999998,3,2
2024-01,icici:PSUEQU,0.8666666666666667,0.118929681,3,1
2024-01,icici:QUANT,0.8837209302325582,0.215256176,4,1
2024-01,icici:SMALL,0.8854166666666666,0.18659747000000002,5,6
2024-01,icici:TECH,0.92,0.07006807199999998,3,1
2024-01,icici:TRANSPO,0.9459459459459459,0.150436705,1,1
2024-01,kotak:BAL,0.8524590163934426,0.1382,3,6
2024-01,kotak:BFS,0.84375,0.17449999999999996,1,4
2024-01,kotak:CMP,0.918918918918919,0.097,3,0
2024-01,kotak:CON,0.9193548387096774,0.1599,3,2
2024-01,kotak:ELS,0.8870967741935484,0.18919999999999998,3,4
2024-01,kotak:EME,0.9036144578313253,0.1464,3,5
2024-01,kotak:ESG,0.9347826086956522,0.1626,2,1
2024-01,kotak:HLC,0.9565217391304348,0.306,1,0
2024-01,kotak:K30,0.9180327868852459,0.09659999999999999,4,1
2024-01,kotak:KBA,0.9428571428571428,0.0726,3,3
2024-01,kotak:KBC,0.9661016949152542,0.1309,1,1
2024-01,kotak:KFE,0.9354838709677419,0.1294,1,1
2024-01,kotak:KIE,0.9615384615384616,0.1094,2,0
2024-01,kotak:KMI,0.896551724137931,0.1913,4,2
2024-01,kotak:KOP,0.9411764705882353,0.10079999999999999,1,3
2024-01,kotak:KPF,0.9545454545454546,0.0951,1,1
2024-01,kotak:KQT,1.0,0.1357,0,0
2024-01,kotak:MAF,0.8928571428571429,0.1494,4,2
2024-01,kotak:MID,0.9746835443037974,0.09820000000000001,0,2
2024-01,kotak:MUC,0.8985507246376812,0.1963,3,4
2024-01,kotak:SEF,0.9454545454545454,0.0812,3,0
2024-01,mirae:MABAF,0.9117647058823529,0.07579999999999999,4,5
2024-01,mirae:MABFF,0.9629629629629629,0.09469999999999996,1,0
2024-01,mirae:MAEBF,0.9302325581395349,0.11970000000000001,3,3
2024-01,mirae:MAFCF,0.9571428571428572,0.10299999999999998,3,0
2024-01,mirae:MAFF,0.8709677419354839,0.1045,2,2
2024-01,mirae:MAHCF,0.9655172413793104,0.061500000000000006,1,0
2024-01,mirae:MAIPF,0.9558823529411765,0.058499999999999996,2,1
2024-01,mirae:MAMCF,0.8918918918918919,0.1836,4,4
2024-01,mirae:MAMPF,0.8795180722891566,0.2113,6,4
2024-01,mirae:MATSF,0.922077922077922,0.1545,5,1
2024-01,mirae:MICCF,0.9285714285714286,0.1373,1,2
2024-01,mirae:MIIOF,0.921875,0.0906,3,2
2024-01,nippon:BF,1.0,0.108,0,0
2024-01,nippon:EA,0.9454545454545454,0.09469999999999998,2,1
2024-01,nippon:EO,0.9619047619047619,0.135,3,1
2024-01,nippon:GF,0.9207920792079208,0.17820000000000003,4,4
2024-01,nippon:GS,0.8765432098765432,0.17290000000000003,2,8
2024-01,nippon:IT,0.972972972972973,0.12199999999999998,1,0
2024-01,nippon:LC,0.9534883720930233,0.09590000000000003,1,3
2024-01,nippon:LE,0.9655172413793104,0.09779999999999998,0,1
2024-01,nippon:ME,0.9166666666666666,0.1389,1,2
2024-01,nippon:MF,0.8181818181818182,0.12569999999999998,6,6
2024-01,nippon:NE,0.8985507246376812,0.0997,2,5
2024-01,nippon:PH,1.0,0.05390000000000001,0,0
2024-01,nippon:PS,0.8863636363636364,0.1539,3,2
2024-01,nippon:QP,0.7948717948717948,0.22399999999999998,4,4
2024-01,nippon:SC,0.9521531100478469,0.1088,6,4
2024-01,nippon:SE,0.935064935064935,0.1465,1,4
2024-01,nippon:SH,0.9545454545454546,0.06309999999999999,1,2
2024-01,nippon:TS,0.9242424242424242,0.1027,3,2
2024-01,ppfas:PPFCF,0.9655172413793104,0.053000000000000005,1,0
2024-01,ppfas:PPTSF,0.9714285714285714,0.07250000000000001,1,0
2024-01,sbi:SBAF,0.9726027397260274,0.059500000000000004,1,1
2024-01,sbi:SBFS,0.8571428571428571,0.24620000000000003,3,1
2024-01,sbi:SBLUECHIP,0.98,0.0756,0,1
2024-01,sbi:SCF,0.9767441860465116,0.0984,2,0
2024-01,sbi:SCOF,0.975609756097561,0.14179999999999998,0,1
2024-01,sbi:SDYF,0.9210526315789473,0.1102,2,1
2024-01,sbi:SEHF,0.9354838709677419,0.0841,0,2
2024-01,sbi:SEMVF,0.9607843137254902,0.299,1,1
2024-01,sbi:SFEF,1.0,0.09129999999999998,0,0
2024-01,sbi:SFLEXI,0.7910447761194029,0.2031,10,4
2024-01,sbi:SHOF,0.9130434782608695,0.13649999999999998,0,2
2024-01,sbi:SIF,0.8780487804878049,0.1955,4,1
2024-01,sbi:SLMF,0.8875,0.1513,4,5
2024-01,sbi:SLTEF,0.984375,0.0908,0,1
2024-01,sbi:SMAAF,0.9423076923076923,0.12140000000000001,2,1
2024-01,sbi:SMCF,1.0,0.07629999999999999,0,0
2024-01,sbi:SMCOMMA,0.9130434782608695,0.2751,1,1
2024-01,sbi:SMEEF,0.8378378378378378,0.1869,2,4
2024-01,sbi:SMGLF,0.9090909090909091,0.10490000000000001,1,1
2024-01,sbi:SMIDCAP,0.9859154929577465,0.0851,1,0
2024-01,sbi:SPSU,0.8461538461538461,0.27499999999999997,3,1
2024-01,sbi:SSCF,0.9642857142857143,0.08750000000000001,1,1
2024-01,sbi:STAF-III,0.631578947368421,0.28959999999999997,0,7
2024-01,sbi:STOF,1.0,0.04289999999999998,0,0
2024-01,uti:002,0.9482758620689655,0.0381,2,1
2024-01,uti:017,0.96,0.12480000000000001,1,1
2024-01,uti:042,0.9649122807017544,0.08539999999999999,1,1
2024-01,uti:049,0.9491525423728814,0.14689999999999998,1,2
2024-01,uti:066,0.9508196721311475,0.0709,1,2
2024-01,uti:101,0.9024390243902439,0.23919999999999997,2,2
2024-01,uti:118,1.0,0.0687,0,0
2024-01,uti:125,0.864406779661017,0.1385,4,4
2024-01,uti:160,0.9418604651162791,0.1512,2,3
2024-01,uti:161,0.9782608695652174,0.0914,0,1
2024-01,uti:162,1.0,0.09170000000000005,0,0
2024-01,uti:163,0.9354838709677419,0.20939999999999998,2,0
2024-01,uti:190,1.0,0.06749999999999999,0,0
2024-01,uti:193,0.9137931034482759,0.111,1,4
2024-01,uti:251,0.9,0.1965,2,2
2024-01,uti:322,0.9491525423728814,0.07129999999999999,2,1
2024-01,uti:751,0.9647058823529412,0.1134,1,2
2024-01,uti:753,0.9032258064516129,0.0912,1,2
2024-01,uti:773,0.9473684210526315,0.05469999999999999,2,1
2024-01,uti:775,1.0,0.10550000000000001,0,0
2024-02,absl:ABSLBCF,0.8958333333333334,0.12136380699999999,5,0
2024-02,absl:ABSLESG,0.9777777777777777,0.08429875200000002,1,0
2024-02,absl:ABSLMAAF,0.8793103448275862,0.10196619900000001,3,4
2024-02,absl:ABSLMCF,0.8918918918918919,0.154468222,5,3
2024-02,absl:ABSLSO,0.9166666666666666,0.09820880500000002,2,3
2024-02,absl:ABSLTNLF,0.8928571428571429,0.14202407299999997,3,0
2024-02,absl:ADVG,0.8048780487804879,0.23074250699999999,8,8
2024-02,absl:BDYP,0.8983050847457628,0.18204724,2,4
2024-02,absl:BINFRA,0.8421052631578947,0.174154893,5,4
2024-02,absl:BSL95F,0.9493670886075949,0.074385112,1,3
2024-02,absl:BSLBKFS,0.9210526315789473,0.11998656399999996,0,3
2024-02,absl:BSLDAAF,0.9207920792079208,0.069686639,4,4
2024-02,absl:BSLEQTY,0.9210526315789473,0.08362330700000001,3,3
2024-02,absl:BSLFEF,0.9620253164556962,0.06679749700000001,1,2
2024-02,absl:BSLMFG,1.0,0.07463477300000002,0,0
2024-02,absl:BSLNMF,1.0,0.06539296600000001,0,0
2024-02,absl:BSLPHF,1.0,0.16241650400000002,0,0
2024-02,absl:BSLR96,0.9393939393939394,0.090790906,2,2
2024-02,absl:BSLTA1,0.9134615384615384,0.173181374,4,5
2024-02,absl:BTOP100,0.9310344827586207,0.07738164200000004,1,1
2024-02,absl:GENNEXT,0.9594594594594594,0.098519478,1,2
2024-02,absl:MIDCAP,0.9885057471264368,0.075904465,0,1
2024-02,absl:MNC,0.9666666666666667,0.101526075,1,1
2024-02,absl:PSUEQ,0.9574468085106383,0.25414307599999997,0,2
2024-02,absl:PURE,0.8987341772151899,0.14112924899999998,4,4
2024-02,axis:AXISBCF,0.8709677419354839,0.1844,6,2
2024-02,axis:AXISDEF,0.8529411764705882,0.1278,3,7
2024-02,axis:AXISEHF,0.9047619047619048,0.1325,5,1
2024-02,axis:AXISEQF,0.9361702127659575,0.0858,2,1
2024-02,axis:AXISESG,0.92,0.1067,3,1
2024-02,axis:AXISF25,0.8461538461538461,0.12800000000000003,1,3
2024-02,axis:AXISGOF,0.9210526315789473,0.11989999999999999,5,1
2024-02,axis:AXISIMF,0.9411764705882353,0.13520000000000001,3,1
2024-02,axis:AXISMCF,0.9186046511627907,0.1457,6,1
2024-02,axis:AXISMLC,0.9493670886075949,0.12419999999999999,4,0
2024-02,axis:AXISMLF,0.859375,0.17459999999999998,5,4
2024-02,axis:AXISQUA,0.7586206896551724,0.286,7,7
2024-02,axis:AXISSCF,0.9134615384615384,0.10700000000000001,5,4
2024-02,axis:AXISSSF,0.9534883720930233,0.10320000000000001,2,0
2024-02,axis:AXISTAF,0.6417910447761194,0.3508,13,11
2024-02,axis:AXISTSF,0.8214285714285714,0.13040000000000002,7,3
2024-02,axis:AXISVAL,0.8266666666666667,0.23470000000000002,9,4
2024-02,dsp:Banking and Financial Services,0.9130434782608695,0.1324,1,1
2024-02,dsp:DAAF,0.8778625954198473,0.1055,5,11
2024-02,dsp:EQUITYOPPOR,0.9605263157894737,0.12619999999999998,2,1
2024-02,dsp:FOCUS,0.9333333333333333,0.1641,1,1
2024-02,dsp:Flexi Cap,0.9423076923076923,0.1039,2,1
2024-02,dsp:HEALTHCARE,0.9545454545454546,0.06869999999999998,0,1
2024-02,dsp:MIDCAP,0.9152542372881356,0.16090000000000002,2,3
2024-02,dsp:Multi Asset,0.9333333333333333,0.0392,2,0
2024-02,dsp:NRNEF,0.9523809523809523,0.08279999999999998,1,0
2024-02,dsp:QUANT,1.0,0.05419999999999999,0,0
2024-02,dsp:SMALLCAP,0.9864864864864865,0.1063,1,0
2024-02,dsp:TAX,0.8857142857142857,0.12689999999999999,3,5
2024-02,dsp:TIGER,0.9142857142857143,0.2289,5,1
2024-02,dsp:TOP100,0.9375,0.11839999999999999,1,1
2024-02,dsp:VALUE,0.8923076923076924,0.1321,3,4
2024-02,hdfc:HDFCBKGFSF,0.9696969696969697,0.07100000000000002,0,1
2024-02,hdfc:HDFCBUSICY,0.9622641509433962,0.08480000000000001,1,1
2024-02,hdfc:HDFCCB,0.8961038961038961,0.07780000000000002,7,1
2024-02,hdfc:HDFCCS,0.9629629629629629,0.08660000000000001,0,1
2024-02,hdfc:HDFCDFNFND,0.9545454545454546,0.1121,0,1
2024-02,hdfc:HDFCDIVYLD,0.9651162790697675,0.10239999999999999,3,0
2024-02,hdfc:HDFCEQ,0.9285714285714286,0.0841,1,2
2024-02,hdfc:HDFCGR,1.0,0.05140000000000001,0,0
2024-02,hdfc:HDFCHOF117,0.9459459459459459,0.08949999999999998,1,1
2024-02,hdfc:HDFCLARGEF,1.0,0.0859,0,0
2024-02,hdfc:HDFCMNCFND,0.9666666666666667,0.1422,1,0
2024-02,hdfc:HDFCMULCAP,0.9788359788359788,0.0953,4,0
2024-02,hdfc:HDFCNCCFND,1.0,0.1001,0,0
2024-02,hdfc:HDFCPHARHC,0.9117647058823529,0.21330000000000002,1,2
2024-02,hdfc:HDFCPM,0.9111111111111111,0.06099999999999999,2,2
2024-02,hdfc:HDFCSMALLF,0.9605263157894737,0.0872,2,1
2024-02,hdfc:HDFCT2,0.9574468085106383,0.05999999999999999,1,1
2024-02,hdfc:HDFCTECHFD,1.0,0.05239999999999999,0,0
2024-02,hdfc:HDFCTRALFD,0.9090909090909091,0.1614,0,3
2024-02,hdfc:HDFCTS,0.8372093023255814,0.0971,2,5
2024-02,hdfc:HDINFG,0.9795918367346939,0.14079999999999998,1,0
2024-02,hdfc:MIDCAP,1.0,0.0712,0,0
2024-02,hdfc:MY2005,0.9833333333333333,0.0483,1,0
2024-02,icici:BAF,0.9247311827956989,0.06010600300000001,1,6
2024-02,icici:BANFIN SERVICES,0.8529411764705882,0.145730767,2,3
2024-02,icici:BCYCLE,0.8548387096774194,0.17862844599999997,1,8
2024-02,icici:BHACON,0.9019607843137255,0.155860966,4,1
2024-02,icici:BLUECHIP,0.9285714285714286,0.061429282999999994,1,4
2024-02,icici:COMFUND,0.9444444444444444,0.1422231,0,2
2024-02,icici:DISCO,0.7894736842105263,0.117125512,7,9
2024-02,icici:DIVYLD,0.9137931034482759,0.12956167600000001,1,4
2024-02,icici:E&DF,0.9024390243902439,0.062254176999999994,3,5
2024-02,icici:ESGFUND,0.8666666666666667,0.14993904299999997,2,4
2024-02,icici:EXPORTS,0.9111111111111111,0.146195634,2,2
2024-02,icici:FLEXCAP,0.8615384615384616,0.08103621899999999,5,4
2024-02,icici:FMCG,0.9473684210526315,0.058627740999999976,1,0
2024-02,icici:FOCUSED,0.8709677419354839,0.139272523,2,2
2024-02,icici:HOUSING,0.8108108108108109,0.10384613800000002,3,4
2024-02,icici:INDOPP,0.8253968253968254,0.165067186,9,2
2024-02,icici:INFRA,0.9016393442622951,0.158950039,3,3
2024-02,icici:INNOVA,0.9090909090909091,0.130510192,2,4
2024-02,icici:LARGE & MIDCAP,0.8255813953488372,0.134526336,9,6
2024-02,icici:LTEF,0.8888888888888888,0.07211015299999997,5,2
2024-02,icici:MGFINDIA,0.9166666666666666,0.163213282,3,3
2024-02,icici:MIDCAP,0.8602150537634409,0.19159332599999998,6,7
2024-02,icici:MNCFUND,0.86,0.15057397,4,3
2024-02,icici:MULTI,0.8831168831168831,0.071154195,5,4
2024-02,icici:MULTICAP,0.896551724137931,0.200440748,8,4
2024-02,icici:PHARMA,0.8292682926829268,0.170772993,3,4
2024-02,icici:PSUEQU,0.8387096774193549,0.133558271,2,3
2024-02,icici:QUANT,0.8478260869565217,0.250391605,4,3
2024-02,icici:SMALL,0.87,0.209845478,10,3
2024-02,icici:TECH,0.8867924528301887,0.079887308,4,2
2024-02,icici:TRANSPO,1.0,0.12338363200000001,0,0
2024-02,kotak:BAL,0.9152542372881356,0.1369,4,1
2024-02,kotak:BFS,0.8387096774193549,0.12110000000000003,3,2
2024-02,kotak:CMP,1.0,0.07019999999999998,0,0
2024-02,kotak:CON,0.873015873015873,0.185,3,5
2024-02,kotak:ELS,0.9016393442622951,0.1629,3,3
2024-02,kotak:EME,0.8987341772151899,0.13899999999999998,1,7
2024-02,kotak:ESG,0.9347826086956522,0.0776,1,2
2024-02,kotak:HLC,0.9583333333333334,0.15369999999999998,1,0
2024-02,kotak:K30,0.875,0.11489999999999999,4,4
2024-02,kotak:KBA,0.8899082568807339,0.10170000000000001,7,5
2024-02,kotak:KBC,0.8852459016393442,0.1257,3,4
2024-02,kotak:KFE,0.875,0.12150000000000001,2,2
2024-02,kotak:KIE,0.9433962264150944,0.11889999999999999,1,2
2024-02,kotak:KMI,0.8448275862068966,0.21499999999999997,2,7
2024-02,kotak:KOP,0.9411764705882353,0.12739999999999999,3,1
2024-02,kotak:KPF,0.9130434782608695,0.10790000000000001,3,1
2024-02,kotak:KQT,0.43859649122807015,0.8226,17,15
2024-02,kotak:MAF,0.8793103448275862,0.1032,4,3
2024-02,kotak:MID,0.95,0.09749999999999999,3,1
2024-02,kotak:MUC,0.8055555555555556,0.2356,7,7
2024-02,kotak:SEF,0.85,0.1416,5,4
2024-02,mirae:MABAF,0.9,0.072133495,3,7
2024-02,mirae:MABFF,0.8666666666666667,0.114686262,3,1
2024-02,mirae:MAEBF,0.898876404494382,0.11672982399999998,6,3
2024-02,mirae:MAFCF,0.8933333333333333,0.10507888400000001,5,3
2024-02,mirae:MAFF,0.9032258064516129,0.10452902800000001,2,1
2024-02,mirae:MAHCF,1.0,0.06125525200000002,0,0
2024-02,mirae:MAIPF,0.9565217391304348,0.05446156900000001,2,1
2024-02,mirae:MAMAAF,0.2988505747126437,0.49460730399999997,60,1
2024-02,mirae:MAMCF,0.9315068493150684,0.10710150400000001,3,2
2024-02,mirae:MAMPF,0.9156626506024096,0.14879235700000001,4,3
2024-02,mirae:MATSF,0.8875,0.156117741,4,5
2024-02,mirae:MICCF,0.9302325581395349,0.10768227799999999,3,0
2024-02,mirae:MIIOF,0.8823529411764706,0.09638930799999999,6,2
2024-02,nippon:BF,0.9333333333333333,0.10490000000000001,0,2
2024-02,nippon:EA,0.9298245614035088,0.0997,3,1
2024-02,nippon:EO,0.9433962264150944,0.1213,2,4
2024-02,nippon:GF,0.9690721649484536,0.09290000000000001,0,3
2024-02,nippon:GS,0.8589743589743589,0.24,5,6
2024-02,nippon:IT,0.9230769230769231,0.18560000000000001,2,1
2024-02,nippon:LC,0.9761904761904762,0.0843,1,1
2024-02,nippon:LE,0.9310344827586207,0.08719999999999999,1,1
2024-02,nippon:ME,0.8571428571428571,0.1946,1,4
2024-02,nippon:MF,0.890625,0.0784,4,3
2024-02,nippon:NE,0.8823529411764706,0.09759999999999999,4,4
2024-02,nippon:PH,0.96875,0.0879,0,1
2024-02,nippon:PS,0.9302325581395349,0.1218,1,2
2024-02,nippon:QP,0.8421052631578947,0.1765,3,3
2024-02,nippon:SC,0.9380952380952381,0.11200000000000002,5,8
2024-02,nippon:SE,0.8846153846153846,0.1519,5,4
2024-02,nippon:SH,0.9538461538461539,0.0702,1,2
2024-02,nippon:TS,0.9692307692307692,0.0738,1,1
2024-02,ppfas:PPFCF,0.9666666666666667,0.037500000000000006,1,0
2024-02,sbi:SBAF,0.9726027397260274,0.0447,1,1
2024-02,sbi:SBFS,0.7666666666666667,0.2591,3,4
2024-02,sbi:SBLUECHIP,1.0,0.0539,0,0
2024-02,sbi:SCF,0.9438202247191011,0.1267,3,2
2024-02,sbi:SCOF,0.975609756097561,0.2003,1,0
2024-02,sbi:SDYF,1.0,0.10060000000000001,0,0
2024-02,sbi:SEHF,1.0,0.047000000000000014,0,0
2024-02,sbi:SEMVF,1.0,0.05329999999999999,0,0
2024-02,sbi:SFEF,0.9523809523809523,0.08039999999999999,0,1
2024-02,sbi:SFLEXI,0.7692307692307693,0.2245,15,3
2024-02,sbi:SHOF,1.0,0.06969999999999998,0,0
2024-02,sbi:SIF,0.926829268292683,0.179,1,2
2024-02,sbi:SLMF,0.922077922077922,0.1074,2,4
2024-02,sbi:SLTEF,0.984375,0.07110000000000001,1,0
2024-02,sbi:SMAAF,0.9074074074074074,0.0788,3,2
2024-02,sbi:SMCF,0.9512195121951219,0.09800000000000002,1,1
2024-02,sbi:SMCOMMA,0.68,0.3555,3,5
2024-02,sbi:SMEEF,0.8888888888888888,0.12299999999999997,3,1
2024-02,sbi:SMGLF,1.0,0.08579999999999999,0,0
2024-02,sbi:SMIDCAP,1.0,0.0996,0,0
2024-02,sbi:SPSU,0.8148148148148148,0.3326,2,3
2024-02,sbi:SSCF,0.9642857142857143,0.1376,1,1
2024-02,sbi:STAF-III,1.0,0.02990000000000001,0,0
2024-02,sbi:STOF,1.0,0.0375,0,0
2024-02,uti:002,1.0,0.029299999999999996,0,0
2024-02,uti:017,0.9607843137254902,0.0833,2,0
2024-02,uti:042,1.0,0.0626,0,0
2024-02,uti:049,0.8666666666666667,0.152,3,5
2024-02,uti:066,0.8709677419354839,0.08159999999999999,3,5
2024-02,uti:101,0.9512195121951219,0.1556,2,0
2024-02,uti:118,0.9459459459459459,0.0953,1,1
2024-02,uti:125,0.9642857142857143,0.10540000000000001,1,1
2024-02,uti:160,0.9523809523809523,0.1337,1,3
2024-02,uti:161,0.9777777777777777,0.05690000000000001,0,1
2024-02,uti:162,1.0,0.08289999999999997,0,0
2024-02,uti:163,0.8235294117647058,0.205,3,3
2024-02,uti:190,0.9583333333333334,0.08419999999999998,1,1
2024-02,uti:193,0.9629629629629629,0.0769,0,2
2024-02,uti:251,1.0,0.08639999999999999,0,0
2024-02,uti:322,0.7037037037037037,0.24969999999999998,23,1
2024-02,uti:751,0.9642857142857143,0.10200000000000001,1,2
2024-02,uti:753,0.9333333333333333,0.119,1,1
2024-02,uti:773,0.9491525423728814,0.048799999999999996,3,0
2024-02,uti:775,1.0,0.1616,0,0
2024-03,absl:ABSLBCF,0.8846153846153846,0.127334981,4,2
2024-03,absl:ABSLESG,0.9574468085106383,0.16456664799999998,2,0
2024-03,absl:ABSLMAAF,0.896551724137931,0.10025210999999998,4,2
2024-03,absl:ABSLMCF,0.918918918918919,0.12156274799999998,3,3
2024-03,absl:ABSLSO,0.9824561403508771,0.08031960699999999,0,1
2024-03,absl:ABSLTNLF,0.9642857142857143,0.07823430899999999,0,1
2024-03,absl:ADVG,0.9342105263157895,0.12633513799999999,2,3
2024-03,absl:BDYP,0.8833333333333333,0.137912869,5,2
2024-03,absl:BINFRA,0.9090909090909091,0.122900325,2,3
2024-03,absl:BSL95F,0.9615384615384616,0.059928905000000005,2,1
2024-03,absl:BSLBKFS,0.9714285714285714,0.08060499900000002,0,1
2024-03,absl:BSLDAAF,0.8518518518518519,0.084800211,11,5
2024-03,absl:BSLEQTY,0.922077922077922,0.098566421,4,2
2024-03,absl:BSLFEF,0.9743589743589743,0.070450233,1,1
2024-03,absl:BSLMFG,1.0,0.055821777999999996,0,0
2024-03,absl:BSLNMF,0.896551724137931,0.101233508,2,1
2024-03,absl:BSLPHF,0.9642857142857143,0.09160972700000002,0,1
2024-03,absl:BSLR96,0.8695652173913043,0.13763136399999998,5,4
2024-03,absl:BSLTA1,0.91,0.23935657899999999,1,8
2024-03,absl:BTOP100,0.9310344827586207,0.072734103,1,1
2024-03,absl:GENNEXT,1.0,0.063101429,0,0
2024-03,absl:MIDCAP,0.9883720930232558,0.078854552,0,1
2024-03,absl:MNC,0.9833333333333333,0.079739543,1,0
2024-03,absl:PSUEQ,0.9333333333333333,0.11339425199999999,0,3
2024-03,absl:PURE,0.9736842105263158,0.124812747,1,1
2024-03,axis:AXISBCF,0.9230769230769231,0.1519,5,0
2024-03,axis:AXISDEF,0.9516129032258065,0.0907,1,2
2024-03,axis:AXISEHF,1.0,0.0674,0,0
2024-03,axis:AXISEQF,0.875,0.11939999999999999,2,4
2024-03,axis:AXISESG,0.8867924528301887,0.15380000000000002,4,2
2024-03,axis:AXISF25,1.0,0.13780000000000003,0,0
2024-03,axis:AXISGOF,0.8690476190476191,0.1494,9,2
2024-03,axis:AXISIMF,0.9705882352941176,0.12400000000000003,1,1
2024-03,axis:AXISMCF,0.8681318681318682,0.1555,6,6
2024-03,axis:AXISMLC,0.8651685393258427,0.2001,10,2
2024-03,axis:AXISMLF,0.8571428571428571,0.13,3,6
2024-03,axis:AXISQUA,0.7543859649122807,0.2817,6,8
2024-03,axis:AXISSCF,0.9509803921568627,0.1203,2,3
2024-03,axis:AXISSSF,0.9772727272727273,0.0694,1,0
2024-03,axis:AXISTAF,0.9,0.1086,4,2
2024-03,axis:AXISTSF,0.896551724137931,0.1276,5,1
2024-03,axis:AXISVAL,0.8701298701298701,0.23140000000000002,6,4
2024-03,dsp:Banking and Financial Services,0.9545454545454546,0.14689999999999998,0,1
2024-03,dsp:DAAF,0.9421487603305785,0.0848,1,6
2024-03,dsp:EQUITYOPPOR,0.9868421052631579,0.08979999999999998,1,0
2024-03,dsp:FOCUS,0.9666666666666667,0.13999999999999999,1,0
2024-03,dsp:Flexi Cap,0.9074074074074074,0.1428,3,2
2024-03,dsp:HEALTHCARE,1.0,0.035300000000000005,0,0
2024-03,dsp:MIDCAP,0.9298245614035088,0.14109999999999998,1,3
2024-03,dsp:Multi Asset,1.0,0.04189999999999999,0,0
2024-03,dsp:Multicap Fund,0.9795918367346939,0.0919,1,0
2024-03,dsp:NRNEF,1.0,0.06219999999999999,0,0
2024-03,dsp:QUANT,0.9333333333333333,0.145,3,0
2024-03,dsp:SMALLCAP,0.972972972972973,0.06970000000000001,0,2
2024-03,dsp:TAX,0.9848484848484849,0.09499999999999999,1,0
2024-03,dsp:TIGER,0.9857142857142858,0.0959,1,0
2024-03,dsp:TOP100,1.0,0.0819,0,0
2024-03,dsp:VALUE,0.9672131147540983,0.06999999999999999,0,2
2024-03,hdfc:HDFCBKGFSF,0.9411764705882353,0.058799999999999984,2,0
2024-03,hdfc:HDFCBUSICY,1.0,0.1099,0,0
2024-03,hdfc:HDFCCB,0.9493670886075949,0.07750000000000003,3,1
2024-03,hdfc:HDFCCS,0.9629629629629629,0.0733,1,0
2024-03,hdfc:HDFCDFNFND,0.8181818181818182,0.15109999999999998,1,3
2024-03,hdfc:HDFCDIVYLD,0.9550561797752809,0.09340000000000001,3,1
2024-03,hdfc:HDFCEQ,0.9523809523809523,0.0628,2,0
2024-03,hdfc:HDFCGR,0.8466257668711656,0.042899999999999994,23,2
2024-03,hdfc:HDFCHOF117,1.0,0.05920000000000004,0,0
2024-03,hdfc:HDFCLARGEF,0.972972972972973,0.0836,4,1
2024-03,hdfc:HDFCMNCFND,0.8709677419354839,0.1182,1,3
2024-03,hdfc:HDFCMULCAP,0.9689119170984456,0.10179999999999999,4,2
2024-03,hdfc:HDFCNCCFND,0.7727272727272727,0.275,1,9
2024-03,hdfc:HDFCPHARHC,0.8823529411764706,0.19340000000000002,2,2
2024-03,hdfc:HDFCPM,0.9534883720930233,0.044599999999999994,0,2
2024-03,hdfc:HDFCSMALLF,0.925,0.0827,5,1
2024-03,hdfc:HDFCT2,0.9782608695652174,0.057600000000000005,0,1
2024-03,hdfc:HDFCTECHFD,0.9523809523809523,0.06920000000000001,1,0
2024-03,hdfc:HDFCTRALFD,0.90625,0.1475,2,1
2024-03,hdfc:HDFCTS,0.9743589743589743,0.0736,1,0
2024-03,hdfc:HDINFG,0.9245283018867925,0.0984,4,0
2024-03,hdfc:MIDCAP,0.9710144927536232,0.10719999999999999,1,1
2024-03,hdfc:MY2005,0.9516129032258065,0.05340000000000002,2,1
2024-03,icici:BAF,0.9555555555555556,0.052302869999999994,3,1
2024-03,icici:BANFIN SERVICES,1.0,0.08227859300000001,0,0
2024-03,icici:BCYCLE,0.9285714285714286,0.060474321000000004,2,2
2024-03,icici:BHACON,0.9230769230769231,0.09552778099999998,2,2
2024-03,icici:BLUECHIP,0.927536231884058,0.08192976400000003,3,2
2024-03,icici:COMFUND,1.0,0.06975016699999999,0,0
2024-03,icici:DISCO,0.9166666666666666,0.09796519999999997,5,1
2024-03,icici:DIVYLD,0.9636363636363636,0.07074556199999998,1,1
2024-03,icici:E&DF,0.9390243902439024,0.06923257199999998,5,0
2024-03,icici:ESGFUND,1.0,0.064712665,0,0
2024-03,icici:EXPORTS,0.8,0.151638153,7,3
2024-03,icici:FLEXCAP,0.9523809523809523,0.05751779899999998,2,1
2024-03,icici:FMCG,1.0,0.06697205399999998,0,0
2024-03,icici:FOCUSED,0.9655172413793104,0.07819487900000001,0,1
2024-03,icici:HOUSING,0.7692307692307693,0.15453841599999998,6,3
2024-03,icici:INDOPP,0.8405797101449275,0.206134365,8,3
2024-03,icici:INFRA,0.9508196721311475,0.11613737600000001,3,0
2024-03,icici:INNOVA,0.8656716417910447,0.12483181699999998,5,4
2024-03,icici:LARGE & MIDCAP,0.9411764705882353,0.113517453,5,0
2024-03,icici:LTEF,0.9104477611940298,0.084275865,6,0
2024-03,icici:MGFINDIA,0.9714285714285714,0.11419102500000002,1,1
2024-03,icici:MIDCAP,0.9090909090909091,0.16983509,2,6
2024-03,icici:MNCFUND,0.9591836734693877,0.087304958,2,0
2024-03,icici:MULTI,0.9358974358974359,0.07659651199999999,5,0
2024-03,icici:MULTICAP,0.896551724137931,0.209051403,4,8
2024-03,icici:PHARMA,0.782608695652174,0.22497048300000003,9,1
2024-03,icici:PSUEQU,0.9642857142857143,0.11404729900000002,0,1
2024-03,icici:QUANT,0.8333333333333334,0.177703299,5,3
2024-03,icici:SMALL,0.9285714285714286,0.183839084,1,6
2024-03,icici:TECH,0.9615384615384616,0.11067102999999999,1,1
2024-03,icici:TRANSPO,1.0,0.06493669599999999,0,0
2024-03,kotak:BAL,0.9193548387096774,0.08629999999999999,4,1
2024-03,kotak:BFS,0.9666666666666667,0.0885,1,0
2024-03,kotak:CMP,0.9736842105263158,0.08369999999999997,1,0
2024-03,kotak:CON,0.9193548387096774,0.1267,4,1
2024-03,kotak:ELS,0.9491525423728814,0.07289999999999999,1,2
2024-03,kotak:EME,0.8831168831168831,0.19280000000000003,5,4
2024-03,kotak:ESG,0.9111111111111111,0.08349999999999999,1,3
2024-03,kotak:HLC,0.96,0.08300000000000002,1,0
2024-03,kotak:K30,0.9047619047619048,0.10260000000000001,3,3
2024-03,kotak:KBA,0.926605504587156,0.094,5,3
2024-03,kotak:KBC,0.9310344827586207,0.0974,1,3
2024-03,kotak:KFE,1.0,0.06970000000000001,0,0
2024-03,kotak:KIE,1.0,0.0754,0,0
2024-03,kotak:KMI,0.9803921568627451,0.0641,0,1
2024-03,kotak:KOP,0.9701492537313433,0.06249999999999999,0,2
2024-03,kotak:KPF,0.9565217391304348,0.1178,1,1
2024-03,kotak:KQT,1.0,0.052199999999999996,0,0
2024-03,kotak:MAF,0.8548387096774194,0.1148,7,2
2024-03,kotak:MID,0.9506172839506173,0.10960000000000002,2,2
2024-03,kotak:MUC,0.9696969696969697,0.1242,1,1
2024-03,kotak:SEF,0.9642857142857143,0.0713,0,2
2024-03,mirae:MABAF,0.9787234042553191,0.055628889,1,1
2024-03,mirae:MABFF,0.9666666666666667,0.089281164,1,0
2024-03,mirae:MAEBF,0.9444444444444444,0.11949288100000001,4,1
2024-03,mirae:MAFCF,0.9863013698630136,0.06020484100000001,1,0
2024-03,mirae:MAFF,1.0,0.07575296299999999,0,0
2024-03,mirae:MAHCF,0.90625,0.137927353,3,0
2024-03,mirae:MAMAAF,0.9555555555555556,0.058467463,4,0
2024-03,mirae:MAMCF,0.9726027397260274,0.10863997099999999,2,0
2024-03,mirae:MAMPF,0.9302325581395349,0.111946299,6,0
2024-03,mirae:MATSF,0.9487179487179487,0.137166218,3,1
2024-03,mirae:MICCF,0.9767441860465116,0.09806187599999999,0,1
2024-03,mirae:MIIOF,0.9411764705882353,0.103608614,2,2
2024-03,nippon:BF,0.9285714285714286,0.1178,0,2
2024-03,nippon:EA,0.9649122807017544,0.0775,1,1
2024-03,nippon:EO,0.9428571428571428,0.1079,3,3
2024-03,nippon:GF,0.9789473684210527,0.109,1,1
2024-03,nippon:GS,0.8717948717948718,0.2291,6,4
2024-03,nippon:IT,0.9743589743589743,0.1356,1,0
2024-03,nippon:LC,0.9880952380952381,0.0789,1,0
2024-03,nippon:LE,0.896551724137931,0.11610000000000001,1,2
2024-03,nippon:ME,0.967741935483871,0.0677,0,1
2024-03,nippon:MF,0.8923076923076924,0.0804,4,3
2024-03,nippon:NE,0.9104477611940298,0.06890000000000002,3,3
2024-03,nippon:PH,1.0,0.0427,0,0
2024-03,nippon:PS,0.975609756097561,0.10269999999999999,0,1
2024-03,nippon:QP,0.9444444444444444,0.12090000000000004,1,1
2024-03,nippon:SC,0.9371980676328503,0.11460000000000001,5,8
2024-03,nippon:SE,0.9733333333333334,0.098,1,1
2024-03,nippon:SH,1.0,0.03419999999999999,0,0
2024-03,nippon:TS,0.9230769230769231,0.0939,1,4
2024-03,ppfas:PPDAAF,1.0,0.0291,0,0
2024-03,ppfas:PPFCF,0.9666666666666667,0.040700000000000035,0,1
2024-03,sbi:SBAF,0.9594594594594594,0.0486,2,1
2024-03,sbi:SBFS,0.8888888888888888,0.3226,1,2
2024-03,sbi:SBI Energy Opportunities Fund,0.5833333333333334,0.5083,10,0
2024-03,sbi:SBLUECHIP,0.96,0.07540000000000001,1,1
2024-03,sbi:SCF,0.9444444444444444,0.09350000000000001,3,2
2024-03,sbi:SCOF,0.9302325581395349,0.12760000000000002,2,1
2024-03,sbi:SDYF,1.0,0.054000000000000006,0,0
2024-03,sbi:SEHF,0.9032258064516129,0.09469999999999998,2,1
2024-03,sbi:SEMVF,0.9607843137254902,0.1808,1,1
2024-03,sbi:SFEF,1.0,0.0657,0,0
2024-03,sbi:SFLEXI,0.925,0.13290000000000002,5,1
2024-03,sbi:SHOF,0.875,0.0932,3,0
2024-03,sbi:SIF,0.9024390243902439,0.18839999999999998,2,2
2024-03,sbi:SLMF,0.9864864864864865,0.0969,1,0
2024-03,sbi:SLTEF,0.9538461538461539,0.11770000000000001,1,2
2024-03,sbi:SMAAF,1.0,0.0437,0,0
2024-03,sbi:SMCF,0.926829268292683,0.1339,1,2
2024-03,sbi:SMCOMMA,0.9523809523809523,0.11269999999999998,1,0
2024-03,sbi:SMEEF,0.9722222222222222,0.1104,1,0
2024-03,sbi:SMGLF,0.9545454545454546,0.045699999999999984,1,0
2024-03,sbi:SMIDCAP,0.9583333333333334,0.0922,1,2
2024-03,sbi:SPSU,0.88,0.20850000000000002,1,2
2024-03,sbi:SSCF,0.9821428571428571,0.0798,1,0
2024-03,sbi:STOF,0.8823529411764706,0.0967,1,1
2024-03,uti:002,0.9655172413793104,0.034499999999999996,1,1
2024-03,uti:017,0.9056603773584906,0.11240000000000001,2,3
2024-03,uti:042,0.9649122807017544,0.0862,1,1
2024-03,uti:049,0.9107142857142857,0.11720000000000004,1,4
2024-03,uti:066,0.9137931034482759,0.0781,1,4
2024-03,uti:101,0.9090909090909091,0.11280000000000003,3,1
2024-03,uti:118,0.8974358974358975,0.10930000000000001,3,1
2024-03,uti:125,0.9464285714285714,0.07769999999999998,1,2
2024-03,uti:160,0.9176470588235294,0.1383,4,3
2024-03,uti:161,0.9777777777777777,0.07409999999999999,1,0
2024-03,uti:162,0.9428571428571428,0.055400000000000005,1,1
2024-03,uti:163,0.9375,0.13080000000000003,1,1
2024-03,uti:190,0.9583333333333334,0.06849999999999999,1,1
2024-03,uti:193,0.8947368421052632,0.1133,5,1
2024-03,uti:251,0.8780487804878049,0.11019999999999998,3,2
2024-03,uti:322,0.8823529411764706,0.1223,5,5
2024-03,uti:751,0.896551724137931,0.1953,5,4
2024-03,uti:753,0.9333333333333333,0.07029999999999997,1,1
2024-03,uti:773,1.0,0.058100000000000006,0,0
2024-03,uti:775,1.0,0.06440000000000001,0,0
2024-04,absl:ABSLBCF,0.9615384615384616,0.11292850800000001,2,0
2024-04,absl:ABSLESG,1.0,0.09071304699999999,0,0
2024-04,absl:ABSLMAAF,1.0,0.064496174,0,0
2024-04,absl:ABSLMCF,0.8918918918918919,0.128980225,3,5
2024-04,absl:ABSLSO,0.9322033898305084,0.10065938699999999,3,1
2024-04,absl:ABSLTNLF,0.9642857142857143,0.116776386,1,0
2024-04,absl:ADVG,0.9466666666666667,0.128464896,2,2
2024-04,absl:BDYP,0.9206349206349206,0.123280589,5,0
2024-04,absl:BINFRA,0.9259259259259259,0.10126841500000001,2,2
2024-04,absl:BSL95F,0.95,0.057617726999999994,3,1
2024-04,absl:BSLBKFS,0.9705882352941176,0.07441391600000001,0,1
2024-04,absl:BSLDAAF,0.9065420560747663,0.080966655,4,6
2024-04,absl:BSLEQTY,0.9473684210526315,0.09536114600000001,1,3
2024-04,absl:BSLFEF,0.9871794871794872,0.06372510799999999,1,0
2024-04,absl:BSLMFG,0.9777777777777777,0.08135408100000001,1,0
2024-04,absl:BSLNMF,0.8666666666666667,0.061510208999999996,2,2
2024-04,absl:BSLPHF,1.0,0.06421280100000001,0,0
2024-04,absl:BSLR96,0.9402985074626866,0.08929835400000001,2,2
2024-04,absl:BSLTA1,0.9787234042553191,0.10054694400000001,2,0
2024-04,absl:BTOP100,1.0,0.06804443900000001,0,0
2024-04,absl:GENNEXT,0.9863013698630136,0.06824856499999998,1,0
2024-04,absl:MIDCAP,0.9883720930232558,0.076776581,1,0
2024-04,absl:MNC,0.9836065573770492,0.097203741,1,0
2024-04,absl:PSUEQ,0.9767441860465116,0.13880730200000002,1,0
2024-04,absl:PURE,0.961038961038961,0.10609299400000001,2,1
2024-04,axis:AXISBCF,0.8450704225352113,0.1684,6,5
2024-04,axis:AXISDEF,0.7564102564102564,0.095,18,1
2024-04,axis:AXISEHF,0.9523809523809523,0.083,1,2
2024-04,axis:AXISEQF,0.9361702127659575,0.1252,3,0
2024-04,axis:AXISESG,0.9444444444444444,0.1467,3,0
2024-04,axis:AXISF25,0.84,0.1124,2,2
2024-04,axis:AXISGOF,0.9101123595505618,0.1471,7,1
2024-04,axis:AXISIMF,0.9710144927536232,0.1117,2,0
2024-04,axis:AXISMCF,0.8888888888888888,0.14109999999999998,5,5
2024-04,axis:AXISMLC,0.8282828282828283,0.1949,12,5
2024-04,axis:AXISMLF,0.9655172413793104,0.13470000000000001,1,1
2024-04,axis:AXISQUA,0.7547169811320755,0.3094,4,9
2024-04,axis:AXISSCF,0.97,0.10709999999999999,1,2
2024-04,axis:AXISSSF,0.9347826086956522,0.08479999999999999,2,1
2024-04,axis:AXISTAF,0.9016393442622951,0.1273,3,3
2024-04,axis:AXISTSF,0.9322033898305084,0.08760000000000003,2,2
2024-04,axis:AXISVAL,0.8974358974358975,0.17149999999999999,5,3
2024-04,dsp:Banking and Financial Services,0.9130434782608695,0.09830000000000004,2,0
2024-04,dsp:DAAF,0.85,0.1666,5,13
2024-04,dsp:EQUITYOPPOR,0.974025974025974,0.0847,1,1
2024-04,dsp:FOCUS,0.90625,0.10830000000000001,2,1
2024-04,dsp:Flexi Cap,0.9454545454545454,0.11410000000000001,3,0
2024-04,dsp:HEALTHCARE,1.0,0.0549,0,0
2024-04,dsp:MIDCAP,0.8688524590163934,0.1298,7,1
2024-04,dsp:Multi Asset,0.9375,0.027799999999999995,2,0
2024-04,dsp:Multicap Fund,0.8909090909090909,0.198,6,0
2024-04,dsp:NRNEF,0.875,0.1229,3,0
2024-04,dsp:QUANT,1.0,0.047699999999999985,0,0
2024-04,dsp:SMALLCAP,0.972972972972973,0.0893,2,0
2024-04,dsp:TAX,0.9850746268656716,0.0838,1,0
2024-04,dsp:TIGER,0.9859154929577465,0.1216,1,0
2024-04,dsp:TOP100,0.96875,0.07350000000000001,1,0
2024-04,dsp:VALUE,0.95,0.0638,1,2
2024-04,hdfc:HDFCBKGFSF,0.8378378378378378,0.0735,3,3
2024-04,hdfc:HDFCBUSICY,0.8793103448275862,0.09749999999999999,6,1
2024-04,hdfc:HDFCCB,0.9146341463414634,0.1056,4,3
2024-04,hdfc:HDFCCS,0.8620689655172413,0.11319999999999997,2,2
2024-04,hdfc:HDFCDFNFND,0.8636363636363636,0.12020000000000002,3,0
2024-04,hdfc:HDFCDIVYLD,0.9777777777777777,0.12,2,0
2024-04,hdfc:HDFCEQ,0.9318181818181818,0.08399999999999999,2,1
2024-04,hdfc:HDFCGR,0.9451219512195121,0.033699999999999994,3,6
2024-04,hdfc:HDFCHOF117,0.9459459459459459,0.08810000000000005,1,1
2024-04,hdfc:HDFCLARGEF,0.9735449735449735,0.08159999999999999,5,0
2024-04,hdfc:HDFCMNCFND,0.9333333333333333,0.1614,2,0
2024-04,hdfc:HDFCMULCAP,0.9743589743589743,0.0892,4,1
2024-04,hdfc:HDFCNCCFND,0.8095238095238095,0.25170000000000003,7,1
2024-04,hdfc:HDFCPHARHC,0.9696969696969697,0.09320000000000002,1,0
2024-04,hdfc:HDFCPM,0.9523809523809523,0.03849999999999999,1,1
2024-04,hdfc:HDFCSMALLF,0.975,0.07139999999999999,1,1
2024-04,hdfc:HDFCT2,0.9782608695652174,0.06790000000000003,1,0
2024-04,hdfc:HDFCTECHFD,0.9130434782608695,0.0895,2,0
2024-04,hdfc:HDFCTRALFD,0.9375,0.1241,1,1
2024-04,hdfc:HDFCTS,0.926829268292683,0.0855,2,1
2024-04,hdfc:HDINFG,0.9272727272727272,0.1157,2,2
2024-04,hdfc:MIDCAP,0.9577464788732394,0.0967,3,0
2024-04,hdfc:MY2005,0.9384615384615385,0.0833,4,0
2024-04,icici:BAF,0.9666666666666667,0.05034859,1,2
2024-04,icici:BANFIN SERVICES,0.90625,0.08620571000000002,1,2
2024-04,icici:BCYCLE,0.9285714285714286,0.110418162,2,2
2024-04,icici:BHACON,0.8703703703703703,0.134266572,4,3
2024-04,icici:BLUECHIP,0.9552238805970149,0.06347838399999998,0,3
2024-04,icici:COMFUND,0.868421052631579,0.143843463,4,1
2024-04,icici:DISCO,0.8513513513513513,0.10124439000000002,3,8
2024-04,icici:DIVYLD,0.8793103448275862,0.10806281999999998,4,3
2024-04,icici:E&DF,0.9534883720930233,0.052310207,4,0
2024-04,icici:ESGFUND,1.0,0.06491148199999999,0,0
2024-04,icici:EXPORTS,0.8461538461538461,0.19735569700000005,5,3
2024-04,icici:FLEXCAP,0.921875,0.141840857,2,3
2024-04,icici:FMCG,0.7727272727272727,0.10249179399999997,3,2
2024-04,icici:FOCUSED,0.9,0.138481124,2,1
2024-04,icici:HOUSING,0.825,0.113596448,4,3
2024-04,icici:INDOPP,0.8714285714285714,0.153803491,4,5
2024-04,icici:INFRA,0.8769230769230769,0.156739823,4,4
2024-04,icici:INNOVA,0.7941176470588235,0.169264793,5,9
2024-04,icici:LARGE & MIDCAP,0.9333333333333333,0.08480559500000001,5,1
2024-04,icici:LTEF,0.9014084507042254,0.07483227199999999,4,3
2024-04,icici:MGFINDIA,0.9857142857142858,0.171478752,1,0
2024-04,icici:MIDCAP,0.8571428571428571,0.165203527,9,4
2024-04,icici:MNCFUND,0.8627450980392157,0.143575293,2,5
2024-04,icici:MULTI,0.975,0.06349727399999999,2,0
2024-04,icici:MULTICAP,0.8347107438016529,0.148636298,13,7
2024-04,icici:PHARMA,0.7659574468085106,0.181196349,2,9
2024-04,icici:PSUEQU,0.9642857142857143,0.04747528100000001,1,0
2024-04,icici:QUANT,0.8695652173913043,0.185039727,1,5
2024-04,icici:SMALL,0.8865979381443299,0.133085079,5,6
2024-04,icici:TECH,0.9622641509433962,0.06057562600000003,2,0
2024-04,icici:TRANSPO,0.8918918918918919,0.19635074800000002,1,3
2024-04,kotak:BAL,0.967741935483871,0.0755,1,1
2024-04,kotak:BFS,0.90625,0.11909999999999994,2,1
2024-04,kotak:CMP,0.9230769230769231,0.21309999999999998,1,2
2024-04,kotak:CON,0.9090909090909091,0.1505,5,1
2024-04,kotak:ELS,0.9333333333333333,0.0831,3,1
2024-04,kotak:EME,0.9594594594594594,0.13419999999999999,1,2
2024-04,kotak:ESG,0.9534883720930233,0.09249999999999999,1,1
2024-04,kotak:HLC,0.9259259259259259,0.11509999999999998,2,0
2024-04,kotak:K30,0.9354838709677419,0.09799999999999999,2,2
2024-04,kotak:KBA,0.9454545454545454,0.061000000000000006,4,2
2024-04,kotak:KBC,0.9285714285714286,0.12800000000000003,1,3
2024-04,kotak:KFE,0.875,0.1148,2,2
2024-04,kotak:KIE,0.8181818181818182,0.19929999999999998,4,6
2024-04,kotak:KMI,0.8888888888888888,0.11980000000000002,4,2
2024-04,kotak:KOP,0.9701492537313433,0.09589999999999999,2,0
2024-04,kotak:KPF,0.9148936170212766,0.09860000000000001,2,2
2024-04,kotak:KQT,1.0,0.11729999999999999,0,0
2024-04,kotak:MAF,0.9206349206349206,0.1268,3,2
2024-04,kotak:MID,0.9375,0.1231,1,4
2024-04,kotak:MUC,0.8611111111111112,0.1977,7,3
2024-04,kotak:SEF,0.9464285714285714,0.0673,2,1
2024-04,kotak:TCH,0.8571428571428571,0.15159999999999996,3,0
2024-04,mirae:MABAF,0.898989898989899,0.097334989,6,4
2024-04,mirae:MABFF,0.90625,0.07030006200000001,2,1
2024-04,mirae:MAEBF,0.8526315789473684,0.237762754,6,8
2024-04,mirae:MAFCF,0.6746987951807228,0.408684963,10,17
2024-04,mirae:MAFF,0.9354838709677419,0.11955017099999998,1,1
2024-04,mirae:MAHCF,0.90625,0.068027204,0,3
2024-04,mirae:MAMAAF,0.9072164948453608,0.09163899499999999,7,2
2024-04,mirae:MAMCF,0.9333333333333333,0.186488601,2,3
2024-04,mirae:MAMPF,0.8387096774193549,0.2483573,7,8
2024-04,mirae:MATSF,0.9620253164556962,0.177190017,2,1
2024-04,mirae:MICCF,0.9111111111111111,0.16094690899999997,3,1
2024-04,mirae:MIIOF,0.8428571428571429,0.128643242,4,7
2024-04,nippon:BF,0.9259259259259259,0.07249999999999997,1,1
2024-04,nippon:EA,0.9655172413793104,0.0971,2,0
2024-04,nippon:EO,0.9619047619047619,0.1112,3,1
2024-04,nippon:GF,0.9894736842105263,0.0804,1,0
2024-04,nippon:GS,0.8765432098765432,0.2935,7,3
2024-04,nippon:IT,0.9743589743589743,0.091,0,1
2024-04,nippon:LC,0.9438202247191011,0.08510000000000001,5,0
2024-04,nippon:LE,0.9642857142857143,0.08449999999999999,1,0
2024-04,nippon:ME,0.8484848484848485,0.19310000000000002,3,2
2024-04,nippon:MF,0.8260869565217391,0.137,7,5
2024-04,nippon:NE,0.9117647058823529,0.09759999999999998,4,2
2024-04,nippon:PH,1.0,0.056400000000000006,0,0
2024-04,nippon:PS,0.9512195121951219,0.09099999999999998,1,1
2024-04,nippon:QP,0.8421052631578947,0.18520000000000003,3,3
2024-04,nippon:SC,0.9466019417475728,0.124,7,4
2024-04,nippon:SE,0.8734177215189873,0.12370000000000002,5,5
2024-04,nippon:SH,1.0,0.044799999999999986,0,0
2024-04,nippon:TS,0.9836065573770492,0.07060000000000001,0,1
2024-04,ppfas:PPDAAF,1.0,0.0069,0,0
2024-04,ppfas:PPFCF,1.0,0.043000000000000003,0,0
2024-04,ppfas:PPTSF,1.0,0.04709999999999999,0,0
2024-04,sbi:SBAF,0.9864864864864865,0.048599999999999983,1,0
2024-04,sbi:SBFS,0.7692307692307693,0.2308,1,5
2024-04,sbi:SBLUECHIP,0.96,0.0939,1,1
2024-04,sbi:SCF,0.9666666666666667,0.0945,2,1
2024-04,sbi:SCOF,0.9767441860465116,0.10149999999999999,1,0
2024-04,sbi:SDYF,1.0,0.06670000000000002,0,0
2024-04,sbi:SEHF,0.967741935483871,0.07370000000000002,1,0
2024-04,sbi:SEMVF,1.0,0.04289999999999999,0,0
2024-04,sbi:SFEF,0.95,0.0677,0,1
2024-04,sbi:SFLEXI,0.9259259259259259,0.1406,2,4
2024-04,sbi:SHOF,1.0,0.10000000000000002,0,0
2024-04,sbi:SIF,0.9512195121951219,0.1596,2,0
2024-04,sbi:SLMF,0.9733333333333334,0.10830000000000001,1,1
2024-04,sbi:SLTEF,0.96875,0.11059999999999999,1,1
2024-04,sbi:SMAAF,0.9622641509433962,0.05850000000000001,1,1
2024-04,sbi:SMCF,0.95,0.08560000000000001,1,1
2024-04,sbi:SMCOMMA,0.76,0.2985,4,2
2024-04,sbi:SMEEF,0.9473684210526315,0.1607,2,0
2024-04,sbi:SMGLF,0.9130434782608695,0.08100000000000004,1,1
2024-04,sbi:SMIDCAP,0.9452054794520548,0.1245,3,1
2024-04,sbi:SPSU,0.9583333333333334,0.1803,1,0
2024-04,sbi:SSCF,0.9649122807017544,0.08789999999999999,1,1
2024-04,sbi:STOF,0.8333333333333334,0.146,2,1
2024-04,uti:002,1.0,0.022,0,0
2024-04,uti:017,0.9259259259259259,0.0953,4,0
2024-04,uti:042,0.9824561403508771,0.05789999999999999,1,0
2024-04,uti:049,0.9107142857142857,0.12969999999999998,4,1
2024-04,uti:066,0.9137931034482759,0.0997,4,1
2024-04,uti:101,0.9333333333333333,0.1779,2,1
2024-04,uti:118,1.0,0.09439999999999997,0,0
2024-04,uti:125,1.0,0.0744,0,0
2024-04,uti:160,0.8977272727272727,0.1589,6,3
2024-04,uti:161,0.9183673469387755,0.0785,4,0
2024-04,uti:162,1.0,0.0652,0,0
2024-04,uti:163,0.9375,0.08689999999999999,1,1
2024-04,uti:190,0.94,0.09310000000000002,3,0
2024-04,uti:193,0.9310344827586207,0.10200000000000001,2,2
2024-04,uti:251,0.95,0.10109999999999998,1,1
2024-04,uti:322,0.8850574712643678,0.2446,7,3
2024-04,uti:751,0.8681318681318682,0.192,8,4
2024-04,uti:753,0.9666666666666667,0.1753,1,0
2024-04,uti:773,0.9672131147540983,0.04200000000000001,2,0
2024-04,uti:775,1.0,0.07760000000000002,0,0
2024-05,absl:ABSLBCF,0.8596491228070176,0.199274968,5,3
2024-05,absl:ABSLESG,0.9583333333333334,0.07268851799999998,1,1
2024-05,absl:ABSLMAAF,0.9322033898305084,0.052968217,3,1
2024-05,absl:ABSLMCF,0.9305555555555556,0.11984294100000001,3,2
2024-05,absl:ABSLSO,0.9166666666666666,0.10587829500000001,2,3
2024-05,absl:ABSLTNLF,0.9655172413793104,0.10533360899999997,1,0
2024-05,absl:ADVG,0.9342105263157895,0.133842458,3,2
2024-05,absl:BDYP,0.9230769230769231,0.08375550000000001,2,3
2024-05,absl:BINFRA,0.9107142857142857,0.11851228399999998,4,1
2024-05,absl:BSL95F,0.9873417721518988,0.062586676,0,1
2024-05,absl:BSLBKFS,0.9117647058823529,0.05883743299999999,1,2
2024-05,absl:BSLDAAF,0.9065420560747663,0.06592265399999998,6,4
2024-05,absl:BSLEQTY,0.8961038961038961,0.163137944,4,4
2024-05,absl:BSLFEF,0.9493670886075949,0.06498143700000002,1,3
2024-05,absl:BSLMFG,0.9,0.15455466399999998,5,0
2024-05,absl:BSLNMF,0.9642857142857143,0.062924702,0,1
2024-05,absl:BSLPHF,0.9259259259259259,0.092043829,0,2
2024-05,absl:BSLR96,1.0,0.079625425,0,0
2024-05,absl:BSLTA1,0.9680851063829787,0.08412005999999998,0,3
2024-05,absl:BTOP100,0.9,0.071267629,2,1
2024-05,absl:GENNEXT,0.9864864864864865,0.062576346,1,0
2024-05,absl:MIDCAP,0.9770114942528736,0.10243771799999998,1,1
2024-05,absl:MNC,1.0,0.087476028,0,0
2024-05,absl:PSUEQ,0.9111111111111111,0.15867951500000002,2,2
2024-05,absl:PURE,0.987012987012987,0.07555476600000001,1,0
2024-05,axis:AXISBCF,0.8243243243243243,0.1948,8,5
2024-05,axis:AXISDEF,0.8658536585365854,0.1375,5,6
2024-05,axis:AXISEHF,0.8955223880597015,0.09770000000000001,6,1
2024-05,axis:AXISEQF,0.9787234042553191,0.0941,0,1
2024-05,axis:AXISESG,0.9298245614035088,0.20650000000000002,3,1
2024-05,axis:AXISF25,0.7857142857142857,0.1375,5,1
2024-05,axis:AXISGOF,0.8217821782178217,0.24430000000000002,13,5
2024-05,axis:AXISIMF,0.8831168831168831,0.2043,8,1
2024-05,axis:AXISMCF,0.9130434782608695,0.14550000000000002,7,1
2024-05,axis:AXISMLC,0.8333333333333334,0.2455,14,4
2024-05,axis:AXISMLF,0.9166666666666666,0.1185,3,2
2024-05,axis:AXISQUA,0.6666666666666666,0.3345,10,8
2024-05,axis:AXISSCF,0.8571428571428571,0.1653,14,2
2024-05,axis:AXISSSF,0.9,0.10559999999999999,5,0
2024-05,axis:AXISTAF,0.7246376811594203,0.211,11,8
2024-05,axis:AXISTSF,0.7887323943661971,0.2502,14,1
2024-05,axis:AXISVAL,0.8095238095238095,0.2424,9,7
2024-05,dsp:Banking and Financial Services,0.9130434782608695,0.11110000000000005,0,2
2024-05,dsp:DAAF,0.7310924369747899,0.2343,12,20
2024-05,dsp:EQUITYOPPOR,0.9605263157894737,0.108,0,3
2024-05,dsp:FOCUS,0.9354838709677419,0.1058,0,2
2024-05,dsp:Flexi Cap,0.9642857142857143,0.1288,1,1
2024-05,dsp:HEALTHCARE,1.0,0.06549999999999999,0,0
2024-05,dsp:MIDCAP,0.9672131147540983,0.11489999999999999,1,1
2024-05,dsp:Multi Asset,0.9393939393939394,0.036699999999999997,1,1
2024-05,dsp:Multicap Fund,0.9310344827586207,0.1533,3,1
2024-05,dsp:NRNEF,1.0,0.1146,0,0
2024-05,dsp:QUANT,1.0,0.04409999999999999,0,0
2024-05,dsp:SMALLCAP,0.9342105263157895,0.09989999999999999,2,3
2024-05,dsp:TAX,0.9701492537313433,0.102,0,2
2024-05,dsp:TIGER,0.9315068493150684,0.1566,2,3
2024-05,dsp:TOP100,0.9411764705882353,0.10899999999999999,2,0
2024-05,dsp:VALUE,0.9322033898305084,0.0826,1,3
2024-05,hdfc:HDFCBKGFSF,0.8571428571428571,0.09089999999999998,1,4
2024-05,hdfc:HDFCBUSICY,0.873015873015873,0.134,6,2
2024-05,hdfc:HDFCCB,0.9166666666666666,0.10490000000000001,5,2
2024-05,hdfc:HDFCCS,0.9,0.11309999999999999,3,0
2024-05,hdfc:HDFCDFNFND,0.8695652173913043,0.16870000000000004,1,2
2024-05,hdfc:HDFCDIVYLD,0.978021978021978,0.1144,1,1
2024-05,hdfc:HDFCEQ,0.9555555555555556,0.10779999999999999,2,0
2024-05,hdfc:HDFCGR,0.95625,0.0684,2,5
2024-05,hdfc:HDFCHOF117,1.0,0.05159999999999998,0,0
2024-05,hdfc:HDFCLARGEF,0.968421052631579,0.0941,1,5
2024-05,hdfc:HDFCMNCFND,0.8181818181818182,0.3018,3,3
2024-05,hdfc:HDFCMULCAP,0.9746192893401016,0.0876,3,2
2024-05,hdfc:HDFCNCCFND,0.8863636363636364,0.1877,3,2
2024-05,hdfc:HDFCPHARHC,0.8611111111111112,0.221,3,2
2024-05,hdfc:HDFCPM,0.8636363636363636,0.06699999999999999,3,3
2024-05,hdfc:HDFCSMALLF,0.926829268292683,0.09980000000000001,3,3
2024-05,hdfc:HDFCT2,0.9574468085106383,0.07379999999999998,1,1
2024-05,hdfc:HDFCTECHFD,1.0,0.04939999999999998,0,0
2024-05,hdfc:HDFCTRALFD,0.9375,0.1429,1,1
2024-05,hdfc:HDFCTS,0.9285714285714286,0.12269999999999999,2,1
2024-05,hdfc:HDINFG,0.9298245614035088,0.1305,4,0
2024-05,hdfc:MIDCAP,0.9324324324324325,0.09459999999999999,3,2
2024-05,hdfc:MY2005,0.9545454545454546,0.1562,1,2
2024-05,icici:BAF,0.9565217391304348,0.06589209899999998,4,0
2024-05,icici:BANFIN SERVICES,0.8529411764705882,0.092154442,4,1
2024-05,icici:BCYCLE,0.9642857142857143,0.174490919,2,0
2024-05,icici:BHACON,0.8275862068965517,0.21720655,7,3
2024-05,icici:BLUECHIP,0.9696969696969697,0.05370365899999999,2,0
2024-05,icici:COMFUND,1.0,0.114624174,0,0
2024-05,icici:DISCO,0.8970588235294118,0.08544230199999997,2,5
2024-05,icici:DIVYLD,0.864406779661017,0.136357959,4,4
2024-05,icici:E&DF,0.9550561797752809,0.06185311099999997,3,1
2024-05,icici:ESGFUND,0.9285714285714286,0.12253488200000001,1,2
2024-05,icici:EXPORTS,0.8518518518518519,0.15080782599999998,5,3
2024-05,icici:FLEXCAP,0.921875,0.08848938299999998,3,2
2024-05,icici:FMCG,0.9090909090909091,0.08417139800000004,2,0
2024-05,icici:FOCUSED,0.8709677419354839,0.13635619,2,2
2024-05,icici:HOUSING,0.7857142857142857,0.156708841,5,4
2024-05,icici:INDOPP,0.8823529411764706,0.164662205,3,5
2024-05,icici:INFRA,0.9365079365079365,0.121255355,2,2
2024-05,icici:INNOVA,0.8382352941176471,0.18929958100000002,9,2
2024-05,icici:LARGE & MIDCAP,0.8645833333333334,0.149194492,7,6
2024-05,icici:LTEF,0.8904109589041096,0.091529829,5,3
2024-05,icici:MGFINDIA,0.868421052631579,0.17217458300000002,6,4
2024-05,icici:MIDCAP,0.9772727272727273,0.129030902,1,1
2024-05,icici:MNCFUND,0.9787234042553191,0.087122332,1,0
2024-05,icici:MULTI,0.9404761904761905,0.06826745199999999,4,1
2024-05,icici:MULTICAP,0.9327731092436975,0.13591783799999999,5,3
2024-05,icici:PHARMA,0.8048780487804879,0.197877494,3,5
2024-05,icici:PSUEQU,1.0,0.10185776800000003,0,0
2024-05,icici:QUANT,0.8043478260869565,0.206504036,5,4
2024-05,icici:SMALL,0.9361702127659575,0.163532842,3,3
2024-05,icici:TECH,0.8771929824561403,0.08394914999999999,4,3
2024-05,icici:TRANSPO,0.9714285714285714,0.07086781999999998,1,0
2024-05,kotak:BAL,0.9516129032258065,0.1183,1,2
2024-05,kotak:BFS,0.90625,0.10929999999999998,1,2
2024-05,kotak:CMP,0.9736842105263158,0.15900000000000003,1,0
2024-05,kotak:CON,0.9130434782608695,0.1286,4,2
2024-05,kotak:ELS,0.95,0.0805,1,2
2024-05,kotak:EME,0.9054054054054054,0.17600000000000002,2,5
2024-05,kotak:ESG,0.9761904761904762,0.0644,0,1
2024-05,kotak:HLC,0.8620689655172413,0.16350000000000003,2,2
2024-05,kotak:K30,0.9672131147540983,0.0733,1,1
2024-05,kotak:KBA,0.8378378378378378,0.0892,3,15
2024-05,kotak:KBC,0.9629629629629629,0.0812,1,1
2024-05,kotak:KFE,0.875,0.1413,2,2
2024-05,kotak:KIE,1.0,0.08449999999999999,0,0
2024-05,kotak:KMI,0.9622641509433962,0.12070000000000002,1,1
2024-05,kotak:KOP,0.9558823529411765,0.1034,1,2
2024-05,kotak:KPF,0.9782608695652174,0.07379999999999999,1,0
2024-05,kotak:KQT,0.4909090909090909,0.8766,13,15
2024-05,kotak:MAF,0.855072463768116,0.0729,8,2
2024-05,kotak:MID,0.9868421052631579,0.08600000000000002,0,1
2024-05,kotak:MUC,0.9428571428571428,0.1217,1,3
2024-05,kotak:SEF,1.0,0.07680000000000001,0,0
2024-05,kotak:TCH,0.8,0.153,4,1
2024-05,mirae:MABAF,0.8627450980392157,0.06841414500000001,7,7
2024-05,mirae:MABFF,0.7777777777777778,0.102492816,5,3
2024-05,mirae:MAEBF,0.9021739130434783,0.164038391,5,4
2024-05,mirae:MAFCF,0.8840579710144928,0.134140875,3,5
2024-05,mirae:MAFF,0.9354838709677419,0.08307524500000002,1,1
2024-05,mirae:MAHCF,1.0,0.06339928399999996,0,0
2024-05,mirae:MAIPF,0.922077922077922,0.081387688,3,3
2024-05,mirae:MAMAAF,0.8823529411764706,0.08066907799999999,7,5
2024-05,mirae:MAMCF,0.9090909090909091,0.153908935,5,2
2024-05,mirae:MAMPF,0.8351648351648352,0.22262039,6,9
2024-05,mirae:MATSF,0.8823529411764706,0.16617256199999997,7,3
2024-05,mirae:MICCF,0.9130434782608695,0.126315241,2,2
2024-05,mirae:MIIOF,0.9545454545454546,0.08719719599999998,3,0
2024-05,nippon:BF,0.9259259259259259,0.07790000000000004,1,1
2024-05,nippon:EA,1.0,0.0682,0,0
2024-05,nippon:EO,0.9357798165137615,0.11149999999999999,5,2
2024-05,nippon:GF,0.9791666666666666,0.0911,1,1
2024-05,nippon:GS,0.8433734939759037,0.2361,5,8
2024-05,nippon:IT,0.9487179487179487,0.1431,1,1
2024-05,nippon:LC,0.9347826086956522,0.09900000000000002,3,3
2024-05,nippon:LE,0.8666666666666667,0.1752,2,2
2024-05,nippon:ME,0.8787878787878788,0.1578,2,2
2024-05,nippon:MF,0.8472222222222222,0.1067,8,3
2024-05,nippon:NE,0.9014084507042254,0.0852,5,2
2024-05,nippon:PH,0.9375,0.1103,1,1
2024-05,nippon:PS,0.925,0.14309999999999998,0,3
2024-05,nippon:QP,0.75,0.2524,5,5
2024-05,nippon:SC,0.9292452830188679,0.1214,10,5
2024-05,nippon:SE,0.9342105263157895,0.11499999999999999,2,3
2024-05,nippon:SH,1.0,0.0325,0,0
2024-05,nippon:TS,0.9833333333333333,0.06580000000000001,0,1
2024-05,ppfas:PPDAAF,1.0,0.013600000000000001,0,0
2024-05,ppfas:PPFCF,1.0,0.04129999999999998,0,0
2024-05,ppfas:PPTSF,1.0,0.04550000000000003,0,0
2024-05,sbi:SBAF,0.9733333333333334,0.034699999999999995,1,1
2024-05,sbi:SBFS,0.7916666666666666,0.19980000000000003,3,2
2024-05,sbi:SBLUECHIP,0.9215686274509803,0.16690000000000002,2,2
2024-05,sbi:SCF,1.0,0.0477,0,0
2024-05,sbi:SCOF,0.9318181818181818,0.1491,1,2
2024-05,sbi:SDYF,1.0,0.06959999999999998,0,0
2024-05,sbi:SEHF,1.0,0.061799999999999994,0,0
2024-05,sbi:SEMVF,1.0,0.04750000000000001,0,0
2024-05,sbi:SEOF,0.96,0.08889999999999997,1,0
2024-05,sbi:SFEF,1.0,0.0524,0,0
2024-05,sbi:SFLEXI,0.8111111111111111,0.227,13,4
2024-05,sbi:SHOF,1.0,0.0601,0,0
2024-05,sbi:SIF,0.8444444444444444,0.19410000000000002,4,3
2024-05,sbi:SLMF,0.935064935064935,0.09349999999999999,3,2
2024-05,sbi:SLTEF,0.9523809523809523,0.061200000000000004,0,3
2024-05,sbi:SMAAF,0.9811320754716981,0.0437,1,0
2024-05,sbi:SMCF,1.0,0.07609999999999997,0,0
2024-05,sbi:SMCOMMA,0.88,0.19290000000000002,2,1
2024-05,sbi:SMEEF,0.9736842105263158,0.0702,0,1
2024-05,sbi:SMGLF,0.84,0.1228,3,1
2024-05,sbi:SMIDCAP,0.9466666666666667,0.1301,3,1
2024-05,sbi:SPSU,0.7931034482758621,0.3245,5,1
2024-05,sbi:SSCF,0.9473684210526315,0.1001,1,2
2024-05,sbi:STOF,0.7894736842105263,0.12280000000000003,2,2
2024-05,uti:002,0.9824561403508771,0.0216,0,1
2024-05,uti:017,0.9814814814814815,0.08120000000000001,0,1
2024-05,uti:042,1.0,0.054499999999999986,0,0
2024-05,uti:049,0.9310344827586207,0.15020000000000003,3,1
2024-05,uti:066,0.9333333333333333,0.09030000000000002,3,1
2024-05,uti:101,0.9777777777777777,0.0991,1,0
2024-05,uti:118,0.9743589743589743,0.08440000000000003,1,0
2024-05,uti:125,0.9818181818181818,0.09559999999999999,1,0
2024-05,uti:160,0.9425287356321839,0.11889999999999999,2,3
2024-05,uti:161,0.9607843137254902,0.0769,2,0
2024-05,uti:162,0.9714285714285714,0.08389999999999999,1,0
2024-05,uti:163,0.96875,0.168,1,0
2024-05,uti:190,0.98,0.057300000000000004,0,1
2024-05,uti:193,0.9310344827586207,0.09400000000000001,2,2
2024-05,uti:251,1.0,0.07759999999999999,0,0
2024-05,uti:322,0.9647058823529412,0.0949,1,2
2024-05,uti:751,0.9444444444444444,0.1323,3,2
2024-05,uti:753,0.9354838709677419,0.09710000000000002,1,1
2024-05,uti:773,0.9516129032258065,0.046900000000000004,1,2
2024-05,uti:775,0.9230769230769231,0.06390000000000001,2,0
2024-06,absl:ABSLBCF,0.8448275862068966,0.166459694,4,5
2024-06,absl:ABSLESG,0.8979591836734694,0.149510481,2,3
2024-06,absl:ABSLMAAF,0.9322033898305084,0.087404256,1,3
2024-06,absl:ABSLMCF,0.971830985915493,0.075533088,1,1
2024-06,absl:ABSLSO,0.9166666666666666,0.108239014,3,2
2024-06,absl:ABSLTNLF,0.9354838709677419,0.175204551,2,0
2024-06,absl:ADVG,0.9342105263157895,0.09864782100000001,2,3
2024-06,absl:BDYP,0.9242424242424242,0.102925751,4,1
2024-06,absl:BINFRA,0.85,0.170514472,5,4
2024-06,absl:BSL95F,0.926829268292683,0.06063795300000001,4,2
2024-06,absl:BSLBKFS,0.9090909090909091,0.06284869899999998,1,2
2024-06,absl:BSLDAAF,0.9532710280373832,0.08262848300000002,4,1
2024-06,absl:BSLEQTY,0.8717948717948718,0.10523859699999999,5,5
2024-06,absl:BSLFEF,0.9367088607594937,0.06651844400000001,3,2
2024-06,absl:BSLMFG,0.9245283018867925,0.10968584099999999,3,1
2024-06,absl:BSLNMF,0.8620689655172413,0.06538994899999999,2,2
2024-06,absl:BSLPHF,0.9230769230769231,0.05340190500000003,1,1
2024-06,absl:BSLR96,0.9402985074626866,0.092455811,2,2
2024-06,absl:BSLTA1,0.9270833333333334,0.11316632300000003,5,2
2024-06,absl:BTOP100,1.0,0.06558952000000001,0,0
2024-06,absl:GENNEXT,0.9866666666666667,0.05654899900000001,1,0
2024-06,absl:MIDCAP,0.8888888888888888,0.12094083599999998,4,6
2024-06,absl:MNC,0.967741935483871,0.08466978900000001,1,1
2024-06,absl:PSUEQ,0.8636363636363636,0.165209486,1,5
2024-06,absl:PURE,0.9125,0.127659354,3,4
2024-06,axis:AXISBCF,0.8266666666666667,0.247,6,7
2024-06,axis:AXISDEF,0.9156626506024096,0.1136,7,0
2024-06,axis:AXISEHF,0.9411764705882353,0.08439999999999999,2,2
2024-06,axis:AXISEQF,0.8823529411764706,0.11639999999999999,5,1
2024-06,axis:AXISESG,0.9473684210526315,0.08819999999999999,1,2
2024-06,axis:AXISF25,0.9285714285714286,0.12359999999999999,1,1
2024-06,axis:AXISGOF,0.883495145631068,0.14639999999999997,7,5
2024-06,axis:AXISIMF,0.8809523809523809,0.1909,8,2
2024-06,axis:AXISMCF,0.898989898989899,0.1403,8,2
2024-06,axis:AXISMLC,0.8771929824561403,0.1775,10,4
2024-06,axis:AXISMLF,0.9830508474576272,0.08979999999999999,1,0
2024-06,axis:AXISQUA,0.7307692307692307,0.3162,6,8
2024-06,axis:AXISSCF,0.8925619834710744,0.117,11,2
2024-06,axis:AXISSSF,0.98,0.0821,0,1
2024-06,axis:AXISTAF,0.8461538461538461,0.169,4,6
2024-06,axis:AXISTSF,0.9078947368421053,0.08049999999999999,6,1
2024-06,axis:AXISVAL,0.8554216867469879,0.1883,6,6
2024-06,dsp:Banking and Financial Services,0.76,0.2733,4,2
2024-06,dsp:DAAF,0.86,0.11760000000000001,1,13
2024-06,dsp:EQUITYOPPOR,0.9733333333333334,0.1061,2,0
2024-06,dsp:FOCUS,1.0,0.1148,0,0
2024-06,dsp:Flexi Cap,1.0,0.09439999999999998,0,0
2024-06,dsp:HEALTHCARE,0.9545454545454546,0.05360000000000001,1,0
2024-06,dsp:MIDCAP,0.9206349206349206,0.1392,3,2
2024-06,dsp:Multi Asset,1.0,0.041499999999999995,0,0
2024-06,dsp:Multicap Fund,0.9016393442622951,0.2088,4,2
2024-06,dsp:NRNEF,0.9583333333333334,0.08349999999999998,0,1
2024-06,dsp:QUANT,1.0,0.042,0,0
2024-06,dsp:SMALLCAP,0.9090909090909091,0.1253,4,3
2024-06,dsp:TAX,0.9552238805970149,0.10190000000000002,2,1
2024-06,dsp:TIGER,0.958904109589041,0.1818,3,0
2024-06,dsp:TOP100,1.0,0.07950000000000002,0,0
2024-06,dsp:VALUE,1.0,0.047400000000000005,0,0
2024-06,hdfc:HDFCBKGFSF,0.96875,0.0528,1,0
2024-06,hdfc:HDFCBUSICY,0.9206349206349206,0.11580000000000001,2,3
2024-06,hdfc:HDFCCB,0.9411764705882353,0.0684,3,2
2024-06,hdfc:HDFCCS,0.9354838709677419,0.07940000000000003,1,1
2024-06,hdfc:HDFCDFNFND,0.782608695652174,0.2496,2,3
2024-06,hdfc:HDFCDIVYLD,0.9574468085106383,0.0945,4,0
2024-06,hdfc:HDFCEQ,0.9148936170212766,0.1002,2,2
2024-06,hdfc:HDFCGR,0.9430379746835443,0.07579999999999999,3,6
2024-06,hdfc:HDFCHOF117,1.0,0.05340000000000001,0,0
2024-06,hdfc:HDFCLARGEF,0.9581151832460733,0.07760000000000002,6,2
2024-06,hdfc:HDFCMANFFN,0.9358974358974359,0.1208,5,0
2024-06,hdfc:HDFCMNCFND,1.0,0.05609999999999999,0,0
2024-06,hdfc:HDFCMULCAP,0.9556650246305419,0.1053,8,1
2024-06,hdfc:HDFCNCCFND,0.8888888888888888,0.21150000000000002,3,2
2024-06,hdfc:HDFCPHARHC,0.9428571428571428,0.1417,1,1
2024-06,hdfc:HDFCPM,1.0,0.04150000000000001,0,0
2024-06,hdfc:HDFCSMALLF,0.9875,0.06749999999999999,1,0
2024-06,hdfc:HDFCT2,0.9583333333333334,0.0625,2,0
2024-06,hdfc:HDFCTECHFD,0.9583333333333334,0.04069999999999999,1,0
2024-06,hdfc:HDFCTRALFD,0.8823529411764706,0.1708,3,1
2024-06,hdfc:HDFCTS,0.9318181818181818,0.10729999999999998,3,0
2024-06,hdfc:HDINFG,0.9180327868852459,0.1709,4,1
2024-06,hdfc:MIDCAP,1.0,0.0756,0,0
2024-06,hdfc:MY2005,0.9552238805970149,0.05339999999999999,3,0
2024-06,icici:BAF,0.9375,0.070873828,4,2
2024-06,icici:BANFIN SERVICES,0.9117647058823529,0.10634764699999999,1,2
2024-06,icici:BCYCLE,0.9491525423728814,0.089593384,3,0
2024-06,icici:BHACON,0.875,0.20489108499999997,1,6
2024-06,icici:BLUECHIP,0.9696969696969697,0.057429235,0,2
2024-06,icici:COMFUND,0.9487179487179487,0.09646795600000001,2,0
2024-06,icici:DISCO,0.921875,0.096284104,1,4
2024-06,icici:DIVYLD,0.9649122807017544,0.06874801499999998,2,0
2024-06,icici:E&DF,0.9555555555555556,0.045294037,2,2
2024-06,icici:ESGFUND,0.9285714285714286,0.088059135,2,1
2024-06,icici:EXPORTS,0.8888888888888888,0.193586747,3,3
2024-06,icici:FLEXCAP,0.9253731343283582,0.08884245799999999,5,0
2024-06,icici:FMCG,0.9130434782608695,0.11290843000000003,1,1
2024-06,icici:FOCUSED,0.9333333333333333,0.129832296,1,1
2024-06,icici:HOUSING,0.85,0.133296586,2,4
2024-06,icici:INDOPP,0.8888888888888888,0.158650282,0,7
2024-06,icici:INFRA,0.9354838709677419,0.12802995900000003,1,3
2024-06,icici:INNOVA,0.7777777777777778,0.20160256899999998,6,10
2024-06,icici:LARGE & MIDCAP,0.8736842105263158,0.157384983,5,7
2024-06,icici:LTEF,0.8933333333333333,0.08634656699999999,5,3
2024-06,icici:MGFINDIA,0.7831325301204819,0.246554225,11,7
2024-06,icici:MIDCAP,0.8421052631578947,0.17999637400000001,8,7
2024-06,icici:MNCFUND,0.8958333333333334,0.11652425,1,4
2024-06,icici:MULTI,0.9404761904761905,0.073583546,1,4
2024-06,icici:MULTICAP,0.9243697478991597,0.11819463399999998,3,6
2024-06,icici:PHARMA,0.9459459459459459,0.098091112,1,1
2024-06,icici:PSUEQU,1.0,0.08956375500000002,0,0
2024-06,icici:QUANT,0.8888888888888888,0.1660115,3,2
2024-06,icici:SMALL,0.9042553191489362,0.118710778,3,6
2024-06,icici:TECH,1.0,0.07589132700000001,0,0
2024-06,icici:TRANSPO,0.9714285714285714,0.10461988500000001,0,1
2024-06,kotak:BAL,0.9672131147540983,0.0874,1,1
2024-06,kotak:BFS,0.875,0.12460000000000002,2,2
2024-06,kotak:CMP,0.85,0.17600000000000002,2,4
2024-06,kotak:CON,0.9565217391304348,0.1616,2,1
2024-06,kotak:ELS,0.9661016949152542,0.1688,1,1
2024-06,kotak:EME,0.9142857142857143,0.1494,1,5
2024-06,kotak:ESG,0.9761904761904762,0.0935,1,0
2024-06,kotak:HLC,0.8333333333333334,0.17779999999999999,3,2
2024-06,kotak:K30,0.9354838709677419,0.094,2,2
2024-06,kotak:KBA,0.9292929292929293,0.1075,3,4
2024-06,kotak:KBC,0.9272727272727272,0.1099,2,2
2024-06,kotak:KFE,1.0,0.066,0,0
2024-06,kotak:KIE,0.98,0.1193,1,0
2024-06,kotak:KMI,0.9811320754716981,0.12840000000000001,1,0
2024-06,kotak:KOP,0.9850746268656716,0.1251,1,0
2024-06,kotak:KPF,1.0,0.042600000000000006,0,0
2024-06,kotak:KQT,1.0,0.053899999999999997,0,0
2024-06,kotak:MAF,0.8695652173913043,0.1434,2,7
2024-06,kotak:MID,0.9605263157894737,0.0959,1,2
2024-06,kotak:MUC,0.927536231884058,0.1887,2,3
2024-06,kotak:SEF,1.0,0.061299999999999986,0,0
2024-06,kotak:TCH,0.92,0.11420000000000002,1,1
2024-06,mirae:MABAF,0.9387755102040817,0.072886464,3,3
2024-06,mirae:MABFF,0.9117647058823529,0.10735728399999997,1,2
2024-06,mirae:MAEBF,0.8817204301075269,0.209140706,5,6
2024-06,mirae:MAFCF,0.8840579710144928,0.133905532,5,3
2024-06,mirae:MAFF,0.967741935483871,0.08030735100000001,1,0
2024-06,mirae:MAHCF,0.9655172413793104,0.062587685,0,1
2024-06,mirae:MAIPF,0.8987341772151899,0.08978302299999999,5,3
2024-06,mirae:MAMAAF,0.9191919191919192,0.063787386,2,6
2024-06,mirae:MAMCF,0.8641975308641975,0.19531118999999997,6,5
2024-06,mirae:MAMPF,0.8444444444444444,0.252215197,8,6
2024-06,mirae:MATSF,0.9411764705882353,0.197895794,3,2
2024-06,mirae:MICCF,0.9333333333333333,0.145506252,1,2
2024-06,mirae:MIIOF,0.9285714285714286,0.08874681,4,1
2024-06,nippon:BF,1.0,0.0572,0,0
2024-06,nippon:EA,0.9047619047619048,0.12810000000000002,5,1
2024-06,nippon:EO,0.9285714285714286,0.11939999999999999,5,3
2024-06,nippon:GF,0.96875,0.11349999999999998,1,2
2024-06,nippon:GS,0.7647058823529411,0.3635,10,10
2024-06,nippon:IT,0.95,0.1397,2,0
2024-06,nippon:LC,0.967391304347826,0.07429999999999999,3,0
2024-06,nippon:LE,1.0,0.06910000000000001,0,0
2024-06,nippon:ME,0.8823529411764706,0.19920000000000002,3,1
2024-06,nippon:MF,0.8918918918918919,0.1143,5,3
2024-06,nippon:NE,0.8133333333333334,0.14179999999999998,6,8
2024-06,nippon:PH,0.9375,0.07899999999999997,1,1
2024-06,nippon:PS,0.9459459459459459,0.1255,0,2
2024-06,nippon:QP,0.7948717948717948,0.2599,4,4
2024-06,nippon:SC,0.9269406392694064,0.11309999999999999,12,4
2024-06,nippon:SE,0.8395061728395061,0.2013,8,5
2024-06,nippon:SH,0.9253731343283582,0.0697,4,1
2024-06,nippon:TS,0.9508196721311475,0.08370000000000001,2,1
2024-06,ppfas:PPDAAF,1.0,0.006100000000000001,0,0
2024-06,ppfas:PPFCF,1.0,0.022900000000000007,0,0
2024-06,sbi:SBAF,0.96,0.03669999999999999,1,2
2024-06,sbi:SBFS,0.8333333333333334,0.2878,2,2
2024-06,sbi:SBLUECHIP,0.98,0.0942,1,0
2024-06,sbi:SCF,0.9347826086956522,0.1477,3,3
2024-06,sbi:SCOF,0.8936170212765957,0.13729999999999998,5,0
2024-06,sbi:SDYF,1.0,0.05469999999999999,0,0
2024-06,sbi:SEHF,0.96875,0.0495,1,0
2024-06,sbi:SEMVF,1.0,0.03059999999999999,0,0
2024-06,sbi:SEOF,0.9615384615384616,0.09339999999999996,1,0
2024-06,sbi:SFEF,0.9047619047619048,0.1193,2,0
2024-06,sbi:SFLEXI,0.8913043478260869,0.21869999999999998,6,4
2024-06,sbi:SHOF,0.8571428571428571,0.10920000000000002,4,0
2024-06,sbi:SIF,0.9318181818181818,0.20620000000000002,2,1
2024-06,sbi:SLMF,0.8875,0.1867,5,4
2024-06,sbi:SLTEF,0.9354838709677419,0.07910000000000002,2,2
2024-06,sbi:SMAAF,0.9636363636363636,0.07640000000000001,2,0
2024-06,sbi:SMCF,0.9512195121951219,0.05800000000000001,2,0
2024-06,sbi:SMCOMMA,0.9583333333333334,0.06860000000000001,0,1
2024-06,sbi:SMEEF,1.0,0.05600000000000001,0,0
2024-06,sbi:SMGLF,1.0,0.05750000000000001,0,0
2024-06,sbi:SMIDCAP,0.8717948717948718,0.11869999999999999,4,6
2024-06,sbi:SPSU,0.7419354838709677,0.5132,3,5
2024-06,sbi:SSCF,1.0,0.058800000000000005,0,0
2024-06,sbi:STOF,1.0,0.030399999999999983,0,0
2024-06,uti:002,0.9821428571428571,0.022400000000000003,0,1
2024-06,uti:017,0.9444444444444444,0.0867,1,2
2024-06,uti:042,0.9827586206896551,0.05159999999999999,1,0
2024-06,uti:049,0.9333333333333333,0.12630000000000002,3,1
2024-06,uti:066,0.9354838709677419,0.08670000000000001,3,1
2024-06,uti:101,1.0,0.09490000000000003,0,0
2024-06,uti:118,0.9743589743589743,0.08899999999999998,0,1
2024-06,uti:125,0.9818181818181818,0.0694,0,1
2024-06,uti:160,0.9431818181818182,0.10320000000000001,4,1
2024-06,uti:161,0.9615384615384616,0.08020000000000002,1,1
2024-06,uti:162,0.9166666666666666,0.07759999999999999,1,2
2024-06,uti:163,0.8,0.2151,3,4
2024-06,uti:190,0.9411764705882353,0.11979999999999999,2,1
2024-06,uti:193,0.9649122807017544,0.07440000000000001,1,1
2024-06,uti:251,0.9512195121951219,0.07369999999999999,2,0
2024-06,uti:322,0.9880952380952381,0.06549999999999999,1,0
2024-06,uti:751,0.9662921348314607,0.09680000000000001,1,2
2024-06,uti:753,1.0,0.06039999999999998,0,0
2024-06,uti:773,0.9047619047619048,0.08000000000000002,3,3
2024-06,uti:775,1.0,0.05989999999999998,0,0
2024-07,absl:ABSLBCF,0.819672131147541,0.15314292100000002,8,3
2024-07,absl:ABSLESG,0.9375,0.10186613299999998,2,1
2024-07,absl:ABSLMAAF,0.9298245614035088,0.07602306899999998,1,3
2024-07,absl:ABSLMCF,0.9577464788732394,0.118153809,1,2
2024-07,absl:ABSLSO,0.873015873015873,0.131594433,5,3
2024-07,absl:ABSLTNLF,0.9090909090909091,0.09530020200000001,2,1
2024-07,absl:ADVG,0.8831168831168831,0.174859049,4,5
2024-07,absl:BDYP,0.9696969696969697,0.106332026,1,1
2024-07,absl:BINFRA,0.9152542372881356,0.138425579,3,2
2024-07,absl:BSL95F,0.9390243902439024,0.077961918,2,3
2024-07,absl:BSLBKFS,1.0,0.07184855200000001,0,0
2024-07,absl:BSLDAAF,0.9459459459459459,0.08458737200000001,5,1
2024-07,absl:BSLEQTY,0.9473684210526315,0.08611537000000002,3,1
2024-07,absl:BSLFEF,0.9382716049382716,0.097898368,4,1
2024-07,absl:BSLMFG,0.819672131147541,0.15330618099999999,9,2
2024-07,absl:BSLNMF,0.8928571428571429,0.095850973,1,2
2024-07,absl:BSLPHF,0.8888888888888888,0.091166599,2,1
2024-07,absl:BSLR96,0.9264705882352942,0.10629852099999998,3,2
2024-07,absl:BSLTA1,0.9285714285714286,0.12036506400000001,4,3
2024-07,absl:BTOP100,0.9666666666666667,0.086883041,1,0
2024-07,absl:GENNEXT,0.948051948051948,0.07261430199999999,2,2
2024-07,absl:MIDCAP,0.9310344827586207,0.128993153,3,3
2024-07,absl:MNC,0.9838709677419355,0.07163282400000001,1,0
2024-07,absl:PSUEQ,0.9512195121951219,0.17280981399999998,2,0
2024-07,absl:PURE,0.8888888888888888,0.163258071,5,4
2024-07,axis:AXISBCF,0.8783783783783784,0.21810000000000002,6,3
2024-07,axis:AXISDEF,0.9204545454545454,0.0954,5,2
2024-07,axis:AXISEHF,0.8904109589041096,0.1308,7,1
2024-07,axis:AXISEQF,0.875,0.1415,6,1
2024-07,axis:AXISESG,0.9137931034482759,0.0775,3,2
2024-07,axis:AXISF25,0.8620689655172413,0.2173,2,2
2024-07,axis:AXISGOF,0.9230769230769231,0.1336,6,2
2024-07,axis:AXISIMF,0.9080459770114943,0.2286,5,3
2024-07,axis:AXISMCF,0.9134615384615384,0.1493,7,2
2024-07,axis:AXISMLC,0.8833333333333333,0.1872,10,4
2024-07,axis:AXISMLF,0.9032258064516129,0.0913,3,3
2024-07,axis:AXISQUA,0.7692307692307693,0.304,8,4
2024-07,axis:AXISSCF,0.967479674796748,0.09609999999999999,4,0
2024-07,axis:AXISSSF,0.8545454545454545,0.15059999999999998,6,2
2024-07,axis:AXISTAF,0.7692307692307693,0.2205,6,9
2024-07,axis:AXISTSF,0.8021978021978022,0.2288,16,2
2024-07,axis:AXISVAL,0.8045977011494253,0.24769999999999998,10,7
2024-07,dsp:Banking and Financial Services,0.9166666666666666,0.1815,1,1
2024-07,dsp:DAAF,0.7545454545454545,0.24109999999999998,23,4
2024-07,dsp:EQUITYOPPOR,0.9605263157894737,0.1492,1,2
2024-07,dsp:FOCUS,1.0,0.09219999999999999,0,0
2024-07,dsp:Flexi Cap,0.9642857142857143,0.12299999999999998,1,1
2024-07,dsp:HEALTHCARE,0.9166666666666666,0.10410000000000001,2,0
2024-07,dsp:MIDCAP,0.9047619047619048,0.13999999999999999,2,4
2024-07,dsp:Multi Asset,0.9411764705882353,0.0829,2,0
2024-07,dsp:Multicap Fund,0.9833333333333333,0.1696,1,0
2024-07,dsp:NRNEF,1.0,0.09599999999999999,0,0
2024-07,dsp:QUANT,0.9347826086956522,0.219,1,2
2024-07,dsp:SMALLCAP,0.9210526315789473,0.1122,2,4
2024-07,dsp:TAX,0.9701492537313433,0.11689999999999999,1,1
2024-07,dsp:TIGER,0.9733333333333334,0.10830000000000001,2,0
2024-07,dsp:TOP100,1.0,0.0937,0,0
2024-07,dsp:VALUE,0.9824561403508771,0.1298,1,0
2024-07,hdfc:HDFCBKGFSF,0.9696969696969697,0.06830000000000001,1,0
2024-07,hdfc:HDFCBUSICY,0.828125,0.12940000000000002,4,7
2024-07,hdfc:HDFCCB,0.9195402298850575,0.10110000000000001,4,3
2024-07,hdfc:HDFCCS,0.9333333333333333,0.09070000000000002,0,2
2024-07,hdfc:HDFCDFNFND,0.9047619047619048,0.15489999999999998,1,1
2024-07,hdfc:HDFCDIVYLD,0.9306930693069307,0.108,7,0
2024-07,hdfc:HDFCEQ,0.8958333333333334,0.07869999999999998,3,2
2024-07,hdfc:HDFCGR,0.9056603773584906,0.0655,7,8
2024-07,hdfc:HDFCHOF117,0.972972972972973,0.060099999999999994,1,0
2024-07,hdfc:HDFCLARGEF,0.984375,0.0881,3,0
2024-07,hdfc:HDFCMANFFN,0.9166666666666666,0.1299,6,1
2024-07,hdfc:HDFCMNCFND,0.8787878787878788,0.1475,3,1
2024-07,hdfc:HDFCMULCAP,0.9757281553398058,0.09079999999999999,4,1
2024-07,hdfc:HDFCNCCFND,0.8666666666666667,0.12669999999999998,2,4
2024-07,hdfc:HDFCPHARHC,0.8571428571428571,0.1933,1,4
2024-07,hdfc:HDFCPM,0.975609756097561,0.04880000000000001,0,1
2024-07,hdfc:HDFCSMALLF,0.9518072289156626,0.102,3,1
2024-07,hdfc:HDFCT2,0.9795918367346939,0.0909,1,0
2024-07,hdfc:HDFCTECHFD,1.0,0.06020000000000001,0,0
2024-07,hdfc:HDFCTRALFD,0.9393939393939394,0.11109999999999999,0,2
2024-07,hdfc:HDFCTS,0.9772727272727273,0.0645,0,1
2024-07,hdfc:HDINFG,0.9836065573770492,0.08030000000000001,1,0
2024-07,hdfc:MIDCAP,0.9863013698630136,0.0952,1,0
2024-07,hdfc:MY2005,0.9852941176470589,0.0822,1,0
2024-07,icici:BAF,0.8686868686868687,0.06456348299999999,5,8
2024-07,icici:BANFIN SERVICES,0.9393939393939394,0.13244821499999998,1,1
2024-07,icici:BCYCLE,0.9047619047619048,0.06773220200000002,4,2
2024-07,icici:BHACON,0.8703703703703703,0.19850876599999998,4,3
2024-07,icici:BLUECHIP,0.9242424242424242,0.07200720599999999,2,3
2024-07,icici:COMFUND,0.9512195121951219,0.080988781,2,0
2024-07,icici:DISCO,0.890625,0.08312296699999999,4,3
2024-07,icici:DIVYLD,0.9491525423728814,0.083636269,2,1
2024-07,icici:E&DF,0.9101123595505618,0.061933824999999984,1,7
2024-07,icici:ESGFUND,0.9302325581395349,0.07252860399999997,2,1
2024-07,icici:EXPORTS,0.75,0.23492346499999997,5,9
2024-07,icici:FLEXCAP,0.8571428571428571,0.103288942,3,7
2024-07,icici:FMCG,0.875,0.07117547900000001,2,1
2024-07,icici:FOCUSED,0.8709677419354839,0.11780323199999998,2,2
2024-07,icici:HOUSING,0.7560975609756098,0.11234210400000003,5,5
2024-07,icici:INDOPP,0.9166666666666666,0.136652159,4,1
2024-07,icici:INFRA,0.9354838709677419,0.13428541400000002,3,1
2024-07,icici:INNOVA,0.7941176470588235,0.21959287700000002,6,8
2024-07,icici:LARGE & MIDCAP,0.9444444444444444,0.12655379099999997,2,3
2024-07,icici:LTEF,0.9473684210526315,0.0818562,4,0
2024-07,icici:MGFINDIA,0.8620689655172413,0.17785973700000002,11,1
2024-07,icici:MIDCAP,0.9325842696629213,0.17129490800000002,1,5
2024-07,icici:MNCFUND,0.8125,0.193650656,4,5
2024-07,icici:MULTI,0.9012345679012346,0.05893974699999999,1,7
2024-07,icici:MULTICAP,0.8467741935483871,0.212097096,11,8
2024-07,icici:PHARMA,0.7857142857142857,0.210080605,6,3
2024-07,icici:PSUEQU,0.9655172413793104,0.179432162,1,0
2024-07,icici:QUANT,1.0,0.05883803,0,0
2024-07,icici:SMALL,0.9239130434782609,0.157498954,4,3
2024-07,icici:TECH,0.9473684210526315,0.068516952,3,0
2024-07,icici:TRANSPO,0.9166666666666666,0.09335642000000001,2,1
2024-07,kotak:BAL,0.9354838709677419,0.10490000000000001,2,2
2024-07,kotak:BFS,0.9354838709677419,0.10110000000000001,1,1
2024-07,kotak:CMP,0.9459459459459459,0.2416,1,1
2024-07,kotak:CON,0.8611111111111112,0.2078,4,6
2024-07,kotak:ELS,0.9661016949152542,0.12510000000000002,1,1
2024-07,kotak:EME,0.9701492537313433,0.13400000000000004,2,0
2024-07,kotak:ESG,0.9534883720930233,0.093,1,1
2024-07,kotak:HLC,0.896551724137931,0.16999999999999996,1,2
2024-07,kotak:K30,0.9666666666666667,0.08610000000000001,0,2
2024-07,kotak:KBA,0.9072164948453608,0.0865,2,7
2024-07,kotak:KBC,0.8070175438596491,0.2185,4,7
2024-07,kotak:KFE,0.9354838709677419,0.11029999999999998,1,1
2024-07,kotak:KIE,0.9056603773584906,0.11220000000000001,3,2
2024-07,kotak:KMI,0.9636363636363636,0.0761,2,0
2024-07,kotak:KOP,1.0,0.06859999999999998,0,0
2024-07,kotak:KPF,0.9574468085106383,0.07709999999999999,1,1
2024-07,kotak:KQT,0.65,0.17759999999999998,20,1
2024-07,kotak:MAF,0.8939393939393939,0.113,4,3
2024-07,kotak:MID,0.9358974358974359,0.09870000000000001,4,1
2024-07,kotak:MUC,0.9104477611940298,0.1725,1,5
2024-07,kotak:SEF,0.9821428571428571,0.057699999999999994,1,0
2024-07,kotak:TCH,0.92,0.1578,1,1
2024-07,mirae:MABAF,0.9215686274509803,0.114586098,7,1
2024-07,mirae:MABFF,0.8787878787878788,0.10705030600000001,1,3
2024-07,mirae:MAEBF,0.9130434782608695,0.170173395,5,3
2024-07,mirae:MAFCF,0.7972972972972973,0.229322056,8,7
2024-07,mirae:MAFF,0.967741935483871,0.10029532599999999,0,1
2024-07,mirae:MAHCF,0.8125,0.09999514899999996,4,2
2024-07,mirae:MAIPF,0.925,0.117067851,4,2
2024-07,mirae:MAMAAF,0.93,0.12811824,7,0
2024-07,mirae:MAMCF,0.9,0.1629022,4,4
2024-07,mirae:MAMPF,0.8314606741573034,0.22101378,5,10
2024-07,mirae:MATSF,0.9195402298850575,0.192863654,4,3
2024-07,mirae:MICCF,1.0,0.10026598500000002,0,0
2024-07,mirae:MIIOF,0.9315068493150684,0.12142562742999999,4,1
2024-07,nippon:BF,1.0,0.05949999999999998,0,0
2024-07,nippon:EA,0.9242424242424242,0.12639999999999998,4,1
2024-07,nippon:EO,0.954954954954955,0.1227,2,3
2024-07,nippon:GF,0.9381443298969072,0.1138,3,3
2024-07,nippon:GS,0.7831325301204819,0.314,8,10
2024-07,nippon:IT,0.975609756097561,0.085,1,0
2024-07,nippon:LC,0.989247311827957,0.0672,1,0
2024-07,nippon:LE,1.0,0.0663,0,0
2024-07,nippon:ME,0.8888888888888888,0.225,3,1
2024-07,nippon:MF,0.918918918918919,0.0864,3,3
2024-07,nippon:NE,0.875,0.10279999999999999,5,4
2024-07,nippon:PH,0.96875,0.057000000000000044,1,0
2024-07,nippon:PS,0.9722222222222222,0.10700000000000001,1,0
2024-07,nippon:QP,0.6666666666666666,0.36920000000000003,7,7
2024-07,nippon:SC,0.905829596412556,0.13620000000000002,8,13
2024-07,nippon:SE,0.8875,0.1623,4,5
2024-07,nippon:SH,0.9848484848484849,0.06149999999999999,0,1
2024-07,nippon:TS,0.9354838709677419,0.1126,2,2
2024-07,ppfas:PPDAAF,1.0,0.005500000000000001,0,0
2024-07,ppfas:PPETSF,0.9705882352941176,0.06720000000000002,0,1
2024-07,ppfas:PPFCF,0.9655172413793104,0.06290000000000001,0,1
2024-07,sbi:SBAF,0.9864864864864865,0.0574,1,0
2024-07,sbi:SBFS,0.9166666666666666,0.1973,2,0
2024-07,sbi:SBI-AOF,0.9230769230769231,0.1,2,0
2024-07,sbi:SBLUECHIP,0.8846153846153846,0.0967,2,4
2024-07,sbi:SCF,0.9888888888888889,0.0895,1,0
2024-07,sbi:SCOF,0.9787234042553191,0.0884,0,1
2024-07,sbi:SDYF,0.925,0.10279999999999999,3,0
2024-07,sbi:SEHF,0.96875,0.06009999999999999,0,1
2024-07,sbi:SEMVF,0.9803921568627451,0.16920000000000002,1,0
2024-07,sbi:SEOF,1.0,0.07079999999999996,0,0
2024-07,sbi:SFEF,0.9130434782608695,0.1068,2,0
2024-07,sbi:SFLEXI,0.8865979381443299,0.169,9,2
2024-07,sbi:SHOF,0.9,0.13870000000000002,2,1
2024-07,sbi:SIF,0.9130434782608695,0.1611,3,1
2024-07,sbi:SLMF,0.9358974358974359,0.1007,2,3
2024-07,sbi:SLTEF,0.9672131147540983,0.1181,1,1
2024-07,sbi:SMAAF,0.875,0.0604,1,6
2024-07,sbi:SMCF,1.0,0.07999999999999999,0,0
2024-07,sbi:SMCOMMA,0.9583333333333334,0.10960000000000002,1,0
2024-07,sbi:SMEEF,0.9473684210526315,0.0848,1,1
2024-07,sbi:SMGLF,0.84,0.1296,1,3
2024-07,sbi:SMIDCAP,0.9583333333333334,0.1528,0,3
2024-07,sbi:SPSU,0.9615384615384616,0.1373,0,1
2024-07,sbi:SSCF,0.9310344827586207,0.0761,3,1
2024-07,sbi:STOF,0.8947368421052632,0.1085,2,0
2024-07,uti:002,1.0,0.023999999999999997,0,0
2024-07,uti:017,0.9272727272727272,0.1522,3,1
2024-07,uti:042,1.0,0.05609999999999998,0,0
2024-07,uti:049,0.9666666666666667,0.13490000000000002,1,1
2024-07,uti:066,0.967741935483871,0.0826,1,1
2024-07,uti:101,1.0,0.13019999999999998,0,0
2024-07,uti:118,0.9743589743589743,0.08569999999999998,1,0
2024-07,uti:125,1.0,0.06500000000000003,0,0
2024-07,uti:160,0.9885057471264368,0.0997,0,1
2024-07,uti:161,0.9433962264150944,0.11729999999999997,2,1
2024-07,uti:162,1.0,0.05339999999999998,0,0
2024-07,uti:163,0.9375,0.11910000000000001,1,1
2024-07,uti:190,1.0,0.05789999999999999,0,0
2024-07,uti:193,0.9824561403508771,0.0842,1,0
2024-07,uti:251,0.9523809523809523,0.09920000000000001,1,1
2024-07,uti:322,0.9880952380952381,0.06970000000000001,0,1
2024-07,uti:751,0.9340659340659341,0.1247,4,2
2024-07,uti:753,1.0,0.07410000000000003,0,0
2024-07,uti:773,1.0,0.06910000000000001,0,0
2024-07,uti:775,1.0,0.053099999999999994,0,0
2024-08,absl:ABSLBCF,0.9354838709677419,0.104771386,4,0
2024-08,absl:ABSLESG,0.9591836734693877,0.06548727199999999,2,0
2024-08,absl:ABSLMAAF,0.8548387096774194,0.09854302300000001,8,1
2024-08,absl:ABSLMCF,0.9305555555555556,0.12890819599999997,3,2
2024-08,absl:ABSLQF,1.0,0.10959861000000001,0,0
2024-08,absl:ABSLSO,0.90625,0.134334424,4,2
2024-08,absl:ABSLTNLF,0.9696969696969697,0.09144121399999999,1,0
2024-08,absl:ADVG,0.9594594594594594,0.09246355699999999,2,1
2024-08,absl:BDYP,0.9545454545454546,0.134657951,1,2
2024-08,absl:BINFRA,0.9491525423728814,0.102601716,2,1
2024-08,absl:BSL95F,0.9259259259259259,0.05660372,2,4
2024-08,absl:BSLBKFS,0.9117647058823529,0.07054994900000001,3,0
2024-08,absl:BSLDAAF,0.9478260869565217,0.06423950299999999,5,1
2024-08,absl:BSLEQTY,0.9230769230769231,0.08531250600000002,3,3
2024-08,absl:BSLFEF,0.9382716049382716,0.05107512899999999,1,4
2024-08,absl:BSLMFG,0.8615384615384616,0.15196913399999998,6,3
2024-08,absl:BSLNMF,0.9615384615384616,0.07904003600000001,0,1
2024-08,absl:BSLPHF,1.0,0.09420951800000003,0,0
2024-08,absl:BSLR96,0.9848484848484849,0.05224991899999998,0,1
2024-08,absl:BSLTA1,0.93,0.130764483,5,2
2024-08,absl:BTOP100,0.9333333333333333,0.072223142,0,2
2024-08,absl:GENNEXT,0.9358974358974359,0.095518511,3,2
2024-08,absl:MIDCAP,0.9534883720930233,0.068092779,2,2
2024-08,absl:MNC,0.9841269841269841,0.06505889100000001,1,0
2024-08,absl:PSUEQ,0.975609756097561,0.091868039,0,1
2024-08,absl:PURE,0.9,0.159036386,3,5
2024-08,axis:AXISBCF,0.825,0.1985,9,5
2024-08,axis:AXISDEF,0.9770114942528736,0.04759999999999999,1,1
2024-08,axis:AXISEHF,0.972972972972973,0.05909999999999999,2,0
2024-08,axis:AXISEQF,0.8793103448275862,0.10679999999999998,3,4
2024-08,axis:AXISESG,0.9322033898305084,0.061,3,1
2024-08,axis:AXISF25,0.9285714285714286,0.09849999999999999,1,1
2024-08,axis:AXISGOF,0.9528301886792453,0.0834,4,1
2024-08,axis:AXISIMF,0.9540229885057471,0.10379999999999999,3,1
2024-08,axis:AXISMCF,0.9519230769230769,0.1113,2,3
2024-08,axis:AXISMLC,0.9747899159663865,0.10020000000000001,3,0
2024-08,axis:AXISMLF,0.9830508474576272,0.11130000000000001,0,1
2024-08,axis:AXISQUA,0.75,0.2871,8,6
2024-08,axis:AXISSCF,0.9140625,0.097,5,6
2024-08,axis:AXISSSF,0.9814814814814815,0.06799999999999999,1,0
2024-08,axis:AXISTAF,0.9152542372881356,0.0941,3,2
2024-08,axis:AXISTSF,0.8913043478260869,0.17250000000000001,3,7
2024-08,axis:AXISVAL,0.9390243902439024,0.1172,2,3
2024-08,dsp:Banking and Financial Services,0.9565217391304348,0.08240000000000004,0,1
2024-08,dsp:DAAF,0.8660714285714286,0.0914,6,9
2024-08,dsp:EQUITYOPPOR,0.972972972972973,0.0721,0,2
2024-08,dsp:FOCUS,0.9666666666666667,0.07300000000000001,1,0
2024-08,dsp:Flexi Cap,0.9821428571428571,0.07650000000000001,1,0
2024-08,dsp:HEALTHCARE,0.9583333333333334,0.0907,0,1
2024-08,dsp:MIDCAP,0.95,0.12290000000000001,1,2
2024-08,dsp:Multi Asset,1.0,0.032,0,0
2024-08,dsp:Multicap Fund,0.9508196721311475,0.14529999999999998,1,2
2024-08,dsp:NRNEF,1.0,0.0589,0,0
2024-08,dsp:QUANT,1.0,0.04209999999999999,0,0
2024-08,dsp:SMALLCAP,0.9210526315789473,0.0987,4,2
2024-08,dsp:TAX,0.9848484848484849,0.06520000000000001,0,1
2024-08,dsp:TIGER,0.8831168831168831,0.1531,2,7
2024-08,dsp:TOP100,0.9142857142857143,0.0874,1,2
2024-08,dsp:VALUE,1.0,0.04789999999999999,0,0
2024-08,hdfc:HDFCBKGFSF,0.9696969696969697,0.04740000000000002,0,1
2024-08,hdfc:HDFCBUSICY,0.9193548387096774,0.13829999999999998,5,0
2024-08,hdfc:HDFCCB,0.8888888888888888,0.09040000000000001,6,4
2024-08,hdfc:HDFCCS,0.9310344827586207,0.060500000000000005,1,1
2024-08,hdfc:HDFCDFNFND,0.9047619047619048,0.0763,1,1
2024-08,hdfc:HDFCDIVYLD,0.9619047619047619,0.0704,4,0
2024-08,hdfc:HDFCEQ,0.9782608695652174,0.0488,0,1
2024-08,hdfc:HDFCGR,0.9802631578947368,0.051300000000000005,1,2
2024-08,hdfc:HDFCHOF117,1.0,0.05449999999999998,0,0
2024-08,hdfc:HDFCLARGEF,0.9845360824742269,0.0865,2,1
2024-08,hdfc:HDFCMANFFN,0.9651162790697675,0.0793,3,0
2024-08,hdfc:HDFCMNCFND,1.0,0.08330000000000001,0,0
2024-08,hdfc:HDFCMULCAP,0.9855769230769231,0.0776,3,0
2024-08,hdfc:HDFCNCCFND,0.8260869565217391,0.2319,5,3
2024-08,hdfc:HDFCPHARHC,1.0,0.0927,0,0
2024-08,hdfc:HDFCPM,0.9047619047619048,0.05870000000000002,2,2
2024-08,hdfc:HDFCSMALLF,0.898876404494382,0.1085,7,2
2024-08,hdfc:HDFCT2,0.9183673469387755,0.04740000000000001,0,4
2024-08,hdfc:HDFCTECHFD,0.8888888888888888,0.08129999999999998,3,0
2024-08,hdfc:HDFCTRALFD,0.9090909090909091,0.17280000000000004,2,1
2024-08,hdfc:HDFCTS,0.9545454545454546,0.07209999999999998,1,1
2024-08,hdfc:HDINFG,0.921875,0.0912,3,2
2024-08,hdfc:MIDCAP,0.972972972972973,0.0729,1,1
2024-08,hdfc:MY2005,0.9577464788732394,0.043,3,0
2024-08,icici:BAF,0.946236559139785,0.05862468999999999,2,3
2024-08,icici:BANFIN SERVICES,0.9696969696969697,0.06895158999999998,1,0
2024-08,icici:BCYCLE,0.967741935483871,0.06704465899999998,1,1
2024-08,icici:BHACON,0.8392857142857143,0.17950068800000002,5,4
2024-08,icici:BLUECHIP,0.9523809523809523,0.056433629000000006,0,3
2024-08,icici:COMFUND,0.975609756097561,0.075621686,0,1
2024-08,icici:DISCO,0.8676470588235294,0.116838423,7,2
2024-08,icici:DIVYLD,1.0,0.08731449400000002,0,0
2024-08,icici:E&DF,0.9529411764705882,0.060904054000000006,3,1
2024-08,icici:ENERGY,0.5405405405405406,0.465838113,14,3
2024-08,icici:ESGFUND,0.9761904761904762,0.06729475199999999,0,1
2024-08,icici:EXPORTS,0.8333333333333334,0.18611277799999998,7,2
2024-08,icici:FLEXCAP,0.8840579710144928,0.11373359699999998,6,2
2024-08,icici:FMCG,0.9130434782608695,0.05912722800000001,0,2
2024-08,icici:FOCUSED,0.9,0.137577473,1,2
2024-08,icici:HOUSING,0.85,0.132977636,4,2
2024-08,icici:INDOPP,0.875,0.143093772,5,3
2024-08,icici:INFRA,0.9344262295081968,0.12931833299999998,0,4
2024-08,icici:INNOVA,0.8769230769230769,0.13211367,5,3
2024-08,icici:LARGE & MIDCAP,0.9021739130434783,0.162830627,5,4
2024-08,icici:LTEF,0.9113924050632911,0.06442147000000001,3,4
2024-08,icici:MGFINDIA,0.9659090909090909,0.11441478299999999,2,1
2024-08,icici:MIDCAP,0.9080459770114943,0.09668225,3,5
2024-08,icici:MNCFUND,1.0,0.06450831099999998,0,0
2024-08,icici:MULTI,0.935064935064935,0.074257211,3,2
2024-08,icici:MULTICAP,0.9166666666666666,0.151275494,4,6
2024-08,icici:PHARMA,0.813953488372093,0.136262669,4,4
2024-08,icici:PSUEQU,0.9333333333333333,0.11613281300000002,1,1
2024-08,icici:QUANT,0.8125,0.241653701,5,4
2024-08,icici:SMALL,0.87,0.157196244,11,2
2024-08,icici:TECH,0.9047619047619048,0.08294645199999999,6,0
2024-08,icici:TRANSPO,0.8918918918918919,0.10719453700000002,2,2
2024-08,kotak:BAL,1.0,0.06810000000000001,0,0
2024-08,kotak:BFS,0.875,0.0818,2,2
2024-08,kotak:CMP,0.8974358974358975,0.1971,3,1
2024-08,kotak:CON,0.927536231884058,0.17149999999999999,3,2
2024-08,kotak:ELS,0.8852459016393442,0.1616,3,4
2024-08,kotak:EME,0.9852941176470589,0.09479999999999998,1,0
2024-08,kotak:ESG,1.0,0.062100000000000016,0,0
2024-08,kotak:HLC,0.9642857142857143,0.1537,1,0
2024-08,kotak:K30,0.9344262295081968,0.0759,3,1
2024-08,kotak:KBA,0.8686868686868687,0.07800000000000001,9,4
2024-08,kotak:KBC,0.8035714285714286,0.21960000000000002,6,5
2024-08,kotak:KFE,0.9032258064516129,0.139,1,2
2024-08,kotak:KIE,0.8888888888888888,0.2227,3,3
2024-08,kotak:KMI,0.9821428571428571,0.07629999999999998,1,0
2024-08,kotak:KOP,0.9565217391304348,0.10720000000000002,2,1
2024-08,kotak:KPF,0.875,0.1027,2,4
2024-08,kotak:KQT,0.7540983606557377,0.8227,2,13
2024-08,kotak:MAF,0.9692307692307692,0.1231,2,0
2024-08,kotak:MID,0.9358974358974359,0.1268,1,4
2024-08,kotak:MUC,0.8923076923076924,0.1867,3,4
2024-08,kotak:SEF,0.9655172413793104,0.06589999999999999,2,0
2024-08,kotak:SPO,0.8648648648648649,0.1693,5,0
2024-08,kotak:TCH,0.8148148148148148,0.1698,3,2
2024-08,mirae:MABAF,0.970873786407767,0.046989104,2,1
2024-08,mirae:MABFF,0.9666666666666667,0.07310383999999998,0,1
2024-08,mirae:MAEBF,0.9456521739130435,0.171560015,3,2
2024-08,mirae:MAFCF,0.9571428571428572,0.081289364,3,0
2024-08,mirae:MAFF,1.0,0.077752958,0,0
2024-08,mirae:MAHCF,0.90625,0.12972144500000002,2,1
2024-08,mirae:MAIPF,0.9382716049382716,0.06611990599999999,3,2
2024-08,mirae:MAMAAF,0.9238095238095239,0.080382578,5,3
2024-08,mirae:MAMCF,0.8658536585365854,0.23039769300000001,6,5
2024-08,mirae:MAMPF,0.9156626506024096,0.18651680899999998,4,3
2024-08,mirae:MATSF,0.9204545454545454,0.169996708,4,3
2024-08,mirae:MICCF,0.9534883720930233,0.09894062199999999,0,2
2024-08,mirae:MIIOF,0.9466666666666667,0.11632628287999999,3,1
2024-08,nippon:BF,0.8571428571428571,0.1328,2,2
2024-08,nippon:EA,0.9545454545454546,0.0918,1,2
2024-08,nippon:EO,0.9292035398230089,0.09230000000000001,5,3
2024-08,nippon:GF,0.96875,0.09609999999999999,2,1
2024-08,nippon:GS,0.9210526315789473,0.1612,3,3
2024-08,nippon:IT,0.8666666666666667,0.1686,4,2
2024-08,nippon:LC,0.9473684210526315,0.08259999999999999,2,3
2024-08,nippon:LE,0.9310344827586207,0.087,1,1
2024-08,nippon:ME,0.8918918918918919,0.1781,2,2
2024-08,nippon:MF,0.7926829268292683,0.14150000000000001,11,6
2024-08,nippon:NE,0.9436619718309859,0.05129999999999999,3,1
2024-08,nippon:PH,0.9696969696969697,0.0609,1,0
2024-08,nippon:PS,0.9230769230769231,0.07059999999999997,3,0
2024-08,nippon:QP,0.7948717948717948,0.2568,4,4
2024-08,nippon:SC,0.9495412844036697,0.0942,8,3
2024-08,nippon:SE,0.9487179487179487,0.08690000000000002,3,1
2024-08,nippon:SH,0.9848484848484849,0.05450000000000001,1,0
2024-08,nippon:TS,0.9508196721311475,0.0511,1,2
2024-08,ppfas:PPDAAF,1.0,0.005999999999999997,0,0
2024-08,ppfas:PPETSF,1.0,0.032400000000000005,0,0
2024-08,ppfas:PPFCF,1.0,0.028799999999999985,0,0
2024-08,sbi:SBAF,1.0,0.055499999999999994,0,0
2024-08,sbi:SBFS,0.7037037037037037,0.3448,3,5
2024-08,sbi:SBI-AOF,0.9285714285714286,0.127,2,0
2024-08,sbi:SBLUECHIP,0.9183673469387755,0.06350000000000001,1,3
2024-08,sbi:SCF,0.967391304347826,0.11240000000000001,2,1
2024-08,sbi:SCOF,0.9574468085106383,0.10560000000000001,1,1
2024-08,sbi:SDYF,1.0,0.058800000000000005,0,0
2024-08,sbi:SEHF,0.9375,0.038700000000000005,1,1
2024-08,sbi:SEMVF,0.9803921568627451,0.025799999999999993,0,1
2024-08,sbi:SEOF,0.9629629629629629,0.07419999999999999,1,0
2024-08,sbi:SFEF,0.9166666666666666,0.125,1,1
2024-08,sbi:SFLEXI,0.9117647058823529,0.1091,7,2
2024-08,sbi:SHOF,0.9,0.1766,1,2
2024-08,sbi:SIF,0.8936170212765957,0.15719999999999998,2,3
2024-08,sbi:SLMF,0.948051948051948,0.094,2,2
2024-08,sbi:SLTEF,0.9672131147540983,0.09320000000000002,1,1
2024-08,sbi:SMAAF,0.98,0.027500000000000004,0,1
2024-08,sbi:SMCF,0.9302325581395349,0.06370000000000002,2,1
2024-08,sbi:SMCOMMA,1.0,0.07019999999999998,0,0
2024-08,sbi:SMEEF,0.972972972972973,0.060699999999999976,0,1
2024-08,sbi:SMGLF,0.9565217391304348,0.04279999999999999,1,0
2024-08,sbi:SMIDCAP,0.9295774647887324,0.1103,2,3
2024-08,sbi:SPSU,0.7777777777777778,0.2127,2,4
2024-08,sbi:SSCF,0.9482758620689655,0.08619999999999998,1,2
2024-08,sbi:STOF,0.9047619047619048,0.1011,2,0
2024-08,uti:002,1.0,0.022099999999999998,0,0
2024-08,uti:017,0.9636363636363636,0.0749,1,1
2024-08,uti:042,1.0,0.0531,0,0
2024-08,uti:049,0.95,0.1137,1,2
2024-08,uti:066,0.9516129032258065,0.06839999999999999,1,2
2024-08,uti:101,1.0,0.07020000000000001,0,0
2024-08,uti:118,0.9743589743589743,0.06470000000000002,0,1
2024-08,uti:125,0.9629629629629629,0.06619999999999997,0,2
2024-08,uti:160,0.9883720930232558,0.08220000000000001,0,1
2024-08,uti:161,1.0,0.0583,0,0
2024-08,uti:162,0.9714285714285714,0.08079999999999998,1,0
2024-08,uti:163,0.9393939393939394,0.1572,2,0
2024-08,uti:190,0.9803921568627451,0.05860000000000002,1,0
2024-08,uti:193,0.9824561403508771,0.0578,0,1
2024-08,uti:251,0.975609756097561,0.07200000000000002,0,1
2024-08,uti:322,0.9534883720930233,0.0993,3,1
2024-08,uti:751,0.9887640449438202,0.0881,0,1
2024-08,uti:753,0.9666666666666667,0.07110000000000001,0,1
2024-08,uti:773,0.9833333333333333,0.051000000000000004,0,1
2024-08,uti:775,0.9629629629629629,0.08760000000000001,1,0
2024-09,absl:ABSLBCF,0.9538461538461539,0.09241218399999998,3,0
2024-09,absl:ABSLESG,0.96,0.10253909800000001,1,1
2024-09,absl:ABSLMAAF,0.8548387096774194,0.07653668899999999,1,8
2024-09,absl:ABSLMCF,0.9577464788732394,0.085005696,1,2
2024-09,absl:ABSLQF,0.5409836065573771,0.699393485,12,16
2024-09,absl:ABSLSO,0.9523809523809523,0.07369474799999998,1,2
2024-09,absl:ABSLTNLF,0.9117647058823529,0.09486207799999997,1,2
2024-09,absl:ADVG,0.9733333333333334,0.06852857699999998,2,0
2024-09,absl:BDYP,0.9846153846153847,0.076652665,1,0
2024-09,absl:BINFRA,0.9344262295081968,0.11531663599999999,3,1
2024-09,absl:BSL95F,0.974025974025974,0.04916429800000001,0,2
2024-09,absl:BSLBKFS,0.9714285714285714,0.05080096099999999,1,0
2024-09,absl:BSLDAAF,0.8974358974358975,0.08189813,3,9
2024-09,absl:BSLEQTY,0.925,0.07114284300000003,5,1
2024-09,absl:BSLFEF,0.9493670886075949,0.07524007400000003,2,2
2024-09,absl:BSLMFG,0.9538461538461539,0.10380966900000001,3,0
2024-09,absl:BSLNMF,0.8888888888888888,0.06714106499999997,2,1
2024-09,absl:BSLPHF,0.9259259259259259,0.085811564,1,1
2024-09,absl:BSLR96,0.9848484848484849,0.070879508,1,0
2024-09,absl:BSLTA1,0.95,0.154017737,2,3
2024-09,absl:BTOP100,0.8387096774193549,0.107701927,3,2
2024-09,absl:GENNEXT,0.987012987012987,0.048941445999999986,1,0
2024-09,absl:MIDCAP,0.9540229885057471,0.08661530499999999,3,1
2024-09,absl:MNC,0.96875,0.083351377,1,1
2024-09,absl:PSUEQ,0.9,0.089821819,0,4
2024-09,absl:PURE,0.8831168831168831,0.131283937,2,7
2024-09,axis:AXISBCF,0.7954545454545454,0.2291,13,5
2024-09,axis:AXISDEF,0.9555555555555556,0.078,4,0
2024-09,axis:AXISEHF,0.9605263157894737,0.09899999999999999,2,1
2024-09,axis:AXISEQF,0.8620689655172413,0.1221,4,4
2024-09,axis:AXISESG,0.9322033898305084,0.0836,1,3
2024-09,axis:AXISF25,1.0,0.05880000000000001,0,0
2024-09,axis:AXISGOF,0.9174311926605505,0.08499999999999999,4,5
2024-09,axis:AXISIMF,0.9213483146067416,0.13310000000000002,3,4
2024-09,axis:AXISMCF,0.897196261682243,0.12910000000000002,6,5
2024-09,axis:AXISMLC,0.9112903225806451,0.1303,5,6
2024-09,axis:AXISMLF,0.859375,0.1773,6,3
2024-09,axis:AXISQUA,0.7818181818181819,0.2829,5,7
2024-09,axis:AXISSCF,0.944,0.1564,3,4
2024-09,axis:AXISSSF,0.9642857142857143,0.0993,2,0
2024-09,axis:AXISTAF,0.7941176470588235,0.1817,11,3
2024-09,axis:AXISTSF,0.9310344827586207,0.08900000000000001,2,4
2024-09,axis:AXISVAL,0.8809523809523809,0.1508,5,5
2024-09,dsp:Banking and Financial Services,0.875,0.236,2,1
2024-09,dsp:DAAF,0.9351851851851852,0.1046,5,2
2024-09,dsp:EQUITYOPPOR,0.9452054794520548,0.1461,1,3
2024-09,dsp:FOCUS,0.8709677419354839,0.1519,1,3
2024-09,dsp:Flexi Cap,0.9649122807017544,0.08340000000000002,1,1
2024-09,dsp:HEALTHCARE,1.0,0.0501,0,0
2024-09,dsp:MIDCAP,0.9830508474576272,0.12140000000000001,1,0
2024-09,dsp:Multi Asset,0.9428571428571428,0.0436,1,1
2024-09,dsp:Multicap Fund,0.9672131147540983,0.098,2,0
2024-09,dsp:NRNEF,1.0,0.1516,0,0
2024-09,dsp:QUANT,1.0,0.04009999999999999,0,0
2024-09,dsp:SMALLCAP,0.9473684210526315,0.0897,2,2
2024-09,dsp:TAX,0.9242424242424242,0.15080000000000002,1,4
2024-09,dsp:TIGER,0.868421052631579,0.193,6,4
2024-09,dsp:TOP100,0.9696969696969697,0.06940000000000003,0,1
2024-09,dsp:VALUE,0.9655172413793104,0.06330000000000002,1,1
2024-09,hdfc:HDFCBKGFSF,0.9117647058823529,0.08260000000000002,2,1
2024-09,hdfc:HDFCBUSICY,0.953125,0.0685,2,1
2024-09,hdfc:HDFCCB,0.9222222222222223,0.0822,4,3
2024-09,hdfc:HDFCCS,0.8666666666666667,0.1227,2,2
2024-09,hdfc:HDFCDFNFND,0.9523809523809523,0.07400000000000001,1,0
2024-09,hdfc:HDFCDIVYLD,0.9545454545454546,0.0799,5,0
2024-09,hdfc:HDFCEQ,0.8775510204081632,0.0846,4,2
2024-09,hdfc:HDFCGR,0.9493670886075949,0.0414,8,0
2024-09,hdfc:HDFCHOF117,1.0,0.04069999999999998,0,0
2024-09,hdfc:HDFCLARGEF,0.964824120603015,0.0808,6,1
2024-09,hdfc:HDFCMANFFN,0.9444444444444444,0.1144,4,1
2024-09,hdfc:HDFCMNCFND,1.0,0.06010000000000003,0,0
2024-09,hdfc:HDFCMULCAP,0.9811320754716981,0.0798,4,0
2024-09,hdfc:HDFCNCCFND,0.7916666666666666,0.24289999999999998,5,5
2024-09,hdfc:HDFCPHARHC,0.9090909090909091,0.1744,2,1
2024-09,hdfc:HDFCPM,0.9512195121951219,0.05159999999999999,1,1
2024-09,hdfc:HDFCSMALLF,0.9325842696629213,0.1005,2,4
2024-09,hdfc:HDFCT2,0.9782608695652174,0.04800000000000001,1,0
2024-09,hdfc:HDFCTECHFD,1.0,0.05790000000000001,0,0
2024-09,hdfc:HDFCTRALFD,0.9375,0.16790000000000002,0,2
2024-09,hdfc:HDFCTS,0.9130434782608695,0.06439999999999999,3,1
2024-09,hdfc:HDINFG,0.9838709677419355,0.068,0,1
2024-09,hdfc:MIDCAP,0.9473684210526315,0.0833,3,1
2024-09,hdfc:MY2005,0.9859154929577465,0.06790000000000002,0,1
2024-09,icici:BAF,0.9456521739130435,0.07680337900000002,2,3
2024-09,icici:BANFIN SERVICES,0.8157894736842105,0.15328264000000003,5,2
2024-09,icici:BCYCLE,0.9682539682539683,0.07910585700000003,2,0
2024-09,icici:BHACON,0.8421052631578947,0.20487694,5,4
2024-09,icici:BLUECHIP,0.9672131147540983,0.083727834,1,1
2024-09,icici:COMFUND,0.8444444444444444,0.195037731,5,2
2024-09,icici:DISCO,0.8676470588235294,0.09678173300000001,2,7
2024-09,icici:DIVYLD,0.9354838709677419,0.07373892099999999,4,0
2024-09,icici:E&DF,0.9764705882352941,0.036508712,1,1
2024-09,icici:ENERGY,0.85,0.184176517,6,0
2024-09,icici:ESGFUND,0.9111111111111111,0.06843943399999998,4,0
2024-09,icici:EXPORTS,0.875,0.172632825,4,3
2024-09,icici:FLEXCAP,0.9552238805970149,0.10579452900000003,0,3
2024-09,icici:FMCG,1.0,0.08808499100000003,0,0
2024-09,icici:FOCUSED,0.8387096774193549,0.205325388,3,2
2024-09,icici:HOUSING,0.8333333333333334,0.12552955400000002,4,3
2024-09,icici:INDOPP,0.8939393939393939,0.193027684,5,2
2024-09,icici:INFRA,1.0,0.107258506,0,0
2024-09,icici:INNOVA,0.8787878787878788,0.20318750600000002,4,4
2024-09,icici:LARGE & MIDCAP,0.9456521739130435,0.112787936,4,1
2024-09,icici:LTEF,0.8765432098765432,0.10095259500000002,6,4
2024-09,icici:MGFINDIA,0.8791208791208791,0.20306064100000001,4,7
2024-09,icici:MIDCAP,0.8977272727272727,0.145035572,6,3
2024-09,icici:MNCFUND,0.9347826086956522,0.07052301000000001,3,0
2024-09,icici:MULTI,0.935064935064935,0.068064505,2,3
2024-09,icici:MULTICAP,0.9032258064516129,0.13790318899999998,10,2
2024-09,icici:PHARMA,0.8181818181818182,0.19607112499999999,5,3
2024-09,icici:PSUEQU,0.90625,0.13447105,3,0
2024-09,icici:QUANT,0.8367346938775511,0.2484981,5,3
2024-09,icici:SMALL,0.8411214953271028,0.124514136,9,8
2024-09,icici:TECH,0.9538461538461539,0.07258628900000001,2,1
2024-09,icici:TRANSPO,0.8947368421052632,0.11170882800000001,3,1
2024-09,kotak:BAL,0.890625,0.092,4,3
2024-09,kotak:BFS,0.9032258064516129,0.11200000000000003,1,2
2024-09,kotak:CMP,0.8292682926829268,0.20660000000000003,3,4
2024-09,kotak:CON,0.9411764705882353,0.1244,1,3
2024-09,kotak:ELS,0.8813559322033898,0.1456,2,5
2024-09,kotak:EME,0.9436619718309859,0.1201,3,1
2024-09,kotak:ESG,0.9761904761904762,0.057099999999999984,0,1
2024-09,kotak:HLC,0.8064516129032258,0.21009999999999995,3,3
2024-09,kotak:K30,0.9508196721311475,0.07909999999999999,1,2
2024-09,kotak:KBA,0.900990099009901,0.0776,6,4
2024-09,kotak:KBC,0.9074074074074074,0.13460000000000003,3,2
2024-09,kotak:KFE,0.9333333333333333,0.1003,1,1
2024-09,kotak:KIE,0.9433962264150944,0.0982,2,1
2024-09,kotak:KMI,0.9152542372881356,0.10690000000000001,3,2
2024-09,kotak:KOP,0.9852941176470589,0.077,0,1
2024-09,kotak:KPF,0.9347826086956522,0.09599999999999999,2,1
2024-09,kotak:KQT,1.0,0.052199999999999996,0,0
2024-09,kotak:MAF,0.9552238805970149,0.1086,2,1
2024-09,kotak:MID,0.922077922077922,0.13399999999999998,3,3
2024-09,kotak:MUC,0.9206349206349206,0.13859999999999997,2,3
2024-09,kotak:SEF,0.9655172413793104,0.0583,0,2
2024-09,kotak:SPO,0.9,0.1202,3,1
2024-09,kotak:TCH,1.0,0.0761,0,0
2024-09,mirae:MABAF,0.9611650485436893,0.048083939000000006,1,3
2024-09,mirae:MABFF,0.9666666666666667,0.05801866400000002,1,0
2024-09,mirae:MAEBF,0.875,0.14094882400000003,6,6
2024-09,mirae:MAFCF,0.8552631578947368,0.166146798,6,5
2024-09,mirae:MAFF,0.8181818181818182,0.239859898,3,3
2024-09,mirae:MAHCF,0.9375,0.164532461,1,1
2024-09,mirae:MAIPF,0.925,0.06327278,1,5
2024-09,mirae:MAMAAF,0.9901960784313726,0.05742710599999999,0,1
2024-09,mirae:MAMCF,0.9135802469135802,0.140039262,4,3
2024-09,mirae:MAMPF,0.8837209302325582,0.18700240900000004,6,4
2024-09,mirae:MATSF,0.9010989010989011,0.132899082,6,3
2024-09,mirae:MICCF,0.9302325581395349,0.09344209700000002,2,1
2024-09,mirae:MIIOF,0.8987341772151899,0.10829715978,5,3
2024-09,nippon:BF,1.0,0.04410000000000002,0,0
2024-09,nippon:EA,0.9545454545454546,0.07639999999999998,2,1
2024-09,nippon:EO,0.956140350877193,0.07939999999999998,4,1
2024-09,nippon:GF,0.9381443298969072,0.1054,2,4
2024-09,nippon:GS,0.9605263157894737,0.11150000000000002,3,0
2024-09,nippon:IT,0.9130434782608695,0.1219,3,1
2024-09,nippon:LC,0.9,0.1425,8,2
2024-09,nippon:LE,0.8064516129032258,0.23150000000000004,3,3
2024-09,nippon:ME,0.868421052631579,0.23779999999999998,3,2
2024-09,nippon:MF,0.8352941176470589,0.1088,9,5
2024-09,nippon:NE,0.9178082191780822,0.0677,3,3
2024-09,nippon:PH,0.9411764705882353,0.05279999999999998,1,1
2024-09,nippon:PS,0.8666666666666667,0.14579999999999999,6,0
2024-09,nippon:QP,0.8421052631578947,0.2062,3,3
2024-09,nippon:SC,0.9375,0.1143,9,5
2024-09,nippon:SE,0.8795180722891566,0.1255,6,4
2024-09,nippon:SH,0.9142857142857143,0.07129999999999999,4,2
2024-09,nippon:TS,0.9830508474576272,0.0711,0,1
2024-09,ppfas:PPDAAF,1.0,0.015799999999999998,0,0
2024-09,ppfas:PPETSF,1.0,0.06440000000000003,0,0
2024-09,ppfas:PPFCF,1.0,0.04860000000000001,0,0
2024-09,sbi:SBAF,0.9125,0.08880000000000002,6,1
2024-09,sbi:SBFS,0.7,0.2735,8,1
2024-09,sbi:SBI-AOF,0.9642857142857143,0.12339999999999998,0,1
2024-09,sbi:SBLUECHIP,1.0,0.04720000000000001,0,0
2024-09,sbi:SCF,0.946236559139785,0.12079999999999999,2,3
2024-09,sbi:SCOF,0.9387755102040817,0.1291,3,0
2024-09,sbi:SDYF,0.975609756097561,0.06899999999999998,1,0
2024-09,sbi:SEHF,0.96875,0.03189999999999998,1,0
2024-09,sbi:SEMVF,0.9230769230769231,0.1761,2,2
2024-09,sbi:SEOF,0.9642857142857143,0.09350000000000001,1,0
2024-09,sbi:SFEF,0.8846153846153846,0.07659999999999999,3,0
2024-09,sbi:SFLEXI,0.9238095238095239,0.1527,5,3
2024-09,sbi:SHOF,0.9310344827586207,0.14190000000000003,1,1
2024-09,sbi:SIF,0.8913043478260869,0.16629999999999998,2,3
2024-09,sbi:SLMF,0.9736842105263158,0.06370000000000002,1,1
2024-09,sbi:SLTEF,0.95,0.1099,0,3
2024-09,sbi:SMAAF,0.8867924528301887,0.07669999999999999,4,2
2024-09,sbi:SMCF,0.9318181818181818,0.1559,2,1
2024-09,sbi:SMCOMMA,0.7857142857142857,0.3311,4,2
2024-09,sbi:SMEEF,0.972972972972973,0.0956,1,0
2024-09,sbi:SMGLF,0.9583333333333334,0.09889999999999999,1,0
2024-09,sbi:SMIDCAP,0.9411764705882353,0.1111,0,4
2024-09,sbi:SPSU,0.92,0.0921,2,0
2024-09,sbi:SSCF,0.9482758620689655,0.12060000000000001,2,1
2024-09,sbi:STOF,0.9545454545454546,0.0715,1,0
2024-09,uti:002,1.0,0.0162,0,0
2024-09,uti:017,0.9642857142857143,0.07060000000000002,2,0
2024-09,uti:042,0.9666666666666667,0.0411,2,0
2024-09,uti:049,0.9344262295081968,0.09480000000000001,3,1
2024-09,uti:066,0.9365079365079365,0.061000000000000006,3,1
2024-09,uti:101,0.9782608695652174,0.07039999999999998,1,0
2024-09,uti:118,0.925,0.11840000000000002,2,1
2024-09,uti:125,0.9454545454545454,0.0648,3,0
2024-09,uti:160,0.9883720930232558,0.07329999999999999,1,0
2024-09,uti:161,0.9629629629629629,0.08170000000000001,2,0
2024-09,uti:162,1.0,0.10549999999999997,0,0
2024-09,uti:163,0.9142857142857143,0.20049999999999998,2,1
2024-09,uti:190,0.9272727272727272,0.0964,4,0
2024-09,uti:193,0.9166666666666666,0.0862,4,1
2024-09,uti:251,0.9285714285714286,0.0914,2,1
2024-09,uti:322,0.8924731182795699,0.1461,8,2
2024-09,uti:751,0.9347826086956522,0.12369999999999999,4,2
2024-09,uti:753,0.9666666666666667,0.06150000000000001,1,0
2024-09,uti:773,0.8888888888888888,0.1176,4,3
2024-09,uti:775,1.0,0.0716,0,0
2024-10,absl:ABSLBCF,0.9420289855072463,0.099554546,4,0
2024-10,absl:ABSLESG,0.9215686274509803,0.096872687,2,2
2024-10,absl:ABSLMAAF,0.8596491228070176,0.089104429,3,5
2024-10,absl:ABSLMCF,0.8918918918918919,0.174592983,5,3
2024-10,absl:ABSLQF,0.9777777777777777,0.098754271,0,1
2024-10,absl:ABSLSO,0.967741935483871,0.095753961,1,1
2024-10,absl:ABSLTNLF,0.9117647058823529,0.14284654600000002,2,1
2024-10,absl:ADVG,1.0,0.05903411499999998,0,0
2024-10,absl:BDYP,0.9117647058823529,0.08983445200000001,3,3
2024-10,absl:BINFRA,0.890625,0.139157796,4,3
2024-10,absl:BSL95F,1.0,0.048279564999999997,0,0
2024-10,absl:BSLBKFS,0.8918918918918919,0.114751364,2,2
2024-10,absl:BSLDAAF,0.908256880733945,0.065905076,1,9
2024-10,absl:BSLEQTY,0.9390243902439024,0.09305173999999997,3,2
2024-10,absl:BSLFEF,0.9620253164556962,0.06894691999999998,2,1
2024-10,absl:BSLMFG,0.9142857142857143,0.10849724599999999,5,1
2024-10,absl:BSLNMF,0.9629629629629629,0.06721739100000003,1,0
2024-10,absl:BSLPHF,0.9259259259259259,0.113313334,1,1
2024-10,absl:BSLR96,0.9565217391304348,0.07184438499999998,3,0
2024-10,absl:BSLTA1,0.9795918367346939,0.087847397,1,1
2024-10,absl:BTOP100,0.9666666666666667,0.11428716600000002,1,0
2024-10,absl:GENNEXT,0.9871794871794872,0.07894663800000001,1,0
2024-10,absl:MIDCAP,0.9770114942528736,0.074315311,1,1
2024-10,absl:MNC,0.9538461538461539,0.081369774,2,1
2024-10,absl:PSUEQ,0.9459459459459459,0.08397378999999999,1,1
2024-10,absl:PURE,0.9324324324324325,0.147429158,4,1
2024-10,axis:AXISBCF,0.8571428571428571,0.21,8,5
2024-10,axis:AXISCON,0.8,0.19449999999999998,12,0
2024-10,axis:AXISDEF,0.8829787234042553,0.0754,4,7
2024-10,axis:AXISEHF,0.925,0.0942,5,1
2024-10,axis:AXISEQF,0.8771929824561403,0.17820000000000003,3,4
2024-10,axis:AXISESG,0.9122807017543859,0.1211,1,4
2024-10,axis:AXISF25,1.0,0.14529999999999998,0,0
2024-10,axis:AXISGOF,0.9150943396226415,0.15330000000000002,2,7
2024-10,axis:AXISIMF,0.9770114942528736,0.1384,2,0
2024-10,axis:AXISMCF,0.9611650485436893,0.1305,1,3
2024-10,axis:AXISMLC,0.925,0.1517,2,7
2024-10,axis:AXISMLF,0.9508196721311475,0.09280000000000001,0,3
2024-10,axis:AXISQUA,0.7547169811320755,0.3289,5,8
2024-10,axis:AXISSCF,0.9669421487603306,0.0855,0,4
2024-10,axis:AXISSSF,0.9166666666666666,0.13999999999999999,4,1
2024-10,axis:AXISTAF,0.8243243243243243,0.1926,9,4
2024-10,axis:AXISTSF,0.9080459770114943,0.12950000000000003,4,4
2024-10,axis:AXISVAL,0.9506172839506173,0.1308,2,2
2024-10,dsp:Banking and Financial Services,0.84,0.20770000000000002,2,2
2024-10,dsp:DAAF,0.9285714285714286,0.1282,6,2
2024-10,dsp:EQUITYOPPOR,0.9444444444444444,0.10400000000000001,2,2
2024-10,dsp:FOCUS,1.0,0.06820000000000001,0,0
2024-10,dsp:Flexi Cap,0.9649122807017544,0.0953,1,1
2024-10,dsp:HEALTHCARE,0.9583333333333334,0.14339999999999997,1,0
2024-10,dsp:MIDCAP,0.9333333333333333,0.1258,1,3
2024-10,dsp:Multi Asset,0.8611111111111112,0.0736,2,3
2024-10,dsp:Multicap Fund,0.9682539682539683,0.19729999999999998,2,0
2024-10,dsp:NRNEF,0.84,0.16419999999999998,2,2
2024-10,dsp:QUANT,0.8775510204081632,0.2996,5,1
2024-10,dsp:SMALLCAP,0.9866666666666667,0.0844,1,0
2024-10,dsp:TAX,0.9375,0.0993,2,2
2024-10,dsp:TIGER,0.868421052631579,0.14830000000000002,4,6
2024-10,dsp:TOP100,1.0,0.04379999999999999,0,0
2024-10,dsp:VALUE,0.8333333333333334,0.1368,3,7
2024-10,hdfc:HDFCBKGFSF,0.9411764705882353,0.10179999999999999,1,1
2024-10,hdfc:HDFCBUSICY,0.8923076923076924,0.1208,2,5
2024-10,hdfc:HDFCCB,0.9333333333333333,0.09459999999999999,3,3
2024-10,hdfc:HDFCCS,0.9310344827586207,0.08549999999999999,1,1
2024-10,hdfc:HDFCDFNFND,1.0,0.1129,0,0
2024-10,hdfc:HDFCDIVYLD,0.956140350877193,0.076,4,1
2024-10,hdfc:HDFCEQ,0.9019607843137255,0.10720000000000002,4,1
2024-10,hdfc:HDFCGR,0.9627329192546584,0.07310000000000001,3,3
2024-10,hdfc:HDFCHOF117,0.972972972972973,0.058499999999999996,0,1
2024-10,hdfc:HDFCLARGEF,0.9702970297029703,0.097,4,2
2024-10,hdfc:HDFCMANFFN,0.90625,0.0973,7,2
2024-10,hdfc:HDFCMNCFND,1.0,0.0852,0,0
2024-10,hdfc:HDFCMULCAP,0.9722222222222222,0.08879999999999999,4,2
2024-10,hdfc:HDFCNCCFND,0.9347826086956522,0.12560000000000002,3,0
2024-10,hdfc:HDFCPHARHC,0.7714285714285715,0.2698,3,5
2024-10,hdfc:HDFCPM,0.975609756097561,0.034899999999999994,1,0
2024-10,hdfc:HDFCSMALLF,0.9767441860465116,0.0896,1,1
2024-10,hdfc:HDFCT2,0.9361702127659575,0.09439999999999998,1,2
2024-10,hdfc:HDFCTECHFD,1.0,0.05499999999999999,0,0
2024-10,hdfc:HDFCTRALFD,0.9032258064516129,0.24490000000000003,1,2
2024-10,hdfc:HDFCTS,0.88,0.124,5,1
2024-10,hdfc:HDINFG,0.9375,0.10800000000000001,3,1
2024-10,hdfc:MIDCAP,1.0,0.06420000000000002,0,0
2024-10,hdfc:MY2005,0.9178082191780822,0.10099999999999999,3,3
2024-10,icici:BAF,0.9560439560439561,0.051931829000000006,2,2
2024-10,icici:BANFIN SERVICES,0.868421052631579,0.110702268,2,3
2024-10,icici:BCYCLE,0.9104477611940298,0.06943467500000002,4,2
2024-10,icici:BHACON,0.8253968253968254,0.208833498,10,1
2024-10,icici:BLUECHIP,0.8787878787878788,0.08135502500000001,6,2
2024-10,icici:COMFUND,1.0,0.0642571,0,0
2024-10,icici:DISCO,0.8888888888888888,0.114539719,2,5
2024-10,icici:DIVYLD,0.96875,0.08862719799999998,2,0
2024-10,icici:E&DF,0.9767441860465116,0.06282543800000001,2,0
2024-10,icici:ENERGY,0.9285714285714286,0.113250113,2,1
2024-10,icici:ESGFUND,1.0,0.05610617000000001,0,0
2024-10,icici:EXPORTS,0.8771929824561403,0.181379231,4,3
2024-10,icici:FLEXCAP,0.9692307692307692,0.08712757399999999,1,1
2024-10,icici:FMCG,0.8636363636363636,0.08763651199999997,1,2
2024-10,icici:FOCUSED,0.9333333333333333,0.15819155699999998,1,1
2024-10,icici:HOUSING,0.9047619047619048,0.08050742100000001,3,1
2024-10,icici:INDOPP,0.8985507246376812,0.10093931699999999,5,2
2024-10,icici:INFRA,0.9344262295081968,0.18371719,4,0
2024-10,icici:INNOVA,0.8059701492537313,0.151896049,5,8
2024-10,icici:LARGE & MIDCAP,0.8645833333333334,0.176195606,5,8
2024-10,icici:LTEF,0.9375,0.074787443,3,2
2024-10,icici:MGFINDIA,0.9213483146067416,0.11167672299999999,5,2
2024-10,icici:MIDCAP,0.8695652173913043,0.176122512,7,5
2024-10,icici:MNCFUND,0.6792452830188679,0.269241053,7,10
2024-10,icici:MULTI,0.9024390243902439,0.077358446,8,0
2024-10,icici:MULTICAP,0.9291338582677166,0.125380714,5,4
2024-10,icici:PHARMA,0.8666666666666667,0.33676486299999997,4,2
2024-10,icici:PSUEQU,0.9696969696969697,0.08155162,1,0
2024-10,icici:QUANT,0.8461538461538461,0.24749439400000003,6,2
2024-10,icici:SMALL,0.9320388349514563,0.12029997499999999,4,3
2024-10,icici:TECH,1.0,0.050784835,0,0
2024-10,icici:TRANSPO,0.9,0.098771386,3,1
2024-10,kotak:BAL,0.9365079365079365,0.0942,2,2
2024-10,kotak:BFS,0.9666666666666667,0.10060000000000001,1,0
2024-10,kotak:CMP,0.9736842105263158,0.10399999999999998,1,0
2024-10,kotak:CON,0.9558823529411765,0.11080000000000001,3,0
2024-10,kotak:ELS,0.9818181818181818,0.07029999999999999,1,0
2024-10,kotak:EME,0.9154929577464789,0.1291,1,5
2024-10,kotak:ESG,0.9285714285714286,0.0933,1,2
2024-10,kotak:HLC,0.8064516129032258,0.2198,3,3
2024-10,kotak:K30,0.8888888888888888,0.08979999999999999,4,3
2024-10,kotak:KBA,0.92,0.0699,3,5
2024-10,kotak:KBC,0.9622641509433962,0.09809999999999999,1,1
2024-10,kotak:KFE,0.9666666666666667,0.1004,1,0
2024-10,kotak:KIE,1.0,0.055,0,0
2024-10,kotak:KMI,0.9491525423728814,0.11360000000000002,2,1
2024-10,kotak:KOP,0.9705882352941176,0.08320000000000001,1,1
2024-10,kotak:KPF,0.9782608695652174,0.06739999999999999,1,0
2024-10,kotak:KQT,0.7272727272727273,0.2842,18,0
2024-10,kotak:MAF,0.9014084507042254,0.10830000000000001,5,2
2024-10,kotak:MID,0.9866666666666667,0.07169999999999999,1,0
2024-10,kotak:MUC,0.9672131147540983,0.11750000000000001,1,1
2024-10,kotak:SEF,0.9655172413793104,0.06860000000000001,2,0
2024-10,kotak:SPO,1.0,0.0662,0,0
2024-10,kotak:TCH,0.9615384615384616,0.08060000000000002,1,0
2024-10,mirae:MABAF,0.8952380952380953,0.085915726,5,6
2024-10,mirae:MABFF,1.0,0.08679865600000002,0,0
2024-10,mirae:MAEBF,0.9166666666666666,0.146266526,6,2
2024-10,mirae:MAFCF,0.8717948717948718,0.186678008,7,3
2024-10,mirae:MAFF,1.0,0.06420220699999998,0,0
2024-10,mirae:MAHCF,0.90625,0.199452193,1,2
2024-10,mirae:MAIPF,0.9113924050632911,0.068824979,4,3
2024-10,mirae:MAMAAF,0.8807339449541285,0.10650688900000001,8,5
2024-10,mirae:MAMCF,0.8554216867469879,0.2103167,5,7
2024-10,mirae:MAMPF,0.9080459770114943,0.191330011,5,3
2024-10,mirae:MATSF,0.9239130434782609,0.15241748,4,3
2024-10,mirae:MICCF,0.9545454545454546,0.12393576899999999,2,0
2024-10,mirae:MIIOF,0.9259259259259259,0.12952314293,5,1
2024-10,nippon:BF,1.0,0.061800000000000015,0,0
2024-10,nippon:EA,0.9142857142857143,0.1171,5,1
2024-10,nippon:EO,0.9655172413793104,0.08310000000000001,3,1
2024-10,nippon:GF,0.9893617021276596,0.0888,1,0
2024-10,nippon:GS,0.9358974358974359,0.145,2,3
2024-10,nippon:IT,0.9565217391304348,0.13140000000000002,1,1
2024-10,nippon:LC,0.97,0.08590000000000002,2,1
2024-10,nippon:LE,0.9310344827586207,0.1237,1,1
2024-10,nippon:ME,0.8717948717948718,0.1652,3,2
2024-10,nippon:MF,0.9518072289156626,0.09540000000000001,3,1
2024-10,nippon:NE,0.8552631578947368,0.10010000000000001,6,5
2024-10,nippon:PH,0.9411764705882353,0.1457,1,1
2024-10,nippon:PS,0.88,0.09599999999999999,5,1
2024-10,nippon:QP,0.8918918918918919,0.1409,2,2
2024-10,nippon:SC,0.9469026548672567,0.0961,7,5
2024-10,nippon:SE,0.9156626506024096,0.095,4,3
2024-10,nippon:SH,0.9714285714285714,0.064,2,0
2024-10,nippon:TS,0.9344262295081968,0.10049999999999998,3,1
2024-10,ppfas:PPDAAF,0.8571428571428571,0.0309,1,0
2024-10,ppfas:PPFCF,0.896551724137931,0.05979999999999999,1,2
2024-10,sbi:SBAF,0.8260869565217391,0.0751,13,3
2024-10,sbi:SBFS,0.75,0.20479999999999998,3,5
2024-10,sbi:SBI-AOF,0.896551724137931,0.1608,2,1
2024-10,sbi:SBLUECHIP,1.0,0.0626,0,0
2024-10,sbi:SCF,0.9777777777777777,0.06570000000000001,0,2
2024-10,sbi:SCOF,0.96,0.1064,1,1
2024-10,sbi:SDYF,0.9761904761904762,0.09170000000000002,1,0
2024-10,sbi:SEHF,1.0,0.091,0,0
2024-10,sbi:SEMVF,0.9607843137254902,0.1453,1,1
2024-10,sbi:SEOF,0.9,0.1434,2,1
2024-10,sbi:SFEF,1.0,0.09169999999999998,0,0
2024-10,sbi:SFLEXI,0.9428571428571428,0.119,3,3
2024-10,sbi:SHOF,0.9285714285714286,0.07179999999999996,0,2
2024-10,sbi:SIF,1.0,0.09780000000000001,0,0
2024-10,sbi:SIOF,0.918918918918919,0.19039999999999996,2,1
2024-10,sbi:SLMF,0.9866666666666667,0.1129,0,1
2024-10,sbi:SLTEF,1.0,0.10129999999999999,0,0
2024-10,sbi:SMAAF,0.9615384615384616,0.0833,1,1
2024-10,sbi:SMCF,0.9318181818181818,0.11729999999999999,1,2
2024-10,sbi:SMCOMMA,0.9615384615384616,0.0889,0,1
2024-10,sbi:SMEEF,1.0,0.050699999999999995,0,0
2024-10,sbi:SMGLF,0.9230769230769231,0.0887,2,0
2024-10,sbi:SMIDCAP,0.9090909090909091,0.1395,2,4
2024-10,sbi:SPSU,0.9230769230769231,0.1052,1,1
2024-10,sbi:SSCF,0.9491525423728814,0.1147,2,1
2024-10,sbi:STOF,0.9565217391304348,0.07469999999999997,1,0
2024-10,uti:002,0.9818181818181818,0.0322,0,1
2024-10,uti:017,0.9152542372881356,0.1597,3,2
2024-10,uti:042,0.9833333333333333,0.06989999999999999,0,1
2024-10,uti:049,0.9516129032258065,0.1047,2,1
2024-10,uti:066,0.953125,0.07130000000000002,2,1
2024-10,uti:101,0.9787234042553191,0.09230000000000001,1,0
2024-10,uti:118,0.9047619047619048,0.17300000000000001,3,1
2024-10,uti:125,0.9473684210526315,0.0849,2,1
2024-10,uti:160,0.9545454545454546,0.0998,2,2
2024-10,uti:161,0.9818181818181818,0.040100000000000004,1,0
2024-10,uti:162,0.9722222222222222,0.1053,1,0
2024-10,uti:163,0.9428571428571428,0.17,1,1
2024-10,uti:190,1.0,0.08120000000000002,0,0
2024-10,uti:193,0.9666666666666667,0.07339999999999999,1,1
2024-10,uti:251,0.9534883720930233,0.1267,2,0
2024-10,uti:322,0.6972477064220184,0.35960000000000003,18,15
2024-10,uti:751,0.9361702127659575,0.115,4,2
2024-10,uti:753,1.0,0.07690000000000001,0,0
2024-10,uti:773,0.9375,0.07579999999999999,4,0
2024-10,uti:775,0.9629629629629629,0.07730000000000001,0,1
2024-11,absl:ABSLBCF,0.9855072463768116,0.06334793899999999,0,1
2024-11,absl:ABSLESG,0.96,0.06848280100000001,1,1
2024-11,absl:ABSLMAAF,0.9811320754716981,0.053878875,1,0
2024-11,absl:ABSLMCF,0.9594594594594594,0.072387406,3,0
2024-11,absl:ABSLQF,1.0,0.05349731900000001,0,0
2024-11,absl:ABSLSO,0.9523809523809523,0.06933555300000001,2,1
2024-11,absl:ABSLTNLF,0.9411764705882353,0.108252931,1,1
2024-11,absl:ADVG,0.9487179487179487,0.11684051799999999,3,1
2024-11,absl:BDYP,0.9692307692307692,0.09717155700000002,0,2
2024-11,absl:BINFRA,0.9523809523809523,0.13945671,2,1
2024-11,absl:BSL95F,0.9367088607594937,0.048988671000000004,4,1
2024-11,absl:BSLBKFS,0.9714285714285714,0.044090803,0,1
2024-11,absl:BSLDAAF,0.98,0.110202556,0,2
2024-11,absl:BSLEQTY,0.9753086419753086,0.07045293800000002,1,1
2024-11,absl:BSLFEF,0.95,0.06592239100000001,2,2
2024-11,absl:BSLMFG,0.9428571428571428,0.124785515,1,3
2024-11,absl:BSLNMF,0.896551724137931,0.073483628,2,1
2024-11,absl:BSLPHF,0.8928571428571429,0.08767285300000002,2,1
2024-11,absl:BSLR96,0.8888888888888888,0.167531087,3,5
2024-11,absl:BSLTA1,0.95,0.121199492,3,2
2024-11,absl:BTOP100,0.9666666666666667,0.07899972900000002,0,1
2024-11,absl:GENNEXT,0.9506172839506173,0.096504072,3,1
2024-11,absl:MIDCAP,0.8876404494382022,0.146691147,3,7
2024-11,absl:MNC,1.0,0.070232979,0,0
2024-11,absl:PSUEQ,0.972972972972973,0.058898514999999985,1,0
2024-11,absl:PURE,0.935064935064935,0.11075904799999998,4,1
2024-11,axis:AXISBCF,0.9545454545454546,0.1098,2,2
2024-11,axis:AXISCON,0.9836065573770492,0.0882,1,0
2024-11,axis:AXISDEF,1.0,0.0435,0,0
2024-11,axis:AXISEHF,0.9875,0.049400000000000006,1,0
2024-11,axis:AXISEQF,0.9814814814814815,0.1165,1,0
2024-11,axis:AXISESG,0.8703703703703703,0.2117,1,6
2024-11,axis:AXISF25,0.9285714285714286,0.1375,1,1
2024-11,axis:AXISGOF,0.97,0.0979,1,2
2024-11,axis:AXISIMF,0.9655172413793104,0.09520000000000002,0,3
2024-11,axis:AXISMCF,0.99,0.0868,0,1
2024-11,axis:AXISMLC,0.9655172413793104,0.09029999999999999,3,1
2024-11,axis:AXISMLF,0.9491525423728814,0.1041,1,2
2024-11,axis:AXISQUA,0.82,0.18389999999999998,5,4
2024-11,axis:AXISSCF,0.9747899159663865,0.0679,2,1
2024-11,axis:AXISSSF,0.9666666666666667,0.07699999999999999,1,1
2024-11,axis:AXISTAF,0.881578947368421,0.11800000000000001,6,3
2024-11,axis:AXISTSF,0.9879518072289156,0.09110000000000001,0,1
2024-11,axis:AXISVAL,0.9875,0.0886,1,0
2024-11,dsp:Banking and Financial Services,0.9583333333333334,0.09929999999999999,1,0
2024-11,dsp:DAAF,0.9375,0.08710000000000002,2,5
2024-11,dsp:EQUITYOPPOR,0.9859154929577465,0.06730000000000003,1,0
2024-11,dsp:FOCUS,0.9655172413793104,0.06810000000000001,1,0
2024-11,dsp:Flexi Cap,0.9824561403508771,0.060599999999999994,1,0
2024-11,dsp:HEALTHCARE,1.0,0.107,0,0
2024-11,dsp:MIDCAP,1.0,0.07469999999999999,0,0
2024-11,dsp:Multi Asset,1.0,0.04190000000000001,0,0
2024-11,dsp:Multicap Fund,0.90625,0.1591,1,5
2024-11,dsp:NRNEF,1.0,0.0612,0,0
2024-11,dsp:QUANT,1.0,0.043500000000000004,0,0
2024-11,dsp:SMALLCAP,0.9866666666666667,0.0764,0,1
2024-11,dsp:TAX,0.9841269841269841,0.057699999999999994,1,0
2024-11,dsp:TIGER,0.9859154929577465,0.091,1,0
2024-11,dsp:TOP100,0.9393939393939394,0.05690000000000005,1,1
2024-11,dsp:VALUE,0.9622641509433962,0.0666,0,2
2024-11,hdfc:HDFCBKGFSF,1.0,0.048600000000000025,0,0
2024-11,hdfc:HDFCBUSICY,0.9365079365079365,0.1476,3,1
2024-11,hdfc:HDFCCB,0.9662921348314607,0.056600000000000004,2,1
2024-11,hdfc:HDFCCS,0.9,0.043299999999999984,2,1
2024-11,hdfc:HDFCDFNFND,1.0,0.07329999999999998,0,0
2024-11,hdfc:HDFCDIVYLD,0.9741379310344828,0.055499999999999994,3,0
2024-11,hdfc:HDFCEQ,0.9615384615384616,0.046,2,0
2024-11,hdfc:HDFCGR,0.9451219512195121,0.05469999999999999,6,3
2024-11,hdfc:HDFCHOF117,1.0,0.05820000000000002,0,0
2024-11,hdfc:HDFCLARGEF,0.9803921568627451,0.0687,4,0
2024-11,hdfc:HDFCMANFFN,0.9484536082474226,0.0684,3,2
2024-11,hdfc:HDFCMNCFND,1.0,0.057299999999999976,0,0
2024-11,hdfc:HDFCMULCAP,0.9861751152073732,0.06990000000000002,3,0
2024-11,hdfc:HDFCNCCFND,0.9166666666666666,0.1075,2,2
2024-11,hdfc:HDFCPHARHC,0.9032258064516129,0.0983,1,2
2024-11,hdfc:HDFCPM,1.0,0.02089999999999999,0,0
2024-11,hdfc:HDFCSMALLF,0.9767441860465116,0.0743,1,1
2024-11,hdfc:HDFCT2,1.0,0.06600000000000002,0,0
2024-11,hdfc:HDFCTECHFD,0.9642857142857143,0.05509999999999998,1,0
2024-11,hdfc:HDFCTRALFD,0.9655172413793104,0.062199999999999984,0,1
2024-11,hdfc:HDFCTS,0.98,0.0599,1,0
2024-11,hdfc:HDINFG,0.9841269841269841,0.051599999999999986,0,1
2024-11,hdfc:MIDCAP,1.0,0.053700000000000005,0,0
2024-11,hdfc:MY2005,0.9315068493150684,0.0712,3,2
2024-11,icici:BAF,0.9560439560439561,0.05705241499999999,2,2
2024-11,icici:BANFIN SERVICES,0.868421052631579,0.12024585600000001,3,2
2024-11,icici:BCYCLE,0.875,0.11801147799999999,7,2
2024-11,icici:BHACON,0.9206349206349206,0.167967203,1,4
2024-11,icici:BLUECHIP,0.9552238805970149,0.04870192399999998,3,0
2024-11,icici:COMFUND,0.9111111111111111,0.068934702,2,2
2024-11,icici:DISCO,0.9,0.09426704599999998,2,4
2024-11,icici:DIVYLD,0.9692307692307692,0.05588874199999999,1,1
2024-11,icici:E&DF,0.9772727272727273,0.05316702799999998,2,0
2024-11,icici:ENERGY,0.9090909090909091,0.08314805099999996,3,1
2024-11,icici:ESGFUND,1.0,0.06053840499999999,0,0
2024-11,icici:EXPORTS,0.9464285714285714,0.15905872199999999,2,1
2024-11,icici:FLEXCAP,0.9538461538461539,0.06756353799999999,1,2
2024-11,icici:FMCG,0.9523809523809523,0.097893266,1,0
2024-11,icici:FOCUSED,0.9333333333333333,0.084869606,1,1
2024-11,icici:HOUSING,0.8666666666666667,0.150569643,4,2
2024-11,icici:INDOPP,0.9014084507042254,0.138127929,4,3
2024-11,icici:INFRA,0.967741935483871,0.08935481400000002,1,1
2024-11,icici:INNOVA,0.8412698412698413,0.14926737999999998,4,6
2024-11,icici:LARGE & MIDCAP,0.8829787234042553,0.166359551,6,5
2024-11,icici:LTEF,1.0,0.04891727699999998,0,0
2024-11,icici:MGFINDIA,0.9010989010989011,0.11854931300000002,4,5
2024-11,icici:MIDCAP,0.8541666666666666,0.160813181,9,5
2024-11,icici:MNCFUND,0.9555555555555556,0.075250083,2,0
2024-11,icici:MULTI,0.9204545454545454,0.06703196800000001,6,1
2024-11,icici:MULTICAP,0.9307692307692308,0.11075610999999999,7,2
2024-11,icici:PHARMA,0.8913043478260869,0.155899521,3,2
2024-11,icici:PSUEQU,0.9428571428571428,0.099392721,2,0
2024-11,icici:QUANT,0.8571428571428571,0.259277185,6,2
2024-11,icici:SMALL,0.8648648648648649,0.116159499,11,4
2024-11,icici:TECH,0.9552238805970149,0.059572561000000024,3,0
2024-11,icici:TRANSPO,0.9743589743589743,0.09059218199999998,0,1
2024-11,kotak:BAL,0.9365079365079365,0.1189,2,2
2024-11,kotak:BFS,0.9333333333333333,0.09679999999999998,0,2
2024-11,kotak:CMP,0.95,0.0831,2,0
2024-11,kotak:CON,0.9142857142857143,0.1234,2,4
2024-11,kotak:ELS,0.9642857142857143,0.044799999999999986,1,1
2024-11,kotak:EME,0.8985507246376812,0.12010000000000001,3,4
2024-11,kotak:ESG,0.975609756097561,0.06280000000000001,1,0
2024-11,kotak:HLC,1.0,0.0698,0,0
2024-11,kotak:K30,0.9354838709677419,0.06589999999999999,2,2
2024-11,kotak:KBA,0.8942307692307693,0.0781,9,2
2024-11,kotak:KBC,0.9272727272727272,0.1532,3,1
2024-11,kotak:KFE,0.9666666666666667,0.07010000000000002,0,1
2024-11,kotak:KIE,0.9811320754716981,0.07380000000000002,1,0
2024-11,kotak:KMI,0.9830508474576272,0.061099999999999995,1,0
2024-11,kotak:KMN,0.5,0.8211,19,0
2024-11,kotak:KOP,0.9705882352941176,0.06449999999999999,1,1
2024-11,kotak:KPF,0.8979591836734694,0.17509999999999998,3,2
2024-11,kotak:KQT,0.6865671641791045,0.7252000000000001,1,20
2024-11,kotak:MAF,0.918918918918919,0.075,5,1
2024-11,kotak:MID,0.9240506329113924,0.1105,4,2
2024-11,kotak:MUC,0.8769230769230769,0.1527,5,3
2024-11,kotak:SEF,0.9661016949152542,0.047599999999999996,1,1
2024-11,kotak:SPO,0.975,0.061999999999999986,1,0
2024-11,kotak:TCH,0.8620689655172413,0.10099999999999998,3,1
2024-11,mirae:MABAF,0.9595959595959596,0.04607135199999999,0,4
2024-11,mirae:MABFF,1.0,0.03866305499999996,0,0
2024-11,mirae:MAEBF,0.9306930693069307,0.096022967,7,0
2024-11,mirae:MAFCF,0.9487179487179487,0.101442329,3,1
2024-11,mirae:MAFF,0.9666666666666667,0.065359462,0,1
2024-11,mirae:MAHCF,0.8787878787878788,0.09812445199999999,3,1
2024-11,mirae:MAIPF,0.9358974358974359,0.05838124599999999,2,3
2024-11,mirae:MAMAAF,0.9716981132075472,0.049739663999999996,2,1
2024-11,mirae:MAMCF,0.8928571428571429,0.12735332500000002,8,1
2024-11,mirae:MAMPF,0.9540229885057471,0.10902028900000002,3,1
2024-11,mirae:MATSF,0.967391304347826,0.06987436700000002,3,0
2024-11,mirae:MICCF,0.9545454545454546,0.15041659999999998,0,2
2024-11,mirae:MIIOF,0.963855421686747,0.06223509375999998,3,0
2024-11,nippon:BF,0.9629629629629629,0.0627,1,0
2024-11,nippon:EA,0.9178082191780822,0.07460000000000003,4,2
2024-11,nippon:EO,0.9829059829059829,0.06280000000000002,2,0
2024-11,nippon:GF,0.9791666666666666,0.0795,2,0
2024-11,nippon:GS,0.9487179487179487,0.09559999999999999,3,1
2024-11,nippon:IT,0.9782608695652174,0.1323,1,0
2024-11,nippon:LC,0.941747572815534,0.0817,4,2
2024-11,nippon:LE,0.9310344827586207,0.12519999999999998,1,1
2024-11,nippon:ME,0.8974358974358975,0.09820000000000001,2,2
2024-11,nippon:MF,0.9294117647058824,0.07719999999999999,3,3
2024-11,nippon:NE,0.9041095890410958,0.05829999999999999,2,5
2024-11,nippon:PH,0.9428571428571428,0.06290000000000003,2,0
2024-11,nippon:PS,0.9230769230769231,0.12279999999999999,3,1
2024-11,nippon:QP,0.7948717948717948,0.19999999999999998,4,4
2024-11,nippon:SC,0.9822222222222222,0.0807,4,0
2024-11,nippon:SE,0.9512195121951219,0.11249999999999999,2,2
2024-11,nippon:SH,0.9583333333333334,0.04009999999999999,2,1
2024-11,nippon:TS,0.9354838709677419,0.06949999999999999,2,2
2024-11,ppfas:PPDAAF,0.875,0.004400000000000001,1,0
2024-11,ppfas:PPFCF,0.9629629629629629,0.02409999999999999,0,1
2024-11,ppfas:PPTSF,0.90625,0.03599999999999999,0,3
2024-11,sbi:SBAF,0.9368421052631579,0.0456,6,0
2024-11,sbi:SBFS,0.9629629629629629,0.0664,0,1
2024-11,sbi:SBI-AOF,0.9310344827586207,0.1335,1,1
2024-11,sbi:SBLUECHIP,0.9782608695652174,0.055700000000000006,0,1
2024-11,sbi:SCF,0.9772727272727273,0.07479999999999999,0,2
2024-11,sbi:SCOF,0.94,0.08200000000000002,1,2
2024-11,sbi:SDYF,0.9545454545454546,0.05159999999999999,2,0
2024-11,sbi:SEHF,0.8205128205128205,0.054500000000000014,7,0
2024-11,sbi:SEMVF,1.0,0.04529999999999999,0,0
2024-11,sbi:SEOF,0.9655172413793104,0.08340000000000002,0,1
2024-11,sbi:SFEF,0.9230769230769231,0.0432,0,2
2024-11,sbi:SFLEXI,0.9901960784313726,0.0492,0,1
2024-11,sbi:SHOF,0.896551724137931,0.12649999999999997,3,0
2024-11,sbi:SIF,0.9534883720930233,0.10840000000000001,0,2
2024-11,sbi:SIOF,0.8,0.3443,4,4
2024-11,sbi:SLMF,0.9733333333333334,0.08519999999999998,1,1
2024-11,sbi:SLTEF,0.9827586206896551,0.05210000000000002,1,0
2024-11,sbi:SMAAF,0.9807692307692307,0.0379,1,0
2024-11,sbi:SMCF,1.0,0.045600000000000016,0,0
2024-11,sbi:SMCOMMA,1.0,0.037500000000000026,0,0
2024-11,sbi:SMEEF,1.0,0.033199999999999986,0,0
2024-11,sbi:SMGLF,1.0,0.046700000000000005,0,0
2024-11,sbi:SMIDCAP,0.96875,0.1147,2,0
2024-11,sbi:SPSU,1.0,0.059899999999999995,0,0
2024-11,sbi:SSCF,1.0,0.05549999999999999,0,0
2024-11,sbi:STOF,0.92,0.08789999999999999,2,0
2024-11,uti:002,1.0,0.025199999999999997,0,0
2024-11,uti:017,0.9661016949152542,0.06110000000000001,2,0
2024-11,uti:042,1.0,0.060100000000000015,0,0
2024-11,uti:049,0.9838709677419355,0.07020000000000001,1,0
2024-11,uti:066,0.984375,0.046700000000000005,1,0
2024-11,uti:101,0.9791666666666666,0.10420000000000001,1,0
2024-11,uti:118,1.0,0.06989999999999999,0,0
2024-11,uti:125,0.9482758620689655,0.06380000000000001,2,1
2024-11,uti:160,1.0,0.058700000000000016,0,0
2024-11,uti:161,0.9818181818181818,0.0538,0,1
2024-11,uti:162,0.9210526315789473,0.10270000000000003,2,1
2024-11,uti:163,1.0,0.08780000000000002,0,0
2024-11,uti:190,1.0,0.05760000000000002,0,0
2024-11,uti:193,0.9830508474576272,0.0511,0,1
2024-11,uti:251,0.9555555555555556,0.08449999999999998,2,0
2024-11,uti:322,0.9468085106382979,0.125,0,5
2024-11,uti:751,0.9891304347826086,0.0776,0,1
2024-11,uti:753,0.9666666666666667,0.058199999999999974,0,1
2024-11,uti:773,1.0,0.0558,0,0
2024-11,uti:775,1.0,0.09709999999999998,0,0
2024-12,absl:ABSLBCF,0.9710144927536232,0.06760001799999998,1,1
2024-12,absl:ABSLESG,0.9795918367346939,0.054999222999999986,0,1
2024-12,absl:ABSLMAAF,0.8245614035087719,0.11561959400000002,4,6
2024-12,absl:ABSLMCF,0.8313253012048193,0.221682947,9,5
2024-12,absl:ABSLQF,0.5636363636363636,0.593734423,11,13
2024-12,absl:ABSLSO,0.9230769230769231,0.089812632,3,2
2024-12,absl:ABSLTNLF,0.9411764705882353,0.07137383600000002,1,1
2024-12,absl:ADVG,0.9135802469135802,0.077133142,4,3
2024-12,absl:BDYP,0.9230769230769231,0.108118416,2,3
2024-12,absl:BINFRA,0.9838709677419355,0.089223608,0,1
2024-12,absl:BSL95F,0.9873417721518988,0.040284985,1,0
2024-12,absl:BSLBKFS,0.9166666666666666,0.06291685899999998,2,1
2024-12,absl:BSLDAAF,0.96,0.085642405,2,2
2024-12,absl:BSLEQTY,0.926829268292683,0.08247918599999998,2,4
2024-12,absl:BSLFEF,0.95,0.05254975099999999,2,2
2024-12,absl:BSLMFG,0.9428571428571428,0.134309834,3,1
2024-12,absl:BSLNMF,0.8387096774193549,0.086359579,3,2
2024-12,absl:BSLPHF,0.896551724137931,0.12378891399999999,2,1
2024-12,absl:BSLR96,0.9154929577464789,0.062983562,4,2
2024-12,absl:BSLTA1,0.9215686274509803,0.16278474699999998,4,4
2024-12,absl:BTOP100,0.9333333333333333,0.05212767499999997,1,1
2024-12,absl:GENNEXT,0.9512195121951219,0.057944276,2,2
2024-12,absl:MIDCAP,0.8863636363636364,0.172949182,6,4
2024-12,absl:MNC,0.9692307692307692,0.06131674200000001,1,1
2024-12,absl:PSUEQ,1.0,0.057918124999999994,0,0
2024-12,absl:PURE,0.9113924050632911,0.110802595,3,4
2024-12,axis:AXISBCF,0.9222222222222223,0.10099999999999999,4,3
2024-12,axis:AXISCON,0.9104477611940298,0.10690000000000001,6,0
2024-12,axis:AXISDEF,0.9555555555555556,0.05920000000000001,3,1
2024-12,axis:AXISEHF,0.9518072289156626,0.0625,3,1
2024-12,axis:AXISEQF,0.9444444444444444,0.0884,0,3
2024-12,axis:AXISESG,0.9791666666666666,0.05720000000000001,0,1
2024-12,axis:AXISF25,0.9629629629629629,0.0841,0,1
2024-12,axis:AXISGOF,0.9411764705882353,0.1393,4,2
2024-12,axis:AXISIMF,0.9431818181818182,0.1153,4,1
2024-12,axis:AXISMCF,0.9702970297029703,0.119,2,1
2024-12,axis:AXISMLC,0.9426229508196722,0.1257,7,0
2024-12,axis:AXISMLF,0.9180327868852459,0.07110000000000002,4,1
2024-12,axis:AXISQUA,0.84,0.18169999999999997,4,4
2024-12,axis:AXISSCF,0.912,0.11410000000000001,7,4
2024-12,axis:AXISSSF,1.0,0.0623,0,0
2024-12,axis:AXISTAF,0.972972972972973,0.0612,1,1
2024-12,axis:AXISTSF,0.8977272727272727,0.10400000000000001,6,3
2024-12,axis:AXISVAL,0.8837209302325582,0.125,6,4
2024-12,dsp:Aggressive Hybrid,0.9361702127659575,0.0982,1,2
2024-12,dsp:Banking and Financial Services,0.84,0.1222,1,3
2024-12,dsp:DAAF,0.9532710280373832,0.0931,0,5
2024-12,dsp:EQUITYOPPOR,0.9861111111111112,0.09999999999999999,1,0
2024-12,dsp:FOCUS,1.0,0.059999999999999984,0,0
2024-12,dsp:Flexi Cap,1.0,0.06280000000000001,0,0
2024-12,dsp:HEALTHCARE,0.96,0.08669999999999997,1,0
2024-12,dsp:MIDCAP,0.9322033898305084,0.10029999999999997,2,2
2024-12,dsp:Multi Asset,1.0,0.026700000000000005,0,0
2024-12,dsp:Multicap Fund,0.9508196721311475,0.1167,2,1
2024-12,dsp:NRNEF,0.9565217391304348,0.0855,0,1
2024-12,dsp:QUANT,1.0,0.0369,0,0
2024-12,dsp:SMALLCAP,0.9866666666666667,0.07390000000000001,1,0
2024-12,dsp:TAX,1.0,0.09780000000000001,0,0
2024-12,dsp:TIGER,0.8589743589743589,0.1686,7,4
2024-12,dsp:TOP100,1.0,0.0546,0,0
2024-12,dsp:VALUE,1.0,0.034999999999999996,0,0
2024-12,hdfc:HDFCBKGFSF,0.9142857142857143,0.06609999999999999,2,1
2024-12,hdfc:HDFCBUSICY,0.921875,0.10949999999999999,2,3
2024-12,hdfc:HDFCCB,0.9662921348314607,0.04919999999999997,1,2
2024-12,hdfc:HDFCCS,0.9655172413793104,0.06920000000000001,0,1
2024-12,hdfc:HDFCDFNFND,1.0,0.060599999999999966,0,0
2024-12,hdfc:HDFCDIVYLD,0.9745762711864406,0.06250000000000001,2,1
2024-12,hdfc:HDFCEQ,0.9090909090909091,0.056999999999999995,3,2
2024-12,hdfc:HDFCGR,0.9754601226993865,0.04270000000000001,2,2
2024-12,hdfc:HDFCHOF117,1.0,0.05249999999999999,0,0
2024-12,hdfc:HDFCLARGEF,0.9902439024390244,0.0531,1,1
2024-12,hdfc:HDFCMANFFN,0.8969072164948454,0.06949999999999999,2,8
2024-12,hdfc:HDFCMNCFND,0.9393939393939394,0.0931,1,1
2024-12,hdfc:HDFCMULCAP,0.972972972972973,0.0783,5,1
2024-12,hdfc:HDFCNCCFND,0.8979591836734694,0.145,3,2
2024-12,hdfc:HDFCPHARHC,0.9666666666666667,0.07689999999999997,1,0
2024-12,hdfc:HDFCPM,0.9512195121951219,0.03159999999999998,0,2
2024-12,hdfc:HDFCSMALLF,0.9655172413793104,0.06609999999999999,2,1
2024-12,hdfc:HDFCT2,0.9777777777777777,0.0536,0,1
2024-12,hdfc:HDFCTECHFD,1.0,0.04370000000000002,0,0
2024-12,hdfc:HDFCTRALFD,0.9655172413793104,0.05250000000000001,1,0
2024-12,hdfc:HDFCTS,0.9803921568627451,0.03649999999999998,1,0
2024-12,hdfc:HDINFG,0.967741935483871,0.0685,0,2
2024-12,hdfc:MIDCAP,0.9868421052631579,0.0773,1,0
2024-12,hdfc:MY2005,0.9859154929577465,0.032799999999999996,0,1
2024-12,icici:BAF,0.8791208791208791,0.05401282600000001,2,9
2024-12,icici:BANFIN SERVICES,0.9210526315789473,0.05385144999999998,2,1
2024-12,icici:BCYCLE,0.868421052631579,0.078356688,6,4
2024-12,icici:BHACON,0.8225806451612904,0.11672939500000001,3,8
2024-12,icici:BLUECHIP,1.0,0.035913085,0,0
2024-12,icici:COMFUND,0.9130434782608695,0.08440147699999999,3,1
2024-12,icici:DISCO,0.9322033898305084,0.05284330600000003,3,1
2024-12,icici:DIVYLD,0.96875,0.05987042499999997,0,2
2024-12,icici:E&DF,0.9775280898876404,0.046374859000000004,1,1
2024-12,icici:ENERGY,0.9318181818181818,0.10596285600000002,1,2
2024-12,icici:ESGFUND,0.9777777777777777,0.05520631400000001,0,1
2024-12,icici:EXPORTS,0.7931034482758621,0.140777768,3,9
2024-12,icici:FLEXCAP,0.9402985074626866,0.08917602300000001,4,0
2024-12,icici:FMCG,0.8695652173913043,0.06716249900000001,2,1
2024-12,icici:FOCUSED,0.9333333333333333,0.130707193,1,1
2024-12,icici:HOUSING,0.9090909090909091,0.08086077500000002,1,3
2024-12,icici:INDOPP,0.9285714285714286,0.07555499700000001,2,3
2024-12,icici:INFRA,0.9838709677419355,0.04986704500000001,1,0
2024-12,icici:INNOVA,0.84375,0.18319822800000002,7,3
2024-12,icici:LARGE & MIDCAP,0.9333333333333333,0.08671806,1,5
2024-12,icici:LTEF,0.925,0.05323775300000004,2,4
2024-12,icici:MGFINDIA,0.9032258064516129,0.17972324199999998,7,2
2024-12,icici:MIDCAP,0.9361702127659575,0.11559936900000001,3,3
2024-12,icici:MNCFUND,0.8979591836734694,0.10102200699999998,4,1
2024-12,icici:MULTI,0.9770114942528736,0.032014438000000006,0,2
2024-12,icici:MULTICAP,0.9302325581395349,0.10248492099999999,1,8
2024-12,icici:PHARMA,0.8888888888888888,0.213146198,1,4
2024-12,icici:PSUEQU,0.9166666666666666,0.05540750499999998,1,2
2024-12,icici:QUANT,0.7796610169491526,0.303851954,5,8
2024-12,icici:SMALL,0.9107142857142857,0.100083085,5,5
2024-12,icici:TECH,0.9411764705882353,0.053698587,1,3
2024-12,icici:TRANSPO,0.95,0.08125679100000001,2,0
2024-12,kotak:BAL,0.9365079365079365,0.0913,2,2
2024-12,kotak:BFS,0.9333333333333333,0.09240000000000001,2,0
2024-12,kotak:CMP,0.975609756097561,0.1333,1,0
2024-12,kotak:CON,0.9130434782608695,0.1239,3,3
2024-12,kotak:ELS,0.9298245614035088,0.07109999999999998,2,2
2024-12,kotak:EME,0.9117647058823529,0.1242,3,3
2024-12,kotak:ESG,0.9523809523809523,0.10459999999999998,1,1
2024-12,kotak:HLC,0.9333333333333333,0.1354,2,0
2024-12,kotak:K30,0.9672131147540983,0.06540000000000001,1,1
2024-12,kotak:KBA,0.8918918918918919,0.0746,9,3
2024-12,kotak:KBC,0.9642857142857143,0.1121,2,0
2024-12,kotak:KFE,0.9032258064516129,0.1096,2,1
2024-12,kotak:KIE,0.9629629629629629,0.102,1,1
2024-12,kotak:KMI,0.8412698412698413,0.1502,4,6
2024-12,kotak:KMN,0.9743589743589743,0.06659999999999999,1,0
2024-12,kotak:KOP,0.927536231884058,0.0778,2,3
2024-12,kotak:KPF,1.0,0.05190000000000001,0,0
2024-12,kotak:KQT,1.0,0.046999999999999986,0,0
2024-12,kotak:MAF,0.9473684210526315,0.0761,3,1
2024-12,kotak:MID,0.974025974025974,0.0856,0,2
2024-12,kotak:MUC,0.9230769230769231,0.1704,3,2
2024-12,kotak:SEF,0.9491525423728814,0.0518,1,2
2024-12,kotak:SPO,0.9512195121951219,0.10610000000000001,1,1
2024-12,kotak:TCH,1.0,0.07060000000000001,0,0
2024-12,mirae:MABAF,0.9029126213592233,0.062377947,8,2
2024-12,mirae:MABFF,0.875,0.09810223500000002,2,2
2024-12,mirae:MAEBF,0.9333333333333333,0.155929163,4,3
2024-12,mirae:MAFCF,0.9146341463414634,0.13243414399999998,5,2
2024-12,mirae:MAFF,0.9032258064516129,0.07879690299999997,2,1
2024-12,mirae:MAHCF,0.8529411764705882,0.130506029,2,3
2024-12,mirae:MAIPF,0.9113924050632911,0.05901440400000001,4,3
2024-12,mirae:MAMAAF,0.9166666666666666,0.07737467599999999,3,6
2024-12,mirae:MAMCF,0.875,0.14788161800000002,5,6
2024-12,mirae:MAMPF,0.8888888888888888,0.14753687199999999,4,6
2024-12,mirae:MATSF,0.9574468085106383,0.10889131399999999,2,2
2024-12,mirae:MICCF,0.9534883720930233,0.11600856799999999,1,1
2024-12,mirae:MIIOF,0.9761904761904762,0.05490687824000001,1,1
2024-12,nippon:BF,1.0,0.042300000000000025,0,0
2024-12,nippon:EA,0.9452054794520548,0.07889999999999998,2,2
2024-12,nippon:EO,0.9669421487603306,0.08689999999999999,4,0
2024-12,nippon:GF,0.9591836734693877,0.1234,2,2
2024-12,nippon:GS,0.925,0.1204,3,3
2024-12,nippon:IT,0.9782608695652174,0.1349,0,1
2024-12,nippon:LC,0.9038461538461539,0.1222,3,7
2024-12,nippon:LE,0.9655172413793104,0.07939999999999998,1,0
2024-12,nippon:ME,0.9230769230769231,0.1116,2,1
2024-12,nippon:MF,0.8735632183908046,0.07359999999999998,5,6
2024-12,nippon:NE,0.9428571428571428,0.04770000000000002,2,2
2024-12,nippon:PH,0.9722222222222222,0.0661,1,0
2024-12,nippon:PS,0.9622641509433962,0.12999999999999998,2,0
2024-12,nippon:QP,0.8421052631578947,0.1794,3,3
2024-12,nippon:SC,0.9652173913043478,0.0864,5,3
2024-12,nippon:SE,0.926829268292683,0.11510000000000002,2,4
2024-12,nippon:SH,0.9861111111111112,0.045799999999999993,1,0
2024-12,nippon:TS,0.9672131147540983,0.05350000000000001,1,1
2024-12,ppfas:PPDAAF,1.0,0.0083,0,0
2024-12,ppfas:PPFCF,0.8571428571428571,0.06920000000000001,2,2
2024-12,ppfas:PPTSF,0.9354838709677419,0.07249999999999998,2,0
2024-12,sbi:SBAF,0.95,0.0504,5,0
2024-12,sbi:SBFS,0.8148148148148148,0.13260000000000002,1,4
2024-12,sbi:SBI-AOF,0.9642857142857143,0.08109999999999998,0,1
2024-12,sbi:SBLUECHIP,1.0,0.041299999999999996,0,0
2024-12,sbi:SCF,1.0,0.04630000000000001,0,0
2024-12,sbi:SCOF,0.9795918367346939,0.11649999999999999,1,0
2024-12,sbi:SDYF,0.9347826086956522,0.0846,2,1
2024-12,sbi:SEHF,0.975,0.031000000000000017,1,0
2024-12,sbi:SEMVF,1.0,0.04610000000000001,0,0
2024-12,sbi:SEOF,0.9655172413793104,0.11410000000000002,1,0
2024-12,sbi:SFEF,0.96,0.06170000000000001,1,0
2024-12,sbi:SFLEXI,0.9306930693069307,0.155,0,7
2024-12,sbi:SHOF,1.0,0.06019999999999999,0,0
2024-12,sbi:SIF,0.975609756097561,0.11620000000000001,0,1
2024-12,sbi:SIOF,0.8974358974358975,0.23529999999999998,3,1
2024-12,sbi:SLMF,0.9866666666666667,0.09280000000000002,1,0
2024-12,sbi:SLTEF,0.9830508474576272,0.054099999999999995,1,0
2024-12,sbi:SMAAF,0.9811320754716981,0.0648,1,0
2024-12,sbi:SMCF,0.9545454545454546,0.06709999999999998,2,0
2024-12,sbi:SMCOMMA,0.9259259259259259,0.05289999999999999,2,0
2024-12,sbi:SMEEF,0.9210526315789473,0.05809999999999999,1,2
2024-12,sbi:SMGLF,0.9629629629629629,0.05410000000000001,1,0
2024-12,sbi:SMIDCAP,0.9538461538461539,0.12219999999999999,1,2
2024-12,sbi:SPSU,1.0,0.052100000000000035,0,0
2024-12,sbi:SSCF,1.0,0.07079999999999999,0,0
2024-12,sbi:STOF,1.0,0.051600000000000035,0,0
2024-12,uti:002,1.0,0.019499999999999997,0,0
2024-12,uti:017,0.9354838709677419,0.0926,3,1
2024-12,uti:042,1.0,0.049299999999999976,0,0
2024-12,uti:049,0.9682539682539683,0.07120000000000001,1,1
2024-12,uti:066,0.9692307692307692,0.05580000000000001,1,1
2024-12,uti:101,1.0,0.06270000000000003,0,0
2024-12,uti:118,0.9761904761904762,0.07010000000000001,1,0
2024-12,uti:125,0.9491525423728814,0.0543,2,1
2024-12,uti:160,0.9438202247191011,0.0881,3,2
2024-12,uti:161,1.0,0.0435,0,0
2024-12,uti:162,0.9473684210526315,0.04570000000000003,1,1
2024-12,uti:163,1.0,0.035499999999999976,0,0
2024-12,uti:190,0.9821428571428571,0.0847,1,0
2024-12,uti:193,0.9830508474576272,0.0688,1,0
2024-12,uti:251,0.8958333333333334,0.1004,3,2
2024-12,uti:322,0.9560439560439561,0.1038,2,2
2024-12,uti:751,0.9052631578947369,0.1368,4,5
2024-12,uti:753,0.9333333333333333,0.06430000000000001,1,1
2024-12,uti:773,0.9692307692307692,0.03339999999999998,1,1
2024-12,uti:775,0.9259259259259259,0.09879999999999999,1,1
2025-01,absl:ABSLBCF,0.9154929577464789,0.11630056400000001,3,3
2025-01,absl:ABSLCONF,0.41379310344827586,0.7776739579999999,17,0
2025-01,absl:ABSLESG,0.94,0.151754811,2,1
2025-01,absl:ABSLMAAF,0.9090909090909091,0.073558805,4,1
2025-01,absl:ABSLMCF,0.7840909090909091,0.20752765999999997,10,9
2025-01,absl:ABSLQF,0.9534883720930233,0.11186196500000002,1,1
2025-01,absl:ABSLSO,0.9076923076923077,0.15502797799999998,2,4
2025-01,absl:ABSLTNLF,1.0,0.08982788800000001,0,0
2025-01,absl:ADVG,0.8452380952380952,0.209045126,6,7
2025-01,absl:BDYP,0.8888888888888888,0.18228962599999998,1,6
2025-01,absl:BINFRA,0.9365079365079365,0.159842655,2,2
2025-01,absl:BSL95F,0.9024390243902439,0.07094882699999999,3,5
2025-01,absl:BSLBKFS,0.8947368421052632,0.16040904699999997,3,1
2025-01,absl:BSLDAAF,0.8773584905660378,0.181302025,8,5
2025-01,absl:BSLEQTY,0.9,0.11898467600000001,2,6
2025-01,absl:BSLFEF,0.8888888888888888,0.08877566700000003,3,6
2025-01,absl:BSLMFG,0.9154929577464789,0.119661584,2,4
2025-01,absl:BSLNMF,0.8387096774193549,0.10397590200000001,2,3
2025-01,absl:BSLPHF,0.9285714285714286,0.07696840699999999,0,2
2025-01,absl:BSLR96,0.9,0.144641517,1,6
2025-01,absl:BSLTA1,0.8932038834951457,0.218857412,5,6
2025-01,absl:BTOP100,0.9032258064516129,0.138651904,2,1
2025-01,absl:GENNEXT,0.9382716049382716,0.11122827999999998,1,4
2025-01,absl:MIDCAP,0.8604651162790697,0.205456454,2,10
2025-01,absl:MNC,0.9696969696969697,0.114283119,2,0
2025-01,absl:PSUEQ,0.9210526315789473,0.063535362,1,2
2025-01,absl:PURE,0.935064935064935,0.192335221,2,3
2025-01,axis:AXISBCF,0.9230769230769231,0.1058,4,3
2025-01,axis:AXISCON,0.9295774647887324,0.2223,4,1
2025-01,axis:AXISDEF,0.8762886597938144,0.07590000000000001,8,4
2025-01,axis:AXISEHF,0.9759036144578314,0.0679,1,1
2025-01,axis:AXISEQF,0.9259259259259259,0.10859999999999999,3,1
2025-01,axis:AXISESG,0.9787234042553191,0.08429999999999999,0,1
2025-01,axis:AXISF25,0.9259259259259259,0.08990000000000002,1,1
2025-01,axis:AXISGOF,0.8666666666666667,0.1578,5,9
2025-01,axis:AXISIMF,0.9772727272727273,0.1426,1,1
2025-01,axis:AXISMCF,0.9029126213592233,0.1556,3,7
2025-01,axis:AXISMIF,0.7450980392156863,0.3518,7,6
2025-01,axis:AXISMLC,0.9212598425196851,0.1494,5,5
2025-01,axis:AXISMLF,0.9344262295081968,0.09930000000000004,1,3
2025-01,axis:AXISQUA,0.8823529411764706,0.1668,5,1
2025-01,axis:AXISSCF,0.9596774193548387,0.1082,3,2
2025-01,axis:AXISSSF,0.9666666666666667,0.0858,1,1
2025-01,axis:AXISTAF,0.8313253012048193,0.1827,10,4
2025-01,axis:AXISTSF,0.9651162790697675,0.08950000000000001,1,2
2025-01,axis:AXISVAL,0.9518072289156626,0.1322,1,3
2025-01,dsp:Aggressive Hybrid,0.8958333333333334,0.10129999999999999,3,2
2025-01,dsp:Banking and Financial Services,0.76,0.24050000000000002,3,3
2025-01,dsp:Business Cycle Fund,0.9285714285714286,0.2554,3,0
2025-01,dsp:DAAF,0.9333333333333333,0.1064,3,4
2025-01,dsp:EQUITYOPPOR,0.9210526315789473,0.1188,4,2
2025-01,dsp:FOCUS,0.9333333333333333,0.1008,1,1
2025-01,dsp:Flexi Cap,0.9827586206896551,0.104,1,0
2025-01,dsp:HEALTHCARE,0.9615384615384616,0.057599999999999985,1,0
2025-01,dsp:MIDCAP,0.9482758620689655,0.13169999999999998,1,2
2025-01,dsp:Multi Asset,0.75,0.1211,7,3
2025-01,dsp:Multicap Fund,0.8787878787878788,0.1747,6,2
2025-01,dsp:NRNEF,1.0,0.06070000000000001,0,0
2025-01,dsp:QUANT,0.390625,0.9658,16,23
2025-01,dsp:SMALLCAP,0.974025974025974,0.0766,2,0
2025-01,dsp:TAX,0.9393939393939394,0.0951,3,1
2025-01,dsp:TIGER,0.9090909090909091,0.22349999999999998,3,4
2025-01,dsp:TOP100,0.8571428571428571,0.1428,3,2
2025-01,dsp:VALUE,0.8245614035087719,0.1924,6,4
2025-01,hdfc:HDFCBKGFSF,0.8857142857142857,0.1048,1,3
2025-01,hdfc:HDFCBUSICY,0.9047619047619048,0.1552,2,4
2025-01,hdfc:HDFCCB,0.8876404494382022,0.1084,2,8
2025-01,hdfc:HDFCCS,0.896551724137931,0.123,1,2
2025-01,hdfc:HDFCDFNFND,1.0,0.11159999999999999,0,0
2025-01,hdfc:HDFCDIVYLD,0.975,0.0835,3,0
2025-01,hdfc:HDFCEQ,0.9454545454545454,0.08209999999999999,2,1
2025-01,hdfc:HDFCGR,0.9573170731707317,0.07200000000000001,3,4
2025-01,hdfc:HDFCHOF117,0.9444444444444444,0.0808,0,2
2025-01,hdfc:HDFCLARGEF,0.9806763285024155,0.1,3,1
2025-01,hdfc:HDFCMANFFN,0.9222222222222223,0.1206,1,6
2025-01,hdfc:HDFCMNCFND,0.8857142857142857,0.36319999999999997,3,1
2025-01,hdfc:HDFCMULCAP,0.9865470852017937,0.1084,2,1
2025-01,hdfc:HDFCNCCFND,0.9166666666666666,0.15360000000000001,1,3
2025-01,hdfc:HDFCPHARHC,0.8529411764705882,0.22180000000000002,4,1
2025-01,hdfc:HDFCPM,0.926829268292683,0.0719,2,1
2025-01,hdfc:HDFCSMALLF,0.9885057471264368,0.0812,1,0
2025-01,hdfc:HDFCT2,0.9333333333333333,0.08729999999999999,1,2
2025-01,hdfc:HDFCTECHFD,1.0,0.0812,0,0
2025-01,hdfc:HDFCTRALFD,1.0,0.07319999999999999,0,0
2025-01,hdfc:HDFCTS,0.9272727272727272,0.08839999999999998,4,0
2025-01,hdfc:HDINFG,0.9354838709677419,0.08449999999999999,2,2
2025-01,hdfc:MIDCAP,0.9135802469135802,0.1329,5,2
2025-01,hdfc:MY2005,0.92,0.1093,5,1
2025-01,icici:BAF,0.9425287356321839,0.067871961,5,0
2025-01,icici:BANFIN SERVICES,0.9736842105263158,0.11255260899999998,1,0
2025-01,icici:BCYCLE,0.972972972972973,0.099300835,2,0
2025-01,icici:BHACON,0.8793103448275862,0.148534179,4,3
2025-01,icici:BLUECHIP,0.9285714285714286,0.045024148,3,2
2025-01,icici:COMFUND,0.9782608695652174,0.12583994199999998,1,0
2025-01,icici:DISCO,0.8615384615384616,0.08461442499999998,7,2
2025-01,icici:DIVYLD,0.96875,0.07702432399999999,2,0
2025-01,icici:E&DF,0.9130434782608695,0.071352634,4,4
2025-01,icici:ENERGY,0.9761904761904762,0.241472555,0,1
2025-01,icici:ESGFUND,0.9565217391304348,0.06834630099999998,2,0
2025-01,icici:EXPORTS,0.8113207547169812,0.183041452,4,6
2025-01,icici:FLEXCAP,0.9558823529411765,0.10285066499999998,1,2
2025-01,icici:FMCG,0.875,0.10523700700000001,2,1
2025-01,icici:FOCUSED,0.8709677419354839,0.179166876,2,2
2025-01,icici:HOUSING,0.8636363636363636,0.08992823500000001,3,3
2025-01,icici:INDOPP,0.9014084507042254,0.17699747899999999,4,3
2025-01,icici:INFRA,0.9090909090909091,0.133259856,4,2
2025-01,icici:INNOVA,0.90625,0.184817176,3,3
2025-01,icici:LARGE & MIDCAP,0.8085106382978723,0.159265457,9,9
2025-01,icici:LTEF,0.9146341463414634,0.06970136000000003,6,1
2025-01,icici:MGFINDIA,0.9473684210526315,0.105822814,4,1
2025-01,icici:MIDCAP,0.9139784946236559,0.197868664,2,6
2025-01,icici:MNCFUND,0.9387755102040817,0.10945932400000001,1,2
2025-01,icici:MULTI,0.9333333333333333,0.070629071,5,1
2025-01,icici:MULTICAP,0.9112903225806451,0.147115289,3,8
2025-01,icici:PHARMA,0.7916666666666666,0.149853317,7,3
2025-01,icici:PSUEQU,1.0,0.04049945699999999,0,0
2025-01,icici:QUANT,0.6666666666666666,0.512303041,12,9
2025-01,icici:SMALL,0.963302752293578,0.119109753,2,2
2025-01,icici:TECH,1.0,0.08027277399999999,0,0
2025-01,icici:TRANSPO,0.926829268292683,0.118575149,1,2
2025-01,icici:VARIANCE,0.9666666666666667,0.170204102,1,0
2025-01,kotak:BAL,0.8307692307692308,0.1631,4,7
2025-01,kotak:BFS,0.8484848484848485,0.17,3,2
2025-01,kotak:CMP,0.8863636363636364,0.1533,3,2
2025-01,kotak:CON,0.9264705882352942,0.1613,2,3
2025-01,kotak:ELS,0.9482758620689655,0.1058,3,0
2025-01,kotak:EME,0.9848484848484849,0.10830000000000001,1,0
2025-01,kotak:ESG,0.9302325581395349,0.14559999999999998,2,1
2025-01,kotak:HLC,0.9375,0.11059999999999998,2,0
2025-01,kotak:K30,0.9508196721311475,0.07399999999999998,1,2
2025-01,kotak:KBA,0.9122807017543859,0.0718,6,4
2025-01,kotak:KBC,0.9464285714285714,0.10089999999999998,0,3
2025-01,kotak:KFE,0.9032258064516129,0.12389999999999998,1,2
2025-01,kotak:KIE,1.0,0.08930000000000002,0,0
2025-01,kotak:KMI,0.9322033898305084,0.11219999999999998,2,2
2025-01,kotak:KMN,0.9512195121951219,0.1125,2,0
2025-01,kotak:KOP,0.9130434782608695,0.1266,3,3
2025-01,kotak:KPF,0.9375,0.1161,1,2
2025-01,kotak:KQT,0.7540983606557377,0.4376,14,1
2025-01,kotak:MAF,0.9358974358974359,0.1074,3,2
2025-01,kotak:MID,0.935064935064935,0.11410000000000001,2,3
2025-01,kotak:MUC,0.9264705882352942,0.1434,5,0
2025-01,kotak:SEF,0.9655172413793104,0.06799999999999999,1,1
2025-01,kotak:SPO,0.9523809523809523,0.1093,2,0
2025-01,kotak:TAL,0.9629629629629629,0.2276,1,0
2025-01,kotak:TCH,1.0,0.0952,0,0
2025-01,mirae:MABAF,0.908256880733945,0.11560698000000001,8,2
2025-01,mirae:MABFF,0.8484848484848485,0.111626904,3,2
2025-01,mirae:MAEBF,0.9523809523809523,0.140674848,3,2
2025-01,mirae:MAFCF,0.9166666666666666,0.13444326,4,3
2025-01,mirae:MAFF,0.9354838709677419,0.119295283,1,1
2025-01,mirae:MAHCF,0.9090909090909091,0.11112397399999999,2,1
2025-01,mirae:MAIPF,0.8275862068965517,0.142708645,11,4
2025-01,mirae:MAMAAF,0.868421052631579,0.165932058,12,3
2025-01,mirae:MAMCF,0.9285714285714286,0.175852574,2,4
2025-01,mirae:MAMPF,0.8297872340425532,0.221202203,10,6
2025-01,mirae:MATSF,0.946236559139785,0.09264677299999999,1,4
2025-01,mirae:MICCF,0.8478260869565217,0.196902286,4,3
2025-01,mirae:MIIOF,0.9101123595505618,0.10594278056999999,6,2
2025-01,nippon:BF,0.9629629629629629,0.09090000000000001,0,1
2025-01,nippon:EA,0.8461538461538461,0.1828,7,5
2025-01,nippon:EO,0.943089430894309,0.1397,2,5
2025-01,nippon:GF,0.9381443298969072,0.10140000000000002,1,5
2025-01,nippon:GS,0.9135802469135802,0.1565,4,3
2025-01,nippon:IT,0.9565217391304348,0.1493,1,1
2025-01,nippon:LC,0.898989898989899,0.16770000000000002,2,8
2025-01,nippon:LE,0.9,0.12319999999999999,1,2
2025-01,nippon:ME,0.9736842105263158,0.0897,0,1
2025-01,nippon:MF,0.8764044943820225,0.1584,8,3
2025-01,nippon:NE,0.9285714285714286,0.08189999999999999,2,3
2025-01,nippon:PH,0.972972972972973,0.06470000000000001,1,0
2025-01,nippon:PS,0.9636363636363636,0.13600000000000004,2,0
2025-01,nippon:QP,0.75,0.2953,5,5
2025-01,nippon:SC,0.9658119658119658,0.1111,7,1
2025-01,nippon:SE,0.9375,0.1448,2,3
2025-01,nippon:SH,0.9333333333333333,0.0623,3,2
2025-01,nippon:TS,0.9672131147540983,0.0622,1,1
2025-01,ppfas:PPDAAF,1.0,0.006199999999999997,0,0
2025-01,ppfas:PPFCF,0.9629629629629629,0.067,1,0
2025-01,ppfas:PPTSF,0.96875,0.06870000000000001,1,0
2025-01,sbi:SBAF,0.9514563106796117,0.06480000000000001,3,2
2025-01,sbi:SBFS,0.92,0.20860000000000004,2,0
2025-01,sbi:SBI Quant Fund,0.47058823529411764,0.8596,10,8
2025-01,sbi:SBI-AOF,0.9642857142857143,0.1039,1,0
2025-01,sbi:SBLUECHIP,0.9148936170212766,0.1044,2,2
2025-01,sbi:SCF,0.9885057471264368,0.0554,1,0
2025-01,sbi:SCOF,0.94,0.17049999999999998,1,2
2025-01,sbi:SDYF,0.9574468085106383,0.0557,2,0
2025-01,sbi:SEHF,0.9512195121951219,0.084,1,1
2025-01,sbi:SEMVF,0.9423076923076923,0.1931,2,1
2025-01,sbi:SEOF,0.8787878787878788,0.2875,4,0
2025-01,sbi:SFEF,0.96,0.06909999999999998,0,1
2025-01,sbi:SFLEXI,0.7916666666666666,0.23340000000000002,2,18
2025-01,sbi:SHOF,0.9655172413793104,0.0881,0,1
2025-01,sbi:SIF,0.925,0.1242,0,3
2025-01,sbi:SIOF,0.9743589743589743,0.11159999999999998,1,0
2025-01,sbi:SLMF,0.9473684210526315,0.1506,1,3
2025-01,sbi:SLTEF,0.9833333333333333,0.05559999999999999,1,0
2025-01,sbi:SMAAF,0.9814814814814815,0.0874,1,0
2025-01,sbi:SMCF,0.8979591836734694,0.1894,5,0
2025-01,sbi:SMCOMMA,1.0,0.07619999999999999,0,0
2025-01,sbi:SMEEF,1.0,0.08010000000000002,0,0
2025-01,sbi:SMGLF,0.8387096774193549,0.3928,4,1
2025-01,sbi:SMIDCAP,0.984375,0.1337,1,0
2025-01,sbi:SPSU,1.0,0.05260000000000001,0,0
2025-01,sbi:SSCF,0.9508196721311475,0.0944,3,0
2025-01,sbi:STOF,1.0,0.098,0,0
2025-01,uti:002,0.9629629629629629,0.0335,0,2
2025-01,uti:017,0.9836065573770492,0.07469999999999999,0,1
2025-01,uti:042,0.9661016949152542,0.08130000000000001,0,2
2025-01,uti:049,0.855072463768116,0.19,7,3
2025-01,uti:066,0.8405797101449275,0.13,5,6
2025-01,uti:101,0.9411764705882353,0.17320000000000002,3,0
2025-01,uti:118,0.9534883720930233,0.09330000000000001,1,1
2025-01,uti:125,0.8870967741935484,0.1432,4,3
2025-01,uti:160,0.9550561797752809,0.121,2,2
2025-01,uti:161,0.9629629629629629,0.06470000000000001,0,2
2025-01,uti:162,0.9473684210526315,0.069,1,1
2025-01,uti:163,0.8611111111111112,0.2244,2,3
2025-01,uti:190,0.9310344827586207,0.0716,2,2
2025-01,uti:193,0.9333333333333333,0.06550000000000002,1,3
2025-01,uti:251,0.8979591836734694,0.15730000000000002,3,2
2025-01,uti:322,0.8666666666666667,0.13999999999999999,1,11
2025-01,uti:751,0.9560439560439561,0.1531,1,3
2025-01,uti:753,1.0,0.07179999999999997,0,0
2025-01,uti:773,0.9384615384615385,0.05899999999999999,1,3
2025-01,uti:775,1.0,0.08000000000000002,0,0
2025-02,absl:ABSLBCF,0.9428571428571428,0.13524525399999998,2,2
2025-02,absl:ABSLCONF,0.8529411764705882,0.121916166,5,0
2025-02,absl:ABSLESG,0.8867924528301887,0.142428742,4,2
2025-02,absl:ABSLMAAF,0.9814814814814815,0.05922621000000001,0,1
2025-02,absl:ABSLMCF,0.927710843373494,0.1927587,4,2
2025-02,absl:ABSLQF,1.0,0.05356692099999999,0,0
2025-02,absl:ABSLSO,0.9836065573770492,0.08020635000000001,0,1
2025-02,absl:ABSLTNLF,1.0,0.086927898,0,0
2025-02,absl:ADVG,0.8641975308641975,0.17762621100000003,4,7
2025-02,absl:BDYP,0.9824561403508771,0.08553608300000001,0,1
2025-02,absl:BINFRA,0.9365079365079365,0.13364393,2,2
2025-02,absl:BSL95F,0.9871794871794872,0.057973990999999996,1,0
2025-02,absl:BSLBKFS,0.9736842105263158,0.07768120699999999,1,0
2025-02,absl:BSLDAAF,0.9509803921568627,0.105375509,1,4
2025-02,absl:BSLEQTY,0.935064935064935,0.10027067,3,2
2025-02,absl:BSLFEF,0.9736842105263158,0.06430143,1,1
2025-02,absl:BSLMFG,0.9411764705882353,0.19128165100000002,1,3
2025-02,absl:BSLNMF,0.9655172413793104,0.09540324899999997,1,0
2025-02,absl:BSLPHF,0.8928571428571429,0.14215851999999998,2,1
2025-02,absl:BSLR96,0.9104477611940298,0.150257988,3,3
2025-02,absl:BSLTA1,0.87,0.17503111999999998,3,10
2025-02,absl:BTOP100,1.0,0.08488455100000002,0,0
2025-02,absl:GENNEXT,0.987012987012987,0.065428189,0,1
2025-02,absl:MIDCAP,0.8536585365853658,0.175888894,6,6
2025-02,absl:MNC,0.9411764705882353,0.08976770399999999,2,2
2025-02,absl:PSUEQ,1.0,0.05580533599999998,0,0
2025-02,absl:PURE,0.8860759493670886,0.142977095,5,4
2025-02,axis:AXISBCF,0.9130434782608695,0.1345,4,4
2025-02,axis:AXISCON,0.9859154929577465,0.0943,1,0
2025-02,axis:AXISDEF,0.88,0.0929,7,5
2025-02,axis:AXISEHF,0.9512195121951219,0.07099999999999998,0,4
2025-02,axis:AXISEQF,0.9811320754716981,0.07599999999999998,0,1
2025-02,axis:AXISESG,0.9347826086956522,0.1439,0,3
2025-02,axis:AXISF25,1.0,0.0832,0,0
2025-02,axis:AXISGOF,0.9896907216494846,0.0989,1,0
2025-02,axis:AXISIMF,0.9550561797752809,0.1769,2,2
2025-02,axis:AXISMCF,0.9405940594059405,0.124,5,1
2025-02,axis:AXISMIF,0.72,0.2759,5,9
2025-02,axis:AXISMLC,0.983739837398374,0.1314,1,1
2025-02,axis:AXISMLF,0.9655172413793104,0.0797,0,2
2025-02,axis:AXISQUA,0.7368421052631579,0.28709999999999997,7,8
2025-02,axis:AXISSCF,0.9838709677419355,0.0885,2,0
2025-02,axis:AXISSSF,1.0,0.0666,0,0
2025-02,axis:AXISTAF,0.8314606741573034,0.1262,10,5
2025-02,axis:AXISTSF,0.9764705882352941,0.06340000000000001,1,1
2025-02,axis:AXISVAL,0.9382716049382716,0.1628,1,4
2025-02,dsp:Aggressive Hybrid,0.9782608695652174,0.08710000000000001,0,1
2025-02,dsp:Banking and Financial Services,1.0,0.15239999999999998,0,0
2025-02,dsp:Business Cycle Fund,0.9767441860465116,0.1482,1,0
2025-02,dsp:DAAF,0.9223300970873787,0.1097,2,6
2025-02,dsp:EQUITYOPPOR,0.9466666666666667,0.10699999999999998,1,3
2025-02,dsp:FOCUS,0.9666666666666667,0.1046,1,0
2025-02,dsp:Flexi Cap,0.9827586206896551,0.0915,0,1
2025-02,dsp:HEALTHCARE,1.0,0.07259999999999998,0,0
2025-02,dsp:MIDCAP,0.9821428571428571,0.0734,0,1
2025-02,dsp:Multi Asset,1.0,0.0411,0,0
2025-02,dsp:Multicap Fund,0.9692307692307692,0.1058,1,1
2025-02,dsp:NRNEF,1.0,0.07309999999999998,0,0
2025-02,dsp:QUANT,0.9069767441860465,0.185,2,2
2025-02,dsp:SMALLCAP,0.9871794871794872,0.08600000000000001,1,0
2025-02,dsp:TAX,0.9393939393939394,0.11499999999999999,1,3
2025-02,dsp:TIGER,0.9452054794520548,0.1104,0,4
2025-02,dsp:TOP100,1.0,0.06990000000000002,0,0
2025-02,dsp:VALUE,1.0,0.0878,0,0
2025-02,hdfc:HDFCBKGFSF,0.9696969696969697,0.0731,1,0
2025-02,hdfc:HDFCBUSICY,0.8870967741935484,0.2082,3,4
2025-02,hdfc:HDFCCB,0.9146341463414634,0.11030000000000001,1,6
2025-02,hdfc:HDFCCS,0.9642857142857143,0.066,1,0
2025-02,hdfc:HDFCDFNFND,1.0,0.07349999999999997,0,0
2025-02,hdfc:HDFCDIVYLD,0.967741935483871,0.07940000000000001,4,0
2025-02,hdfc:HDFCEQ,0.9298245614035088,0.0694,3,1
2025-02,hdfc:HDFCGR,0.9457831325301205,0.0788,6,3
2025-02,hdfc:HDFCHOF117,0.9705882352941176,0.08289999999999999,0,1
2025-02,hdfc:HDFCLARGEF,0.9716981132075472,0.0788,6,0
2025-02,hdfc:HDFCMANFFN,0.9880952380952381,0.08609999999999998,0,1
2025-02,hdfc:HDFCMNCFND,0.8611111111111112,0.1869,2,3
2025-02,hdfc:HDFCMULCAP,0.9910714285714286,0.0729,2,0
2025-02,hdfc:HDFCNCCFND,0.9347826086956522,0.13049999999999998,1,2
2025-02,hdfc:HDFCPHARHC,0.9696969696969697,0.08259999999999999,0,1
2025-02,hdfc:HDFCPM,1.0,0.043699999999999996,0,0
2025-02,hdfc:HDFCSMALLF,0.9885057471264368,0.08650000000000001,0,1
2025-02,hdfc:HDFCT2,1.0,0.0528,0,0
2025-02,hdfc:HDFCTECHFD,0.9655172413793104,0.06939999999999996,1,0
2025-02,hdfc:HDFCTRALFD,1.0,0.0776,0,0
2025-02,hdfc:HDFCTS,1.0,0.05820000000000001,0,0
2025-02,hdfc:HDINFG,0.9016393442622951,0.1323,1,5
2025-02,hdfc:MIDCAP,0.9625,0.0844,1,2
2025-02,hdfc:MY2005,0.9866666666666667,0.0769,1,0
2025-02,icici:BAF,0.8585858585858586,0.06343747700000002,12,2
2025-02,icici:BANFIN SERVICES,0.9743589743589743,0.09375109100000002,1,0
2025-02,icici:BCYCLE,0.9736842105263158,0.08285430600000002,2,0
2025-02,icici:BHACON,0.9473684210526315,0.10061113499999999,2,1
2025-02,icici:BLUECHIP,0.9565217391304348,0.062275129000000026,1,2
2025-02,icici:COMFUND,1.0,0.096432687,0,0
2025-02,icici:DISCO,0.9384615384615385,0.07817101300000001,2,2
2025-02,icici:DIVYLD,0.96875,0.08372413499999999,0,2
2025-02,icici:E&DF,0.898876404494382,0.06015980000000002,1,8
2025-02,icici:ENERGY,0.9285714285714286,0.09867381300000001,1,2
2025-02,icici:ESGFUND,0.9361702127659575,0.06351350400000001,1,2
2025-02,icici:EXPORTS,0.9375,0.08905199200000002,1,2
2025-02,icici:FLEXCAP,0.9696969696969697,0.10105712199999999,0,2
2025-02,icici:FMCG,0.9130434782608695,0.04768238499999995,0,2
2025-02,icici:FOCUSED,0.9,0.14785202,1,2
2025-02,icici:HOUSING,1.0,0.077865675,0,0
2025-02,icici:INDOPP,0.875,0.12455896500000001,4,5
2025-02,icici:INFRA,0.9846153846153847,0.082411887,1,0
2025-02,icici:INNOVA,0.875,0.117560743,3,5
2025-02,icici:LARGE & MIDCAP,0.9101123595505618,0.109103024,4,4
2025-02,icici:LTEF,0.9397590361445783,0.111109301,2,3
2025-02,icici:MGFINDIA,0.968421052631579,0.161113341,1,2
2025-02,icici:MIDCAP,0.9325842696629213,0.126405693,2,4
2025-02,icici:MNCFUND,1.0,0.082528283,0,0
2025-02,icici:MULTI,0.945054945054945,0.06370358000000001,2,3
2025-02,icici:MULTICAP,0.9230769230769231,0.142000421,1,8
2025-02,icici:PHARMA,0.9555555555555556,0.101434271,0,2
2025-02,icici:PSUEQU,0.9705882352941176,0.07007558100000003,0,1
2025-02,icici:QUANT,0.8305084745762712,0.222669413,5,5
2025-02,icici:RURALOPP,0.7368421052631579,0.526940212,9,1
2025-02,icici:SMALL,0.918918918918919,0.11741148600000001,4,5
2025-02,icici:TECH,0.9402985074626866,0.10591043300000004,2,2
2025-02,icici:TRANSPO,1.0,0.097687824,0,0
2025-02,icici:VARIANCE,0.967741935483871,0.129072806,1,0
2025-02,kotak:BAL,0.9333333333333333,0.12269999999999999,2,2
2025-02,kotak:BFS,0.9354838709677419,0.09030000000000003,0,2
2025-02,kotak:CMP,1.0,0.07870000000000002,0,0
2025-02,kotak:CON,0.9090909090909091,0.14609999999999998,1,5
2025-02,kotak:ELS,1.0,0.09640000000000001,0,0
2025-02,kotak:EME,0.9117647058823529,0.10490000000000001,2,4
2025-02,kotak:ESG,0.9767441860465116,0.0607,1,0
2025-02,kotak:HLC,0.90625,0.13480000000000003,0,3
2025-02,kotak:K30,0.9830508474576272,0.0635,0,1
2025-02,kotak:KBA,0.9732142857142857,0.057100000000000005,2,1
2025-02,kotak:KBC,0.9629629629629629,0.08680000000000002,1,1
2025-02,kotak:KFE,0.9655172413793104,0.10609999999999996,0,1
2025-02,kotak:KIE,1.0,0.0916,0,0
2025-02,kotak:KMI,1.0,0.06910000000000002,0,0
2025-02,kotak:KMN,0.9761904761904762,0.052000000000000005,1,0
2025-02,kotak:KOP,1.0,0.092,0,0
2025-02,kotak:KPF,0.9361702127659575,0.0955,1,2
2025-02,kotak:KQT,0.8166666666666667,0.18769999999999998,0,11
2025-02,kotak:MAF,0.9605263157894737,0.0679,0,3
2025-02,kotak:MID,0.9866666666666667,0.08990000000000002,1,0
2025-02,kotak:MUC,0.9428571428571428,0.09989999999999999,2,2
2025-02,kotak:SEF,0.9824561403508771,0.0695,0,1
2025-02,kotak:SPO,0.9761904761904762,0.07060000000000002,0,1
2025-02,kotak:TAL,1.0,0.12269999999999999,0,0
2025-02,kotak:TCH,0.8620689655172413,0.09980000000000001,1,3
2025-02,mirae:MABAF,0.9196428571428571,0.09033286700000001,5,4
2025-02,mirae:MABFF,0.9032258064516129,0.08983317099999998,0,3
2025-02,mirae:MAEBF,0.9345794392523364,0.128351119,4,3
2025-02,mirae:MAFCF,0.9285714285714286,0.13092682,3,3
2025-02,mirae:MAFF,1.0,0.07513911999999999,0,0
2025-02,mirae:MAHCF,0.9090909090909091,0.067758184,1,2
2025-02,mirae:MAIPF,0.8863636363636364,0.111018956,5,5
2025-02,mirae:MAMAAF,0.9380530973451328,0.090543658,2,5
2025-02,mirae:MAMCF,0.9036144578313253,0.149736015,3,5
2025-02,mirae:MAMPF,0.9444444444444444,0.1282126,2,3
2025-02,mirae:MASCF,0.5652173913043478,0.590939189,29,1
2025-02,mirae:MATSF,0.9333333333333333,0.13535288399999998,1,5
2025-02,mirae:MIIOF,0.9090909090909091,0.07667752456999999,1,7
2025-02,nippon:BF,0.9629629629629629,0.07510000000000001,1,0
2025-02,nippon:EA,0.9594594594594594,0.1037,1,2
2025-02,nippon:EO,0.9586776859504132,0.09490000000000001,3,2
2025-02,nippon:GF,0.989247311827957,0.0725,1,0
2025-02,nippon:GS,0.8765432098765432,0.16770000000000002,3,7
2025-02,nippon:IT,0.9777777777777777,0.1442,0,1
2025-02,nippon:LC,0.8842105263157894,0.11420000000000002,4,7
2025-02,nippon:LE,0.9655172413793104,0.0975,1,0
2025-02,nippon:ME,0.9210526315789473,0.1319,1,2
2025-02,nippon:MF,0.8586956521739131,0.10969999999999999,6,7
2025-02,nippon:NE,0.9130434782608695,0.08499999999999999,2,4
2025-02,nippon:PH,0.972972972972973,0.08010000000000003,0,1
2025-02,nippon:PS,0.9298245614035088,0.11789999999999999,2,2
2025-02,nippon:QP,0.6666666666666666,0.3332,7,7
2025-02,nippon:SC,0.9662447257383966,0.1061,4,4
2025-02,nippon:SE,0.8641975308641975,0.1432,4,7
2025-02,nippon:SH,0.9864864864864865,0.0491,1,0
2025-02,nippon:TS,0.9672131147540983,0.0813,1,1
2025-02,ppfas:PPDAAF,0.8888888888888888,0.03139999999999999,1,0
2025-02,ppfas:PPFCF,1.0,0.037999999999999985,0,0
2025-02,ppfas:PPTSF,1.0,0.04389999999999998,0,0
2025-02,sbi:SBAF,0.9117647058823529,0.07869999999999999,1,8
2025-02,sbi:SBFS,0.92,0.3328,0,2
2025-02,sbi:SBI Quant Fund,0.6764705882352942,0.4319,8,3
2025-02,sbi:SBI-AOF,1.0,0.07159999999999998,0,0
2025-02,sbi:SBLUECHIP,1.0,0.06829999999999999,0,0
2025-02,sbi:SCF,0.9545454545454546,0.1214,1,3
2025-02,sbi:SCOF,0.9583333333333334,0.11889999999999999,0,2
2025-02,sbi:SDYF,1.0,0.0568,0,0
2025-02,sbi:SEHF,0.975609756097561,0.0814,1,0
2025-02,sbi:SEMVF,0.9803921568627451,0.0451,0,1
2025-02,sbi:SEOF,1.0,0.06160000000000001,0,0
2025-02,sbi:SFEF,1.0,0.1139,0,0
2025-02,sbi:SFLEXI,0.775,0.2187,2,16
2025-02,sbi:SHOF,1.0,0.0556,0,0
2025-02,sbi:SIF,0.9210526315789473,0.09759999999999999,1,2
2025-02,sbi:SIOF,0.926829268292683,0.1996,2,1
2025-02,sbi:SLMF,0.9726027397260274,0.1442,0,2
2025-02,sbi:SLTEF,0.967741935483871,0.11279999999999998,2,0
2025-02,sbi:SMAAF,0.9636363636363636,0.0678,1,1
2025-02,sbi:SMCF,0.9607843137254902,0.1715,2,0
2025-02,sbi:SMCOMMA,1.0,0.05009999999999999,0,0
2025-02,sbi:SMEEF,0.972972972972973,0.084,1,0
2025-02,sbi:SMGLF,1.0,0.08260000000000002,0,0
2025-02,sbi:SMIDCAP,0.90625,0.1305,0,6
2025-02,sbi:SPSU,1.0,0.041200000000000014,0,0
2025-02,sbi:SSCF,0.953125,0.11460000000000002,3,0
2025-02,sbi:STOF,0.9615384615384616,0.10690000000000001,1,0
2025-02,uti:002,0.9807692307692307,0.0264,0,1
2025-02,uti:017,0.9508196721311475,0.08679999999999999,1,2
2025-02,uti:042,0.9824561403508771,0.064,0,1
2025-02,uti:049,0.9552238805970149,0.0867,1,2
2025-02,uti:066,0.9841269841269841,0.05809999999999999,0,1
2025-02,uti:101,0.8703703703703703,0.1455,3,4
2025-02,uti:118,0.9767441860465116,0.08070000000000001,1,0
2025-02,uti:125,0.9661016949152542,0.094,0,2
2025-02,uti:160,0.8817204301075269,0.1491,6,5
2025-02,uti:161,1.0,0.09910000000000001,0,0
2025-02,uti:162,1.0,0.0788,0,0
2025-02,uti:163,0.9117647058823529,0.11950000000000001,1,2
2025-02,uti:190,0.9122807017543859,0.0877,1,4
2025-02,uti:193,0.9322033898305084,0.06780000000000001,2,2
2025-02,uti:251,0.9375,0.1198,1,2
2025-02,uti:322,0.9873417721518988,0.04409999999999999,0,1
2025-02,uti:751,0.9772727272727273,0.12169999999999999,0,2
2025-02,uti:753,1.0,0.0713,0,0
2025-02,uti:773,0.9242424242424242,0.1276,4,1
2025-02,uti:775,0.9615384615384616,0.1007,0,1
2025-02,uti:783,1.0,0.2089,0,0
2025-03,absl:ABSLBCF,0.9565217391304348,0.07924617999999999,1,2
2025-03,absl:ABSLCONF,0.9444444444444444,0.092922312,2,0
2025-03,absl:ABSLESG,0.9807692307692307,0.10500585400000001,1,0
2025-03,absl:ABSLMAAF,0.9464285714285714,0.058265342000000005,3,0
2025-03,absl:ABSLMCF,0.963855421686747,0.09971254699999998,2,1
2025-03,absl:ABSLQF,0.4,0.7349089679999999,18,18
2025-03,absl:ABSLSO,0.9672131147540983,0.076816212,1,1
2025-03,absl:ABSLTNLF,1.0,0.06701840799999997,0,0
2025-03,absl:ADVG,0.9466666666666667,0.099802517,1,3
2025-03,absl:BDYP,0.9464285714285714,0.099014428,0,3
2025-03,absl:BINFRA,0.9354838709677419,0.10005619899999998,1,3
2025-03,absl:BSL95F,0.9873417721518988,0.049077331000000016,1,0
2025-03,absl:BSLBKFS,0.9736842105263158,0.05884888700000001,0,1
2025-03,absl:BSLDAAF,0.9393939393939394,0.112895667,1,5
2025-03,absl:BSLEQTY,0.9736842105263158,0.06865088500000001,1,1
2025-03,absl:BSLFEF,0.935064935064935,0.06141394599999998,2,3
2025-03,absl:BSLMFG,1.0,0.062194582000000005,0,0
2025-03,absl:BSLNMF,0.8529411764705882,0.11343217899999998,5,0
2025-03,absl:BSLPHF,0.9642857142857143,0.07284955700000002,1,0
2025-03,absl:BSLR96,0.9545454545454546,0.11135064599999997,2,1
2025-03,absl:BSLTA1,0.9354838709677419,0.10838722800000002,3,3
2025-03,absl:BTOP100,0.9354838709677419,0.08700701600000002,1,1
2025-03,absl:GENNEXT,1.0,0.05282791399999999,0,0
2025-03,absl:MIDCAP,0.9605263157894737,0.071848382,0,3
2025-03,absl:MNC,0.9701492537313433,0.07951240199999998,1,1
2025-03,absl:PSUEQ,1.0,0.05958030199999999,0,0
2025-03,absl:PURE,0.9358974358974359,0.138722063,3,2
2025-03,axis:AXISBCF,0.9887640449438202,0.07010000000000001,1,0
2025-03,axis:AXISCON,1.0,0.13319999999999999,0,0
2025-03,axis:AXISDEF,0.9693877551020408,0.050800000000000005,3,0
2025-03,axis:AXISEHF,0.9873417721518988,0.068,1,0
2025-03,axis:AXISEQF,0.9807692307692307,0.10099999999999999,0,1
2025-03,axis:AXISESG,1.0,0.0473,0,0
2025-03,axis:AXISF25,0.9615384615384616,0.04650000000000001,0,1
2025-03,axis:AXISGOF,0.96,0.1412,3,1
2025-03,axis:AXISIMF,1.0,0.08360000000000001,0,0
2025-03,axis:AXISMCF,0.9803921568627451,0.0962,2,0
2025-03,axis:AXISMIF,0.7608695652173914,0.316,5,6
2025-03,axis:AXISMLC,0.9682539682539683,0.12810000000000002,4,0
2025-03,axis:AXISMLF,0.9642857142857143,0.061900000000000004,0,2
2025-03,axis:AXISQUA,0.7924528301886793,0.3054,4,7
2025-03,axis:AXISSCF,0.96875,0.06709999999999999,4,0
2025-03,axis:AXISSSF,1.0,0.06929999999999999,0,0
2025-03,axis:AXISTAF,0.8488372093023255,0.08100000000000002,2,11
2025-03,axis:AXISTSF,0.9647058823529412,0.06939999999999999,1,2
2025-03,axis:AXISVAL,0.9375,0.12469999999999998,3,2
2025-03,dsp:Aggressive Hybrid,0.9130434782608695,0.07999999999999999,1,3
2025-03,dsp:Banking and Financial Services,0.9565217391304348,0.11720000000000001,1,0
2025-03,dsp:Business Cycle Fund,1.0,0.0999,0,0
2025-03,dsp:DAAF,0.6836734693877551,0.1723,1,30
2025-03,dsp:EQUITYOPPOR,0.9722222222222222,0.083,0,2
2025-03,dsp:FOCUS,0.9354838709677419,0.09129999999999999,1,1
2025-03,dsp:Flexi Cap,0.9491525423728814,0.0803,2,1
2025-03,dsp:HEALTHCARE,0.9615384615384616,0.0637,0,1
2025-03,dsp:MIDCAP,0.9642857142857143,0.06900000000000002,1,1
2025-03,dsp:Multi Asset,1.0,0.0373,0,0
2025-03,dsp:Multicap Fund,0.9846153846153847,0.09369999999999999,1,0
2025-03,dsp:NRNEF,1.0,0.08969999999999997,0,0
2025-03,dsp:QUANT,0.7608695652173914,0.29410000000000003,5,6
2025-03,dsp:SMALLCAP,0.9871794871794872,0.08689999999999999,0,1
2025-03,dsp:TAX,0.9682539682539683,0.09029999999999998,0,2
2025-03,dsp:TIGER,1.0,0.1438,0,0
2025-03,dsp:TOP100,0.8823529411764706,0.07160000000000002,1,3
2025-03,dsp:VALUE,1.0,0.05800000000000001,0,0
2025-03,hdfc:HDFCBKGFSF,0.9393939393939394,0.06690000000000002,0,2
2025-03,hdfc:HDFCBUSICY,0.9344262295081968,0.12010000000000001,3,1
2025-03,hdfc:HDFCCB,0.9605263157894737,0.0684,0,3
2025-03,hdfc:HDFCCS,1.0,0.03450000000000001,0,0
2025-03,hdfc:HDFCDFNFND,0.9545454545454546,0.09540000000000001,1,0
2025-03,hdfc:HDFCDIVYLD,0.984,0.0686,1,1
2025-03,hdfc:HDFCEQ,0.9642857142857143,0.04429999999999999,0,2
2025-03,hdfc:HDFCGR,0.8928571428571429,0.05769999999999999,5,13
2025-03,hdfc:HDFCHOF117,0.9696969696969697,0.04269999999999999,0,1
2025-03,hdfc:HDFCLARGEF,0.9906103286384976,0.0608,1,1
2025-03,hdfc:HDFCMANFFN,0.9761904761904762,0.0654,1,1
2025-03,hdfc:HDFCMNCFND,0.9705882352941176,0.08239999999999999,1,0
2025-03,hdfc:HDFCMULCAP,0.9955357142857143,0.0623,0,1
2025-03,hdfc:HDFCNCCFND,0.9361702127659575,0.1596,3,0
2025-03,hdfc:HDFCPHARHC,0.96875,0.06519999999999998,0,1
2025-03,hdfc:HDFCPM,1.0,0.04260000000000001,0,0
2025-03,hdfc:HDFCSMALLF,0.9883720930232558,0.08259999999999999,0,1
2025-03,hdfc:HDFCT2,0.9772727272727273,0.04930000000000002,1,0
2025-03,hdfc:HDFCTECHFD,1.0,0.06440000000000001,0,0
2025-03,hdfc:HDFCTRALFD,1.0,0.06210000000000001,0,0
2025-03,hdfc:HDFCTS,1.0,0.055799999999999995,0,0
2025-03,hdfc:HDINFG,1.0,0.0524,0,0
2025-03,hdfc:MIDCAP,0.9873417721518988,0.055900000000000005,1,0
2025-03,hdfc:MY2005,1.0,0.07390000000000001,0,0
2025-03,icici:BAF,0.8865979381443299,0.052512876,0,11
2025-03,icici:BANFIN SERVICES,0.9,0.1264341,1,3
2025-03,icici:BCYCLE,0.8947368421052632,0.05467215700000002,0,8
2025-03,icici:BHACON,0.9642857142857143,0.07503809400000001,0,2
2025-03,icici:BLUECHIP,0.9402985074626866,0.084042676,0,4
2025-03,icici:COMFUND,0.9166666666666666,0.093575754,2,2
2025-03,icici:DISCO,0.9104477611940298,0.064289819,4,2
2025-03,icici:DIVYLD,0.9393939393939394,0.083167024,4,0
2025-03,icici:E&DF,0.9294117647058824,0.08707531900000001,4,2
2025-03,icici:ENERGY,0.9302325581395349,0.14502526400000001,3,0
2025-03,icici:ESGFUND,1.0,0.08476524100000002,0,0
2025-03,icici:EXPORTS,0.9782608695652174,0.095947227,0,1
2025-03,icici:FLEXCAP,0.984375,0.09344590500000002,0,1
2025-03,icici:FMCG,1.0,0.03565785699999999,0,0
2025-03,icici:FOCUSED,0.9655172413793104,0.12190307300000001,1,0
2025-03,icici:HOUSING,0.9069767441860465,0.13976680400000002,2,2
2025-03,icici:INDOPP,0.9154929577464789,0.127223461,4,2
2025-03,icici:INFRA,0.9253731343283582,0.10211370099999999,2,3
2025-03,icici:INNOVA,0.8571428571428571,0.12842571700000002,4,5
2025-03,icici:LARGE & MIDCAP,0.9659090909090909,0.12047177999999999,3,0
2025-03,icici:LTEF,0.9523809523809523,0.068926606,4,0
2025-03,icici:MGFINDIA,0.978494623655914,0.09163991399999999,0,2
2025-03,icici:MIDCAP,0.9651162790697675,0.10996843500000002,1,2
2025-03,icici:MNCFUND,0.9591836734693877,0.072824302,2,0
2025-03,icici:MULTI,0.9347826086956522,0.053566550000000004,4,2
2025-03,icici:MULTICAP,0.9279279279279279,0.10799780699999999,2,6
2025-03,icici:PHARMA,0.9318181818181818,0.07966112799999998,1,2
2025-03,icici:PSUEQU,0.9142857142857143,0.069255572,2,1
2025-03,icici:QUANT,0.9814814814814815,0.04561428199999999,0,1
2025-03,icici:RURALOPP,0.972972972972973,0.11474277499999998,0,1
2025-03,icici:SMALL,0.9814814814814815,0.121337416,2,0
2025-03,icici:TECH,1.0,0.060716255000000004,0,0
2025-03,icici:TRANSPO,0.95,0.088275101,1,1
2025-03,icici:VARIANCE,0.96875,0.097560219,1,0
2025-03,kotak:BAL,0.9661016949152542,0.08700000000000001,1,1
2025-03,kotak:BFS,0.9655172413793104,0.07530000000000002,0,1
2025-03,kotak:CMP,0.9523809523809523,0.08190000000000003,0,2
2025-03,kotak:CON,0.967741935483871,0.08739999999999999,1,1
2025-03,kotak:ELS,0.9310344827586207,0.16459999999999997,0,4
2025-03,kotak:EME,0.9696969696969697,0.088,2,0
2025-03,kotak:ESG,0.9767441860465116,0.066,0,1
2025-03,kotak:HLC,0.9655172413793104,0.07940000000000003,0,1
2025-03,kotak:K30,0.9661016949152542,0.0896,1,1
2025-03,kotak:KBA,0.9821428571428571,0.06330000000000001,1,1
2025-03,kotak:KBC,0.9811320754716981,0.0868,0,1
2025-03,kotak:KFE,0.9310344827586207,0.09430000000000001,1,1
2025-03,kotak:KIE,0.9629629629629629,0.0942,1,1
2025-03,kotak:KMI,0.9482758620689655,0.11410000000000001,1,2
2025-03,kotak:KMN,1.0,0.07809999999999999,0,0
2025-03,kotak:KOP,1.0,0.05579999999999999,0,0
2025-03,kotak:KPF,1.0,0.060399999999999995,0,0
2025-03,kotak:KQT,1.0,0.0418,0,0
2025-03,kotak:MAF,0.972972972972973,0.0987,1,1
2025-03,kotak:MID,0.935064935064935,0.11410000000000001,2,3
2025-03,kotak:MUC,0.9428571428571428,0.1281,2,2
2025-03,kotak:SEF,1.0,0.058900000000000015,0,0
2025-03,kotak:SPO,0.9761904761904762,0.12760000000000002,1,0
2025-03,kotak:TAL,1.0,0.11299999999999999,0,0
2025-03,kotak:TCH,0.9615384615384616,0.08509999999999998,0,1
2025-03,mirae:MABAF,0.9363636363636364,0.091848542,2,5
2025-03,mirae:MABFF,0.9333333333333333,0.1141267,2,0
2025-03,mirae:MAEBF,0.9252336448598131,0.12556109,3,5
2025-03,mirae:MAFCF,0.9397590361445783,0.081602152,2,3
2025-03,mirae:MAFF,0.9666666666666667,0.075957263,0,1
2025-03,mirae:MAHCF,0.9375,0.079511719,1,1
2025-03,mirae:MAIPF,0.9186046511627907,0.079423206,3,4
2025-03,mirae:MAMAAF,0.9459459459459459,0.09948324200000001,3,3
2025-03,mirae:MAMCF,0.9012345679012346,0.166322674,3,5
2025-03,mirae:MAMPF,0.9438202247191011,0.137808769,2,3
2025-03,mirae:MASCF,0.9855072463768116,0.131049869,1,0
2025-03,mirae:MATSF,0.9431818181818182,0.140534508,3,2
2025-03,mirae:MIIOF,0.9634146341463414,0.08200578294,1,2
2025-03,nippon:BF,1.0,0.04899999999999999,0,0
2025-03,nippon:EA,0.9452054794520548,0.07780000000000001,1,3
2025-03,nippon:EO,0.9672131147540983,0.0654,3,1
2025-03,nippon:GF,1.0,0.0642,0,0
2025-03,nippon:GS,0.9733333333333334,0.119,1,1
2025-03,nippon:IT,0.9347826086956522,0.09759999999999998,2,1
2025-03,nippon:LC,0.9887640449438202,0.09190000000000001,1,0
2025-03,nippon:LE,0.9666666666666667,0.08469999999999997,1,0
2025-03,nippon:ME,0.9722222222222222,0.0547,0,1
2025-03,nippon:MF,0.9431818181818182,0.058199999999999995,3,2
2025-03,nippon:NE,1.0,0.053800000000000014,0,0
2025-03,nippon:PH,1.0,0.05859999999999999,0,0
2025-03,nippon:PS,0.8813559322033898,0.0958,4,3
2025-03,nippon:QP,0.8421052631578947,0.15930000000000002,3,3
2025-03,nippon:SC,0.9493670886075949,0.0891,4,8
2025-03,nippon:SE,0.9342105263157895,0.1322,2,3
2025-03,nippon:SH,0.9866666666666667,0.057699999999999994,1,0
2025-03,nippon:TS,0.9833333333333333,0.055999999999999994,0,1
2025-03,ppfas:PPDAAF,1.0,0.0266,0,0
2025-03,ppfas:PPFCF,1.0,0.026600000000000002,0,0
2025-03,ppfas:PPTSF,1.0,0.03929999999999998,0,0
2025-03,sbi:SBAF,0.9893617021276596,0.07889999999999998,0,1
2025-03,sbi:SBFS,0.7037037037037037,0.1291,4,4
2025-03,sbi:SBI-AOF,0.9310344827586207,0.09330000000000002,1,1
2025-03,sbi:SBLUECHIP,0.9130434782608695,0.09519999999999999,1,3
2025-03,sbi:SCF,0.9529411764705882,0.0655,0,4
2025-03,sbi:SCOF,0.9787234042553191,0.0982,1,0
2025-03,sbi:SDYF,1.0,0.05310000000000002,0,0
2025-03,sbi:SEHF,0.975609756097561,0.06319999999999999,0,1
2025-03,sbi:SEMVF,1.0,0.04200000000000002,0,0
2025-03,sbi:SEOF,1.0,0.07990000000000001,0,0
2025-03,sbi:SFEF,0.92,0.08529999999999999,1,1
2025-03,sbi:SFLEXI,0.803030303030303,0.2203,2,11
2025-03,sbi:SHOF,1.0,0.04569999999999996,0,0
2025-03,sbi:SIF,0.9722222222222222,0.0697,0,1
2025-03,sbi:SIOF,0.975,0.1287,0,1
2025-03,sbi:SLMF,0.958904109589041,0.06920000000000003,2,1
2025-03,sbi:SLTEF,0.9838709677419355,0.09509999999999999,0,1
2025-03,sbi:SMAAF,1.0,0.0436,0,0
2025-03,sbi:SMCF,0.9607843137254902,0.06930000000000001,0,2
2025-03,sbi:SMCOMMA,1.0,0.055099999999999996,0,0
2025-03,sbi:SMEEF,1.0,0.0567,0,0
2025-03,sbi:SMGLF,0.967741935483871,0.06369999999999999,1,0
2025-03,sbi:SMIDCAP,0.9322033898305084,0.0811,1,3
2025-03,sbi:SPSU,0.9230769230769231,0.11950000000000002,1,1
2025-03,sbi:SSCF,0.9076923076923077,0.1261,1,5
2025-03,sbi:STOF,1.0,0.06839999999999999,0,0
2025-03,uti:002,0.9803921568627451,0.0252,0,1
2025-03,uti:017,0.9830508474576272,0.1151,0,1
2025-03,uti:042,0.9821428571428571,0.05860000000000002,0,1
2025-03,uti:049,0.9848484848484849,0.0976,1,0
2025-03,uti:066,0.953125,0.0739,2,1
2025-03,uti:101,0.96,0.0689,0,2
2025-03,uti:118,1.0,0.08420000000000001,0,0
2025-03,uti:125,0.9482758620689655,0.11939999999999998,1,2
2025-03,uti:160,0.9444444444444444,0.10800000000000001,2,3
2025-03,uti:161,1.0,0.05480000000000003,0,0
2025-03,uti:162,1.0,0.06730000000000003,0,0
2025-03,uti:163,0.96875,0.11320000000000001,0,1
2025-03,uti:190,0.9259259259259259,0.11679999999999999,1,3
2025-03,uti:193,0.9310344827586207,0.09940000000000002,1,3
2025-03,uti:251,0.9361702127659575,0.09670000000000001,1,2
2025-03,uti:322,0.9746835443037974,0.0411,1,1
2025-03,uti:751,0.9770114942528736,0.1066,1,1
2025-03,uti:753,0.9333333333333333,0.1057,1,1
2025-03,uti:773,0.9692307692307692,0.0682,0,2
2025-03,uti:775,0.96,0.0916,0,1
2025-03,uti:783,1.0,0.0575,0,0
2025-04,absl:ABSLBCF,0.9701492537313433,0.056261839999999994,0,2
2025-04,absl:ABSLCONF,0.972972972972973,0.06825220099999997,1,0
2025-04,absl:ABSLESG,0.9811320754716981,0.11580623700000003,1,0
2025-04,absl:ABSLMAAF,0.9824561403508771,0.044809211,1,0
2025-04,absl:ABSLMCF,0.9418604651162791,0.125679897,4,1
2025-04,absl:ABSLQF,1.0,0.045713723,0,0
2025-04,absl:ABSLSO,0.9836065573770492,0.08689249900000001,1,0
2025-04,absl:ABSLTNLF,0.9696969696969697,0.06521993099999998,0,1
2025-04,absl:ADVG,0.9726027397260274,0.09546602400000001,1,1
2025-04,absl:BDYP,1.0,0.047075099,0,0
2025-04,absl:BINFRA,0.9344262295081968,0.10841759600000002,2,2
2025-04,absl:BSL95F,0.9382716049382716,0.06761388899999998,2,3
2025-04,absl:BSLBKFS,0.9459459459459459,0.05412567200000001,0,2
2025-04,absl:BSLDAAF,0.968421052631579,0.053635485999999996,1,2
2025-04,absl:BSLEQTY,0.9736842105263158,0.061876357,1,1
2025-04,absl:BSLFEF,0.935064935064935,0.07926234600000001,3,2
2025-04,absl:BSLMFG,0.9230769230769231,0.14556447100000003,0,5
2025-04,absl:BSLNMF,0.9428571428571428,0.071937448,1,1
2025-04,absl:BSLPHF,1.0,0.05504320399999999,0,0
2025-04,absl:BSLR96,0.9393939393939394,0.10994073900000001,1,3
2025-04,absl:BSLTA1,0.9340659340659341,0.123013128,1,5
2025-04,absl:BTOP100,1.0,0.065698302,0,0
2025-04,absl:GENNEXT,1.0,0.049938124,0,0
2025-04,absl:MIDCAP,0.9473684210526315,0.090888919,3,1
2025-04,absl:MNC,0.9014084507042254,0.09285118199999999,5,2
2025-04,absl:PSUEQ,0.9722222222222222,0.07266433300000001,0,1
2025-04,absl:PURE,0.9615384615384616,0.141358883,2,1
2025-04,axis:AXISBCF,0.9120879120879121,0.1237,2,6
2025-04,axis:AXISCON,0.9324324324324325,0.16929999999999998,3,2
2025-04,axis:AXISDEF,0.9494949494949495,0.05829999999999999,1,4
2025-04,axis:AXISEHF,0.9875,0.0449,1,0
2025-04,axis:AXISEQF,0.9423076923076923,0.12219999999999998,1,2
2025-04,axis:AXISESG,0.9333333333333333,0.11189999999999999,2,1
2025-04,axis:AXISF25,0.96,0.06159999999999999,0,1
2025-04,axis:AXISGOF,0.88,0.1613,1,11
2025-04,axis:AXISIMF,0.9886363636363636,0.09549999999999999,1,0
2025-04,axis:AXISMCF,0.9320388349514563,0.0959,1,6
2025-04,axis:AXISMIF,0.7021276595744681,0.3055,7,7
2025-04,axis:AXISMLC,0.8854961832061069,0.2371,5,10
2025-04,axis:AXISMLF,0.9629629629629629,0.073,0,2
2025-04,axis:AXISQUA,0.75,0.3392,6,7
2025-04,axis:AXISSCF,0.9618320610687023,0.07309999999999998,3,2
2025-04,axis:AXISSSF,0.9833333333333333,0.060899999999999996,1,0
2025-04,axis:AXISTAF,0.9487179487179487,0.0813,3,1
2025-04,axis:AXISTSF,0.9764705882352941,0.06920000000000001,2,0
2025-04,axis:AXISVAL,0.8636363636363636,0.15580000000000002,10,2
2025-04,dsp:Aggressive Hybrid,0.9090909090909091,0.0732,1,3
2025-04,dsp:Banking and Financial Services,0.875,0.144,1,2
2025-04,dsp:Business Cycle Fund,0.9555555555555556,0.2107,2,0
2025-04,dsp:DAAF,0.9714285714285714,0.10809999999999999,2,0
2025-04,dsp:EQUITYOPPOR,1.0,0.1081,0,0
2025-04,dsp:FOCUS,0.9666666666666667,0.08330000000000001,0,1
2025-04,dsp:Flexi Cap,0.9827586206896551,0.0856,0,1
2025-04,dsp:HEALTHCARE,1.0,0.05920000000000001,0,0
2025-04,dsp:MIDCAP,0.9649122807017544,0.08490000000000002,2,0
2025-04,dsp:Multi Asset,0.972972972972973,0.0504,0,1
2025-04,dsp:Multicap Fund,0.9545454545454546,0.09169999999999999,1,2
2025-04,dsp:NRNEF,1.0,0.07450000000000001,0,0
2025-04,dsp:QUANT,0.9512195121951219,0.0956,1,1
2025-04,dsp:SMALLCAP,0.9487179487179487,0.08209999999999999,1,3
2025-04,dsp:TAX,1.0,0.09640000000000001,0,0
2025-04,dsp:TIGER,0.9436619718309859,0.1746,2,2
2025-04,dsp:TOP100,0.967741935483871,0.0719,0,1
2025-04,dsp:VALUE,0.9811320754716981,0.07929999999999998,0,1
2025-04,hdfc:HDFCBKGFSF,0.9375,0.0697,1,1
2025-04,hdfc:HDFCBUSICY,0.8507462686567164,0.21569999999999998,7,3
2025-04,hdfc:HDFCCB,0.9473684210526315,0.0809,3,1
2025-04,hdfc:HDFCCS,0.9310344827586207,0.05669999999999999,1,1
2025-04,hdfc:HDFCDFNFND,1.0,0.07349999999999998,0,0
2025-04,hdfc:HDFCDIVYLD,0.9538461538461539,0.08360000000000001,6,0
2025-04,hdfc:HDFCEQ,0.9818181818181818,0.05829999999999999,1,0
2025-04,hdfc:HDFCGR,0.9808917197452229,0.0417,2,1
2025-04,hdfc:HDFCHOF117,0.9696969696969697,0.057800000000000004,1,0
2025-04,hdfc:HDFCLARGEF,0.9906542056074766,0.0624,2,0
2025-04,hdfc:HDFCMANFFN,0.9880952380952381,0.06650000000000002,1,0
2025-04,hdfc:HDFCMNCFND,0.868421052631579,0.14370000000000002,4,1
2025-04,hdfc:HDFCMULCAP,0.9823788546255506,0.0671,4,0
2025-04,hdfc:HDFCNCCFND,0.9787234042553191,0.0802,0,1
2025-04,hdfc:HDFCPHARHC,0.8787878787878788,0.13559999999999997,2,2
2025-04,hdfc:HDFCPM,1.0,0.02759999999999999,0,0
2025-04,hdfc:HDFCSMALLF,0.9882352941176471,0.06490000000000001,0,1
2025-04,hdfc:HDFCT2,0.9148936170212766,0.1134,3,1
2025-04,hdfc:HDFCTECHFD,1.0,0.06779999999999999,0,0
2025-04,hdfc:HDFCTRALFD,1.0,0.0634,0,0
2025-04,hdfc:HDFCTS,0.9464285714285714,0.0674,1,2
2025-04,hdfc:HDINFG,0.9821428571428571,0.0589,0,1
2025-04,hdfc:MIDCAP,1.0,0.0902,0,0
2025-04,hdfc:MY2005,0.9736842105263158,0.04639999999999999,1,1
2025-04,icici:BAF,0.9204545454545454,0.054019979,2,5
2025-04,icici:BANFIN SERVICES,0.8947368421052632,0.09644901900000001,1,3
2025-04,icici:BCYCLE,0.8441558441558441,0.089801915,9,3
2025-04,icici:BHACON,0.864406779661017,0.2094664,5,3
2025-04,icici:BLUECHIP,0.9104477611940298,0.067001567,4,2
2025-04,icici:COMFUND,0.9166666666666666,0.06307364799999998,2,2
2025-04,icici:DISCO,0.9552238805970149,0.093253559,2,1
2025-04,icici:DIVYLD,0.9848484848484849,0.07885136899999996,0,1
2025-04,icici:E&DF,0.9195402298850575,0.080025658,4,3
2025-04,icici:ENERGY,0.9130434782608695,0.168645654,3,1
2025-04,icici:ESGFUND,0.9574468085106383,0.11773389699999998,2,0
2025-04,icici:EXPORTS,0.8979591836734694,0.12418032899999999,4,1
2025-04,icici:FLEXCAP,0.9242424242424242,0.063302442,3,2
2025-04,icici:FMCG,0.9545454545454546,0.090042913,1,0
2025-04,icici:FOCUSED,0.8125,0.17972856799999998,3,3
2025-04,icici:HOUSING,0.8837209302325582,0.153741425,2,3
2025-04,icici:INDOPP,0.9710144927536232,0.13025635299999996,0,2
2025-04,icici:INFRA,0.9242424242424242,0.126287197,2,3
2025-04,icici:INNOVA,0.7833333333333333,0.203912612,2,11
2025-04,icici:LARGE & MIDCAP,0.9042553191489362,0.153771643,6,3
2025-04,icici:LTEF,0.9523809523809523,0.083409893,0,4
2025-04,icici:MGFINDIA,0.9479166666666666,0.169453372,5,0
2025-04,icici:MIDCAP,0.9111111111111111,0.10277168200000002,6,2
2025-04,icici:MNCFUND,0.8846153846153846,0.150648,3,3
2025-04,icici:MULTI,0.956989247311828,0.078327532,3,1
2025-04,icici:MULTICAP,0.9716981132075472,0.117046811,1,2
2025-04,icici:PHARMA,0.9302325581395349,0.14847723699999996,1,2
2025-04,icici:PSUEQU,0.9714285714285714,0.149346357,1,0
2025-04,icici:QUANT,0.8421052631578947,0.18783601200000002,4,5
2025-04,icici:RURALOPP,0.8947368421052632,0.16898608899999998,2,2
2025-04,icici:SMALL,0.9210526315789473,0.12068697499999999,6,3
2025-04,icici:TECH,0.9552238805970149,0.08162073400000001,2,1
2025-04,icici:TRANSPO,0.8604651162790697,0.12967186499999997,4,2
2025-04,icici:VARIANCE,0.9393939393939394,0.204300582,1,1
2025-04,kotak:BAL,0.9491525423728814,0.05870000000000001,1,2
2025-04,kotak:BFS,0.7419354838709677,0.11129999999999995,3,5
2025-04,kotak:CMP,0.9047619047619048,0.06939999999999999,2,2
2025-04,kotak:CON,0.8095238095238095,0.2124,2,10
2025-04,kotak:ELS,0.9818181818181818,0.07389999999999998,1,0
2025-04,kotak:EME,0.9848484848484849,0.10129999999999999,0,1
2025-04,kotak:ESG,0.9761904761904762,0.082,0,1
2025-04,kotak:HLC,0.9310344827586207,0.10350000000000002,1,1
2025-04,kotak:K30,1.0,0.0611,0,0
2025-04,kotak:KBA,0.9469026548672567,0.04939999999999999,2,4
2025-04,kotak:KBC,0.9629629629629629,0.0803,2,0
2025-04,kotak:KFE,1.0,0.05720000000000001,0,0
2025-04,kotak:KIE,0.9444444444444444,0.12219999999999998,1,2
2025-04,kotak:KMI,0.9824561403508771,0.084,1,0
2025-04,kotak:KMN,0.9318181818181818,0.1031,2,1
2025-04,kotak:KOP,0.9850746268656716,0.06290000000000001,1,0
2025-04,kotak:KPF,0.9777777777777777,0.051799999999999985,0,1
2025-04,kotak:KQT,0.7538461538461538,0.4439,16,0
2025-04,kotak:MAF,0.7534246575342466,0.096,0,18
2025-04,kotak:MID,0.96,0.062299999999999994,1,2
2025-04,kotak:MUC,0.927536231884058,0.1526,1,4
2025-04,kotak:SEF,0.9824561403508771,0.0596,1,0
2025-04,kotak:SPO,0.9090909090909091,0.1108,2,2
2025-04,kotak:TAL,0.9642857142857143,0.08990000000000001,1,0
2025-04,kotak:TCH,0.9230769230769231,0.09779999999999997,1,1
2025-04,mirae:MABAF,0.9716981132075472,0.06214236699999999,1,2
2025-04,mirae:MABFF,0.7941176470588235,0.297440494,4,3
2025-04,mirae:MAEBF,0.9326923076923077,0.170174798,2,5
2025-04,mirae:MAFCF,0.9397590361445783,0.11826081599999999,3,2
2025-04,mirae:MAFF,0.9666666666666667,0.089567983,1,0
2025-04,mirae:MAHCF,0.967741935483871,0.08191548000000001,0,1
2025-04,mirae:MAIPF,0.9523809523809523,0.06609882600000001,2,2
2025-04,mirae:MAMAAF,0.9459459459459459,0.070399006,3,3
2025-04,mirae:MAMCF,0.875,0.206991703,4,6
2025-04,mirae:MAMPF,0.8387096774193549,0.246241672,7,8
2025-04,mirae:MASCF,0.9714285714285714,0.131288233,1,1
2025-04,mirae:MATSF,0.9770114942528736,0.12354523800000002,1,1
2025-04,mirae:MICCF,0.975,0.09456740500000001,0,1
2025-04,mirae:MIIOF,0.963855421686747,0.07119789072999998,3,0
2025-04,nippon:AM,0.7391304347826086,0.3798,6,6
2025-04,nippon:BF,0.9642857142857143,0.07020000000000001,1,0
2025-04,nippon:EA,0.9859154929577465,0.0902,1,0
2025-04,nippon:EO,0.968,0.07120000000000001,4,0
2025-04,nippon:GF,0.9787234042553191,0.0685,1,1
2025-04,nippon:GS,0.9367088607594937,0.1312,5,0
2025-04,nippon:IT,0.9574468085106383,0.1268,2,0
2025-04,nippon:LC,0.9456521739130435,0.0853,3,2
2025-04,nippon:LE,1.0,0.0689,0,0
2025-04,nippon:ME,0.9722222222222222,0.0624,1,0
2025-04,nippon:MF,0.9770114942528736,0.09230000000000001,1,1
2025-04,nippon:NE,1.0,0.034499999999999996,0,0
2025-04,nippon:PH,0.972972972972973,0.0509,1,0
2025-04,nippon:PS,0.9491525423728814,0.11980000000000002,3,0
2025-04,nippon:QP,0.9444444444444444,0.16929999999999998,1,1
2025-04,nippon:SC,0.9783549783549783,0.07980000000000001,2,3
2025-04,nippon:SE,0.958904109589041,0.09930000000000003,0,3
2025-04,nippon:SH,0.948051948051948,0.05439999999999999,2,2
2025-04,nippon:TS,0.9672131147540983,0.052400000000000016,2,0
2025-04,ppfas:PPDAAF,0.8888888888888888,0.004100000000000002,0,1
2025-04,ppfas:PPFCF,0.9629629629629629,0.025700000000000004,0,1
2025-04,ppfas:PPTSF,0.96875,0.038599999999999995,0,1
2025-04,sbi:SBAF,0.9893617021276596,0.06449999999999999,1,0
2025-04,sbi:SBFS,0.875,0.2603,1,2
2025-04,sbi:SBI-AOF,0.9285714285714286,0.09630000000000002,0,2
2025-04,sbi:SBLUECHIP,0.9069767441860465,0.12069999999999999,0,4
2025-04,sbi:SCF,0.9390243902439024,0.11470000000000001,1,4
2025-04,sbi:SCOF,1.0,0.10010000000000001,0,0
2025-04,sbi:SDYF,1.0,0.04409999999999998,0,0
2025-04,sbi:SEHF,0.9523809523809523,0.056,2,0
2025-04,sbi:SEMVF,0.9230769230769231,0.3141,2,2
2025-04,sbi:SEOF,0.9428571428571428,0.10209999999999998,2,0
2025-04,sbi:SFEF,0.9583333333333334,0.12470000000000002,0,1
2025-04,sbi:SFLEXI,0.8947368421052632,0.1574,2,4
2025-04,sbi:SHOF,0.9310344827586207,0.1177,1,1
2025-04,sbi:SIF,1.0,0.07090000000000002,0,0
2025-04,sbi:SIOF,0.925,0.12719999999999998,1,2
2025-04,sbi:SLMF,0.9324324324324325,0.1309,2,3
2025-04,sbi:SLTEF,1.0,0.0725,0,0
2025-04,sbi:SMAAF,0.9298245614035088,0.0793,3,1
2025-04,sbi:SMCF,0.94,0.07150000000000001,1,2
2025-04,sbi:SMCOMMA,0.9642857142857143,0.1209,1,0
2025-04,sbi:SMEEF,0.9473684210526315,0.06330000000000001,1,1
2025-04,sbi:SMGLF,0.96875,0.0851,1,0
2025-04,sbi:SMIDCAP,0.9482758620689655,0.09479999999999998,2,1
2025-04,sbi:SPSU,1.0,0.0483,0,0
2025-04,sbi:SQF,0.5434782608695652,0.6081,19,2
2025-04,sbi:SSCF,0.921875,0.08079999999999998,4,1
2025-04,sbi:STOF,0.9259259259259259,0.1425,1,1
2025-04,uti:002,1.0,0.02189999999999999,0,0
2025-04,uti:017,0.9482758620689655,0.08349999999999999,0,3
2025-04,uti:042,1.0,0.0497,0,0
2025-04,uti:049,0.9558823529411765,0.09780000000000001,2,1
2025-04,uti:066,0.9384615384615385,0.07010000000000001,2,2
2025-04,uti:101,0.9591836734693877,0.10419999999999999,1,1
2025-04,uti:118,0.9318181818181818,0.07980000000000001,1,2
2025-04,uti:125,0.9464285714285714,0.10209999999999998,0,3
2025-04,uti:160,0.9340659340659341,0.1259,4,2
2025-04,uti:161,1.0,0.05119999999999999,0,0
2025-04,uti:162,0.9736842105263158,0.06709999999999999,1,0
2025-04,uti:163,0.9393939393939394,0.088,2,0
2025-04,uti:190,0.9433962264150944,0.0909,2,1
2025-04,uti:193,0.9464285714285714,0.0891,1,2
2025-04,uti:251,0.8695652173913043,0.07100000000000001,1,5
2025-04,uti:322,0.71,0.3804,22,7
2025-04,uti:751,0.8404255319148937,0.25889999999999996,8,7
2025-04,uti:753,0.9333333333333333,0.11649999999999999,1,1
2025-04,uti:773,0.9230769230769231,0.05310000000000001,2,3
2025-04,uti:775,1.0,0.07689999999999998,0,0
2025-04,uti:783,1.0,0.08000000000000002,0,0
2025-05,absl:ABSLBCF,0.9552238805970149,0.068121328,2,1
2025-05,absl:ABSLCONF,0.9230769230769231,0.09619184500000001,2,1
2025-05,absl:ABSLESG,0.8947368421052632,0.126380687,4,2
2025-05,absl:ABSLMAAF,0.9152542372881356,0.074788715,2,3
2025-05,absl:ABSLMCF,0.9431818181818182,0.13072125999999998,3,2
2025-05,absl:ABSLQF,0.9534883720930233,0.05318109899999999,1,1
2025-05,absl:ABSLSO,0.90625,0.13959827100000002,3,3
2025-05,absl:ABSLTNLF,0.9696969696969697,0.05813770599999998,1,0
2025-05,absl:ADVG,0.92,0.124675821,3,3
2025-05,absl:BDYP,1.0,0.044753021999999996,0,0
2025-05,absl:BINFRA,0.9016393442622951,0.144495131,2,4
2025-05,absl:BSL95F,0.9743589743589743,0.03991619,0,2
2025-05,absl:BSLBKFS,0.9444444444444444,0.05486309,1,1
2025-05,absl:BSLDAAF,0.6938775510204082,0.13445179499999999,5,25
2025-05,absl:BSLEQTY,0.9868421052631579,0.06343924700000002,1,0
2025-05,absl:BSLFEF,0.9733333333333334,0.051314538,0,2
2025-05,absl:BSLMFG,0.8333333333333334,0.162234188,6,5
2025-05,absl:BSLNMF,0.9714285714285714,0.06193276100000001,1,0
2025-05,absl:BSLPHF,0.9333333333333333,0.13149572299999998,2,0
2025-05,absl:BSLR96,0.9230769230769231,0.08383747100000001,2,3
2025-05,absl:BSLTA1,0.9659090909090909,0.10843159600000002,2,1
2025-05,absl:BTOP100,1.0,0.05609301599999998,0,0
2025-05,absl:GENNEXT,0.9493670886075949,0.094531126,3,1
2025-05,absl:MIDCAP,0.8734177215189873,0.161737662,4,6
2025-05,absl:MNC,0.9855072463768116,0.082111857,0,1
2025-05,absl:PSUEQ,1.0,0.06490248699999998,0,0
2025-05,absl:PURE,0.8902439024390244,0.128826922,5,4
2025-05,axis:AXISBCF,0.9882352941176471,0.09430000000000001,0,1
2025-05,axis:AXISCON,0.9594594594594594,0.0802,2,1
2025-05,axis:AXISDEF,0.9489795918367347,0.09720000000000001,3,2
2025-05,axis:AXISEHF,0.9518072289156626,0.0618,3,1
2025-05,axis:AXISEQF,0.9423076923076923,0.11870000000000001,2,1
2025-05,axis:AXISESG,0.8913043478260869,0.07820000000000002,2,3
2025-05,axis:AXISF25,0.88,0.11430000000000001,1,2
2025-05,axis:AXISGOF,0.9340659340659341,0.10300000000000001,2,4
2025-05,axis:AXISIMF,0.9560439560439561,0.1434,3,1
2025-05,axis:AXISMCF,0.9494949494949495,0.1111,2,3
2025-05,axis:AXISMIF,0.7777777777777778,0.2919,5,5
2025-05,axis:AXISMLC,0.9354838709677419,0.1312,3,5
2025-05,axis:AXISMLF,0.9272727272727272,0.0842,3,1
2025-05,axis:AXISQUA,0.72,0.3453,5,9
2025-05,axis:AXISSCF,0.9847328244274809,0.08429999999999999,2,0
2025-05,axis:AXISSSF,0.9672131147540983,0.1104,1,1
2025-05,axis:AXISTAF,0.8780487804878049,0.11170000000000001,5,5
2025-05,axis:AXISTSF,0.9545454545454546,0.1001,3,1
2025-05,axis:AXISVAL,0.8478260869565217,0.1854,6,8
2025-05,dsp:Aggressive Hybrid,0.975609756097561,0.05040000000000001,0,1
2025-05,dsp:Banking and Financial Services,0.9130434782608695,0.09159999999999999,1,1
2025-05,dsp:Business Cycle Fund,0.8979591836734694,0.177,4,1
2025-05,dsp:DAAF,0.9714285714285714,0.0824,0,2
2025-05,dsp:Flexi Cap,0.9827586206896551,0.07269999999999999,1,0
2025-05,dsp:HEALTHCARE,1.0,0.0785,0,0
2025-05,dsp:MIDCAP,0.9649122807017544,0.1042,0,2
2025-05,dsp:Multi Asset,1.0,0.023999999999999997,0,0
2025-05,dsp:Multicap Fund,1.0,0.0949,0,0
2025-05,dsp:NRNEF,0.9565217391304348,0.062200000000000005,1,0
2025-05,dsp:QUANT,0.7021276595744681,0.338,7,7
2025-05,dsp:SMALLCAP,1.0,0.1133,0,0
2025-05,dsp:TAX,0.9836065573770492,0.07070000000000001,0,1
2025-05,dsp:TIGER,0.9166666666666666,0.1512,3,3
2025-05,dsp:VALUE,1.0,0.04629999999999999,0,0
2025-05,hdfc:HDFCBKGFSF,0.8235294117647058,0.06620000000000005,3,3
2025-05,hdfc:HDFCBUSICY,0.8571428571428571,0.19930000000000003,6,4
2025-05,hdfc:HDFCCB,0.9342105263157895,0.0991,1,4
2025-05,hdfc:HDFCCS,1.0,0.06469999999999998,0,0
2025-05,hdfc:HDFCDFNFND,0.9166666666666666,0.15709999999999996,2,0
2025-05,hdfc:HDFCDIVYLD,0.9624060150375939,0.09220000000000002,3,2
2025-05,hdfc:HDFCEQ,0.9285714285714286,0.08050000000000002,1,3
2025-05,hdfc:HDFCGR,0.9430379746835443,0.03900000000000001,2,7
2025-05,hdfc:HDFCHOF117,0.9705882352941176,0.07950000000000002,1,0
2025-05,hdfc:HDFCLARGEF,0.9906976744186047,0.05899999999999999,1,1
2025-05,hdfc:HDFCMANFFN,0.9534883720930233,0.11130000000000002,2,2
2025-05,hdfc:HDFCMNCFND,1.0,0.0942,0,0
2025-05,hdfc:HDFCMULCAP,0.9783549783549783,0.0718,4,1
2025-05,hdfc:HDFCNCCFND,0.82,0.20829999999999999,4,5
2025-05,hdfc:HDFCPHARHC,0.967741935483871,0.0984,0,1
2025-05,hdfc:HDFCPM,0.975,0.044399999999999995,0,1
2025-05,hdfc:HDFCSMALLF,0.9882352941176471,0.0805,1,0
2025-05,hdfc:HDFCT2,0.9782608695652174,0.0971,0,1
2025-05,hdfc:HDFCTECHFD,0.9333333333333333,0.1118,1,1
2025-05,hdfc:HDFCTRALFD,0.7941176470588235,0.17640000000000003,5,2
2025-05,hdfc:HDFCTS,0.9629629629629629,0.06119999999999999,0,2
2025-05,hdfc:HDINFG,1.0,0.06169999999999999,0,0
2025-05,hdfc:MIDCAP,0.95,0.087,1,3
2025-05,hdfc:MY2005,0.9736842105263158,0.054599999999999996,1,1
2025-05,icici:BAF,0.9647058823529412,0.05347753200000001,2,1
2025-05,icici:BANFIN SERVICES,0.8205128205128205,0.09304993399999997,4,3
2025-05,icici:BCYCLE,0.8846153846153846,0.12670555,4,5
2025-05,icici:BHACON,0.9166666666666666,0.13099465400000002,4,1
2025-05,icici:BLUECHIP,0.9701492537313433,0.04147683,2,0
2025-05,icici:COMFUND,0.9574468085106383,0.057953544999999974,1,1
2025-05,icici:DISCO,0.9117647058823529,0.11287338300000001,2,4
2025-05,icici:DIVYLD,0.9253731343283582,0.105386106,2,3
2025-05,icici:E&DF,0.8804347826086957,0.073605795,8,3
2025-05,icici:ENERGY,0.8979591836734694,0.170982512,4,1
2025-05,icici:ESGFUND,0.9361702127659575,0.072758664,0,3
2025-05,icici:EXPORTS,0.7636363636363637,0.20641990899999998,7,6
2025-05,icici:FLEXCAP,0.984375,0.05685232499999999,0,1
2025-05,icici:FMCG,0.9565217391304348,0.077358229,1,0
2025-05,icici:FOCUSED,0.84375,0.203289873,3,2
2025-05,icici:HOUSING,0.8863636363636364,0.16515353,4,1
2025-05,icici:INDOPP,0.8493150684931506,0.160176539,6,5
2025-05,icici:INFRA,0.9365079365079365,0.113357722,0,4
2025-05,icici:INNOVA,0.7166666666666667,0.28186973,11,6
2025-05,icici:LARGE & MIDCAP,0.9148936170212766,0.117196738,3,5
2025-05,icici:LTEF,0.9166666666666666,0.082470898,4,3
2025-05,icici:MGFINDIA,0.95,0.11253821000000001,4,1
2025-05,icici:MIDCAP,0.9347826086956522,0.19766572,4,2
2025-05,icici:MNCFUND,0.9019607843137255,0.09507383,2,3
2025-05,icici:MULTI,0.9,0.05964682099999999,8,2
2025-05,icici:MULTICAP,0.9166666666666666,0.153156149,4,5
2025-05,icici:PHARMA,0.8809523809523809,0.12597497100000002,1,4
2025-05,icici:PSUEQU,0.8055555555555556,0.24443088200000002,1,6
2025-05,icici:QUANT,0.7333333333333333,0.345490632,8,8
2025-05,icici:RURALOPP,0.8421052631578947,0.22547694,2,4
2025-05,icici:SMALL,0.8666666666666667,0.12068565999999999,9,7
2025-05,icici:TECH,0.8955223880597015,0.13126963500000002,1,6
2025-05,icici:TRANSPO,0.9302325581395349,0.09788522399999997,2,1
2025-05,icici:VARIANCE,1.0,0.193744908,0,0
2025-05,kotak:BAL,0.9827586206896551,0.0689,1,0
2025-05,kotak:BFS,0.8928571428571429,0.08259999999999999,2,1
2025-05,kotak:CMP,0.975609756097561,0.14350000000000002,1,0
2025-05,kotak:CON,0.9454545454545454,0.11460000000000001,2,1
2025-05,kotak:ELS,0.9285714285714286,0.08690000000000002,1,3
2025-05,kotak:EME,0.9230769230769231,0.11440000000000002,0,5
2025-05,kotak:ESG,0.9090909090909091,0.10510000000000003,3,1
2025-05,kotak:HLC,0.9655172413793104,0.11849999999999998,1,0
2025-05,kotak:K30,0.9032258064516129,0.07029999999999999,4,2
2025-05,kotak:KBA,0.9369369369369369,0.050300000000000004,2,5
2025-05,kotak:KBC,0.9818181818181818,0.0726,1,0
2025-05,kotak:KFE,0.9,0.13740000000000002,2,1
2025-05,kotak:KIE,0.9811320754716981,0.1057,1,0
2025-05,kotak:KMI,0.9482758620689655,0.13899999999999998,1,2
2025-05,kotak:KMN,0.9347826086956522,0.0983,3,0
2025-05,kotak:KOP,0.9701492537313433,0.06319999999999999,0,2
2025-05,kotak:KPF,0.9347826086956522,0.0863,2,1
2025-05,kotak:KQT,0.696969696969697,0.29000000000000004,1,19
2025-05,kotak:MAF,0.9322033898305084,0.059199999999999996,4,0
2025-05,kotak:MID,0.9210526315789473,0.1112,3,3
2025-05,kotak:MUC,0.9285714285714286,0.1558,5,0
2025-05,kotak:SEF,0.9824561403508771,0.05219999999999998,0,1
2025-05,kotak:SPO,0.9534883720930233,0.1144,1,1
2025-05,kotak:TAL,1.0,0.0702,0,0
2025-05,kotak:TCH,0.9230769230769231,0.06810000000000002,1,1
2025-05,mirae:MABAF,0.9807692307692307,0.05535495599999999,0,2
2025-05,mirae:MABFF,1.0,0.07140121100000002,0,0
2025-05,mirae:MAEBF,0.97,0.13553458399999999,1,2
2025-05,mirae:MAFCF,0.9285714285714286,0.108176043,3,3
2025-05,mirae:MAFF,0.9032258064516129,0.12272905799999999,1,2
2025-05,mirae:MAHCF,1.0,0.089136739,0,0
2025-05,mirae:MAIPF,0.9634146341463414,0.056431210000000016,0,3
2025-05,mirae:MAMAAF,0.9629629629629629,0.052035426,0,4
2025-05,mirae:MAMCF,0.96,0.14783312299999998,1,2
2025-05,mirae:MAMPF,0.9310344827586207,0.19952271,2,4
2025-05,mirae:MASCF,0.9857142857142858,0.14148227900000002,1,0
2025-05,mirae:MATSF,0.9418604651162791,0.11656214199999998,0,5
2025-05,mirae:MICCF,0.95,0.11517442499999997,1,1
2025-05,mirae:MIIOF,0.9879518072289156,0.06844013395000001,0,1
2025-05,nippon:AM,0.5384615384615384,0.6556,12,12
2025-05,nippon:BF,0.9655172413793104,0.0644,1,0
2025-05,nippon:EA,0.971830985915493,0.08949999999999998,0,2
2025-05,nippon:EO,0.9389312977099237,0.1335,6,2
2025-05,nippon:GF,0.9583333333333334,0.09670000000000001,3,1
2025-05,nippon:GS,0.9156626506024096,0.13040000000000002,4,3
2025-05,nippon:IT,0.9375,0.14150000000000001,1,2
2025-05,nippon:LC,0.9347826086956522,0.0882,2,4
2025-05,nippon:LE,0.9666666666666667,0.06490000000000003,0,1
2025-05,nippon:ME,1.0,0.05349999999999999,0,0
2025-05,nippon:MF,0.8404255319148937,0.1211,8,7
2025-05,nippon:NE,1.0,0.026399999999999983,0,0
2025-05,nippon:PH,0.972972972972973,0.0877,0,1
2025-05,nippon:PS,0.9666666666666667,0.08850000000000001,1,1
2025-05,nippon:QP,0.7948717948717948,0.20579999999999998,4,4
2025-05,nippon:SC,0.9375,0.1174,12,3
2025-05,nippon:SE,1.0,0.0626,0,0
2025-05,nippon:SH,0.9866666666666667,0.04490000000000002,0,1
2025-05,nippon:TS,0.9838709677419355,0.0668,1,0
2025-05,ppfas:PPDAAF,1.0,0.007799999999999998,0,0
2025-05,ppfas:PPFCF,0.9285714285714286,0.05139999999999999,2,0
2025-05,ppfas:PPTSF,0.9393939393939394,0.05700000000000001,2,0
2025-05,sbi:SBAF,0.9578947368421052,0.07569999999999999,1,3
2025-05,sbi:SBFS,0.8461538461538461,0.1673,4,0
2025-05,sbi:SBI-AOF,0.9285714285714286,0.12650000000000003,2,0
2025-05,sbi:SBLUECHIP,0.9047619047619048,0.10150000000000002,3,1
2025-05,sbi:SCF,0.95,0.0597,2,2
2025-05,sbi:SCOF,0.8958333333333334,0.1478,1,4
2025-05,sbi:SDYF,0.9387755102040817,0.0917,2,1
2025-05,sbi:SEHF,0.9318181818181818,0.0683,2,1
2025-05,sbi:SEMVF,1.0,0.04079999999999999,0,0
2025-05,sbi:SEOF,0.9444444444444444,0.0979,1,1
2025-05,sbi:SFEF,1.0,0.046600000000000016,0,0
2025-05,sbi:SFLEXI,0.9107142857142857,0.14750000000000002,3,2
2025-05,sbi:SHOF,1.0,0.06300000000000003,0,0
2025-05,sbi:SIF,0.8205128205128205,0.1632,4,3
2025-05,sbi:SIOF,0.8048780487804879,0.32589999999999997,3,5
2025-05,sbi:SLMF,0.9210526315789473,0.0971,5,1
2025-05,sbi:SLTEF,0.953125,0.066,3,0
2025-05,sbi:SMAAF,0.9824561403508771,0.0449,1,0
2025-05,sbi:SMCF,0.9411764705882353,0.1288,3,0
2025-05,sbi:SMCOMMA,0.9642857142857143,0.060899999999999996,0,1
2025-05,sbi:SMEEF,1.0,0.05040000000000001,0,0
2025-05,sbi:SMGLF,0.9375,0.1472,0,2
2025-05,sbi:SMIDCAP,0.9,0.1268,3,3
2025-05,sbi:SPSU,1.0,0.05909999999999999,0,0
2025-05,sbi:SQF,0.6382978723404256,0.5051,3,14
2025-05,sbi:SSCF,1.0,0.07110000000000001,0,0
2025-05,sbi:STOF,0.9615384615384616,0.0982,0,1
2025-05,uti:002,0.9411764705882353,0.05109999999999999,1,2
2025-05,uti:017,0.9298245614035088,0.0823,2,2
2025-05,uti:042,0.9464285714285714,0.1201,1,2
2025-05,uti:049,0.9701492537313433,0.10079999999999999,0,2
2025-05,uti:066,0.9682539682539683,0.04890000000000001,0,2
2025-05,uti:101,1.0,0.07479999999999999,0,0
2025-05,uti:118,0.9761904761904762,0.12000000000000001,0,1
2025-05,uti:125,0.9811320754716981,0.057399999999999986,0,1
2025-05,uti:160,0.9777777777777777,0.094,1,1
2025-05,uti:161,0.9629629629629629,0.07390000000000001,2,0
2025-05,uti:162,1.0,0.05940000000000001,0,0
2025-05,uti:163,0.9117647058823529,0.06119999999999999,1,2
2025-05,uti:190,0.9622641509433962,0.05299999999999999,1,1
2025-05,uti:193,0.896551724137931,0.1023,4,2
2025-05,uti:251,0.8837209302325582,0.1482,2,3
2025-05,uti:322,0.9473684210526315,0.0424,2,3
2025-05,uti:751,0.9886363636363636,0.0777,1,0
2025-05,uti:753,0.9666666666666667,0.05649999999999999,1,0
2025-05,uti:773,0.9365079365079365,0.05290000000000001,1,3
2025-05,uti:775,0.8846153846153846,0.22360000000000002,2,1
2025-05,uti:783,1.0,0.056600000000000004,0,0
2025-06,absl:ABSLBCF,0.9420289855072463,0.076432184,3,1
2025-06,absl:ABSLCONF,0.9487179487179487,0.100264726,1,1
2025-06,absl:ABSLESG,0.9298245614035088,0.10497967099999997,2,2
2025-06,absl:ABSLMAAF,0.8548387096774194,0.123384274,6,3
2025-06,absl:ABSLMCF,0.8913043478260869,0.16812811000000003,6,4
2025-06,absl:ABSLQF,0.5740740740740741,0.540484541,12,11
2025-06,absl:ABSLSO,0.921875,0.09379840599999999,3,2
2025-06,absl:ABSLTNLF,1.0,0.05261323000000002,0,0
2025-06,absl:ADVG,0.9210526315789473,0.139957311,4,2
2025-06,absl:BDYP,0.9090909090909091,0.11376078500000002,2,3
2025-06,absl:BINFRA,0.9333333333333333,0.08093594299999998,3,1
2025-06,absl:BSL95F,0.8888888888888888,0.11744430899999998,5,4
2025-06,absl:BSLBKFS,0.8461538461538461,0.24477291499999998,4,2
2025-06,absl:BSLDAAF,0.8875,0.09347254500000002,7,2
2025-06,absl:BSLEQTY,0.9615384615384616,0.062617198,2,1
2025-06,absl:BSLFEF,0.8987341772151899,0.096140134,6,2
2025-06,absl:BSLMFG,0.967741935483871,0.05770003300000001,1,1
2025-06,absl:BSLNMF,0.9166666666666666,0.138099743,1,2
2025-06,absl:BSLPHF,0.9375,0.07601355700000001,2,0
2025-06,absl:BSLR96,0.8805970149253731,0.128942809,5,3
2025-06,absl:BSLTA1,0.9333333333333333,0.103418188,3,3
2025-06,absl:BTOP100,0.875,0.192745214,2,2
2025-06,absl:GENNEXT,0.95,0.07107054000000002,2,2
2025-06,absl:MIDCAP,0.9102564102564102,0.167800059,5,2
2025-06,absl:MNC,0.9565217391304348,0.08605950200000001,1,2
2025-06,absl:PSUEQ,0.8888888888888888,0.066426683,1,3
2025-06,absl:PURE,0.9240506329113924,0.155339916,1,5
2025-06,axis:AXISBCF,0.9325842696629213,0.0803,5,1
2025-06,axis:AXISCON,0.8831168831168831,0.1026,4,5
2025-06,axis:AXISDEF,0.8823529411764706,0.1357,6,6
2025-06,axis:AXISEHF,0.9310344827586207,0.10379999999999999,5,1
2025-06,axis:AXISEQF,0.9433962264150944,0.1924,2,1
2025-06,axis:AXISESG,0.8723404255319149,0.2627,4,2
2025-06,axis:AXISF25,0.8461538461538461,0.2218,3,1
2025-06,axis:AXISGOF,0.9239130434782609,0.1549,5,2
2025-06,axis:AXISIMF,0.826530612244898,0.21030000000000001,8,9
2025-06,axis:AXISMCF,0.8921568627450981,0.163,6,5
2025-06,axis:AXISMIF,0.7333333333333333,0.37579999999999997,5,7
2025-06,axis:AXISMLC,0.904,0.1933,6,6
2025-06,axis:AXISMLF,0.8793103448275862,0.17470000000000002,4,3
2025-06,axis:AXISQUA,0.6458333333333334,0.3226,7,10
2025-06,axis:AXISSCF,0.9407407407407408,0.12639999999999998,4,4
2025-06,axis:AXISSSF,0.8923076923076924,0.1035,5,2
2025-06,axis:AXISTAF,0.9,0.11080000000000001,3,5
2025-06,axis:AXISTSF,0.9139784946236559,0.1422,6,2
2025-06,axis:AXISVAL,0.8494623655913979,0.1635,9,5
2025-06,dsp:Aggressive Hybrid,0.8636363636363636,0.1128,4,2
2025-06,dsp:Banking and Financial Services,0.7307692307692307,0.3383,4,3
2025-06,dsp:Business Cycle Fund,0.9591836734693877,0.09190000000000001,1,1
2025-06,dsp:DAAF,0.9295774647887324,0.0759,3,2
2025-06,dsp:Flexi Cap,0.9032258064516129,0.2635,4,2
2025-06,dsp:Focused,0.8181818181818182,0.3213,3,3
2025-06,dsp:HEALTHCARE,0.96,0.0569,0,1
2025-06,dsp:Large & Mid Cap,0.9315068493150684,0.149,4,1
2025-06,dsp:Large Cap,0.9090909090909091,0.1282,2,1
2025-06,dsp:MIDCAP,0.9473684210526315,0.1624,2,1
2025-06,dsp:Multi Asset,0.972972972972973,0.0336,1,0
2025-06,dsp:Multicap Fund,0.8955223880597015,0.1612,3,4
2025-06,dsp:NRNEF,1.0,0.09059999999999999,0,0
2025-06,dsp:QUANT,0.6666666666666666,0.3791,8,8
2025-06,dsp:SMALLCAP,0.974025974025974,0.09660000000000002,2,0
2025-06,dsp:TAX,0.921875,0.1323,4,1
2025-06,dsp:TIGER,1.0,0.05260000000000001,0,0
2025-06,dsp:VALUE,0.9444444444444444,0.0656,2,1
2025-06,hdfc:HDFCBKGFSF,0.8787878787878788,0.11220000000000001,2,2
2025-06,hdfc:HDFCBUSICY,0.8985507246376812,0.2295,3,4
2025-06,hdfc:HDFCCB,0.9333333333333333,0.08870000000000001,3,2
2025-06,hdfc:HDFCCS,0.9310344827586207,0.05060000000000002,1,1
2025-06,hdfc:HDFCDFNFND,0.92,0.0788,1,1
2025-06,hdfc:HDFCDIVYLD,0.9924242424242424,0.047400000000000005,1,0
2025-06,hdfc:HDFCEQ,0.8909090909090909,0.05639999999999999,2,4
2025-06,hdfc:HDFCGR,0.9342105263157895,0.045399999999999996,1,9
2025-06,hdfc:HDFCHOF117,1.0,0.0435,0,0
2025-06,hdfc:HDFCLARGEF,0.9590909090909091,0.09800000000000002,6,3
2025-06,hdfc:HDFCMANFFN,0.9325842696629213,0.1312,5,1
2025-06,hdfc:HDFCMNCFND,1.0,0.09800000000000002,0,0
2025-06,hdfc:HDFCMULCAP,0.9617021276595744,0.1307,5,4
2025-06,hdfc:HDFCNCCFND,1.0,0.06410000000000002,0,0
2025-06,hdfc:HDFCPHARHC,0.9032258064516129,0.12420000000000002,1,2
2025-06,hdfc:HDFCPM,0.9743589743589743,0.029,0,1
2025-06,hdfc:HDFCSMALLF,0.9425287356321839,0.0704,2,3
2025-06,hdfc:HDFCT2,0.9574468085106383,0.095,2,0
2025-06,hdfc:HDFCTECHFD,0.9333333333333333,0.09659999999999998,1,1
2025-06,hdfc:HDFCTRALFD,1.0,0.0882,0,0
2025-06,hdfc:HDFCTS,0.9444444444444444,0.04239999999999999,2,1
2025-06,hdfc:HDINFG,1.0,0.0384,0,0
2025-06,hdfc:MIDCAP,0.9240506329113924,0.1453,2,4
2025-06,hdfc:MY2005,0.948051948051948,0.06960000000000001,2,2
2025-06,icici:BAF,0.8791208791208791,0.093278498,7,4
2025-06,icici:BANFIN SERVICES,0.8974358974358975,0.07953692199999998,3,1
2025-06,icici:BCYCLE,0.9054054054054054,0.048633045999999985,1,6
2025-06,icici:BHACON,0.9193548387096774,0.11287412099999998,3,2
2025-06,icici:BLUECHIP,0.9701492537313433,0.037336443,0,2
2025-06,icici:COMFUND,0.9183673469387755,0.067436631,3,1
2025-06,icici:DISCO,0.9384615384615385,0.11132115599999998,1,3
2025-06,icici:DIVYLD,0.8676470588235294,0.076938999,4,5
2025-06,icici:E&DF,0.85,0.080766833,11,4
2025-06,icici:ENERGY,0.7777777777777778,0.16275498100000002,6,6
2025-06,icici:ESGFUND,0.8936170212765957,0.07424916799999999,3,2
2025-06,icici:EXPORTS,0.8421052631578947,0.173490646,8,1
2025-06,icici:FLEXCAP,0.9117647058823529,0.072274913,5,1
2025-06,icici:FMCG,1.0,0.054547675,0,0
2025-06,icici:FOCUSED,0.9032258064516129,0.17307992,1,2
2025-06,icici:HOUSING,0.851063829787234,0.16089615799999998,4,3
2025-06,icici:INDOPP,0.9295774647887324,0.15687719,3,2
2025-06,icici:INFRA,0.8870967741935484,0.141164931,3,4
2025-06,icici:INNOVA,0.7777777777777778,0.237851445,9,5
2025-06,icici:LARGE & MIDCAP,0.9347826086956522,0.101987852,3,3
2025-06,icici:LTEF,0.9176470588235294,0.06500078999999996,4,3
2025-06,icici:MGFINDIA,0.9405940594059405,0.106403626,2,4
2025-06,icici:MIDCAP,0.9157894736842105,0.120878539,5,3
2025-06,icici:MNCFUND,0.9215686274509803,0.096495244,3,1
2025-06,icici:MULTI,0.8611111111111112,0.082925455,10,5
2025-06,icici:MULTICAP,0.9174311926605505,0.137281904,6,3
2025-06,icici:PHARMA,0.8461538461538461,0.16016926199999998,1,5
2025-06,icici:PSUEQU,0.9333333333333333,0.09067247500000002,0,2
2025-06,icici:QUALITY,0.7222222222222222,0.29340343399999996,14,1
2025-06,icici:QUANT,0.6885245901639344,0.43168215800000004,9,10
2025-06,icici:RURALOPP,0.8095238095238095,0.195688412,8,0
2025-06,icici:SMALL,0.956140350877193,0.076158762,1,4
2025-06,icici:TECH,0.90625,0.174005008,3,3
2025-06,icici:TRANSPO,0.9333333333333333,0.091699202,3,0
2025-06,icici:VARIANCE,0.9411764705882353,0.170736338,2,0
2025-06,kotak:BAL,0.9152542372881356,0.09119999999999999,1,4
2025-06,kotak:BFS,0.8620689655172413,0.23890000000000003,2,2
2025-06,kotak:CMP,0.8837209302325582,0.13499999999999998,2,3
2025-06,kotak:CON,0.9642857142857143,0.0878,2,0
2025-06,kotak:ELS,0.8596491228070176,0.1503,4,4
2025-06,kotak:EME,0.9672131147540983,0.09480000000000001,1,1
2025-06,kotak:ESG,0.8936170212765957,0.1747,4,1
2025-06,kotak:HLC,0.9666666666666667,0.08310000000000002,1,0
2025-06,kotak:K30,0.9047619047619048,0.10779999999999999,3,3
2025-06,kotak:KBA,0.9279279279279279,0.0715,5,3
2025-06,kotak:KBC,0.8947368421052632,0.11789999999999996,2,4
2025-06,kotak:KEO,0.96875,0.10590000000000001,1,0
2025-06,kotak:KFE,1.0,0.050699999999999995,0,0
2025-06,kotak:KIE,0.9622641509433962,0.10550000000000001,0,2
2025-06,kotak:KMI,0.9482758620689655,0.06509999999999999,2,1
2025-06,kotak:KMN,0.9782608695652174,0.09870000000000001,0,1
2025-06,kotak:KOP,0.9411764705882353,0.1074,3,1
2025-06,kotak:KPF,0.8936170212765957,0.107,2,3
2025-06,kotak:KQT,0.6984126984126984,0.1797,16,3
2025-06,kotak:MAF,0.9322033898305084,0.0634,0,4
2025-06,kotak:MID,0.922077922077922,0.11149999999999999,4,2
2025-06,kotak:MUC,0.8611111111111112,0.138,2,8
2025-06,kotak:SEF,0.9824561403508771,0.042300000000000004,1,0
2025-06,kotak:SPO,0.8444444444444444,0.18819999999999998,3,4
2025-06,kotak:TAL,0.9642857142857143,0.14279999999999998,0,1
2025-06,kotak:TCH,0.8846153846153846,0.09350000000000001,1,2
2025-06,mirae:MABAF,0.9166666666666666,0.070202966,6,3
2025-06,mirae:MABFF,0.9090909090909091,0.163060668,2,1
2025-06,mirae:MAEBF,0.883495145631068,0.140857688,5,7
2025-06,mirae:MAFCF,0.9523809523809523,0.11604326499999999,3,1
2025-06,mirae:MAFF,0.9032258064516129,0.089543194,2,1
2025-06,mirae:MAHCF,0.967741935483871,0.09748009899999999,1,0
2025-06,mirae:MAIPF,0.8941176470588236,0.09725642500000001,6,3
2025-06,mirae:MAMAAF,0.9174311926605505,0.070483866,5,4
2025-06,mirae:MAMCF,0.96,0.12690433299999998,2,1
2025-06,mirae:MAMPF,0.8505747126436781,0.186751124,4,9
2025-06,mirae:MASCF,0.8918918918918919,0.17503832800000002,4,4
2025-06,mirae:MATSF,0.9518072289156626,0.10830256100000002,2,2
2025-06,mirae:MICCF,0.926829268292683,0.09912878100000001,2,1
2025-06,mirae:MIIOF,0.9518072289156626,0.07663055815,1,3
2025-06,nippon:AM,0.6,0.5183,10,10
2025-06,nippon:BF,0.8484848484848485,0.1407,4,1
2025-06,nippon:EA,0.9436619718309859,0.12680000000000002,2,2
2025-06,nippon:EO,0.9398496240601504,0.1873,4,4
2025-06,nippon:GF,0.9583333333333334,0.0647,1,3
2025-06,nippon:GS,0.8604651162790697,0.20350000000000001,6,6
2025-06,nippon:IT,0.9166666666666666,0.1731,2,2
2025-06,nippon:LC,0.9347826086956522,0.1255,4,2
2025-06,nippon:LE,0.9666666666666667,0.09059999999999999,1,0
2025-06,nippon:ME,1.0,0.10679999999999999,0,0
2025-06,nippon:MF,0.8723404255319149,0.1204,7,5
2025-06,nippon:NE,0.9696969696969697,0.04409999999999999,1,1
2025-06,nippon:PH,1.0,0.06709999999999998,0,0
2025-06,nippon:PS,0.90625,0.098,5,1
2025-06,nippon:QP,0.75,0.2695,5,5
2025-06,nippon:SC,0.9585062240663901,0.0905,4,6
2025-06,nippon:SE,0.881578947368421,0.1449,6,3
2025-06,nippon:SH,0.8607594936708861,0.10860000000000002,5,6
2025-06,nippon:TS,0.9375,0.0754,2,2
2025-06,ppfas:PPDAAF,1.0,0.006599999999999999,0,0
2025-06,ppfas:PPFCF,0.9655172413793104,0.0468,1,0
2025-06,ppfas:PPTSF,0.9705882352941176,0.05850000000000001,1,0
2025-06,sbi:SBAF,0.8125,0.0823,4,14
2025-06,sbi:SBFS,0.8666666666666667,0.23550000000000001,4,0
2025-06,sbi:SBI-AOF,1.0,0.05169999999999998,0,0
2025-06,sbi:SBLUECHIP,0.975609756097561,0.09960000000000001,0,1
2025-06,sbi:SCF,0.9746835443037974,0.056499999999999995,1,1
2025-06,sbi:SCOF,0.9347826086956522,0.1416,2,1
2025-06,sbi:SDYF,0.9375,0.08180000000000001,0,3
2025-06,sbi:SEHF,0.8260869565217391,0.1494,3,5
2025-06,sbi:SEMVF,0.9607843137254902,0.04760000000000002,1,1
2025-06,sbi:SEOF,1.0,0.04419999999999999,0,0
2025-06,sbi:SFEF,0.92,0.1183,2,0
2025-06,sbi:SFLEXI,0.8275862068965517,0.18760000000000002,4,6
2025-06,sbi:SHOF,1.0,0.05859999999999999,0,0
2025-06,sbi:SIF,0.9459459459459459,0.11059999999999998,1,1
2025-06,sbi:SIOF,0.9459459459459459,0.1195,1,1
2025-06,sbi:SLMF,0.8846153846153846,0.0966,3,6
2025-06,sbi:SLTEF,0.8571428571428571,0.08830000000000002,6,4
2025-06,sbi:SMAAF,0.9166666666666666,0.0704,3,2
2025-06,sbi:SMCF,0.7931034482758621,0.2017,7,5
2025-06,sbi:SMCOMMA,1.0,0.044399999999999995,0,0
2025-06,sbi:SMEEF,0.9473684210526315,0.048299999999999996,1,1
2025-06,sbi:SMGLF,0.9375,0.11399999999999999,2,0
2025-06,sbi:SMIDCAP,0.8813559322033898,0.17020000000000002,2,5
2025-06,sbi:SPSU,0.9615384615384616,0.03740000000000002,1,0
2025-06,sbi:SQF,0.65,0.5607,7,7
2025-06,sbi:SSCF,0.984375,0.053899999999999997,1,0
2025-06,sbi:STOF,0.9230769230769231,0.17689999999999997,1,1
2025-06,uti:002,0.9019607843137255,0.0934,2,3
2025-06,uti:017,0.9298245614035088,0.1632,2,2
2025-06,uti:042,0.9107142857142857,0.2179,2,3
2025-06,uti:049,0.9411764705882353,0.09350000000000001,3,1
2025-06,uti:066,0.921875,0.05929999999999999,3,2
2025-06,uti:101,0.9215686274509803,0.10629999999999999,3,1
2025-06,uti:118,0.9285714285714286,0.1127,1,2
2025-06,uti:125,0.7741935483870968,0.2421,10,4
2025-06,uti:160,0.9777777777777777,0.0983,1,1
2025-06,uti:161,0.9454545454545454,0.060000000000000005,1,2
2025-06,uti:162,1.0,0.0717,0,0
2025-06,uti:163,0.8787878787878788,0.19190000000000002,1,3
2025-06,uti:190,0.9807692307692307,0.02850000000000003,0,1
2025-06,uti:193,0.9473684210526315,0.04340000000000001,1,2
2025-06,uti:251,0.9285714285714286,0.09010000000000001,2,1
2025-06,uti:322,0.7551020408163265,0.174,6,18
2025-06,uti:751,0.9550561797752809,0.1079,1,3
2025-06,uti:753,0.9354838709677419,0.1185,1,1
2025-06,uti:773,0.8888888888888888,0.1013,3,4
2025-06,uti:775,0.9615384615384616,0.0737,1,0
2025-06,uti:783,0.972972972972973,0.10089999999999999,1,1
2025-06,uti:787,0.7727272727272727,0.3008,13,2
2025-07,absl:ABSLBCF,0.9285714285714286,0.12295793800000002,2,3
2025-07,absl:ABSLCONF,0.8780487804878049,0.130340607,3,2
2025-07,absl:ABSLESG,0.9464285714285714,0.113882908,1,2
2025-07,absl:ABSLMAAF,0.9508196721311475,0.081807573,2,1
2025-07,absl:ABSLMCF,0.8817204301075269,0.165800847,5,6
2025-07,absl:ABSLQF,0.9767441860465116,0.06579421799999999,0,1
2025-07,absl:ABSLSO,0.9365079365079365,0.119329564,1,3
2025-07,absl:ABSLTNLF,1.0,0.059643799999999976,0,0
2025-07,absl:ADVG,0.875,0.20103020700000002,6,4
2025-07,absl:BDYP,0.9444444444444444,0.11481218,2,1
2025-07,absl:BINFRA,0.9333333333333333,0.12074222500000001,1,3
2025-07,absl:BSL95F,0.95,0.06382016400000001,3,1
2025-07,absl:BSLBKFS,0.9210526315789473,0.08616289399999996,1,2
2025-07,absl:BSLDAAF,0.875,0.126139889,2,8
2025-07,absl:BSLEQTY,0.948051948051948,0.087954408,0,4
2025-07,absl:BSLFEF,0.925,0.086500693,3,3
2025-07,absl:BSLMFG,0.9365079365079365,0.11371949099999999,2,2
2025-07,absl:BSLNMF,0.9428571428571428,0.084446394,1,1
2025-07,absl:BSLPHF,0.8611111111111112,0.173463214,4,1
2025-07,absl:BSLR96,0.8656716417910447,0.139037981,3,6
2025-07,absl:BSLTA1,0.9139784946236559,0.13220067600000002,6,2
2025-07,absl:BTOP100,0.9666666666666667,0.06262362700000002,0,1
2025-07,absl:GENNEXT,0.9746835443037974,0.07039676499999999,1,1
2025-07,absl:MIDCAP,0.8987341772151899,0.146186854,3,5
2025-07,absl:MNC,0.9852941176470589,0.074484634,1,0
2025-07,absl:PSUEQ,0.9696969696969697,0.07534885300000001,0,1
2025-07,absl:PURE,0.8947368421052632,0.12564873599999998,2,6
2025-07,axis:AXISBCF,0.8888888888888888,0.1397,2,8
2025-07,axis:AXISCON,0.9452054794520548,0.12410000000000002,1,3
2025-07,axis:AXISDEF,0.8090909090909091,0.0922,14,7
2025-07,axis:AXISEHF,1.0,0.0603,0,0
2025-07,axis:AXISEQF,0.8275862068965517,0.1769,6,4
2025-07,axis:AXISESG,0.9782608695652174,0.145,1,0
2025-07,axis:AXISF25,1.0,0.109,0,0
2025-07,axis:AXISGOF,0.9032258064516129,0.12969999999999998,3,6
2025-07,axis:AXISIMF,0.8947368421052632,0.1636,6,4
2025-07,axis:AXISMCF,0.9108910891089109,0.15739999999999998,4,5
2025-07,axis:AXISMIF,0.7391304347826086,0.2958,8,4
2025-07,axis:AXISMLC,0.8818897637795275,0.16390000000000002,8,7
2025-07,axis:AXISMLF,0.9310344827586207,0.08769999999999999,3,1
2025-07,axis:AXISQUA,0.7272727272727273,0.3145,6,6
2025-07,axis:AXISSCF,0.9411764705882353,0.1109,5,3
2025-07,axis:AXISSSF,0.9523809523809523,0.07529999999999998,0,3
2025-07,axis:AXISTAF,0.8860759493670886,0.08720000000000001,4,5
2025-07,axis:AXISTSF,0.967741935483871,0.0745,2,1
2025-07,axis:AXISVAL,0.9042553191489362,0.13829999999999998,6,3
2025-07,dsp:Aggressive Hybrid,0.9534883720930233,0.062,1,1
2025-07,dsp:Banking and Financial Services,1.0,0.06079999999999999,0,0
2025-07,dsp:Business Cycle Fund,0.9795918367346939,0.06380000000000002,1,0
2025-07,dsp:DAAF,0.927536231884058,0.07529999999999999,0,5
2025-07,dsp:Flexi Cap,0.9833333333333333,0.0816,0,1
2025-07,dsp:Focused,0.9666666666666667,0.07849999999999999,0,1
2025-07,dsp:HEALTHCARE,1.0,0.04279999999999999,0,0
2025-07,dsp:Large & Mid Cap,0.9594594594594594,0.1051,2,1
2025-07,dsp:Large Cap,0.9393939393939394,0.07819999999999999,1,1
2025-07,dsp:MIDCAP,0.9824561403508771,0.0697,1,0
2025-07,dsp:Multi Asset,0.868421052631579,0.0746,1,4
2025-07,dsp:Multicap Fund,0.9692307692307692,0.07239999999999999,2,0
2025-07,dsp:NRNEF,0.9565217391304348,0.03799999999999999,0,1
2025-07,dsp:QUANT,1.0,0.0692,0,0
2025-07,dsp:SMALLCAP,0.9743589743589743,0.0722,1,1
2025-07,dsp:TAX,0.9841269841269841,0.06,0,1
2025-07,dsp:TIGER,0.9714285714285714,0.07289999999999999,1,1
2025-07,dsp:VALUE,0.9259259259259259,0.07399999999999998,1,3
2025-07,hdfc:HDFCBKGFSF,0.9375,0.0687,1,1
2025-07,hdfc:HDFCBUSICY,0.9130434782608695,0.20390000000000003,4,2
2025-07,hdfc:HDFCCB,0.96,0.0623,2,1
2025-07,hdfc:HDFCCS,0.9655172413793104,0.06530000000000001,1,0
2025-07,hdfc:HDFCDFNFND,0.92,0.0874,1,1
2025-07,hdfc:HDFCDIVYLD,0.9774436090225563,0.05669999999999999,1,2
2025-07,hdfc:HDFCEQ,0.9803921568627451,0.06599999999999999,0,1
2025-07,hdfc:HDFCGR,0.9655172413793104,0.0393,2,3
2025-07,hdfc:HDFCHOF117,1.0,0.04360000000000001,0,0
2025-07,hdfc:HDFCLARGEF,0.9555555555555556,0.09300000000000001,8,2
2025-07,hdfc:HDFCMANFFN,0.9120879120879121,0.127,3,5
2025-07,hdfc:HDFCMNCFND,0.875,0.22490000000000002,3,2
2025-07,hdfc:HDFCMULCAP,0.9665271966527197,0.08310000000000001,8,0
2025-07,hdfc:HDFCNCCFND,1.0,0.07039999999999998,0,0
2025-07,hdfc:HDFCPHARHC,0.9333333333333333,0.1762,1,1
2025-07,hdfc:HDFCPM,0.9047619047619048,0.07220000000000001,4,0
2025-07,hdfc:HDFCSMALLF,0.9761904761904762,0.09929999999999999,0,2
2025-07,hdfc:HDFCT2,0.9791666666666666,0.1333,1,0
2025-07,hdfc:HDFCTECHFD,1.0,0.05049999999999998,0,0
2025-07,hdfc:HDFCTRALFD,1.0,0.1027,0,0
2025-07,hdfc:HDFCTS,0.9814814814814815,0.0648,1,0
2025-07,hdfc:HDINFG,0.9649122807017544,0.0433,2,0
2025-07,hdfc:MIDCAP,0.9733333333333334,0.1205,0,2
2025-07,hdfc:MY2005,0.948051948051948,0.1089,2,2
2025-07,icici:BAF,0.9772727272727273,0.03696766800000001,1,1
2025-07,icici:BANFIN SERVICES,0.926829268292683,0.10932422299999998,3,0
2025-07,icici:BCYCLE,0.8732394366197183,0.10936185199999998,3,6
2025-07,icici:BHACON,0.8852459016393442,0.138066626,1,6
2025-07,icici:BLUECHIP,0.9104477611940298,0.05928683899999999,2,4
2025-07,icici:COMFUND,1.0,0.091885397,0,0
2025-07,icici:DISCO,0.9365079365079365,0.08966638300000002,1,3
2025-07,icici:DIVYLD,0.984375,0.068874385,1,0
2025-07,icici:E&DF,0.883495145631068,0.06264673300000001,7,5
2025-07,icici:ENERGY,0.8135593220338984,0.144376476,11,0
2025-07,icici:ESGFUND,0.9,0.095236395,5,0
2025-07,icici:EXPORTS,0.8412698412698413,0.154689862,7,3
2025-07,icici:FLEXCAP,0.9154929577464789,0.07289387000000001,4,2
2025-07,icici:FMCG,0.9166666666666666,0.09871465200000001,1,1
2025-07,icici:FOCUSED,0.9655172413793104,0.11931732599999999,0,1
2025-07,icici:HOUSING,0.8333333333333334,0.156682954,4,4
2025-07,icici:INDOPP,0.8666666666666667,0.126965511,6,4
2025-07,icici:INFRA,0.9047619047619048,0.08095340699999999,5,1
2025-07,icici:INNOVA,0.8524590163934426,0.18185514,3,6
2025-07,icici:LARGE & MIDCAP,0.9139784946236559,0.11856830300000001,4,4
2025-07,icici:LTEF,0.9186046511627907,0.058889313,4,3
2025-07,icici:MGFINDIA,0.9693877551020408,0.08372324100000002,1,2
2025-07,icici:MIDCAP,0.9347826086956522,0.09987331999999999,0,6
2025-07,icici:MNCFUND,0.9019607843137255,0.1371032,1,4
2025-07,icici:MULTI,0.9444444444444444,0.050246502999999984,5,1
2025-07,icici:MULTICAP,0.8947368421052632,0.12218769099999999,8,4
2025-07,icici:PHARMA,0.8918918918918919,0.124504198,3,1
2025-07,icici:PSUEQU,0.8709677419354839,0.081426627,3,1
2025-07,icici:QUALITY,0.8253968253968254,0.248273829,10,1
2025-07,icici:QUANT,0.7966101694915254,0.371619643,8,4
2025-07,icici:RURALOPP,0.8604651162790697,0.212225221,1,5
2025-07,icici:SMALL,0.8103448275862069,0.126987842,6,16
2025-07,icici:TECH,0.9838709677419355,0.08210737000000001,1,0
2025-07,icici:TRANSPO,0.8936170212765957,0.09048056100000003,2,3
2025-07,icici:VARIANCE,1.0,0.119725229,0,0
2025-07,kotak:BAL,0.9137931034482759,0.10869999999999999,3,2
2025-07,kotak:BFS,0.8666666666666667,0.11729999999999999,3,1
2025-07,kotak:CMP,0.9047619047619048,0.18339999999999995,2,2
2025-07,kotak:CON,0.9482758620689655,0.101,2,1
2025-07,kotak:ELS,1.0,0.0574,0,0
2025-07,kotak:EME,0.9206349206349206,0.1255,3,2
2025-07,kotak:ESG,0.9787234042553191,0.08339999999999997,1,0
2025-07,kotak:HLC,0.9354838709677419,0.17240000000000003,1,1
2025-07,kotak:K30,0.9047619047619048,0.0685,3,3
2025-07,kotak:KBA,0.9196428571428571,0.0837,4,5
2025-07,kotak:KBC,0.9636363636363636,0.09570000000000001,2,0
2025-07,kotak:KEO,0.9696969696969697,0.0851,1,0
2025-07,kotak:KFE,1.0,0.0561,0,0
2025-07,kotak:KIE,0.9272727272727272,0.13949999999999999,4,0
2025-07,kotak:KMI,0.8412698412698413,0.208,6,4
2025-07,kotak:KMN,0.9361702127659575,0.0995,2,1
2025-07,kotak:KOP,0.9850746268656716,0.06420000000000001,0,1
2025-07,kotak:KPF,0.9777777777777777,0.0779,1,0
2025-07,kotak:KQT,0.8166666666666667,0.5862,0,11
2025-07,kotak:MAF,0.9464285714285714,0.07,1,2
2025-07,kotak:MID,0.9125,0.12069999999999999,5,2
2025-07,kotak:MUC,0.9402985074626866,0.1102,3,1
2025-07,kotak:SEF,1.0,0.05870000000000001,0,0
2025-07,kotak:SPO,0.8666666666666667,0.1502,4,2
2025-07,kotak:TAL,0.9310344827586207,0.10089999999999996,2,0
2025-07,kotak:TCH,1.0,0.06249999999999996,0,0
2025-07,mirae:MABAF,0.9174311926605505,0.08160056,4,5
2025-07,mirae:MABFF,0.9090909090909091,0.08990637600000004,1,2
2025-07,mirae:MAEBF,0.9489795918367347,0.178856805,2,3
2025-07,mirae:MAFCF,0.9647058823529412,0.070353459,2,1
2025-07,mirae:MAFF,0.9032258064516129,0.12859397699999997,1,2
2025-07,mirae:MAHCF,0.9375,0.09584060599999998,1,1
2025-07,mirae:MAIPF,0.9047619047619048,0.08907073200000001,2,6
2025-07,mirae:MAMAAF,0.8849557522123894,0.119273262,8,5
2025-07,mirae:MAMCF,0.9210526315789473,0.169206752,2,4
2025-07,mirae:MAMPF,0.9047619047619048,0.194864566,6,2
2025-07,mirae:MASCF,0.958904109589041,0.147851833,3,0
2025-07,mirae:MATSF,0.9518072289156626,0.137437589,2,2
2025-07,mirae:MICCF,0.9512195121951219,0.103487033,1,1
2025-07,mirae:MIIOF,0.9156626506024096,0.08270851282,3,4
2025-07,nippon:AM,0.5882352941176471,0.5324,11,10
2025-07,nippon:BF,0.9375,0.10480000000000002,0,2
2025-07,nippon:EA,0.8904109589041096,0.12400000000000001,4,4
2025-07,nippon:EO,0.9923076923076923,0.0759,1,0
2025-07,nippon:GF,0.9789473684210527,0.0904,2,0
2025-07,nippon:GS,0.9069767441860465,0.1671,6,2
2025-07,nippon:IT,0.9361702127659575,0.1443,1,2
2025-07,nippon:LC,0.9247311827956989,0.1146,3,4
2025-07,nippon:LE,0.875,0.13459999999999997,2,2
2025-07,nippon:ME,1.0,0.05620000000000001,0,0
2025-07,nippon:MF,0.875,0.1223,7,5
2025-07,nippon:NE,0.632183908045977,0.3464,22,10
2025-07,nippon:PH,0.972972972972973,0.0758,1,0
2025-07,nippon:PS,0.96875,0.07669999999999998,1,1
2025-07,nippon:QP,0.7073170731707317,0.2588,6,6
2025-07,nippon:SC,0.9423868312757202,0.1,8,6
2025-07,nippon:SE,0.8961038961038961,0.1248,4,4
2025-07,nippon:SH,0.972972972972973,0.04530000000000001,1,1
2025-07,nippon:TS,0.9523809523809523,0.0686,1,2
2025-07,ppfas:PPDAAF,1.0,0.0042000000000000015,0,0
2025-07,ppfas:PPFCF,0.9655172413793104,0.03550000000000001,0,1
2025-07,ppfas:PPTSF,0.9705882352941176,0.05129999999999999,0,1
2025-07,sbi:SBAF,0.927710843373494,0.0497,1,5
2025-07,sbi:SBFS,0.8484848484848485,0.2953,3,2
2025-07,sbi:SBI-AOF,0.896551724137931,0.14579999999999999,1,2
2025-07,sbi:SBLUECHIP,0.925,0.09780000000000001,0,3
2025-07,sbi:SCF,0.9873417721518988,0.0482,1,0
2025-07,sbi:SCOF,0.8958333333333334,0.1143,3,2
2025-07,sbi:SDYF,1.0,0.0607,0,0
2025-07,sbi:SEHF,0.9318181818181818,0.04690000000000001,3,0
2025-07,sbi:SEMVF,1.0,0.21910000000000002,0,0
2025-07,sbi:SEOF,0.9428571428571428,0.06209999999999999,0,2
2025-07,sbi:SFEF,1.0,0.0563,0,0
2025-07,sbi:SFLEXI,0.9444444444444444,0.1016,2,1
2025-07,sbi:SHOF,0.9655172413793104,0.10829999999999998,1,0
2025-07,sbi:SIF,0.8918918918918919,0.1631,1,3
2025-07,sbi:SIOF,1.0,0.0754,0,0
2025-07,sbi:SLMF,0.9459459459459459,0.08969999999999999,2,2
2025-07,sbi:SLTEF,0.9705882352941176,0.0779,2,0
2025-07,sbi:SMAAF,0.9032258064516129,0.08979999999999999,4,2
2025-07,sbi:SMCF,0.9285714285714286,0.0999,3,1
2025-07,sbi:SMCOMMA,0.896551724137931,0.10970000000000002,2,1
2025-07,sbi:SMEEF,0.972972972972973,0.06129999999999999,0,1
2025-07,sbi:SMGLF,0.8611111111111112,0.1383,4,1
2025-07,sbi:SMIDCAP,0.9107142857142857,0.1417,2,3
2025-07,sbi:SPSU,1.0,0.06210000000000003,0,0
2025-07,sbi:SQF,0.7297297297297297,0.4008,4,6
2025-07,sbi:SSCF,1.0,0.0677,0,0
2025-07,sbi:STOF,0.9230769230769231,0.07429999999999999,1,1
2025-07,uti:002,1.0,0.0254,0,0
2025-07,uti:017,0.9122807017543859,0.0812,2,3
2025-07,uti:042,0.9814814814814815,0.06690000000000002,1,0
2025-07,uti:049,0.9295774647887324,0.1159,4,1
2025-07,uti:066,0.9375,0.06939999999999999,2,2
2025-07,uti:101,0.9607843137254902,0.0919,1,1
2025-07,uti:118,0.975609756097561,0.0909,1,0
2025-07,uti:125,0.8688524590163934,0.1907,3,5
2025-07,uti:160,0.8854166666666666,0.155,7,4
2025-07,uti:161,0.8947368421052632,0.06620000000000001,4,2
2025-07,uti:162,0.9743589743589743,0.05600000000000001,1,0
2025-07,uti:163,0.8709677419354839,0.1313,1,3
2025-07,uti:190,0.9807692307692307,0.0699,1,0
2025-07,uti:193,0.9821428571428571,0.05479999999999999,1,0
2025-07,uti:251,0.9534883720930233,0.1424,2,0
2025-07,uti:322,0.9176470588235294,0.0636,5,2
2025-07,uti:751,0.9333333333333333,0.12399999999999999,4,2
2025-07,uti:753,0.9354838709677419,0.09920000000000001,1,1
2025-07,uti:773,0.8615384615384616,0.07259999999999998,6,3
2025-07,uti:775,0.9615384615384616,0.0685,0,1
2025-07,uti:783,0.9863013698630136,0.07959999999999998,0,1
2025-07,uti:787,0.8857142857142857,0.1846,6,2
2025-08,absl:ABSLBCF,0.8714285714285714,0.155681194,3,6
2025-08,absl:ABSLCONF,0.9512195121951219,0.10318274699999998,2,0
2025-08,absl:ABSLESG,0.8947368421052632,0.10128237100000001,3,3
2025-08,absl:ABSLMAAF,0.9672131147540983,0.045777607000000005,1,1
2025-08,absl:ABSLMCF,0.9666666666666667,0.081494326,3,0
2025-08,absl:ABSLQF,0.9767441860465116,0.043737584,1,0
2025-08,absl:ABSLSO,0.967741935483871,0.09691435600000001,2,0
2025-08,absl:ABSLTNLF,0.9428571428571428,0.10280312399999997,2,0
2025-08,absl:ADVG,0.8860759493670886,0.15047839000000002,3,6
2025-08,absl:BDYP,1.0,0.04467362000000001,0,0
2025-08,absl:BINFRA,0.9827586206896551,0.06692870499999999,1,0
2025-08,absl:BSL95F,0.9875,0.03637191200000001,1,0
2025-08,absl:BSLBKFS,1.0,0.04066695199999998,0,0
2025-08,absl:BSLDAAF,0.9078947368421053,0.079831024,4,3
2025-08,absl:BSLEQTY,0.9733333333333334,0.08473449499999999,2,0
2025-08,absl:BSLFEF,0.95,0.06514285599999999,3,1
2025-08,absl:BSLMFG,0.9365079365079365,0.11632985000000001,2,2
2025-08,absl:BSLNMF,0.8055555555555556,0.096015605,2,5
2025-08,absl:BSLPHF,0.918918918918919,0.08793423099999999,2,1
2025-08,absl:BSLR96,0.9206349206349206,0.10142680500000001,2,3
2025-08,absl:BSLTA1,0.9368421052631579,0.10034477400000001,4,2
2025-08,absl:BTOP100,1.0,0.060731480000000004,0,0
2025-08,absl:GENNEXT,0.9382716049382716,0.078982594,3,2
2025-08,absl:MIDCAP,0.8875,0.13084273500000002,6,3
2025-08,absl:MNC,0.9444444444444444,0.09727107299999999,4,0
2025-08,absl:PSUEQ,1.0,0.032048853999999974,0,0
2025-08,absl:PURE,0.9452054794520548,0.114783306,3,1
2025-08,axis:AXISBCF,0.8539325842696629,0.187,7,6
2025-08,axis:AXISCON,0.9452054794520548,0.1558,3,1
2025-08,axis:AXISDEF,0.9339622641509434,0.06650000000000002,3,4
2025-08,axis:AXISEHF,0.9333333333333333,0.08189999999999999,4,2
2025-08,axis:AXISEQF,0.9090909090909091,0.0872,1,4
2025-08,axis:AXISESG,0.9787234042553191,0.03859999999999999,1,0
2025-08,axis:AXISF25,0.96,0.05390000000000001,0,1
2025-08,axis:AXISGOF,0.9247311827956989,0.1133,6,1
2025-08,axis:AXISIMF,0.967391304347826,0.1465,1,2
2025-08,axis:AXISMCF,0.9489795918367347,0.1001,2,3
2025-08,axis:AXISMIF,0.8043478260869565,0.29719999999999996,4,5
2025-08,axis:AXISMLC,0.905511811023622,0.13419999999999999,7,5
2025-08,axis:AXISMLF,0.9491525423728814,0.0797,2,1
2025-08,axis:AXISQUA,0.7674418604651163,0.2878,5,5
2025-08,axis:AXISSCF,0.9562043795620438,0.0714,4,2
2025-08,axis:AXISSOF,0.8529411764705882,0.24430000000000002,5,0
2025-08,axis:AXISSSF,0.9672131147540983,0.07579999999999999,1,1
2025-08,axis:AXISTAF,0.8292682926829268,0.2028,8,6
2025-08,axis:AXISTSF,0.9468085106382979,0.0999,2,3
2025-08,axis:AXISVAL,0.9072164948453608,0.1155,6,3
2025-08,dsp:Aggressive Hybrid,0.9523809523809523,0.0657,0,2
2025-08,dsp:Banking and Financial Services,0.9583333333333334,0.0527,1,0
2025-08,dsp:Business Cycle Fund,0.98,0.04019999999999999,1,0
2025-08,dsp:DAAF,0.859375,0.1631,0,9
2025-08,dsp:Flexi Cap,0.95,0.07119999999999999,1,2
2025-08,dsp:Focused,0.9666666666666667,0.08569999999999998,1,0
2025-08,dsp:HEALTHCARE,1.0,0.04289999999999999,0,0
2025-08,dsp:Large & Mid Cap,0.9726027397260274,0.06810000000000001,0,2
2025-08,dsp:Large Cap,0.9375,0.0917,0,2
2025-08,dsp:MIDCAP,0.9827586206896551,0.08029999999999998,1,0
2025-08,dsp:Multi Asset,1.0,0.0332,0,0
2025-08,dsp:Multicap Fund,1.0,0.08270000000000001,0,0
2025-08,dsp:NRNEF,1.0,0.029700000000000015,0,0
2025-08,dsp:QUANT,0.8,0.213,5,4
2025-08,dsp:SMALLCAP,0.9871794871794872,0.06099999999999999,1,0
2025-08,dsp:TAX,0.9838709677419355,0.06139999999999999,0,1
2025-08,dsp:TIGER,1.0,0.055,0,0
2025-08,dsp:VALUE,0.9803921568627451,0.0809,0,1
2025-08,hdfc:HDFCBKGFSF,0.9375,0.076,1,1
2025-08,hdfc:HDFCBUSICY,0.9285714285714286,0.1012,3,2
2025-08,hdfc:HDFCCB,0.9605263157894737,0.07419999999999999,2,1
2025-08,hdfc:HDFCCS,1.0,0.06559999999999998,0,0
2025-08,hdfc:HDFCDFNFND,0.92,0.1069,1,1
2025-08,hdfc:HDFCDIVYLD,0.9923664122137404,0.05660000000000002,0,1
2025-08,hdfc:HDFCEQ,1.0,0.04870000000000001,0,0
2025-08,hdfc:HDFCGR,0.993006993006993,0.029,1,0
2025-08,hdfc:HDFCHOF117,0.9714285714285714,0.0434,1,0
2025-08,hdfc:HDFCINNOVF,0.8928571428571429,0.169,6,0
2025-08,hdfc:HDFCLARGEF,0.9955156950672646,0.054299999999999994,0,1
2025-08,hdfc:HDFCMANFFN,0.9318181818181818,0.16970000000000002,2,4
2025-08,hdfc:HDFCMNCFND,0.8717948717948718,0.2509,1,4
2025-08,hdfc:HDFCMULCAP,1.0,0.0534,0,0
2025-08,hdfc:HDFCNCCFND,0.9777777777777777,0.06670000000000002,0,1
2025-08,hdfc:HDFCPHARHC,1.0,0.0877,0,0
2025-08,hdfc:HDFCPM,0.9767441860465116,0.030800000000000004,1,0
2025-08,hdfc:HDFCSMALLF,1.0,0.06589999999999999,0,0
2025-08,hdfc:HDFCT2,1.0,0.06599999999999999,0,0
2025-08,hdfc:HDFCTECHFD,1.0,0.04489999999999997,0,0
2025-08,hdfc:HDFCTRALFD,0.8571428571428571,0.1847,3,2
2025-08,hdfc:HDFCTS,0.9814814814814815,0.04730000000000002,0,1
2025-08,hdfc:HDINFG,0.9649122807017544,0.05690000000000001,0,2
2025-08,hdfc:MIDCAP,0.9863013698630136,0.059,0,1
2025-08,hdfc:MY2005,0.9473684210526315,0.05559999999999999,1,3
2025-08,icici:BAF,0.9775280898876404,0.054805792,2,0
2025-08,icici:BANFIN SERVICES,0.9523809523809523,0.05802731700000002,1,1
2025-08,icici:BCYCLE,0.8857142857142857,0.07809903199999998,5,3
2025-08,icici:BHACON,0.896551724137931,0.10433088900000001,3,3
2025-08,icici:BLUECHIP,1.0,0.04408990399999998,0,0
2025-08,icici:COMFUND,0.9795918367346939,0.05716317999999999,1,0
2025-08,icici:DISCO,0.9206349206349206,0.075436971,3,2
2025-08,icici:DIVYLD,0.9692307692307692,0.067171576,1,1
2025-08,icici:E&DF,0.8737864077669902,0.07508763799999998,5,8
2025-08,icici:ENERGY,0.9344262295081968,0.10008882500000003,2,2
2025-08,icici:ESGFUND,0.9215686274509803,0.094340869,1,3
2025-08,icici:EXPORTS,0.8769230769230769,0.10446708499999999,5,3
2025-08,icici:FLEXCAP,0.9571428571428572,0.07915092500000001,1,2
2025-08,icici:FMCG,0.9583333333333334,0.05926445999999999,1,0
2025-08,icici:FOCUSED,0.9,0.13727441999999998,2,1
2025-08,icici:HOUSING,0.9130434782608695,0.09232746499999998,2,2
2025-08,icici:INDOPP,0.9324324324324325,0.10384737700000002,3,2
2025-08,icici:INFRA,0.9538461538461539,0.07091955900000002,3,0
2025-08,icici:INNOVA,0.7796610169491526,0.194205195,4,9
2025-08,icici:LARGE & MIDCAP,0.9347826086956522,0.127461466,3,3
2025-08,icici:LTEF,0.963855421686747,0.06678011299999999,0,3
2025-08,icici:MGFINDIA,1.0,0.05115755799999999,0,0
2025-08,icici:MIDCAP,0.9772727272727273,0.089472815,2,0
2025-08,icici:MNCFUND,0.9019607843137255,0.12165029,4,1
2025-08,icici:MOMACT,0.6829268292682927,0.577149782,12,1
2025-08,icici:MULTI,0.9724770642201835,0.060469102,2,1
2025-08,icici:MULTICAP,0.7019867549668874,0.285807705,41,4
2025-08,icici:PHARMA,0.972972972972973,0.082987702,1,0
2025-08,icici:PSUEQU,1.0,0.06372682299999999,0,0
2025-08,icici:QUALITY,0.9384615384615385,0.124344154,3,1
2025-08,icici:QUANT,0.8064516129032258,0.254597217,7,5
2025-08,icici:RURALOPP,0.8260869565217391,0.20629483899999998,8,0
2025-08,icici:SMALL,0.8888888888888888,0.125142435,8,4
2025-08,icici:TECH,0.9682539682539683,0.05359390599999999,1,1
2025-08,icici:TRANSPO,0.9555555555555556,0.07220039899999998,1,1
2025-08,icici:VARIANCE,0.9714285714285714,0.129581109,1,0
2025-08,kotak:BAL,0.9482758620689655,0.09290000000000001,2,1
2025-08,kotak:BFS,0.84375,0.10179999999999997,3,2
2025-08,kotak:CMP,0.975,0.14450000000000002,0,1
2025-08,kotak:CON,0.9310344827586207,0.1218,1,3
2025-08,kotak:ELS,0.9629629629629629,0.04459999999999999,1,1
2025-08,kotak:EME,0.9230769230769231,0.11,4,1
2025-08,kotak:ESG,0.9387755102040817,0.08029999999999998,2,1
2025-08,kotak:HLC,1.0,0.08779999999999999,0,0
2025-08,kotak:K30,1.0,0.04409999999999999,0,0
2025-08,kotak:KBA,0.9454545454545454,0.0361,3,3
2025-08,kotak:KBC,0.9821428571428571,0.0663,1,0
2025-08,kotak:KEO,0.9411764705882353,0.10899999999999999,1,1
2025-08,kotak:KFE,0.9655172413793104,0.0689,0,1
2025-08,kotak:KIE,0.9818181818181818,0.06570000000000001,0,1
2025-08,kotak:KMI,0.9016393442622951,0.1557,2,4
2025-08,kotak:KMN,1.0,0.07400000000000002,0,0
2025-08,kotak:KOP,0.9558823529411765,0.07079999999999999,2,1
2025-08,kotak:KPF,0.9782608695652174,0.061100000000000015,1,0
2025-08,kotak:KQT,1.0,0.043399999999999994,0,0
2025-08,kotak:MAF,0.9818181818181818,0.054400000000000004,1,0
2025-08,kotak:MID,0.926829268292683,0.09599999999999999,4,2
2025-08,kotak:MUC,0.9558823529411765,0.1008,2,1
2025-08,kotak:SEF,0.9491525423728814,0.0623,2,1
2025-08,kotak:SPO,0.9767441860465116,0.1067,0,1
2025-08,kotak:TAL,0.9032258064516129,0.16140000000000002,2,1
2025-08,kotak:TCH,1.0,0.025699999999999938,0,0
2025-08,mirae:MABAF,0.9537037037037037,0.044620600999999996,4,1
2025-08,mirae:MABFF,0.967741935483871,0.03792377599999999,0,1
2025-08,mirae:MAEBF,0.968421052631579,0.12529313800000003,0,3
2025-08,mirae:MAFCF,0.9882352941176471,0.07509291600000001,1,0
2025-08,mirae:MAFF,0.9666666666666667,0.08265660100000001,1,0
2025-08,mirae:MAHCF,0.967741935483871,0.06887884100000001,0,1
2025-08,mirae:MAIPF,0.975,0.05071880399999999,2,0
2025-08,mirae:MAMAAF,0.9375,0.058768876,4,3
2025-08,mirae:MAMCF,0.918918918918919,0.146552047,2,4
2025-08,mirae:MAMPF,0.927710843373494,0.190533079,1,5
2025-08,mirae:MASCF,0.96,0.11709345200000001,2,1
2025-08,mirae:MATSF,0.9512195121951219,0.130636225,1,3
2025-08,mirae:MICCF,1.0,0.08578717699999999,0,0
2025-08,mirae:MIIOF,0.9518072289156626,0.06262087455,4,0
2025-08,nippon:AM,0.782608695652174,0.2731,5,5
2025-08,nippon:BF,0.967741935483871,0.0533,1,0
2025-08,nippon:EA,0.9285714285714286,0.0941,1,4
2025-08,nippon:EO,0.9328358208955224,0.10339999999999999,4,5
2025-08,nippon:GF,0.9894736842105263,0.06199999999999999,0,1
2025-08,nippon:GS,0.7777777777777778,0.1834,6,14
2025-08,nippon:IT,0.9777777777777777,0.1142,0,1
2025-08,nippon:LC,0.945054945054945,0.104,2,3
2025-08,nippon:LE,0.9666666666666667,0.09869999999999998,0,1
2025-08,nippon:MC,0.6666666666666666,0.2635,10,0
2025-08,nippon:ME,0.9230769230769231,0.19269999999999998,3,0
2025-08,nippon:MF,0.8787878787878788,0.09380000000000001,8,4
2025-08,nippon:NE,0.8674698795180723,0.08170000000000001,6,5
2025-08,nippon:PH,1.0,0.04369999999999999,0,0
2025-08,nippon:PS,0.9538461538461539,0.06770000000000001,2,1
2025-08,nippon:QP,0.775,0.1801,5,4
2025-08,nippon:SC,0.9585062240663901,0.087,4,6
2025-08,nippon:SE,0.9473684210526315,0.0792,3,1
2025-08,nippon:SH,0.8734177215189873,0.066,6,4
2025-08,nippon:TS,0.9523809523809523,0.0678,2,1
2025-08,ppfas:PPDAAF,0.8888888888888888,0.012600000000000002,1,0
2025-08,ppfas:PPFCF,1.0,0.02750000000000001,0,0
2025-08,ppfas:PPTSF,1.0,0.0446,0,0
2025-08,sbi:SBAF,0.896551724137931,0.032900000000000006,9,0
2025-08,sbi:SBFS,0.9375,0.14509999999999998,1,1
2025-08,sbi:SBI-AOF,0.9629629629629629,0.1563,0,1
2025-08,sbi:SBIRIOS,0.9393939393939394,0.08980000000000002,1,1
2025-08,sbi:SBLUECHIP,0.925,0.069,3,0
2025-08,sbi:SCF,1.0,0.0458,0,0
2025-08,sbi:SCOF,0.9782608695652174,0.08700000000000001,0,1
2025-08,sbi:SDYF,0.9347826086956522,0.09069999999999999,1,2
2025-08,sbi:SEHF,0.9777777777777777,0.04530000000000001,1,0
2025-08,sbi:SEMVF,1.0,0.03549999999999999,0,0
2025-08,sbi:SEOF,1.0,0.12029999999999999,0,0
2025-08,sbi:SFEF,0.9615384615384616,0.06759999999999998,1,0
2025-08,sbi:SFLEXI,0.9464285714285714,0.07530000000000002,3,0
2025-08,sbi:SHOF,0.9666666666666667,0.05960000000000002,1,0
2025-08,sbi:SIF,0.9166666666666666,0.1022,2,1
2025-08,sbi:SIOF,0.9473684210526315,0.09220000000000002,2,0
2025-08,sbi:SLMF,0.9861111111111112,0.08460000000000001,0,1
2025-08,sbi:SLTEF,0.9577464788732394,0.07709999999999999,3,0
2025-08,sbi:SMAAF,0.9672131147540983,0.05090000000000001,1,1
2025-08,sbi:SMCF,0.9821428571428571,0.0934,1,0
2025-08,sbi:SMCOMMA,0.9032258064516129,0.11359999999999998,3,0
2025-08,sbi:SMEEF,0.9459459459459459,0.08310000000000001,1,1
2025-08,sbi:SMGLF,0.9444444444444444,0.1466,1,1
2025-08,sbi:SMIDCAP,0.9814814814814815,0.077,1,0
2025-08,sbi:SPSU,0.9230769230769231,0.07219999999999999,0,2
2025-08,sbi:SQF,0.7428571428571429,0.4132,4,5
2025-08,sbi:SSCF,0.9846153846153847,0.0781,1,0
2025-08,sbi:STOF,1.0,0.043000000000000003,0,0
2025-08,uti:002,0.9795918367346939,0.02489999999999999,1,0
2025-08,uti:017,0.9818181818181818,0.0642,1,0
2025-08,uti:042,0.9818181818181818,0.0608,1,0
2025-08,uti:049,0.9577464788732394,0.083,1,2
2025-08,uti:066,0.9682539682539683,0.06360000000000002,1,1
2025-08,uti:101,0.9423076923076923,0.085,2,1
2025-08,uti:118,1.0,0.07510000000000001,0,0
2025-08,uti:125,0.9821428571428571,0.05369999999999999,0,1
2025-08,uti:160,0.968421052631579,0.081,3,0
2025-08,uti:161,0.8688524590163934,0.07960000000000002,6,2
2025-08,uti:162,0.9743589743589743,0.0747,0,1
2025-08,uti:163,0.9310344827586207,0.04689999999999998,1,1
2025-08,uti:190,0.9230769230769231,0.10239999999999999,0,4
2025-08,uti:193,0.9824561403508771,0.047400000000000005,1,0
2025-08,uti:251,1.0,0.05459999999999998,0,0
2025-08,uti:322,1.0,0.037200000000000004,0,0
2025-08,uti:751,0.9775280898876404,0.0604,1,1
2025-08,uti:753,1.0,0.045299999999999986,0,0
2025-08,uti:773,0.9838709677419355,0.04939999999999999,0,1
2025-08,uti:775,1.0,0.08070000000000002,0,0
2025-08,uti:783,0.6304347826086957,0.4587,20,14
2025-08,uti:787,0.9444444444444444,0.1164,4,0
2025-09,absl:ABSLBCF,0.9402985074626866,0.087537582,3,1
2025-09,absl:ABSLCONF,0.975609756097561,0.11234694700000003,0,1
2025-09,absl:ABSLESG,0.9636363636363636,0.08227030900000001,1,1
2025-09,absl:ABSLMAAF,0.8923076923076924,0.078980816,5,2
2025-09,absl:ABSLMCF,0.9560439560439561,0.10901846300000002,1,3
2025-09,absl:ABSLQF,0.6181818181818182,0.519277803,12,9
2025-09,absl:ABSLSO,0.9375,0.120943534,2,2
2025-09,absl:ABSLTNLF,0.9444444444444444,0.10054111800000001,1,1
2025-09,absl:ADVG,0.918918918918919,0.10750735499999999,1,5
2025-09,absl:BDYP,0.9272727272727272,0.074753091,2,2
2025-09,absl:BINFRA,0.9491525423728814,0.099429864,1,2
2025-09,absl:BSL95F,0.9512195121951219,0.046350378,2,2
2025-09,absl:BSLBKFS,0.8918918918918919,0.12733699599999998,1,3
2025-09,absl:BSLDAAF,0.935064935064935,0.048349778,4,1
2025-09,absl:BSLEQTY,0.9866666666666667,0.051192168,0,1
2025-09,absl:BSLFEF,0.9746835443037974,0.06136879799999999,0,2
2025-09,absl:BSLMFG,1.0,0.056590335,0,0
2025-09,absl:BSLNMF,0.90625,0.05863230299999997,1,2
2025-09,absl:BSLPHF,1.0,0.03604718899999998,0,0
2025-09,absl:BSLR96,0.9672131147540983,0.061655684999999995,1,1
2025-09,absl:BSLTA1,0.90625,0.13879126,3,6
2025-09,absl:BTOP100,1.0,0.055427377000000014,0,0
2025-09,absl:GENNEXT,0.9873417721518988,0.055336904,0,1
2025-09,absl:MIDCAP,0.9493670886075949,0.110344153,2,2
2025-09,absl:MNC,0.9459459459459459,0.09369490800000001,2,2
2025-09,absl:PSUEQ,1.0,0.03525517800000001,0,0
2025-09,absl:PURE,0.881578947368421,0.128003954,4,5
2025-09,axis:AXISBCF,0.8444444444444444,0.1613,7,7
2025-09,axis:AXISCON,0.9722222222222222,0.12000000000000001,0,2
2025-09,axis:AXISDEF,0.9711538461538461,0.0662,2,1
2025-09,axis:AXISEHF,0.9444444444444444,0.0945,2,3
2025-09,axis:AXISEQF,0.8867924528301887,0.1166,2,4
2025-09,axis:AXISESG,1.0,0.04839999999999999,0,0
2025-09,axis:AXISF25,0.96,0.08110000000000003,1,0
2025-09,axis:AXISGOF,0.9680851063829787,0.0858,2,1
2025-09,axis:AXISIMF,0.9139784946236559,0.1477,3,5
2025-09,axis:AXISMCF,0.9387755102040817,0.1196,3,3
2025-09,axis:AXISMIF,0.723404255319149,0.3113,6,7
2025-09,axis:AXISMLC,0.991869918699187,0.0956,1,0
2025-09,axis:AXISMLF,0.9661016949152542,0.09190000000000002,1,1
2025-09,axis:AXISQUA,0.7857142857142857,0.32889999999999997,4,5
2025-09,axis:AXISSCF,0.9428571428571428,0.0847,5,3
2025-09,axis:AXISSOF,1.0,0.04180000000000002,0,0
2025-09,axis:AXISSSF,0.967741935483871,0.11560000000000001,2,0
2025-09,axis:AXISTAF,0.9012345679012346,0.11019999999999999,5,3
2025-09,axis:AXISTSF,0.9782608695652174,0.07419999999999997,1,1
2025-09,axis:AXISVAL,0.9285714285714286,0.10339999999999999,4,3
2025-09,dsp:Aggressive Hybrid,1.0,0.058,0,0
2025-09,dsp:Banking and Financial Services,0.9230769230769231,0.07600000000000001,2,0
2025-09,dsp:Business Cycle Fund,0.98,0.04540000000000001,0,1
2025-09,dsp:DAAF,0.9454545454545454,0.04780000000000001,0,3
2025-09,dsp:Flexi Cap,0.9827586206896551,0.06409999999999999,0,1
2025-09,dsp:Focused,0.9666666666666667,0.07449999999999998,0,1
2025-09,dsp:HEALTHCARE,1.0,0.030400000000000024,0,0
2025-09,dsp:Large & Mid Cap,0.9452054794520548,0.09319999999999999,2,2
2025-09,dsp:Large Cap,1.0,0.061200000000000004,0,0
2025-09,dsp:MIDCAP,0.95,0.10420000000000001,2,1
2025-09,dsp:Multi Asset,1.0,0.03219999999999999,0,0
2025-09,dsp:Multicap Fund,0.9848484848484849,0.08610000000000001,1,0
2025-09,dsp:NRNEF,1.0,0.10600000000000001,0,0
2025-09,dsp:QUANT,0.8837209302325582,0.1328,2,3
2025-09,dsp:SMALLCAP,0.9873417721518988,0.053200000000000004,1,0
2025-09,dsp:TAX,0.9672131147540983,0.10059999999999998,0,2
2025-09,dsp:TIGER,0.9855072463768116,0.0532,0,1
2025-09,dsp:VALUE,1.0,0.0486,0,0
2025-09,hdfc:HDFCBKGFSF,0.84375,0.11890000000000002,1,4
2025-09,hdfc:HDFCBUSICY,0.9166666666666666,0.09669999999999997,4,2
2025-09,hdfc:HDFCCB,0.9090909090909091,0.11719999999999997,2,5
2025-09,hdfc:HDFCCS,1.0,0.04479999999999999,0,0
2025-09,hdfc:HDFCDFNFND,0.92,0.1554,1,1
2025-09,hdfc:HDFCDIVYLD,0.9769230769230769,0.0589,0,3
2025-09,hdfc:HDFCEQ,0.9607843137254902,0.054599999999999996,1,1
2025-09,hdfc:HDFCGR,0.9657534246575342,0.04440000000000001,3,2
2025-09,hdfc:HDFCHOF117,1.0,0.05109999999999999,0,0
2025-09,hdfc:HDFCINNOVF,0.9166666666666666,0.0981,4,1
2025-09,hdfc:HDFCLARGEF,0.9866071428571429,0.0723,2,1
2025-09,hdfc:HDFCMANFFN,0.9090909090909091,0.11810000000000001,4,4
2025-09,hdfc:HDFCMNCFND,0.9714285714285714,0.1128,0,1
2025-09,hdfc:HDFCMULCAP,0.8041666666666667,0.1959,1,46
2025-09,hdfc:HDFCNCCFND,0.9555555555555556,0.07879999999999998,1,1
2025-09,hdfc:HDFCPHARHC,0.9333333333333333,0.09400000000000003,1,1
2025-09,hdfc:HDFCPM,1.0,0.04269999999999999,0,0
2025-09,hdfc:HDFCSMALLF,0.9523809523809523,0.0735,2,2
2025-09,hdfc:HDFCT2,1.0,0.06499999999999999,0,0
2025-09,hdfc:HDFCTECHFD,0.9333333333333333,0.05570000000000002,1,1
2025-09,hdfc:HDFCTRALFD,1.0,0.12109999999999999,0,0
2025-09,hdfc:HDFCTS,0.9814814814814815,0.05130000000000001,1,0
2025-09,hdfc:HDINFG,1.0,0.0458,0,0
2025-09,hdfc:MIDCAP,0.9863013698630136,0.05559999999999999,1,0
2025-09,hdfc:MY2005,0.9466666666666667,0.0987,2,2
2025-09,icici:BAF,0.967391304347826,0.042703746,3,0
2025-09,icici:BANFIN SERVICES,0.7391304347826086,0.098589075,5,7
2025-09,icici:BCYCLE,0.9130434782608695,0.107763452,2,4
2025-09,icici:BHACON,0.9821428571428571,0.067943306,1,0
2025-09,icici:BLUECHIP,1.0,0.040362532000000007,0,0
2025-09,icici:COMFUND,0.98,0.07471073599999999,1,0
2025-09,icici:DISCO,0.9516129032258065,0.08156288700000001,1,2
2025-09,icici:DIVYLD,0.9696969696969697,0.07846663499999999,2,0
2025-09,icici:E&DF,0.9029126213592233,0.077282662,8,2
2025-09,icici:ENERGY,0.9354838709677419,0.10917681900000002,3,1
2025-09,icici:ESGFUND,0.9795918367346939,0.0807365,1,0
2025-09,icici:EXPORTS,0.8115942028985508,0.135116815,7,6
2025-09,icici:FLEXCAP,0.9710144927536232,0.058946233,1,1
2025-09,icici:FMCG,1.0,0.049888622000000014,0,0
2025-09,icici:FOCUSED,1.0,0.14189284200000002,0,0
2025-09,icici:HOUSING,1.0,0.04796667600000001,0,0
2025-09,icici:INDOPP,0.8947368421052632,0.105897994,4,4
2025-09,icici:INFRA,0.9848484848484849,0.071783844,1,0
2025-09,icici:INNOVA,0.8148148148148148,0.202590998,4,6
2025-09,icici:LARGE & MIDCAP,0.978021978021978,0.08988691100000001,2,0
2025-09,icici:LTEF,0.975609756097561,0.056734165,2,0
2025-09,icici:MGFINDIA,0.91,0.09530171999999999,4,5
2025-09,icici:MIDCAP,0.9772727272727273,0.06494333,0,2
2025-09,icici:MNCFUND,0.9230769230769231,0.127944573,2,2
2025-09,icici:MOMACT,0.7872340425531915,0.150209569,7,3
2025-09,icici:MULTI,0.905982905982906,0.068954962,9,2
2025-09,icici:MULTICAP,0.7109826589595376,0.564222262,26,24
2025-09,icici:PHARMA,0.9024390243902439,0.10033022999999999,4,0
2025-09,icici:PSUEQU,0.9666666666666667,0.06394915800000002,0,1
2025-09,icici:QUALITY,0.821917808219178,0.163022413,9,4
2025-09,icici:QUANT,0.7619047619047619,0.365401434,6,9
2025-09,icici:RURALOPP,1.0,0.09378979800000001,0,0
2025-09,icici:SMALL,0.9711538461538461,0.086804294,0,3
2025-09,icici:TECH,0.9523809523809523,0.06430533399999999,1,2
2025-09,icici:TRANSPO,0.8888888888888888,0.088541288,1,4
2025-09,icici:VARIANCE,0.9714285714285714,0.071921885,0,1
2025-09,kotak:BAL,0.9824561403508771,0.0626,0,1
2025-09,kotak:BFS,1.0,0.0905,0,0
2025-09,kotak:CMP,0.926829268292683,0.122,2,1
2025-09,kotak:CON,0.9473684210526315,0.10559999999999999,2,1
2025-09,kotak:ELS,0.9090909090909091,0.1046,2,3
2025-09,kotak:EME,0.9384615384615385,0.0872,1,3
2025-09,kotak:ESG,0.94,0.10469999999999999,2,1
2025-09,kotak:HLC,1.0,0.06229999999999999,0,0
2025-09,kotak:K30,0.9672131147540983,0.0655,1,1
2025-09,kotak:KBA,0.9459459459459459,0.044800000000000006,4,2
2025-09,kotak:KBC,0.9473684210526315,0.0777,1,2
2025-09,kotak:KEO,0.9428571428571428,0.10389999999999998,2,0
2025-09,kotak:KFE,1.0,0.0568,0,0
2025-09,kotak:KIE,0.9818181818181818,0.04809999999999999,1,0
2025-09,kotak:KMI,0.9482758620689655,0.1171,1,2
2025-09,kotak:KMN,0.9347826086956522,0.1105,0,3
2025-09,kotak:KOP,0.9701492537313433,0.0717,0,2
2025-09,kotak:KPF,0.9574468085106383,0.057500000000000016,1,1
2025-09,kotak:KQT,0.6666666666666666,0.2733,17,5
2025-09,kotak:MAF,0.9464285714285714,0.07840000000000001,1,2
2025-09,kotak:MID,0.9390243902439024,0.1065,2,3
2025-09,kotak:MUC,0.8985507246376812,0.16229999999999997,2,5
2025-09,kotak:SEF,0.9491525423728814,0.07199999999999998,1,2
2025-09,kotak:SPO,0.9523809523809523,0.0892,0,2
2025-09,kotak:TAL,1.0,0.0847,0,0
2025-09,kotak:TCH,1.0,0.03249999999999996,0,0
2025-09,mirae:MABAF,1.0,0.035114305000000005,0,0
2025-09,mirae:MABFF,1.0,0.05716608499999993,0,0
2025-09,mirae:MAEBF,0.946236559139785,0.11069772700000001,1,4
2025-09,mirae:MAFCF,0.9651162790697675,0.08846431300000002,1,2
2025-09,mirae:MAFF,0.9354838709677419,0.10425808299999997,1,1
2025-09,mirae:MAHCF,1.0,0.057701476999999994,0,0
2025-09,mirae:MAIPF,1.0,0.044969813999999976,0,0
2025-09,mirae:MAMAAF,0.8770491803278688,0.08889346199999999,13,2
2025-09,mirae:MAMCF,0.9305555555555556,0.11940857600000002,2,3
2025-09,mirae:MAMPF,0.8888888888888888,0.147719327,3,6
2025-09,mirae:MASCF,0.9605263157894737,0.121539836,2,1
2025-09,mirae:MATSF,0.9746835443037974,0.106409372,0,2
2025-09,mirae:MICCF,0.926829268292683,0.154401203,1,2
2025-09,mirae:MIIOF,0.9647058823529412,0.09062505036000001,2,1
2025-09,nippon:AM,0.673469387755102,0.3856,8,8
2025-09,nippon:BF,0.9375,0.0735,1,1
2025-09,nippon:EA,0.9558823529411765,0.0826,2,1
2025-09,nippon:EO,0.9692307692307692,0.12240000000000001,1,3
2025-09,nippon:GF,1.0,0.0537,0,0
2025-09,nippon:GS,0.9493670886075949,0.1734,3,1
2025-09,nippon:IT,0.9555555555555556,0.091,1,1
2025-09,nippon:LC,0.9550561797752809,0.10160000000000001,1,3
2025-09,nippon:LE,0.9333333333333333,0.09020000000000002,1,1
2025-09,nippon:MC,0.967741935483871,0.06840000000000002,1,0
2025-09,nippon:ME,0.875,0.18749999999999997,1,4
2025-09,nippon:MF,0.9375,0.0857,1,5
2025-09,nippon:NE,0.9743589743589743,0.04780000000000001,0,2
2025-09,nippon:PH,1.0,0.0718,0,0
2025-09,nippon:PS,0.9846153846153847,0.0916,1,0
2025-09,nippon:QP,0.8947368421052632,0.14939999999999998,2,2
2025-09,nippon:SC,0.9583333333333334,0.1006,5,5
2025-09,nippon:SE,0.9102564102564102,0.12129999999999999,3,4
2025-09,nippon:SH,1.0,0.045700000000000005,0,0
2025-09,nippon:TS,0.9523809523809523,0.06980000000000001,1,2
2025-09,ppfas:PPDAAF,1.0,0.003999999999999998,0,0
2025-09,ppfas:PPFCF,0.896551724137931,0.03620000000000001,1,2
2025-09,ppfas:PPTSF,0.9117647058823529,0.04990000000000001,1,2
2025-09,sbi:SBAF,0.8842105263157894,0.0515,8,3
2025-09,sbi:SBFS,0.90625,0.1815,1,2
2025-09,sbi:SBI-AOF,0.8928571428571429,0.14429999999999998,2,1
2025-09,sbi:SBIRIOS,0.8571428571428571,0.2643,3,2
2025-09,sbi:SBLUECHIP,0.95,0.06730000000000001,0,2
2025-09,sbi:SCF,1.0,0.046099999999999995,0,0
2025-09,sbi:SCOF,0.9361702127659575,0.1313,2,1
2025-09,sbi:SDYF,0.9777777777777777,0.0576,1,0
2025-09,sbi:SEHF,0.9347826086956522,0.08330000000000001,1,2
2025-09,sbi:SEMVF,1.0,0.0399,0,0
2025-09,sbi:SEOF,0.8823529411764706,0.04919999999999998,1,3
2025-09,sbi:SFEF,1.0,0.046599999999999996,0,0
2025-09,sbi:SFLEXI,0.8833333333333333,0.12060000000000001,4,3
2025-09,sbi:SHOF,0.9666666666666667,0.06169999999999998,0,1
2025-09,sbi:SIF,0.8648648648648649,0.1734,2,3
2025-09,sbi:SIOF,0.875,0.2133,2,3
2025-09,sbi:SLMF,0.9452054794520548,0.0901,2,2
2025-09,sbi:SLTEF,0.9722222222222222,0.052800000000000014,1,1
2025-09,sbi:SMAAF,0.9836065573770492,0.028100000000000003,1,0
2025-09,sbi:SMCF,0.9322033898305084,0.1179,3,1
2025-09,sbi:SMCOMMA,1.0,0.1036,0,0
2025-09,sbi:SMEEF,0.972972972972973,0.05880000000000002,1,0
2025-09,sbi:SMGLF,0.918918918918919,0.13699999999999998,2,1
2025-09,sbi:SMIDCAP,0.9298245614035088,0.0967,3,1
2025-09,sbi:SPSU,0.96,0.05650000000000003,1,0
2025-09,sbi:SQF,0.7272727272727273,0.3052,3,6
2025-09,sbi:SSCF,1.0,0.04560000000000001,0,0
2025-09,sbi:STOF,0.9230769230769231,0.07600000000000003,1,1
2025-09,uti:002,1.0,0.021300000000000006,0,0
2025-09,uti:017,0.9821428571428571,0.0661,1,0
2025-09,uti:042,1.0,0.05710000000000002,0,0
2025-09,uti:049,0.9444444444444444,0.12200000000000001,3,1
2025-09,uti:066,0.953125,0.07679999999999998,2,1
2025-09,uti:101,0.9807692307692307,0.04900000000000001,1,0
2025-09,uti:118,1.0,0.048400000000000006,0,0
2025-09,uti:125,0.896551724137931,0.0773,3,3
2025-09,uti:160,0.9081632653061225,0.14930000000000002,3,6
2025-09,uti:161,0.95,0.05520000000000002,1,2
2025-09,uti:162,1.0,0.042800000000000005,0,0
2025-09,uti:163,0.9655172413793104,0.09529999999999995,1,0
2025-09,uti:190,1.0,0.037899999999999996,0,0
2025-09,uti:193,0.9827586206896551,0.051300000000000005,1,0
2025-09,uti:251,0.9545454545454546,0.06659999999999999,1,1
2025-09,uti:322,0.9523809523809523,0.0659,1,3
2025-09,uti:751,0.9456521739130435,0.10880000000000001,4,1
2025-09,uti:753,0.9666666666666667,0.10790000000000001,0,1
2025-09,uti:773,0.9523809523809523,0.06930000000000001,2,1
2025-09,uti:775,0.8888888888888888,0.12719999999999998,2,1
2025-09,uti:783,0.9743589743589743,0.06340000000000001,0,2
2025-09,uti:787,0.92,0.1678,3,3
2025-10,absl:ABSLBCF,0.9,0.16293244199999998,4,3
2025-10,absl:ABSLCONF,0.8604651162790697,0.10980195199999998,3,3
2025-10,absl:ABSLESG,0.9454545454545454,0.086485347,1,2
2025-10,absl:ABSLMAAF,0.9242424242424242,0.078785879,3,2
2025-10,absl:ABSLMCF,0.9239130434782609,0.15422091999999998,4,3
2025-10,absl:ABSLQF,0.9782608695652174,0.06164080899999999,0,1
2025-10,absl:ABSLSO,0.9384615384615385,0.101428463,3,1
2025-10,absl:ABSLTNLF,0.8918918918918919,0.068585698,2,2
2025-10,absl:ADVG,0.9178082191780822,0.12390568000000002,4,2
2025-10,absl:BDYP,0.9444444444444444,0.073729069,1,2
2025-10,absl:BINFRA,0.9655172413793104,0.08104866399999999,1,1
2025-10,absl:BSL95F,0.9397590361445783,0.05746984900000001,3,2
2025-10,absl:BSLBKFS,0.8888888888888888,0.09514934100000001,2,2
2025-10,absl:BSLDAAF,0.8571428571428571,0.077599494,8,4
2025-10,absl:BSLEQTY,0.972972972972973,0.07734496500000002,0,2
2025-10,absl:BSLFEF,0.9375,0.04933815600000003,3,2
2025-10,absl:BSLMFG,0.921875,0.10767225799999999,3,2
2025-10,absl:BSLNMF,1.0,0.04485965800000001,0,0
2025-10,absl:BSLPHF,1.0,0.065927537,0,0
2025-10,absl:BSLR96,0.8461538461538461,0.127127429,5,5
2025-10,absl:BSLTA1,0.9247311827956989,0.131540524,3,4
2025-10,absl:BTOP100,0.9333333333333333,0.070002029,1,1
2025-10,absl:GENNEXT,0.9390243902439024,0.078793066,4,1
2025-10,absl:MIDCAP,0.8902439024390244,0.188185651,5,4
2025-10,absl:MNC,0.96,0.079057816,3,0
2025-10,absl:PSUEQ,0.9117647058823529,0.080659857,2,1
2025-10,absl:PURE,0.88,0.160981226,4,5
2025-10,axis:AXISBCF,0.8172043010752689,0.1864,10,7
2025-10,axis:AXISCON,0.9054054054054054,0.087,4,3
2025-10,axis:AXISDEF,0.9532710280373832,0.06869999999999998,4,1
2025-10,axis:AXISEHF,0.9886363636363636,0.04650000000000001,1,0
2025-10,axis:AXISEQF,0.9607843137254902,0.1131,2,0
2025-10,axis:AXISESG,0.9183673469387755,0.08030000000000001,2,2
2025-10,axis:AXISF25,1.0,0.044999999999999984,0,0
2025-10,axis:AXISGOF,0.9,0.0865,7,3
2025-10,axis:AXISIMF,0.9347826086956522,0.0966,4,2
2025-10,axis:AXISMCF,0.9595959595959596,0.12890000000000001,4,0
2025-10,axis:AXISMIF,0.7608695652173914,0.30110000000000003,6,5
2025-10,axis:AXISMLC,0.9453125,0.1024,5,2
2025-10,axis:AXISMLF,0.9661016949152542,0.03570000000000001,1,1
2025-10,axis:AXISQUA,0.7857142857142857,0.2951,5,4
2025-10,axis:AXISSCF,0.9172413793103448,0.09519999999999999,8,4
2025-10,axis:AXISSOF,0.9714285714285714,0.04750000000000001,1,0
2025-10,axis:AXISSSF,0.8805970149253731,0.1712,5,3
2025-10,axis:AXISTAF,0.8555555555555555,0.1367,12,1
2025-10,axis:AXISTSF,0.9090909090909091,0.09070000000000003,8,1
2025-10,axis:AXISVAL,0.91,0.14730000000000001,5,4
2025-10,dsp:Aggressive Hybrid,0.975609756097561,0.04580000000000001,1,0
2025-10,dsp:Banking and Financial Services,0.7352941176470589,0.33330000000000004,8,1
2025-10,dsp:Business Cycle Fund,0.9038461538461539,0.18130000000000002,3,2
2025-10,dsp:DAAF,0.8928571428571429,0.11420000000000001,4,2
2025-10,dsp:Flexi Cap,0.9661016949152542,0.09729999999999998,2,0
2025-10,dsp:Focused,1.0,0.08410000000000001,0,0
2025-10,dsp:HEALTHCARE,1.0,0.046200000000000005,0,0
2025-10,dsp:Large & Mid Cap,0.9333333333333333,0.1152,4,1
2025-10,dsp:Large Cap,0.967741935483871,0.05799999999999999,1,0
2025-10,dsp:MIDCAP,0.9354838709677419,0.08429999999999999,3,1
2025-10,dsp:Multi Asset,0.9714285714285714,0.05840000000000001,1,0
2025-10,dsp:Multicap Fund,0.9705882352941176,0.0786,2,0
2025-10,dsp:NRNEF,1.0,0.09489999999999998,0,0
2025-10,dsp:QUANT,0.9047619047619048,0.1839,2,2
2025-10,dsp:SMALLCAP,0.9397590361445783,0.0925,4,1
2025-10,dsp:TAX,0.9206349206349206,0.12000000000000001,4,1
2025-10,dsp:TIGER,0.9295774647887324,0.11480000000000001,3,2
2025-10,dsp:VALUE,0.9803921568627451,0.0769,1,0
2025-10,hdfc:HDFCBKGFSF,1.0,0.051299999999999985,0,0
2025-10,hdfc:HDFCBUSICY,0.918918918918919,0.102,4,2
2025-10,hdfc:HDFCCB,0.8607594936708861,0.11540000000000002,7,4
2025-10,hdfc:HDFCCS,1.0,0.04510000000000001,0,0
2025-10,hdfc:HDFCDFNFND,0.88,0.252,1,2
2025-10,hdfc:HDFCDIVYLD,0.9692307692307692,0.05770000000000001,3,1
2025-10,hdfc:HDFCEQ,1.0,0.04079999999999998,0,0
2025-10,hdfc:HDFCGR,0.912751677852349,0.0511,5,8
2025-10,hdfc:HDFCHOF117,1.0,0.041500000000000016,0,0
2025-10,hdfc:HDFCINNOVF,0.859375,0.1566,5,4
2025-10,hdfc:HDFCLARGEF,0.9911111111111112,0.05900000000000001,2,0
2025-10,hdfc:HDFCMANFFN,0.9195402298850575,0.1234,3,4
2025-10,hdfc:HDFCMNCFND,0.9444444444444444,0.1113,2,0
2025-10,hdfc:HDFCMULCAP,0.8585858585858586,0.182,4,24
2025-10,hdfc:HDFCNCCFND,0.8958333333333334,0.15059999999999998,4,1
2025-10,hdfc:HDFCPHARHC,0.875,0.16240000000000002,3,1
2025-10,hdfc:HDFCPM,0.9347826086956522,0.0583,3,0
2025-10,hdfc:HDFCSMALLF,0.9523809523809523,0.07940000000000001,2,2
2025-10,hdfc:HDFCT2,0.8653846153846154,0.10710000000000003,4,3
2025-10,hdfc:HDFCTECHFD,1.0,0.05670000000000001,0,0
2025-10,hdfc:HDFCTRALFD,0.8888888888888888,0.1633,3,1
2025-10,hdfc:HDFCTS,1.0,0.03849999999999998,0,0
2025-10,hdfc:HDINFG,1.0,0.043,0,0
2025-10,hdfc:MIDCAP,0.9733333333333334,0.07959999999999999,2,0
2025-10,hdfc:MY2005,0.9594594594594594,0.0394,1,2
2025-10,icici:BAF,0.9263157894736842,0.053302307,3,4
2025-10,icici:BANFIN SERVICES,0.7954545454545454,0.09394334200000001,5,4
2025-10,icici:BCYCLE,0.8873239436619719,0.07840145600000001,6,2
2025-10,icici:BHACON,0.7846153846153846,0.186666567,9,5
2025-10,icici:BLUECHIP,0.953125,0.04716144500000002,1,2
2025-10,icici:COMFUND,0.94,0.066277619,0,3
2025-10,icici:DISCO,0.84375,0.11042509299999999,4,6
2025-10,icici:DIVYLD,0.9545454545454546,0.158598545,0,3
2025-10,icici:E&DF,0.8828828828828829,0.117448035,10,3
2025-10,icici:ENERGY,0.9523809523809523,0.125264626,2,1
2025-10,icici:ESGFUND,0.8703703703703703,0.12179272499999999,5,2
2025-10,icici:EXPORTS,0.7808219178082192,0.17853365200000001,10,6
2025-10,icici:FLEXCAP,0.8904109589041096,0.08643977000000001,5,3
2025-10,icici:FMCG,0.9166666666666666,0.05230663700000001,0,2
2025-10,icici:FOCUSED,0.9333333333333333,0.117971661,1,1
2025-10,icici:HOUSING,0.9777777777777777,0.073468705,1,0
2025-10,icici:INDOPP,0.918918918918919,0.15168464,2,4
2025-10,icici:INFRA,0.8873239436619719,0.126236302,5,3
2025-10,icici:INNOVA,0.9038461538461539,0.15217122000000002,4,1
2025-10,icici:LARGE & MIDCAP,0.9157894736842105,0.14460878200000002,4,4
2025-10,icici:LTEF,0.9090909090909091,0.07644642099999999,6,2
2025-10,icici:MGFINDIA,0.9693877551020408,0.0899501,3,0
2025-10,icici:MIDCAP,0.9659090909090909,0.080137041,2,1
2025-10,icici:MNCFUND,0.8214285714285714,0.12863912400000002,6,4
2025-10,icici:MOMACT,0.9166666666666666,0.18949185600000001,4,0
2025-10,icici:MULTI,0.9173553719008265,0.086255817,6,4
2025-10,icici:MULTICAP,0.8633540372670807,0.253615217,12,10
2025-10,icici:PHARMA,0.9047619047619048,0.08315996299999998,1,3
2025-10,icici:PSUEQU,0.8787878787878788,0.11763609800000001,4,0
2025-10,icici:QUALITY,0.782051282051282,0.207030885,9,8
2025-10,icici:QUANT,0.8524590163934426,0.280201272,7,2
2025-10,icici:RURALOPP,0.9,0.170786325,4,1
2025-10,icici:SMALL,0.9158878504672897,0.132850255,6,3
2025-10,icici:TECH,0.967741935483871,0.10315277799999999,1,1
2025-10,icici:TRANSPO,0.8260869565217391,0.19059367000000005,5,3
2025-10,icici:VARIANCE,1.0,0.089507472,0,0
2025-10,kotak:BAL,0.9655172413793104,0.04440000000000001,2,0
2025-10,kotak:BFS,0.90625,0.0709,2,1
2025-10,kotak:CMP,0.8837209302325582,0.1857,3,2
2025-10,kotak:CON,0.8852459016393442,0.1036,5,2
2025-10,kotak:ELS,0.9454545454545454,0.05550000000000003,3,0
2025-10,kotak:EME,0.96875,0.06730000000000001,2,0
2025-10,kotak:ESG,0.9591836734693877,0.06590000000000001,0,2
2025-10,kotak:HLC,0.9354838709677419,0.0767,1,1
2025-10,kotak:K30,0.9354838709677419,0.06920000000000001,2,2
2025-10,kotak:KAM,1.0,0.04700000000000001,0,0
2025-10,kotak:KBA,0.9557522123893806,0.037399999999999996,4,1
2025-10,kotak:KBC,0.9298245614035088,0.1025,2,2
2025-10,kotak:KEO,0.9722222222222222,0.07230000000000002,1,0
2025-10,kotak:KFE,0.9310344827586207,0.06719999999999998,1,1
2025-10,kotak:KIE,0.9473684210526315,0.09280000000000001,2,1
2025-10,kotak:KMI,0.9482758620689655,0.1095,2,1
2025-10,kotak:KMN,0.9318181818181818,0.1425,1,2
2025-10,kotak:KOP,0.9692307692307692,0.05209999999999999,0,2
2025-10,kotak:KPF,0.9166666666666666,0.079,2,2
2025-10,kotak:KQT,0.6774193548387096,0.5987,1,19
2025-10,kotak:MAF,0.9636363636363636,0.09660000000000002,1,1
2025-10,kotak:MID,0.95,0.10249999999999998,1,3
2025-10,kotak:MUC,0.9692307692307692,0.12769999999999998,1,1
2025-10,kotak:SEF,1.0,0.04580000000000001,0,0
2025-10,kotak:SPO,0.8604651162790697,0.17880000000000001,3,3
2025-10,kotak:TAL,0.9354838709677419,0.1102,1,1
2025-10,kotak:TCH,0.96,0.058500000000000024,1,0
2025-10,mirae:MABAF,0.911504424778761,0.083539738,6,4
2025-10,mirae:MABFF,0.8709677419354839,0.06890924600000002,1,3
2025-10,mirae:MAEBF,0.9456521739130435,0.13850884,3,2
2025-10,mirae:MAFCF,0.9111111111111111,0.17400559899999998,6,2
2025-10,mirae:MAFF,0.967741935483871,0.10952811299999998,1,0
2025-10,mirae:MAHCF,0.967741935483871,0.08454178200000001,1,0
2025-10,mirae:MAIPF,0.8928571428571429,0.077907046,4,5
2025-10,mirae:MAMAAF,0.905511811023622,0.096292912,7,5
2025-10,mirae:MAMCF,0.9436619718309859,0.156563155,2,2
2025-10,mirae:MAMPF,0.8780487804878049,0.180292015,7,3
2025-10,mirae:MASCF,0.9487179487179487,0.106653857,3,1
2025-10,mirae:MATSF,0.8888888888888888,0.18272641,4,5
2025-10,mirae:MICCF,0.9512195121951219,0.118033016,2,0
2025-10,mirae:MIIOF,0.9651162790697675,0.06326161468,2,1
2025-10,nippon:AM,0.64,0.48310000000000003,9,9
2025-10,nippon:BF,0.967741935483871,0.05519999999999998,0,1
2025-10,nippon:EA,0.9166666666666666,0.0744,5,1
2025-10,nippon:EO,0.946969696969697,0.0925,5,2
2025-10,nippon:GF,0.96875,0.0753,2,1
2025-10,nippon:GS,0.9036144578313253,0.1799,5,3
2025-10,nippon:IT,0.9565217391304348,0.10880000000000002,2,0
2025-10,nippon:LC,0.9222222222222223,0.09280000000000001,4,3
2025-10,nippon:LE,0.9333333333333333,0.10029999999999997,1,1
2025-10,nippon:MC,0.96875,0.07809999999999999,1,0
2025-10,nippon:ME,0.9230769230769231,0.0756,3,0
2025-10,nippon:MF,0.9574468085106383,0.06620000000000001,3,1
2025-10,nippon:NE,0.9620253164556962,0.046299999999999994,3,0
2025-10,nippon:PH,0.9210526315789473,0.0703,1,2
2025-10,nippon:PS,0.9411764705882353,0.06790000000000002,3,1
2025-10,nippon:QP,0.8461538461538461,0.1499,3,3
2025-10,nippon:SC,0.9666666666666667,0.07909999999999999,5,3
2025-10,nippon:SE,0.9466666666666667,0.099,1,3
2025-10,nippon:SH,0.9102564102564102,0.0677,3,4
2025-10,nippon:TS,0.9838709677419355,0.0681,1,0
2025-10,ppfas:PPDAAF,1.0,0.0031999999999999976,0,0
2025-10,ppfas:PPFCF,1.0,0.016899999999999984,0,0
2025-10,ppfas:PPTSF,1.0,0.04510000000000001,0,0
2025-10,sbi:SBAF,0.968421052631579,0.0556,3,0
2025-10,sbi:SBFS,0.90625,0.13870000000000002,2,1
2025-10,sbi:SBI-AOF,0.8620689655172413,0.10010000000000001,2,2
2025-10,sbi:SBIRIOS,0.9705882352941176,0.06450000000000002,1,0
2025-10,sbi:SBLUECHIP,0.95,0.0722,2,0
2025-10,sbi:SCF,0.9875,0.04679999999999999,1,0
2025-10,sbi:SCOF,0.875,0.13939999999999997,2,4
2025-10,sbi:SDYF,0.9574468085106383,0.0806,2,0
2025-10,sbi:SEHF,1.0,0.0421,0,0
2025-10,sbi:SEMVF,0.9056603773584906,0.22920000000000001,3,2
2025-10,sbi:SEOF,1.0,0.05760000000000002,0,0
2025-10,sbi:SFEF,0.7931034482758621,0.2054,3,3
2025-10,sbi:SFLEXI,0.8852459016393442,0.05659999999999999,4,3
2025-10,sbi:SHOF,1.0,0.06060000000000001,0,0
2025-10,sbi:SIF,0.8888888888888888,0.1968,2,2
2025-10,sbi:SIOF,0.8717948717948718,0.1419,2,3
2025-10,sbi:SLMF,0.9594594594594594,0.08070000000000001,3,0
2025-10,sbi:SLTEF,0.9722222222222222,0.0642,1,1
2025-10,sbi:SMAAF,0.9523809523809523,0.0812,2,1
2025-10,sbi:SMCF,0.9344262295081968,0.0689,3,1
2025-10,sbi:SMCOMMA,0.96875,0.08,1,0
2025-10,sbi:SMEEF,0.925,0.1106,3,0
2025-10,sbi:SMGLF,1.0,0.06430000000000001,0,0
2025-10,sbi:SMIDCAP,0.896551724137931,0.133,2,4
2025-10,sbi:SPSU,0.9230769230769231,0.0716,1,1
2025-10,sbi:SQF,0.6666666666666666,0.4152,6,5
2025-10,sbi:SSCF,1.0,0.06079999999999999,0,0
2025-10,sbi:STOF,1.0,0.0397,0,0
2025-11,absl:ABSLBCF,0.9285714285714286,0.10132177800000002,3,2
2025-11,absl:ABSLCONF,0.9285714285714286,0.06709818000000001,2,1
2025-11,absl:ABSLESG,1.0,0.04208082199999998,0,0
2025-11,absl:ABSLMAAF,0.9264705882352942,0.06005094699999999,4,1
2025-11,absl:ABSLMCF,0.9775280898876404,0.11658836100000002,0,2
2025-11,absl:ABSLQF,1.0,0.07790510000000002,0,0
2025-11,absl:ABSLSO,0.8260869565217391,0.191654122,5,7
2025-11,absl:ABSLTNLF,0.9166666666666666,0.09214835099999998,1,2
2025-11,absl:ADVG,0.9324324324324325,0.11907384300000001,3,2
2025-11,absl:BDYP,0.9811320754716981,0.06073496500000001,1,0
2025-11,absl:BINFRA,0.9166666666666666,0.101835321,3,2
2025-11,absl:BSL95F,0.9876543209876543,0.040848773000000005,0,1
2025-11,absl:BSLBKFS,0.9166666666666666,0.08788560500000002,2,1
2025-11,absl:BSLDAAF,0.963855421686747,0.063093693,3,0
2025-11,absl:BSLEQTY,0.9594594594594594,0.070433372,2,1
2025-11,absl:BSLFEF,0.975,0.049667681999999984,2,0
2025-11,absl:BSLMFG,0.9365079365079365,0.075167691,1,3
2025-11,absl:BSLNMF,0.8333333333333334,0.09506095600000002,6,0
2025-11,absl:BSLPHF,0.9722222222222222,0.09371352499999998,0,1
2025-11,absl:BSLR96,0.9672131147540983,0.07467735100000002,1,1
2025-11,absl:BSLTA1,0.945054945054945,0.10844935500000001,2,3
2025-11,absl:BTOP100,1.0,0.056309859999999996,0,0
2025-11,absl:GENNEXT,0.9753086419753086,0.06603626,0,2
2025-11,absl:MIDCAP,0.8902439024390244,0.145664507,4,5
2025-11,absl:MNC,0.9605263157894737,0.090647405,1,2
2025-11,absl:PSUEQ,0.8611111111111112,0.09408496299999997,3,2
2025-11,absl:PURE,0.9324324324324325,0.10778597899999999,4,1
2025-11,axis:AXISBCF,0.8829787234042553,0.16049999999999998,8,3
2025-11,axis:AXISCON,0.971830985915493,0.09730000000000001,0,2
2025-11,axis:AXISDEF,0.9629629629629629,0.04240000000000001,2,2
2025-11,axis:AXISEHF,0.9659090909090909,0.06559999999999998,0,3
2025-11,axis:AXISEQF,0.875,0.1028,5,2
2025-11,axis:AXISESG,1.0,0.06369999999999999,0,0
2025-11,axis:AXISF25,0.9615384615384616,0.06219999999999999,1,0
2025-11,axis:AXISGOF,0.9117647058823529,0.13920000000000002,5,4
2025-11,axis:AXISIMF,0.9468085106382979,0.1402,4,1
2025-11,axis:AXISMCF,0.9705882352941176,0.11200000000000002,3,0
2025-11,axis:AXISMIF,0.7727272727272727,0.3027,3,7
2025-11,axis:AXISMLC,0.9318181818181818,0.1347,6,3
2025-11,axis:AXISMLF,0.9333333333333333,0.0697,2,2
2025-11,axis:AXISQUA,0.8095238095238095,0.3032,4,4
2025-11,axis:AXISSCF,0.9517241379310345,0.0915,4,3
2025-11,axis:AXISSOF,0.9722222222222222,0.0537,1,0
2025-11,axis:AXISSSF,0.6376811594202898,0.4668,5,20
2025-11,axis:AXISTAF,0.8469387755102041,0.1847,9,6
2025-11,axis:AXISTSF,0.95,0.06760000000000002,2,3
2025-11,axis:AXISVAL,0.8476190476190476,0.1759,9,7
2025-11,dsp:Aggressive Hybrid,0.975609756097561,0.07009999999999998,0,1
2025-11,dsp:Banking and Financial Services,0.9142857142857143,0.18769999999999998,2,1
2025-11,dsp:Business Cycle Fund,0.9423076923076923,0.08299999999999999,2,1
2025-11,dsp:DAAF,0.9636363636363636,0.0968,1,1
2025-11,dsp:Flexi Cap,0.9672131147540983,0.0955,2,0
2025-11,dsp:Focused,1.0,0.05470000000000001,0,0
2025-11,dsp:HEALTHCARE,1.0,0.07139999999999999,0,0
2025-11,dsp:Large & Mid Cap,0.9864864864864865,0.1025,0,1
2025-11,dsp:Large Cap,0.967741935483871,0.065,0,1
2025-11,dsp:MIDCAP,0.9836065573770492,0.07320000000000002,0,1
2025-11,dsp:Multi Asset,1.0,0.0506,0,0
2025-11,dsp:Multicap Fund,0.9714285714285714,0.1068,2,0
2025-11,dsp:NRNEF,1.0,0.0692,0,0
2025-11,dsp:QUANT,1.0,0.04130000000000001,0,0
2025-11,dsp:SMALLCAP,1.0,0.09009999999999999,0,0
2025-11,dsp:TAX,1.0,0.10500000000000001,0,0
2025-11,dsp:TIGER,1.0,0.0674,0,0
2025-11,dsp:VALUE,1.0,0.0684,0,0
2025-11,hdfc:HDFCBKGFSF,0.8709677419354839,0.10099999999999999,3,1
2025-11,hdfc:HDFCBUSICY,0.9178082191780822,0.1324,1,5
2025-11,hdfc:HDFCCB,0.8987341772151899,0.0939,4,4
2025-11,hdfc:HDFCCS,1.0,0.0338,0,0
2025-11,hdfc:HDFCDFNFND,1.0,0.06670000000000002,0,0
2025-11,hdfc:HDFCDIVYLD,0.9922480620155039,0.04649999999999999,0,1
2025-11,hdfc:HDFCEQ,1.0,0.0362,0,0
2025-11,hdfc:HDFCGR,0.9591836734693877,0.03949999999999999,6,0
2025-11,hdfc:HDFCHOF117,1.0,0.055600000000000024,0,0
2025-11,hdfc:HDFCINNOVF,0.8923076923076924,0.10650000000000003,5,2
2025-11,hdfc:HDFCLARGEF,0.9868421052631579,0.06300000000000001,3,0
2025-11,hdfc:HDFCMANFFN,0.9647058823529412,0.11649999999999999,2,1
2025-11,hdfc:HDFCMNCFND,0.9459459459459459,0.09589999999999997,1,1
2025-11,hdfc:HDFCMULCAP,0.8926553672316384,0.1637,3,16
2025-11,hdfc:HDFCNCCFND,0.9387755102040817,0.1592,2,1
2025-11,hdfc:HDFCPHARHC,0.9375,0.0882,1,1
2025-11,hdfc:HDFCPM,1.0,0.046499999999999986,0,0
2025-11,hdfc:HDFCSMALLF,0.9879518072289156,0.0781,1,0
2025-11,hdfc:HDFCT2,0.98,0.052899999999999996,1,0
2025-11,hdfc:HDFCTECHFD,1.0,0.07729999999999998,0,0
2025-11,hdfc:HDFCTRALFD,0.9722222222222222,0.0962,1,0
2025-11,hdfc:HDFCTS,1.0,0.032700000000000014,0,0
2025-11,hdfc:HDINFG,1.0,0.0485,0,0
2025-11,hdfc:MIDCAP,0.9868421052631579,0.06340000000000001,1,0
2025-11,hdfc:MY2005,0.972972972972973,0.042699999999999995,2,0
2025-11,icici:BAF,0.898989898989899,0.063079843,8,2
2025-11,icici:BANFIN SERVICES,0.7954545454545454,0.09440724100000002,4,5
2025-11,icici:BCYCLE,0.971830985915493,0.06239384200000001,2,0
2025-11,icici:BHACON,0.921875,0.13704038899999998,4,1
2025-11,icici:BLUECHIP,0.96875,0.04226900900000002,2,0
2025-11,icici:COMFUND,1.0,0.05857160899999997,0,0
2025-11,icici:CONGLO,0.5897435897435898,0.50147792,16,0
2025-11,icici:DISCO,0.875,0.09083908699999999,6,2
2025-11,icici:DIVYLD,0.9104477611940298,0.088088067,4,2
2025-11,icici:E&DF,0.8559322033898306,0.08080392399999999,10,7
2025-11,icici:ENERGY,0.96875,0.152513104,2,0
2025-11,icici:ESGFUND,0.9433962264150944,0.11348872000000002,1,2
2025-11,icici:EXPORTS,0.8873239436619719,0.17379766,4,4
2025-11,icici:FLEXCAP,0.8933333333333333,0.07793745900000001,5,3
2025-11,icici:FMCG,0.9565217391304348,0.036040873999999966,1,0
2025-11,icici:FOCUSED,0.8709677419354839,0.169512175,2,2
2025-11,icici:HOUSING,0.9361702127659575,0.04823598400000003,2,1
2025-11,icici:INDOPP,0.881578947368421,0.091792567,6,3
2025-11,icici:INFRA,0.8767123287671232,0.12263021199999999,5,4
2025-11,icici:INNOVA,0.8181818181818182,0.206376842,4,6
2025-11,icici:LARGE & MIDCAP,0.9175257731958762,0.126052551,6,2
2025-11,icici:LTEF,0.9230769230769231,0.09300456,5,2
2025-11,icici:MGFINDIA,0.9603960396039604,0.10538689799999998,3,1
2025-11,icici:MIDCAP,0.9772727272727273,0.080772413,1,1
2025-11,icici:MNCFUND,0.8363636363636363,0.16412916100000002,3,6
2025-11,icici:MOMACT,0.6964285714285714,0.300301094,8,9
2025-11,icici:MULTI,0.9349593495934959,0.088448979,6,2
2025-11,icici:MULTICAP,0.9868421052631579,0.08189551599999999,1,1
2025-11,icici:PHARMA,0.925,0.146528766,1,2
2025-11,icici:PSUEQU,0.9705882352941176,0.04969362,1,0
2025-11,icici:QUALITY,0.84,0.214002756,5,7
2025-11,icici:QUANT,0.7230769230769231,0.426001356,6,12
2025-11,icici:RURALOPP,0.9795918367346939,0.14234105,0,1
2025-11,icici:SMALL,0.9532710280373832,0.085231556,3,2
2025-11,icici:TECH,0.967741935483871,0.07769955699999999,1,1
2025-11,icici:TRANSPO,0.9545454545454546,0.11792197300000001,1,1
2025-11,icici:VARIANCE,1.0,0.154028877,0,0
2025-11,kotak:BAL,0.9827586206896551,0.059399999999999994,0,1
2025-11,kotak:BFS,0.9090909090909091,0.05869999999999999,2,1
2025-11,kotak:CMP,0.9534883720930233,0.11730000000000002,2,0
2025-11,kotak:CON,0.9047619047619048,0.0904,4,2
2025-11,kotak:ELS,0.9464285714285714,0.07409999999999999,1,2
2025-11,kotak:EME,0.984375,0.0846,0,1
2025-11,kotak:ESG,1.0,0.04159999999999999,0,0
2025-11,kotak:HLC,1.0,0.054999999999999986,0,0
2025-11,kotak:K30,0.9508196721311475,0.04219999999999999,1,2
2025-11,kotak:KAM,0.6329113924050633,1.0545,29,0
2025-11,kotak:KBA,0.905982905982906,0.0703,5,6
2025-11,kotak:KBC,0.9285714285714286,0.0769,1,3
2025-11,kotak:KEO,0.972972972972973,0.09179999999999999,1,0
2025-11,kotak:KFE,1.0,0.03940000000000001,0,0
2025-11,kotak:KIE,0.9298245614035088,0.17550000000000002,1,3
2025-11,kotak:KMI,0.8833333333333333,0.1703,3,4
2025-11,kotak:KMN,0.9761904761904762,0.06880000000000001,0,1
2025-11,kotak:KOP,0.9384615384615385,0.0767,2,2
2025-11,kotak:KPF,0.9787234042553191,0.052899999999999996,1,0
2025-11,kotak:KQT,1.0,0.046099999999999995,0,0
2025-11,kotak:MAF,0.9642857142857143,0.055200000000000006,2,0
2025-11,kotak:MID,0.9620253164556962,0.0973,2,1
2025-11,kotak:MUC,0.9846153846153847,0.09540000000000001,1,0
2025-11,kotak:SEF,0.9491525423728814,0.07760000000000002,2,1
2025-11,kotak:SPO,0.8536585365853658,0.1869,1,5
2025-11,kotak:TAL,0.90625,0.15420000000000003,2,1
2025-11,kotak:TCH,0.9259259259259259,0.0752,2,0
2025-11,mirae:MABAF,0.981651376146789,0.042655727,0,2
2025-11,mirae:MABFF,0.9,0.07421963000000002,2,1
2025-11,mirae:MAEBF,0.967032967032967,0.106927625,1,2
2025-11,mirae:MAFCF,0.8817204301075269,0.133428612,5,6
2025-11,mirae:MAFF,0.9354838709677419,0.07900845199999999,0,2
2025-11,mirae:MAHCF,0.96875,0.07417134100000002,1,0
2025-11,mirae:MAIPF,0.9873417721518988,0.03697627200000001,0,1
2025-11,mirae:MAMAAF,0.975609756097561,0.043496159000000006,1,2
2025-11,mirae:MAMCF,0.9436619718309859,0.13592068200000001,2,2
2025-11,mirae:MAMPF,0.8690476190476191,0.186259342,5,6
2025-11,mirae:MASCF,0.9382716049382716,0.14219057300000001,4,1
2025-11,mirae:MATSF,0.961038961038961,0.093549197,1,2
2025-11,mirae:MICCF,0.9512195121951219,0.11064879899999999,0,2
2025-11,mirae:MIIOF,0.9302325581395349,0.07476512225999998,1,5
2025-11,nippon:AM,0.7608695652173914,0.2685,5,6
2025-11,nippon:BF,0.9375,0.05570000000000002,2,0
2025-11,nippon:EA,0.9722222222222222,0.09809999999999998,1,1
2025-11,nippon:EO,0.9477611940298507,0.10569999999999999,4,3
2025-11,nippon:GF,0.9895833333333334,0.0773,1,0
2025-11,nippon:GS,0.8837209302325582,0.1748,6,4
2025-11,nippon:IT,0.8979591836734694,0.1364,3,2
2025-11,nippon:LC,0.9222222222222223,0.10579999999999999,3,4
2025-11,nippon:LE,0.9666666666666667,0.11460000000000001,1,0
2025-11,nippon:MC,1.0,0.04709999999999997,0,0
2025-11,nippon:ME,0.95,0.0828,1,1
2025-11,nippon:MF,0.9578947368421052,0.0765,2,2
2025-11,nippon:NE,0.9873417721518988,0.04170000000000001,0,1
2025-11,nippon:PH,1.0,0.06439999999999999,0,0
2025-11,nippon:PS,0.9285714285714286,0.09550000000000002,3,2
2025-11,nippon:QP,0.8205128205128205,0.14840000000000003,3,4
2025-11,nippon:SC,0.9666666666666667,0.0984,3,5
2025-11,nippon:SE,0.9342105263157895,0.1117,4,1
2025-11,nippon:SH,0.96,0.04370000000000001,1,2
2025-11,nippon:TS,0.96875,0.06099999999999999,2,0
2025-11,ppfas:PPDAAF,0.9,0.003400000000000003,1,0
2025-11,ppfas:PPFCF,0.9310344827586207,0.039699999999999985,2,0
2025-11,ppfas:PPTSF,0.9696969696969697,0.0324,1,0
2025-11,sbi:SBAF,1.0,0.046000000000000006,0,0
2025-11,sbi:SBFS,0.7567567567567568,0.2102,6,3
2025-11,sbi:SBI-AOF,0.9310344827586207,0.13149999999999998,2,0
2025-11,sbi:SBIRIOS,0.8333333333333334,0.1872,2,4
2025-11,sbi:SBLUECHIP,0.9285714285714286,0.08650000000000002,2,1
2025-11,sbi:SCF,1.0,0.04799999999999999,0,0
2025-11,sbi:SCOF,0.9772727272727273,0.10720000000000002,0,1
2025-11,sbi:SDYF,0.9791666666666666,0.05759999999999999,1,0
2025-11,sbi:SEHF,0.9777777777777777,0.048200000000000014,1,0
2025-11,sbi:SEMVF,0.9803921568627451,0.041200000000000014,0,1
2025-11,sbi:SEOF,0.96875,0.038399999999999976,1,0
2025-11,sbi:SFEF,1.0,0.0722,0,0
2025-11,sbi:SFLEXI,0.9508196721311475,0.13199999999999998,3,0
2025-11,sbi:SHOF,0.9666666666666667,0.0659,1,0
2025-11,sbi:SIF,1.0,0.04909999999999997,0,0
2025-11,sbi:SIOF,0.8648648648648649,0.1266,1,4
2025-11,sbi:SLMF,0.9240506329113924,0.10869999999999999,5,1
2025-11,sbi:SLTEF,0.9859154929577465,0.054299999999999994,0,1
2025-11,sbi:SMAAF,0.96875,0.0406,2,0
2025-11,sbi:SMCF,0.9523809523809523,0.1021,3,0
2025-11,sbi:SMCOMMA,0.96875,0.0675,0,1
2025-11,sbi:SMEEF,0.8604651162790697,0.1678,3,3
2025-11,sbi:SMGLF,0.9459459459459459,0.10439999999999999,1,1
2025-11,sbi:SMIDCAP,0.9090909090909091,0.1885,1,4
2025-11,sbi:SPSU,1.0,0.04949999999999998,0,0
2025-11,sbi:SQF,0.8064516129032258,0.3073,3,3
2025-11,sbi:SSCF,0.9558823529411765,0.07830000000000001,3,0
2025-11,sbi:STOF,0.9615384615384616,0.059699999999999996,1,0
2025-12,absl:ABSLBCF,0.9571428571428572,0.076892305,2,1
2025-12,absl:ABSLCONF,0.8636363636363636,0.14715135899999998,3,3
2025-12,absl:ABSLESG,0.9464285714285714,0.06447968999999999,3,0
2025-12,absl:ABSLMAAF,0.9420289855072463,0.075782391,2,2
2025-12,absl:ABSLMCF,0.9438202247191011,0.108042615,2,3
2025-12,absl:ABSLQF,0.6415094339622641,0.33865221300000004,8,11
2025-12,absl:ABSLSO,0.9230769230769231,0.12477149000000004,3,2
2025-12,absl:ABSLTNLF,0.9714285714285714,0.08638422299999998,1,0
2025-12,absl:ADVG,0.9066666666666666,0.10561448200000001,3,4
2025-12,absl:BDYP,0.8771929824561403,0.10973218700000001,4,3
2025-12,absl:BINFRA,0.9661016949152542,0.08705636200000001,1,1
2025-12,absl:BSL95F,0.9629629629629629,0.04077775699999999,1,2
2025-12,absl:BSLBKFS,0.868421052631579,0.13173808499999998,3,2
2025-12,absl:BSLDAAF,0.9195402298850575,0.064597221,4,3
2025-12,absl:BSLEQTY,0.972972972972973,0.05999705900000001,1,1
2025-12,absl:BSLFEF,0.9397590361445783,0.051745240000000005,3,2
2025-12,absl:BSLMFG,0.9836065573770492,0.065783839,1,0
2025-12,absl:BSLNMF,0.8648648648648649,0.06481518,1,4
2025-12,absl:BSLPHF,0.9722222222222222,0.07408607099999999,1,0
2025-12,absl:BSLR96,0.890625,0.088110093,4,3
2025-12,absl:BSLTA1,0.9021739130434783,0.134830058,4,5
2025-12,absl:BTOP100,1.0,0.038114493,0,0
2025-12,absl:GENNEXT,0.8809523809523809,0.09188673699999998,5,5
2025-12,absl:MIDCAP,0.9375,0.116802863,3,2
2025-12,absl:MNC,0.9466666666666667,0.079356562,1,3
2025-12,absl:PSUEQ,0.9411764705882353,0.083654269,0,2
2025-12,absl:PURE,0.9459459459459459,0.10033410400000002,1,3
2025-12,axis:AXISBCF,0.826530612244898,0.22360000000000002,7,10
2025-12,axis:AXISCON,0.9305555555555556,0.1084,3,2
2025-12,axis:AXISDEF,0.9813084112149533,0.0321,1,1
2025-12,axis:AXISEHF,0.9534883720930233,0.05050000000000001,1,3
2025-12,axis:AXISEQF,0.8771929824561403,0.1247,3,4
2025-12,axis:AXISESG,0.9,0.1108,3,2
2025-12,axis:AXISF25,0.8928571428571429,0.1595,2,1
2025-12,axis:AXISGOF,0.883495145631068,0.1275,5,7
2025-12,axis:AXISIMF,0.9278350515463918,0.158,4,3
2025-12,axis:AXISMCF,0.9519230769230769,0.0949,2,3
2025-12,axis:AXISMIF,0.7380952380952381,0.31529999999999997,5,6
2025-12,axis:AXISMLC,0.924812030075188,0.1297,4,6
2025-12,axis:AXISMLF,0.8870967741935484,0.10599999999999998,4,3
2025-12,axis:AXISQUA,0.7674418604651163,0.3224,5,5
2025-12,axis:AXISSCF,0.9586206896551724,0.1049,3,3
2025-12,axis:AXISSOF,0.9473684210526315,0.078,2,0
2025-12,axis:AXISSSF,0.8113207547169812,0.1433,4,6
2025-12,axis:AXISTAF,0.7676767676767676,0.25680000000000003,7,16
2025-12,axis:AXISTSF,0.8932038834951457,0.11709999999999998,6,5
2025-12,axis:AXISVAL,0.94,0.17250000000000001,2,4
2025-12,dsp:Aggressive Hybrid,1.0,0.046599999999999996,0,0
2025-12,dsp:Banking and Financial Services,0.9444444444444444,0.0884,2,0
2025-12,dsp:Business Cycle Fund,0.8867924528301887,0.09749999999999999,2,4
2025-12,dsp:DAAF,0.8813559322033898,0.0874,5,2
2025-12,dsp:Flexi Cap,0.953125,0.0612,3,0
2025-12,dsp:Focused,0.9333333333333333,0.091,1,1
2025-12,dsp:HEALTHCARE,0.9230769230769231,0.03899999999999999,2,0
2025-12,dsp:Large & Mid Cap,0.9733333333333334,0.08040000000000001,2,0
2025-12,dsp:Large Cap,0.967741935483871,0.07049999999999998,1,0
2025-12,dsp:MIDCAP,0.9508196721311475,0.0807,1,2
2025-12,dsp:Multi Asset,1.0,0.0487,0,0
2025-12,dsp:Multicap Fund,0.971830985915493,0.0615,1,1
2025-12,dsp:NRNEF,1.0,0.05329999999999999,0,0
2025-12,dsp:QUANT,0.8181818181818182,0.2318,4,4
2025-12,dsp:SMALLCAP,0.9879518072289156,0.06240000000000001,1,0
2025-12,dsp:TAX,0.953125,0.0734,2,1
2025-12,dsp:TIGER,0.9571428571428572,0.0643,1,2
2025-12,dsp:VALUE,0.9807692307692307,0.0691,1,0
2025-12,hdfc:HDFCBKGFSF,0.8709677419354839,0.08360000000000004,1,3
2025-12,hdfc:HDFCBUSICY,0.8873239436619719,0.11499999999999999,3,5
2025-12,hdfc:HDFCCB,0.8860759493670886,0.0813,4,5
2025-12,hdfc:HDFCCS,1.0,0.036699999999999997,0,0
2025-12,hdfc:HDFCDFNFND,0.88,0.05169999999999999,2,1
2025-12,hdfc:HDFCDIVYLD,0.9846153846153847,0.049100000000000005,2,0
2025-12,hdfc:HDFCEQ,0.9803921568627451,0.037899999999999996,1,0
2025-12,hdfc:HDFCGR,0.9605263157894737,0.02389999999999999,5,1
2025-12,hdfc:HDFCHOF117,1.0,0.03570000000000001,0,0
2025-12,hdfc:HDFCINNOVF,0.9538461538461539,0.04509999999999999,2,1
2025-12,hdfc:HDFCLARGEF,0.9742489270386266,0.05030000000000001,5,1
2025-12,hdfc:HDFCMANFFN,0.9651162790697675,0.0643,2,1
2025-12,hdfc:HDFCMNCFND,0.8918918918918919,0.06710000000000002,1,3
2025-12,hdfc:HDFCMULCAP,0.9197530864197531,0.11860000000000001,1,12
2025-12,hdfc:HDFCNCCFND,0.96,0.08620000000000003,2,0
2025-12,hdfc:HDFCPHARHC,0.8484848484848485,0.1145,2,3
2025-12,hdfc:HDFCPM,1.0,0.02239999999999999,0,0
2025-12,hdfc:HDFCSMALLF,0.9880952380952381,0.05259999999999999,1,0
2025-12,hdfc:HDFCT2,0.9038461538461539,0.04600000000000002,2,3
2025-12,hdfc:HDFCTECHFD,0.9310344827586207,0.0598,0,2
2025-12,hdfc:HDFCTRALFD,0.9459459459459459,0.08600000000000002,1,1
2025-12,hdfc:HDFCTS,0.8166666666666667,0.1707,6,5
2025-12,hdfc:HDINFG,0.9821428571428571,0.04590000000000002,1,0
2025-12,hdfc:MIDCAP,0.987012987012987,0.039200000000000006,1,0
2025-12,hdfc:MY2005,0.9736842105263158,0.0448,2,0
2025-12,icici:BAF,0.9019607843137255,0.03768929900000001,5,5
2025-12,icici:BANFIN SERVICES,0.8372093023255814,0.16658661999999996,4,3
2025-12,icici:BCYCLE,0.8589743589743589,0.100025851,7,4
2025-12,icici:BHACON,0.9090909090909091,0.12733347,3,3
2025-12,icici:BLUECHIP,0.9393939393939394,0.05412369300000001,2,2
2025-12,icici:COMFUND,0.9787234042553191,0.06712352900000003,0,1
2025-12,icici:CONGLO,0.926829268292683,0.108713719,2,1
2025-12,icici:DISCO,0.8805970149253731,0.09199167,5,3
2025-12,icici:DIVYLD,0.9701492537313433,0.07110425299999999,2,0
2025-12,icici:E&DF,0.8813559322033898,0.063893444,7,7
2025-12,icici:ENERGY,0.9384615384615385,0.10192093599999999,1,3
2025-12,icici:ESGFUND,0.9433962264150944,0.08427368700000001,2,1
2025-12,icici:EXPORTS,0.7714285714285715,0.209823834,3,13
2025-12,icici:FLEXCAP,0.9324324324324325,0.07163815799999998,2,3
2025-12,icici:FMCG,0.9166666666666666,0.08163677799999998,1,1
2025-12,icici:FOCUSED,0.84375,0.283399437,3,2
2025-12,icici:HOUSING,0.9583333333333334,0.07978306799999998,2,0
2025-12,icici:INDOPP,0.8518518518518519,0.11369227300000001,8,4
2025-12,icici:INFRA,0.927536231884058,0.16751727,0,5
2025-12,icici:INNOVA,0.7368421052631579,0.34922900900000003,8,7
2025-12,icici:LARGE & MIDCAP,0.9175257731958762,0.137717024,2,6
2025-12,icici:LTEF,0.945054945054945,0.05796013299999999,2,3
2025-12,icici:MGFINDIA,0.9514563106796117,0.076917981,3,2
2025-12,icici:MIDCAP,0.9772727272727273,0.059431437000000004,1,1
2025-12,icici:MNCFUND,0.9607843137254902,0.100263415,2,0
2025-12,icici:MOMACT,0.7735849056603774,0.314692733,6,6
2025-12,icici:MULTI,0.944,0.074115615,4,3
2025-12,icici:MULTICAP,0.9294871794871795,0.126705241,5,6
2025-12,icici:PHARMA,0.8780487804878049,0.167021344,3,2
2025-12,icici:PSUEQU,1.0,0.074033549,0,0
2025-12,icici:QUALITY,0.76,0.245204615,7,11
2025-12,icici:QUANT,0.8166666666666667,0.266367333,7,4
2025-12,icici:RURALOPP,0.9387755102040817,0.162904632,1,2
2025-12,icici:SMALL,0.944954128440367,0.108008316,4,2
2025-12,icici:TECH,0.9523809523809523,0.08501665700000002,2,1
2025-12,icici:TRANSPO,0.9555555555555556,0.10007942099999999,2,0
2025-12,icici:VARIANCE,0.918918918918919,0.19721257099999995,3,0
2025-12,kotak:BAL,0.9016393442622951,0.0874,4,2
2025-12,kotak:BFS,0.8571428571428571,0.1793,3,2
2025-12,kotak:CMP,0.9130434782608695,0.10589999999999997,3,1
2025-12,kotak:CON,0.90625,0.119,3,3
2025-12,kotak:ELS,0.847457627118644,0.0957,5,4
2025-12,kotak:EME,0.9104477611940298,0.11710000000000001,4,2
2025-12,kotak:ESG,0.92,0.11199999999999997,3,1
2025-12,kotak:HLC,0.90625,0.14100000000000001,2,1
2025-12,kotak:K30,0.9833333333333333,0.04419999999999999,1,0
2025-12,kotak:KAM,0.5875,0.2192,1,32
2025-12,kotak:KBA,0.8974358974358975,0.0646,6,6
2025-12,kotak:KBC,0.8771929824561403,0.1419,4,3
2025-12,kotak:KEO,1.0,0.11739999999999998,0,0
2025-12,kotak:KFE,0.9,0.0856,2,1
2025-12,kotak:KIE,0.8771929824561403,0.1261,3,4
2025-12,kotak:KMI,0.9122807017543859,0.08510000000000001,1,4
2025-12,kotak:KMN,0.975609756097561,0.06939999999999999,0,1
2025-12,kotak:KOP,0.9692307692307692,0.0491,2,0
2025-12,kotak:KPF,0.9791666666666666,0.06910000000000001,1,0
2025-12,kotak:KQT,0.711864406779661,0.2703,16,1
2025-12,kotak:MAF,0.9180327868852459,0.1158,5,0
2025-12,kotak:MID,0.9620253164556962,0.0871,1,2
2025-12,kotak:MUC,0.9552238805970149,0.0765,2,1
2025-12,kotak:ROF,0.02631578947368421,0.833,37,0
2025-12,kotak:SEF,0.9661016949152542,0.035099999999999985,1,1
2025-12,kotak:SPO,0.8947368421052632,0.15660000000000002,2,2
2025-12,kotak:TAL,1.0,0.09539999999999998,0,0
2025-12,kotak:TCH,1.0,0.10780000000000003,0,0
2025-12,mirae:MABAF,0.9454545454545454,0.046463369,3,3
2025-12,mirae:MABFF,0.9666666666666667,0.08351916299999998,1,0
2025-12,mirae:MAEBF,0.9555555555555556,0.12107070899999998,1,3
2025-12,mirae:MAFCF,0.9230769230769231,0.094372128,4,3
2025-12,mirae:MAFF,1.0,0.04876106300000001,0,0
2025-12,mirae:MAHCF,0.9117647058823529,0.06897281200000001,2,1
2025-12,mirae:MAIPF,0.9382716049382716,0.05467283400000001,3,2
2025-12,mirae:MAMAAF,0.9147286821705426,0.08407861999999999,8,3
2025-12,mirae:MAMCF,0.9295774647887324,0.11074434,2,3
2025-12,mirae:MAMPF,0.9024390243902439,0.16361291200000003,4,4
2025-12,mirae:MASCF,0.9156626506024096,0.155058392,3,4
2025-12,mirae:MATSF,0.9605263157894737,0.124734221,1,2
2025-12,mirae:MICCF,0.8809523809523809,0.109817261,3,2
2025-12,mirae:MIIOF,0.9411764705882353,0.05144076053,4,1
2025-12,nippon:AM,0.8604651162790697,0.20149999999999998,3,3
2025-12,nippon:BF,0.9696969696969697,0.05969999999999998,1,0
2025-12,nippon:EA,0.9861111111111112,0.05260000000000001,1,0
2025-12,nippon:EO,0.9774436090225563,0.07819999999999999,2,1
2025-12,nippon:GF,0.9591836734693877,0.06069999999999999,2,2
2025-12,nippon:GS,0.8369565217391305,0.1785,10,5
2025-12,nippon:IT,0.9,0.10890000000000002,3,2
2025-12,nippon:LC,0.9655172413793104,0.06970000000000001,1,2
2025-12,nippon:LE,0.9354838709677419,0.09770000000000001,1,1
2025-12,nippon:MC,0.9117647058823529,0.087,2,1
2025-12,nippon:ME,0.8604651162790697,0.08520000000000001,4,2
2025-12,nippon:MF,0.96875,0.08030000000000001,3,0
2025-12,nippon:NE,0.8846153846153846,0.11069999999999999,0,9
2025-12,nippon:PH,1.0,0.055999999999999994,0,0
2025-12,nippon:PS,0.9436619718309859,0.1076,3,1
2025-12,nippon:QP,0.918918918918919,0.07650000000000003,2,1
2025-12,nippon:SC,0.9547325102880658,0.0786,8,3
2025-12,nippon:SE,0.922077922077922,0.0799,2,4
2025-12,nippon:SH,0.863013698630137,0.1027,0,10
2025-12,nippon:TS,0.9846153846153847,0.0424,1,0
2025-12,ppfas:PPDAAF,0.9090909090909091,0.006300000000000003,1,0
2025-12,ppfas:PPFCF,0.9666666666666667,0.022200000000000008,1,0
2025-12,ppfas:PPTSF,0.9705882352941176,0.0377,1,0
2025-12,sbi:SBAF,0.9387755102040817,0.0584,3,3
2025-12,sbi:SBFS,0.9166666666666666,0.14470000000000005,2,1
2025-12,sbi:SBI-AOF,0.9354838709677419,0.1104,2,0
2025-12,sbi:SBIRIOS,0.7837837837837838,0.27740000000000004,5,3
2025-12,sbi:SBLUECHIP,0.9534883720930233,0.0822,2,0
2025-12,sbi:SCF,0.975609756097561,0.036000000000000004,2,0
2025-12,sbi:SCOF,0.8913043478260869,0.1296,3,2
2025-12,sbi:SDYF,0.88,0.087,2,4
2025-12,sbi:SEHF,0.9166666666666666,0.0818,3,1
2025-12,sbi:SEMVF,0.9803921568627451,0.034100000000000005,1,0
2025-12,sbi:SEOF,1.0,0.05909999999999997,0,0
2025-12,sbi:SFEF,0.8888888888888888,0.08930000000000002,1,2
2025-12,sbi:SFLEXI,0.9523809523809523,0.0916,2,1
2025-12,sbi:SHOF,0.90625,0.0715,2,1
2025-12,sbi:SIF,0.9714285714285714,0.043800000000000026,1,0
2025-12,sbi:SIOF,0.9428571428571428,0.1547,2,0
2025-12,sbi:SLMF,0.9382716049382716,0.10379999999999999,3,2
2025-12,sbi:SLTEF,0.9577464788732394,0.033699999999999994,1,2
2025-12,sbi:SMAAF,0.9545454545454546,0.06860000000000001,2,1
2025-12,sbi:SMCF,0.921875,0.09349999999999999,1,4
2025-12,sbi:SMCOMMA,0.967741935483871,0.09890000000000003,0,1
2025-12,sbi:SMEEF,0.9285714285714286,0.06730000000000001,2,1
2025-12,sbi:SMGLF,0.8947368421052632,0.1061,2,2
2025-12,sbi:SMIDCAP,0.9090909090909091,0.119,4,1
2025-12,sbi:SPSU,0.96,0.052199999999999976,0,1
2025-12,sbi:SQF,0.8620689655172413,0.19419999999999998,1,3
2025-12,sbi:SSCF,0.9577464788732394,0.09439999999999998,3,0
2025-12,sbi:STOF,0.9285714285714286,0.1329,2,0
2025-12,uti:002,1.0,0.016599999999999997,0,0
2025-12,uti:017,0.9666666666666667,0.06530000000000001,2,0
2025-12,uti:042,1.0,0.040799999999999996,0,0
2025-12,uti:049,0.9577464788732394,0.09580000000000001,2,1
2025-12,uti:066,1.0,0.0432,0,0
2025-12,uti:101,0.9272727272727272,0.12029999999999999,3,1
2025-12,uti:118,1.0,0.06409999999999999,0,0
2025-12,uti:125,0.890625,0.0624,3,4
2025-12,uti:160,0.9354838709677419,0.1262,3,3
2025-12,uti:161,0.9365079365079365,0.05470000000000002,3,1
2025-12,uti:162,0.9285714285714286,0.06540000000000001,3,0
2025-12,uti:163,0.9696969696969697,0.03809999999999998,1,0
2025-12,uti:190,0.9245283018867925,0.0881,3,1
2025-12,uti:193,0.9666666666666667,0.03970000000000001,1,1
2025-12,uti:251,0.9565217391304348,0.0856,1,1
2025-12,uti:322,0.9404761904761905,0.10300000000000001,1,4
2025-12,uti:751,0.9361702127659575,0.0864,3,3
2025-12,uti:753,0.8709677419354839,0.1752,2,2
2025-12,uti:773,0.8955223880597015,0.039599999999999996,3,4
2025-12,uti:775,0.9642857142857143,0.07219999999999999,1,0
2025-12,uti:783,0.974025974025974,0.13010000000000002,1,1
2025-12,uti:787,0.8860759493670886,0.1816,6,3
2026-01,absl:ABSLBCF,0.9571428571428572,0.14497848800000002,1,2
2026-01,absl:ABSLCONF,0.9523809523809523,0.11076070200000002,1,1
2026-01,absl:ABSLESG,0.9310344827586207,0.157694142,2,2
2026-01,absl:ABSLMAAF,0.9027777777777778,0.143128364,5,2
2026-01,absl:ABSLMCF,0.8977272727272727,0.183574721,2,7
2026-01,absl:ABSLQF,0.9534883720930233,0.120000334,1,1
2026-01,absl:ABSLSO,0.9104477611940298,0.151759457,4,2
2026-01,absl:ABSLTNLF,0.9714285714285714,0.062794005,0,1
2026-01,absl:ADVG,0.9452054794520548,0.09313271600000002,2,2
2026-01,absl:BDYP,0.9107142857142857,0.16737122,2,3
2026-01,absl:BINFRA,0.9827586206896551,0.100374187,0,1
2026-01,absl:BSL95F,0.9629629629629629,0.088556697,2,1
2026-01,absl:BSLBKFS,0.8974358974358975,0.172669536,3,1
2026-01,absl:BSLDAAF,0.9764705882352941,0.104045921,1,1
2026-01,absl:BSLEQTY,0.9473684210526315,0.149787727,3,1
2026-01,absl:BSLFEF,0.8604651162790697,0.186920186,5,7
2026-01,absl:BSLMFG,1.0,0.07380318200000001,0,0
2026-01,absl:BSLNMF,0.8611111111111112,0.09491053999999999,3,2
2026-01,absl:BSLPHF,1.0,0.06704652800000002,0,0
2026-01,absl:BSLR96,0.9354838709677419,0.08371426200000003,1,3
2026-01,absl:BSLTA1,0.9555555555555556,0.189196604,3,1
2026-01,absl:BTOP100,0.9666666666666667,0.06557513900000002,1,0
2026-01,absl:GENNEXT,0.975,0.096659715,1,1
2026-01,absl:MIDCAP,0.9382716049382716,0.122659616,3,2
2026-01,absl:MNC,0.9054054054054054,0.11000343299999998,2,5
2026-01,absl:PSUEQ,1.0,0.081280846,0,0
2026-01,absl:PURE,0.88,0.195966168,4,5
2026-01,axis:AXISBCF,0.7938144329896907,0.2711,9,11
2026-01,axis:AXISCON,0.9714285714285714,0.1338,0,2
2026-01,axis:AXISDEF,0.9090909090909091,0.12410000000000002,4,6
2026-01,axis:AXISEHF,0.9647058823529412,0.08729999999999999,2,1
2026-01,axis:AXISEQF,0.9090909090909091,0.15269999999999997,2,3
2026-01,axis:AXISESG,0.88,0.2209,2,4
2026-01,axis:AXISF25,0.9310344827586207,0.1053,2,0
2026-01,axis:AXISGOF,0.9191919191919192,0.20779999999999998,3,5
2026-01,axis:AXISIMF,0.9368421052631579,0.16670000000000001,1,5
2026-01,axis:AXISMCF,0.883495145631068,0.1733,2,10
2026-01,axis:AXISMIF,0.7142857142857143,0.38020000000000004,6,6
2026-01,axis:AXISMLC,0.9007633587786259,0.22820000000000001,4,9
2026-01,axis:AXISMLF,0.9344262295081968,0.11730000000000002,2,2
2026-01,axis:AXISQUA,0.7045454545454546,0.2955,6,7
2026-01,axis:AXISSCF,0.9513888888888888,0.1552,2,5
2026-01,axis:AXISSOF,1.0,0.06929999999999997,0,0
2026-01,axis:AXISSSF,1.0,0.0703,0,0
2026-01,axis:AXISTAF,0.8202247191011236,0.22719999999999999,6,10
2026-01,axis:AXISTSF,0.8613861386138614,0.151,3,11
2026-01,axis:AXISVAL,0.8888888888888888,0.2334,3,8
2026-01,dsp:Aggressive Hybrid,0.9285714285714286,0.12190000000000001,2,1
2026-01,dsp:Banking and Financial Services,0.8947368421052632,0.26830000000000004,2,2
2026-01,dsp:Business Cycle Fund,0.9038461538461539,0.2323,3,2
2026-01,dsp:DAAF,0.9322033898305084,0.15919999999999998,2,2
2026-01,dsp:Flexi Cap,0.9692307692307692,0.1226,1,1
2026-01,dsp:Focused,0.9333333333333333,0.11660000000000001,1,1
2026-01,dsp:HEALTHCARE,0.9615384615384616,0.059500000000000004,0,1
2026-01,dsp:Large & Mid Cap,0.9736842105263158,0.1419,1,1
2026-01,dsp:Large Cap,0.9375,0.14599999999999996,1,1
2026-01,dsp:MIDCAP,0.9206349206349206,0.12129999999999999,4,1
2026-01,dsp:Multi Asset,1.0,0.0581,0,0
2026-01,dsp:Multicap Fund,0.9714285714285714,0.06860000000000001,0,2
2026-01,dsp:NRNEF,1.0,0.1116,0,0
2026-01,dsp:QUANT,1.0,0.0487,0,0
2026-01,dsp:SMALLCAP,1.0,0.05639999999999999,0,0
2026-01,dsp:TAX,0.96875,0.1332,1,1
2026-01,dsp:TIGER,0.9710144927536232,0.14179999999999998,1,1
2026-01,dsp:VALUE,0.9629629629629629,0.09820000000000001,2,0
2026-01,hdfc:HDFCBKGFSF,0.8387096774193549,0.24609999999999999,3,2
2026-01,hdfc:HDFCBUSICY,0.8529411764705882,0.1896,2,8
2026-01,hdfc:HDFCCB,0.96,0.09580000000000001,1,2
2026-01,hdfc:HDFCCS,0.9333333333333333,0.17429999999999998,1,1
2026-01,hdfc:HDFCDFNFND,0.9583333333333334,0.0885,0,1
2026-01,hdfc:HDFCDIVYLD,0.9770992366412213,0.1084,1,2
2026-01,hdfc:HDFCEQ,0.9423076923076923,0.1283,1,2
2026-01,hdfc:HDFCGR,0.8553459119496856,0.11139999999999999,8,15
2026-01,hdfc:HDFCHOF117,1.0,0.06880000000000001,0,0
2026-01,hdfc:HDFCINNOVF,0.9230769230769231,0.08410000000000001,1,4
2026-01,hdfc:HDFCLARGEF,0.9745762711864406,0.0861,4,2
2026-01,hdfc:HDFCMANFFN,0.9540229885057471,0.081,2,2
2026-01,hdfc:HDFCMNCFND,0.9142857142857143,0.14040000000000002,1,2
2026-01,hdfc:HDFCMULCAP,0.8766233766233766,0.1666,4,15
2026-01,hdfc:HDFCNCCFND,0.96,0.08899999999999998,0,2
2026-01,hdfc:HDFCPHARHC,0.9666666666666667,0.10739999999999995,0,1
2026-01,hdfc:HDFCPM,0.9,0.1188,4,1
2026-01,hdfc:HDFCSMALLF,0.9651162790697675,0.06840000000000002,2,1
2026-01,hdfc:HDFCT2,0.9,0.1885,1,4
2026-01,hdfc:HDFCTECHFD,0.9642857142857143,0.0653,1,0
2026-01,hdfc:HDFCTRALFD,0.918918918918919,0.12209999999999999,1,2
2026-01,hdfc:HDFCTS,0.9137931034482759,0.18510000000000001,3,2
2026-01,hdfc:HDINFG,0.9,0.0853,4,2
2026-01,hdfc:MIDCAP,1.0,0.06289999999999998,0,0
2026-01,hdfc:MY2005,0.961038961038961,0.1455,1,2
2026-01,icici:BAF,0.9108910891089109,0.093511023,4,5
2026-01,icici:BANFIN SERVICES,0.9047619047619048,0.26494663,2,2
2026-01,icici:BCYCLE,0.961038961038961,0.061972039999999985,3,0
2026-01,icici:BHACON,1.0,0.078720412,0,0
2026-01,icici:BLUECHIP,0.9545454545454546,0.061852073999999986,2,1
2026-01,icici:COMFUND,0.9782608695652174,0.08323471099999999,0,1
2026-01,icici:CONGLO,0.975609756097561,0.07801167,1,0
2026-01,icici:DISCO,0.9264705882352942,0.121184251,4,1
2026-01,icici:DIVYLD,0.9420289855072463,0.07214730200000001,2,2
2026-01,icici:E&DF,0.9130434782608695,0.112944869,4,6
2026-01,icici:ENERGY,0.8923076923076924,0.15490064299999998,3,4
2026-01,icici:ESGFUND,0.9622641509433962,0.09382186499999998,1,1
2026-01,icici:EXPORTS,0.8125,0.211281052,7,5
2026-01,icici:FLEXCAP,0.8947368421052632,0.108869818,5,3
2026-01,icici:FMCG,0.9583333333333334,0.11900645899999998,1,0
2026-01,icici:FOCUSED,0.9354838709677419,0.147669007,1,1
2026-01,icici:HOUSING,0.9591836734693877,0.09940156099999999,1,1
2026-01,icici:INDOPP,0.9746835443037974,0.1378048,2,0
2026-01,icici:INFRA,0.890625,0.14597552400000002,0,7
2026-01,icici:INNOVA,0.8703703703703703,0.180317772,4,3
2026-01,icici:LARGE & MIDCAP,0.8829787234042553,0.166765409,3,8
2026-01,icici:LTEF,0.946236559139785,0.06816899399999997,5,0
2026-01,icici:MGFINDIA,0.9326923076923077,0.155765048,3,4
2026-01,icici:MIDCAP,0.9431818181818182,0.180158936,1,4
2026-01,icici:MNCFUND,0.9090909090909091,0.11350581100000003,4,1
2026-01,icici:MOMACT,0.7777777777777778,0.290381095,7,5
2026-01,icici:MULTI,0.9212598425196851,0.12333625999999999,5,5
2026-01,icici:MULTICAP,0.9102564102564102,0.160370655,6,8
2026-01,icici:PHARMA,0.975,0.158203129,1,0
2026-01,icici:PSUEQU,0.8461538461538461,0.17769117699999998,5,1
2026-01,icici:QUALITY,0.8055555555555556,0.32309793600000003,8,6
2026-01,icici:QUANT,0.864406779661017,0.26322381300000003,3,5
2026-01,icici:RURALOPP,0.8113207547169812,0.170085122,6,4
2026-01,icici:SMALL,0.9907407407407407,0.08270409900000002,1,0
2026-01,icici:TECH,0.9384615384615385,0.112973987,3,1
2026-01,icici:TRANSPO,0.9361702127659575,0.086720045,2,1
2026-01,icici:VARIANCE,0.8461538461538461,0.146629722,2,4
2026-01,kotak:BAL,0.9672131147540983,0.0714,2,0
2026-01,kotak:BFS,0.8857142857142857,0.20989999999999998,2,2
2026-01,kotak:CMP,1.0,0.06869999999999998,0,0
2026-01,kotak:CON,0.9354838709677419,0.0893,1,3
2026-01,kotak:ELS,0.9137931034482759,0.12490000000000001,3,2
2026-01,kotak:EME,0.9552238805970149,0.0997,2,1
2026-01,kotak:ESG,0.9215686274509803,0.10239999999999998,2,2
2026-01,kotak:HLC,0.9090909090909091,0.10299999999999997,2,1
2026-01,kotak:K30,0.9672131147540983,0.0992,1,1
2026-01,kotak:KAM,1.0,0.063,0,0
2026-01,kotak:KBA,0.9649122807017544,0.07449999999999998,3,1
2026-01,kotak:KBC,1.0,0.0889,0,0
2026-01,kotak:KEO,0.972972972972973,0.0855,0,1
2026-01,kotak:KFE,1.0,0.0603,0,0
2026-01,kotak:KIE,0.9259259259259259,0.12100000000000001,1,3
2026-01,kotak:KMI,1.0,0.06679999999999998,0,0
2026-01,kotak:KMN,1.0,0.085,0,0
2026-01,kotak:KOP,0.9402985074626866,0.10470000000000002,2,2
2026-01,kotak:KPF,1.0,0.0745,0,0
2026-01,kotak:KQT,0.8275862068965517,0.4421,0,10
2026-01,kotak:MAF,0.9230769230769231,0.1762,4,1
2026-01,kotak:MID,0.9746835443037974,0.06070000000000002,2,0
2026-01,kotak:MUC,0.9,0.1987,4,3
2026-01,kotak:ROF,0.926829268292683,0.1011,3,0
2026-01,kotak:SEF,0.9333333333333333,0.10150000000000002,2,2
2026-01,kotak:SPO,0.9459459459459459,0.11220000000000002,1,1
2026-01,kotak:TAL,1.0,0.0791,0,0
2026-01,kotak:TCH,0.8888888888888888,0.0953,0,3
2026-01,mirae:INFRA,0.9210526315789473,0.09776519799999998,2,1
2026-01,mirae:MABAF,0.8918918918918919,0.114590992,4,8
2026-01,mirae:MABFF,0.8484848484848485,0.232161964,3,2
2026-01,mirae:MAEBF,0.8936170212765957,0.19235217699999999,7,3
2026-01,mirae:MAFCF,0.9444444444444444,0.11863340499999998,2,3
2026-01,mirae:MAFF,0.9333333333333333,0.146547736,1,1
2026-01,mirae:MAHCF,0.9696969696969697,0.08119160600000003,0,1
2026-01,mirae:MAIPF,0.8554216867469879,0.124262529,4,8
2026-01,mirae:MAMAAF,0.9153846153846154,0.1327844,4,7
2026-01,mirae:MAMCF,0.9428571428571428,0.148667867,2,2
2026-01,mirae:MAMPF,0.8674698795180723,0.17520654300000002,5,6
2026-01,mirae:MASCF,0.9629629629629629,0.140505364,2,1
2026-01,mirae:MATSF,0.8846153846153846,0.181951982,4,5
2026-01,mirae:MICCF,0.975,0.13936421200000002,0,1
2026-01,mirae:MIIOF,0.8651685393258427,0.15695406860000002,5,7
2026-01,nippon:AM,0.7391304347826086,0.34600000000000003,6,6
2026-01,nippon:BF,0.8611111111111112,0.16649999999999998,3,2
2026-01,nippon:EA,0.918918918918919,0.10849999999999999,2,4
2026-01,nippon:EO,0.9696969696969697,0.09540000000000001,0,4
2026-01,nippon:GF,0.9795918367346939,0.07500000000000001,2,0
2026-01,nippon:GS,0.8723404255319149,0.18409999999999999,7,5
2026-01,nippon:IT,0.8823529411764706,0.1508,3,3
2026-01,nippon:LC,0.9545454545454546,0.1248,3,1
2026-01,nippon:LE,1.0,0.07240000000000002,0,0
2026-01,nippon:MC,1.0,0.10339999999999999,0,0
2026-01,nippon:ME,0.9069767441860465,0.1444,2,2
2026-01,nippon:MF,0.8823529411764706,0.1999,6,6
2026-01,nippon:NE,0.8227848101265823,0.17839999999999998,10,4
2026-01,nippon:PH,0.9722222222222222,0.0537,0,1
2026-01,nippon:PS,0.9459459459459459,0.1165,4,0
2026-01,nippon:QP,0.8461538461538461,0.20520000000000002,3,3
2026-01,nippon:SC,0.9510204081632653,0.1486,5,7
2026-01,nippon:SE,0.9066666666666666,0.2016,2,5
2026-01,nippon:SH,0.8051948051948052,0.1505,14,1
2026-01,nippon:TS,0.9846153846153847,0.07579999999999998,0,1
2026-01,ppfas:PPDAAF,0.9166666666666666,0.014599999999999998,1,0
2026-01,ppfas:PPFCF,0.8235294117647058,0.124894827,4,2
2026-01,ppfas:PPTSF,0.8648648648648649,0.13190000000000002,3,2
2026-01,sbi:SBAF,0.9690721649484536,0.09110000000000001,2,1
2026-01,sbi:SBFS,0.8918918918918919,0.3515,2,2
2026-01,sbi:SBI-AOF,0.9354838709677419,0.15409999999999996,0,2
2026-01,sbi:SBIRIOS,0.8055555555555556,0.27140000000000003,2,5
2026-01,sbi:SBLUECHIP,0.9545454545454546,0.16519999999999999,1,1
2026-01,sbi:SCF,0.963855421686747,0.11339999999999999,1,2
2026-01,sbi:SCOF,0.9333333333333333,0.13649999999999998,1,2
2026-01,sbi:SDYF,0.9361702127659575,0.11040000000000001,1,2
2026-01,sbi:SEHF,0.8979591836734694,0.1393,2,3
2026-01,sbi:SEMVF,0.9615384615384616,0.1366,1,1
2026-01,sbi:SEOF,1.0,0.08550000000000002,0,0
2026-01,sbi:SFEF,0.8461538461538461,0.15860000000000002,1,3
2026-01,sbi:SFLEXI,0.8955223880597015,0.2514,5,2
2026-01,sbi:SHOF,0.9090909090909091,0.191,2,1
2026-01,sbi:SIF,0.9714285714285714,0.0793,0,1
2026-01,sbi:SIOF,0.9166666666666666,0.11259999999999999,1,2
2026-01,sbi:SLMF,0.9506172839506173,0.11659999999999998,2,2
2026-01,sbi:SLTEF,0.918918918918919,0.21830000000000002,5,1
2026-01,sbi:SMAAF,0.9552238805970149,0.1296,2,1
2026-01,sbi:SMCF,0.9354838709677419,0.1926,2,2
2026-01,sbi:SMCOMMA,0.90625,0.1412,2,1
2026-01,sbi:SMEEF,0.9285714285714286,0.15819999999999998,1,2
2026-01,sbi:SMGLF,0.9210526315789473,0.2299,2,1
2026-01,sbi:SMIDCAP,0.9814814814814815,0.1027,0,1
2026-01,sbi:SPSU,0.9583333333333334,0.0861,0,1
2026-01,sbi:SQF,0.75,0.44530000000000003,6,2
2026-01,sbi:SSCF,0.9444444444444444,0.10129999999999999,1,3
2026-01,sbi:STOF,0.9655172413793104,0.07579999999999998,1,0
2026-01,uti:002,0.9230769230769231,0.0521,2,2
2026-01,uti:017,0.9344262295081968,0.17459999999999998,1,3
2026-01,uti:042,0.9642857142857143,0.1224,1,1
2026-01,uti:049,0.9722222222222222,0.08829999999999998,2,0
2026-01,uti:066,0.9682539682539683,0.058100000000000006,2,0
2026-01,uti:101,0.9636363636363636,0.08,1,1
2026-01,uti:118,0.9545454545454546,0.0796,1,1
2026-01,uti:125,0.9508196721311475,0.1353,1,2
2026-01,uti:160,0.9347826086956522,0.1013,2,4
2026-01,uti:161,0.9682539682539683,0.0899,1,1
2026-01,uti:162,1.0,0.054699999999999985,0,0
2026-01,uti:163,0.8285714285714286,0.357,2,4
2026-01,uti:190,0.9259259259259259,0.11180000000000001,2,2
2026-01,uti:193,0.95,0.13360000000000002,1,2
2026-01,uti:251,0.9565217391304348,0.0837,1,1
2026-01,uti:322,0.9512195121951219,0.062200000000000005,2,2
2026-01,uti:751,0.956989247311828,0.1236,2,2
2026-01,uti:753,0.9032258064516129,0.15350000000000003,2,1
2026-01,uti:773,0.96875,0.10800000000000001,1,1
2026-01,uti:775,1.0,0.09220000000000002,0,0
2026-01,uti:783,0.9487179487179487,0.09000000000000001,2,2
2026-01,uti:787,0.8658536585365854,0.2812,6,5
2026-02,absl:ABSLBCF,0.9285714285714286,0.12692129900000002,2,3
2026-02,absl:ABSLCONF,0.9523809523809523,0.129062724,1,1
2026-02,absl:ABSLESG,1.0,0.081878895,0,0
2026-02,absl:ABSLMAAF,0.971830985915493,0.08107984799999998,1,1
2026-02,absl:ABSLMCF,0.9523809523809523,0.124133645,3,1
2026-02,absl:ABSLQF,1.0,0.063222972,0,0
2026-02,absl:ABSLSO,0.9696969696969697,0.103772883,1,1
2026-02,absl:ABSLTNLF,0.9411764705882353,0.08996582699999998,0,2
2026-02,absl:ADVG,0.9583333333333334,0.09776859899999998,1,2
2026-02,absl:BDYP,0.8727272727272727,0.16451025,2,5
2026-02,absl:BINFRA,0.9298245614035088,0.12881090300000003,0,4
2026-02,absl:BSL95F,1.0,0.060344694,0,0
2026-02,absl:BSLBKFS,1.0,0.06260021199999997,0,0
2026-02,absl:BSLDAAF,0.9534883720930233,0.07583388099999999,2,2
2026-02,absl:BSLEQTY,0.9736842105263158,0.09661310899999997,1,1
2026-02,absl:BSLFEF,0.9375,0.08892514,1,4
2026-02,absl:BSLMFG,0.9836065573770492,0.079626322,0,1
2026-02,absl:BSLNMF,0.8571428571428571,0.11440393599999998,1,4
2026-02,absl:BSLPHF,1.0,0.05125036800000002,0,0
2026-02,absl:BSLR96,0.9833333333333333,0.08454554900000001,1,0
2026-02,absl:BSLTA1,0.9456521739130435,0.121837529,3,2
2026-02,absl:BTOP100,1.0,0.077481893,0,0
2026-02,absl:GENNEXT,0.95,0.07116758299999999,1,3
2026-02,absl:MIDCAP,0.975,0.13183446599999998,1,1
2026-02,absl:MNC,0.9571428571428572,0.09235075400000002,1,2
2026-02,absl:PSUEQ,1.0,0.07014587400000001,0,0
2026-02,absl:PURE,0.9295774647887324,0.12162367,1,4
2026-02,axis:AXISBCF,0.797752808988764,0.2287,3,15
2026-02,axis:AXISCON,0.9705882352941176,0.06639999999999999,0,2
2026-02,axis:AXISDEF,0.9345794392523364,0.0753,3,4
2026-02,axis:AXISEHF,0.9204545454545454,0.0717,4,3
2026-02,axis:AXISEQF,0.9423076923076923,0.11790000000000002,0,3
2026-02,axis:AXISESG,0.5454545454545454,0.5196,9,16
2026-02,axis:AXISF25,0.896551724137931,0.14589999999999997,0,3
2026-02,axis:AXISGOF,0.9578947368421052,0.1055,1,3
2026-02,axis:AXISIMF,0.989010989010989,0.1027,1,0
2026-02,axis:AXISMCF,0.9787234042553191,0.1053,1,1
2026-02,axis:AXISMIF,0.7380952380952381,0.2845,6,5
2026-02,axis:AXISMLC,0.967479674796748,0.12250000000000001,1,3
2026-02,axis:AXISMLF,0.95,0.1433,1,2
2026-02,axis:AXISQUA,0.7619047619047619,0.3281,5,5
2026-02,axis:AXISSCF,0.9784172661870504,0.1018,0,3
2026-02,axis:AXISSOF,1.0,0.10659999999999999,0,0
2026-02,axis:AXISSSF,1.0,0.09190000000000001,0,0
2026-02,axis:AXISTAF,0.8024691358024691,0.135,2,14
2026-02,axis:AXISTSF,0.8387096774193549,0.1331,3,12
2026-02,axis:AXISVAL,0.9468085106382979,0.11850000000000001,3,2
2026-02,dsp:Aggressive Hybrid,0.9069767441860465,0.1267,2,2
2026-02,dsp:Banking and Financial Services,0.8717948717948718,0.16460000000000002,3,2
2026-02,dsp:Business Cycle Fund,0.9607843137254902,0.11170000000000001,1,1
2026-02,dsp:DAAF,0.9,0.1273,3,3
2026-02,dsp:Flexi Cap,0.9538461538461539,0.1208,1,2
2026-02,dsp:Focused,1.0,0.1217,0,0
2026-02,dsp:HEALTHCARE,1.0,0.0545,0,0
2026-02,dsp:Large & Mid Cap,0.9358974358974359,0.1491,3,2
2026-02,dsp:Large Cap,0.96875,0.12329999999999999,1,0
2026-02,dsp:MIDCAP,0.953125,0.14930000000000002,2,1
2026-02,dsp:Multi Asset,0.9444444444444444,0.0671,1,1
2026-02,dsp:Multicap Fund,0.9571428571428572,0.1191,2,1
2026-02,dsp:NRNEF,0.9565217391304348,0.12940000000000002,1,0
2026-02,dsp:QUANT,0.8,0.2863,5,4
2026-02,dsp:SMALLCAP,0.9761904761904762,0.10980000000000001,1,1
2026-02,dsp:TAX,0.953125,0.1374,1,2
2026-02,dsp:TIGER,0.9428571428571428,0.1392,2,2
2026-02,dsp:VALUE,0.9454545454545454,0.1428,1,2
2026-02,hdfc:HDFCBKGFSF,0.9333333333333333,0.08659999999999998,1,1
2026-02,hdfc:HDFCBUSICY,0.9836065573770492,0.12130000000000002,1,0
2026-02,hdfc:HDFCCB,0.9452054794520548,0.0824,0,4
2026-02,hdfc:HDFCCS,0.9333333333333333,0.0747,1,1
2026-02,hdfc:HDFCDFNFND,0.9565217391304348,0.1284,0,1
2026-02,hdfc:HDFCDIVYLD,1.0,0.07629999999999999,0,0
2026-02,hdfc:HDFCEQ,0.8305084745762712,0.13190000000000002,9,1
2026-02,hdfc:HDFCGR,0.9664429530201343,0.05260000000000001,5,0
2026-02,hdfc:HDFCHOF117,1.0,0.054100000000000016,0,0
2026-02,hdfc:HDFCINNOVF,0.9344262295081968,0.1177,0,4
2026-02,hdfc:HDFCLARGEF,0.9957446808510638,0.06960000000000001,1,0
2026-02,hdfc:HDFCMANFFN,0.9534883720930233,0.1045,1,3
2026-02,hdfc:HDFCMNCFND,0.9428571428571428,0.11099999999999997,2,0
2026-02,hdfc:HDFCMULCAP,0.9428571428571428,0.1214,1,7
2026-02,hdfc:HDFCNCCFND,1.0,0.07779999999999998,0,0
2026-02,hdfc:HDFCPHARHC,1.0,0.09499999999999999,0,0
2026-02,hdfc:HDFCPM,0.98,0.05990000000000001,1,0
2026-02,hdfc:HDFCSMALLF,0.9882352941176471,0.1085,0,1
2026-02,hdfc:HDFCT2,1.0,0.06440000000000001,0,0
2026-02,hdfc:HDFCTECHFD,0.9310344827586207,0.08909999999999996,1,1
2026-02,hdfc:HDFCTRALFD,0.9714285714285714,0.08120000000000001,0,1
2026-02,hdfc:HDFCTS,0.9482758620689655,0.08810000000000003,2,1
2026-02,hdfc:HDINFG,0.9830508474576272,0.0764,1,0
2026-02,hdfc:MIDCAP,0.9871794871794872,0.07550000000000001,1,0
2026-02,hdfc:MY2005,0.9868421052631579,0.0987,1,0
2026-02,icici:BAF,0.9696969696969697,0.082106798,3,0
2026-02,icici:BANFIN SERVICES,0.9069767441860465,0.118697422,3,1
2026-02,icici:BCYCLE,0.9135802469135802,0.05927075600000001,4,3
2026-02,icici:BHACON,0.953125,0.10187589999999999,1,2
2026-02,icici:BLUECHIP,0.9411764705882353,0.06781713899999998,3,1
2026-02,icici:COMFUND,0.9148936170212766,0.10187099100000002,2,2
2026-02,icici:CONGLO,0.9090909090909091,0.182404135,3,1
2026-02,icici:DISCO,0.9411764705882353,0.09380361799999999,1,3
2026-02,icici:DIVYLD,0.9552238805970149,0.07841555400000001,0,3
2026-02,icici:E&DF,0.8983050847457628,0.086056102,9,3
2026-02,icici:ENERGY,0.8787878787878788,0.186830027,5,3
2026-02,icici:ESGFUND,0.9615384615384616,0.08008746800000001,0,2
2026-02,icici:EXPORTS,0.8709677419354839,0.197932829,3,5
2026-02,icici:FLEXCAP,0.972972972972973,0.065774231,1,1
2026-02,icici:FMCG,0.8846153846153846,0.08350178800000005,2,1
2026-02,icici:FOCUSED,0.9354838709677419,0.175670136,1,1
2026-02,icici:HOUSING,0.9411764705882353,0.073200531,3,0
2026-02,icici:INDOPP,0.9397590361445783,0.112675014,4,1
2026-02,icici:INFRA,0.9473684210526315,0.10764465399999999,0,3
2026-02,icici:INNOVA,0.8909090909090909,0.153256765,4,2
2026-02,icici:LARGE & MIDCAP,0.9204545454545454,0.124588004,2,5
2026-02,icici:LTEF,0.9473684210526315,0.06698653000000002,2,3
2026-02,icici:MGFINDIA,0.9705882352941176,0.117384814,2,1
2026-02,icici:MIDCAP,0.9302325581395349,0.120463862,2,4
2026-02,icici:MNCFUND,0.9444444444444444,0.104301418,0,3
2026-02,icici:MOMACT,0.8113207547169812,0.279575223,4,6
2026-02,icici:MULTI,0.952,0.064771013,3,3
2026-02,icici:MULTICAP,0.8607594936708861,0.18038273800000001,10,12
2026-02,icici:PHARMA,0.975,0.08419056999999999,0,1
2026-02,icici:PSUEQU,0.9743589743589743,0.19470681100000004,1,0
2026-02,icici:QUALITY,0.7297297297297297,0.238363245,8,12
2026-02,icici:QUANT,0.8275862068965517,0.25740888,4,6
2026-02,icici:RURALOPP,0.8679245283018868,0.12547430899999998,4,3
2026-02,icici:SMALL,0.8031496062992126,0.216763441,19,6
2026-02,icici:TECH,0.9264705882352942,0.11632484799999997,4,1
2026-02,icici:TRANSPO,0.9347826086956522,0.065283755,0,3
2026-02,icici:VARIANCE,0.9444444444444444,0.169515413,1,1
2026-02,kotak:BAL,0.967741935483871,0.11009999999999999,1,1
2026-02,kotak:BFS,1.0,0.08090000000000003,0,0
2026-02,kotak:CMP,0.9361702127659575,0.11109999999999999,2,1
2026-02,kotak:CON,0.8888888888888888,0.1707,4,3
2026-02,kotak:ELS,0.9821428571428571,0.091,0,1
2026-02,kotak:EME,0.9552238805970149,0.1076,1,2
2026-02,kotak:ESG,0.9795918367346939,0.10319999999999997,0,1
2026-02,kotak:HLC,1.0,0.05139999999999999,0,0
2026-02,kotak:K30,0.9354838709677419,0.0856,2,2
2026-02,kotak:KAM,0.3333333333333333,1.0241,24,24
2026-02,kotak:KBA,0.9090909090909091,0.08000000000000002,8,3
2026-02,kotak:KBC,0.9636363636363636,0.11729999999999999,1,1
2026-02,kotak:KEO,1.0,0.0789,0,0
2026-02,kotak:KFE,0.9032258064516129,0.1468,2,1
2026-02,kotak:KIE,0.9615384615384616,0.0926,1,1
2026-02,kotak:KMI,0.9090909090909091,0.1072,2,3
2026-02,kotak:KMN,0.8809523809523809,0.13129999999999997,2,3
2026-02,kotak:KOP,1.0,0.07680000000000001,0,0
2026-02,kotak:KPF,0.96,0.08000000000000002,2,0
2026-02,kotak:KQT,1.0,0.06359999999999999,0,0
2026-02,kotak:MAF,0.9692307692307692,0.0771,1,1
2026-02,kotak:MID,0.9506172839506173,0.1254,2,2
2026-02,kotak:MUC,0.8767123287671232,0.20049999999999998,6,3
2026-02,kotak:ROF,0.8913043478260869,0.1345,5,0
2026-02,kotak:SEF,0.9661016949152542,0.0833,1,1
2026-02,kotak:SPO,0.868421052631579,0.21030000000000001,2,3
2026-02,kotak:TAL,1.0,0.05229999999999999,0,0
2026-02,kotak:TCH,0.96,0.10360000000000001,1,0
2026-02,mirae:INFRA,0.9736842105263158,0.09439557900000001,1,0
2026-02,mirae:MABAF,0.9090909090909091,0.085492747,7,3
2026-02,mirae:MABFF,0.96875,0.050068447000000016,1,0
2026-02,mirae:MAEBF,0.9230769230769231,0.153511073,0,7
2026-02,mirae:MAFCF,0.8901098901098901,0.131425363,4,6
2026-02,mirae:MAFF,0.9032258064516129,0.15169723300000001,2,1
2026-02,mirae:MAHCF,1.0,0.115220747,0,0
2026-02,mirae:MAIPF,0.961038961038961,0.065885734,2,1
2026-02,mirae:MAMAAF,0.8931297709923665,0.08049802600000001,8,6
2026-02,mirae:MAMCF,0.9411764705882353,0.16575350500000002,0,4
2026-02,mirae:MAMPF,0.8888888888888888,0.17204796500000002,4,5
2026-02,mirae:MASCF,0.9629629629629629,0.119531041,1,2
2026-02,mirae:MATSF,0.958904109589041,0.1595694,0,3
2026-02,mirae:MICCF,0.9743589743589743,0.08903044,0,1
2026-02,mirae:MIIOF,0.9512195121951219,0.08417215998999998,0,4
2026-02,nippon:AM,0.8181818181818182,0.26940000000000003,4,4
2026-02,nippon:BF,0.9166666666666666,0.10089999999999996,2,1
2026-02,nippon:EA,0.9295774647887324,0.0861,1,4
2026-02,nippon:EO,0.9612403100775194,0.1079,1,4
2026-02,nippon:GF,0.9797979797979798,0.0898,1,1
2026-02,nippon:GS,0.8762886597938144,0.22719999999999999,8,4
2026-02,nippon:IT,0.94,0.14329999999999998,2,1
2026-02,nippon:LC,0.9659090909090909,0.1044,1,2
2026-02,nippon:LE,0.9354838709677419,0.1127,1,1
2026-02,nippon:MC,1.0,0.09399999999999999,0,0
2026-02,nippon:ME,0.9069767441860465,0.1626,2,2
2026-02,nippon:MF,0.9587628865979382,0.0983,1,3
2026-02,nippon:NE,0.8974358974358975,0.1,3,5
2026-02,nippon:PH,1.0,0.07019999999999998,0,0
2026-02,nippon:PS,0.9487179487179487,0.1337,4,0
2026-02,nippon:QP,0.8205128205128205,0.15689999999999998,3,4
2026-02,nippon:SC,0.9435483870967742,0.1278,10,4
2026-02,nippon:SE,0.9452054794520548,0.16,3,1
2026-02,nippon:SH,0.9615384615384616,0.0611,2,1
2026-02,nippon:TS,0.9384615384615385,0.081,1,3
2026-02,ppfas:PPDAAF,1.0,0.014599999999999997,0,0
2026-02,ppfas:PPFCF,0.9117647058823529,0.02850517300000001,2,1
2026-02,ppfas:PPTSF,0.8717948717948718,0.04470000000000002,4,1
2026-02,sbi:SBAF,0.9895833333333334,0.0597,0,1
2026-02,sbi:SBFS,0.8157894736842105,0.2693,3,4
2026-02,sbi:SBI-AOF,0.9666666666666667,0.11800000000000002,1,0
2026-02,sbi:SBIRIOS,0.8823529411764706,0.2342,3,1
2026-02,sbi:SBLUECHIP,0.9555555555555556,0.1051,2,0
2026-02,sbi:SCF,0.975609756097561,0.07490000000000001,1,1
2026-02,sbi:SCOF,0.9545454545454546,0.1186,1,1
2026-02,sbi:SDYF,0.9166666666666666,0.1221,3,1
2026-02,sbi:SEHF,0.9782608695652174,0.0664,0,1
2026-02,sbi:SEMVF,0.9803921568627451,0.053799999999999994,0,1
2026-02,sbi:SEOF,0.9696969696969697,0.0919,1,0
2026-02,sbi:SFEF,1.0,0.04990000000000001,0,0
2026-02,sbi:SFLEXI,0.7945205479452054,0.2638,8,7
2026-02,sbi:SHOF,0.9393939393939394,0.1335,1,1
2026-02,sbi:SIF,0.8611111111111112,0.1768,2,3
2026-02,sbi:SIOF,0.9714285714285714,0.1758,1,0
2026-02,sbi:SLMF,0.891566265060241,0.14379999999999998,4,5
2026-02,sbi:SLTEF,0.8658536585365854,0.2069,9,2
2026-02,sbi:SMAAF,0.9701492537313433,0.0888,1,1
2026-02,sbi:SMCF,0.95,0.08750000000000001,0,3
2026-02,sbi:SMCOMMA,1.0,0.12480000000000004,0,0
2026-02,sbi:SMEEF,0.975,0.0661,0,1
2026-02,sbi:SMGLF,0.8717948717948718,0.2132,2,3
2026-02,sbi:SMIDCAP,0.9444444444444444,0.1347,1,2
2026-02,sbi:SPSU,0.9565217391304348,0.0725,0,1
2026-02,sbi:SQF,0.90625,0.2163,2,1
2026-02,sbi:SSCF,0.9428571428571428,0.1352,1,3
2026-02,sbi:STOF,0.9333333333333333,0.19329999999999997,1,1
2026-02,uti:002,1.0,0.0343,0,0
2026-02,uti:017,0.9666666666666667,0.1092,2,0
2026-02,uti:042,1.0,0.0885,0,0
2026-02,uti:049,0.958904109589041,0.11299999999999999,1,2
2026-02,uti:066,0.953125,0.0731,1,2
2026-02,uti:101,0.9629629629629629,0.1375,0,2
2026-02,uti:118,1.0,0.09419999999999999,0,0
2026-02,uti:125,0.9672131147540983,0.10450000000000002,2,0
2026-02,uti:160,0.9247311827956989,0.1324,5,2
2026-02,uti:161,0.9365079365079365,0.073,1,3
2026-02,uti:162,1.0,0.05580000000000002,0,0
2026-02,uti:163,0.96875,0.062,1,0
2026-02,uti:190,0.9811320754716981,0.08779999999999999,1,0
2026-02,uti:193,0.95,0.096,2,1
2026-02,uti:251,0.9565217391304348,0.09440000000000001,1,1
2026-02,uti:322,1.0,0.048900000000000006,0,0
2026-02,uti:751,0.9090909090909091,0.1506,8,1
2026-02,uti:753,0.84375,0.1923,2,3
2026-02,uti:773,0.9117647058823529,0.0744,5,1
2026-02,uti:775,0.9655172413793104,0.10840000000000001,1,0
2026-02,uti:783,1.0,0.09260000000000002,0,0
2026-02,uti:787,0.8518518518518519,0.2388,4,8
2026-03,absl:ABSLBCF,0.9558823529411765,0.08465646499999999,1,2
2026-03,absl:ABSLCONF,0.8444444444444444,0.19756229199999997,4,3
2026-03,absl:ABSLESG,1.0,0.050761557,0,0
2026-03,absl:ABSLMAAF,0.9583333333333334,0.084145288,2,1
2026-03,absl:ABSLMCF,0.9069767441860465,0.151445243,3,5
2026-03,absl:ABSLQF,1.0,0.07270146599999998,0,0
2026-03,absl:ABSLSO,0.9701492537313433,0.095487079,2,0
2026-03,absl:ABSLTNLF,0.9696969696969697,0.07986839299999998,1,0
2026-03,absl:ADVG,0.9859154929577465,0.07056976899999999,1,0
2026-03,absl:BDYP,0.94,0.09384573199999999,0,3
2026-03,absl:BINFRA,0.8333333333333334,0.149322256,7,3
2026-03,absl:BSL95F,0.9753086419753086,0.068788967,1,1
2026-03,absl:BSLBKFS,1.0,0.059337171,0,0
2026-03,absl:BSLDAAF,0.9333333333333333,0.092950471,6,0
2026-03,absl:BSLEQTY,0.974025974025974,0.081310208,2,0
2026-03,absl:BSLFEF,0.9,0.12195325999999998,4,4
2026-03,absl:BSLMFG,0.9672131147540983,0.07155817,1,1
2026-03,absl:BSLNMF,0.90625,0.114335757,1,2
2026-03,absl:BSLPHF,0.972972972972973,0.076029425,1,0
2026-03,absl:BSLR96,0.9508196721311475,0.092123506,1,2
2026-03,absl:BSLTA1,0.9347826086956522,0.12495257800000001,2,4
2026-03,absl:BTOP100,0.9666666666666667,0.08512932600000002,0,1
2026-03,absl:GENNEXT,1.0,0.06982316900000002,0,0
2026-03,absl:MIDCAP,0.891566265060241,0.122707475,4,5
2026-03,absl:MNC,0.9571428571428572,0.08889312299999999,2,1
2026-03,absl:PSUEQ,1.0,0.09813025,0,0
2026-03,absl:PURE,0.9285714285714286,0.15818702399999998,3,2
2026-03,axis:AXISBCF,0.8072289156626506,0.3238,9,7
2026-03,axis:AXISCON,0.8823529411764706,0.14070000000000002,2,6
2026-03,axis:AXISDEF,0.9622641509433962,0.0955,3,1
2026-03,axis:AXISEHF,0.9770114942528736,0.07290000000000002,2,0
2026-03,axis:AXISEQF,0.8627450980392157,0.15100000000000002,2,5
2026-03,axis:AXISESG,0.7674418604651163,0.2218,4,6
2026-03,axis:AXISF25,0.9285714285714286,0.1297,2,0
2026-03,axis:AXISGOF,0.925531914893617,0.14930000000000002,2,5
2026-03,axis:AXISIMF,0.967391304347826,0.1478,1,2
2026-03,axis:AXISMCF,0.946236559139785,0.1096,0,5
2026-03,axis:AXISMIF,0.7727272727272727,0.2961,7,3
2026-03,axis:AXISMLC,0.926829268292683,0.13110000000000002,3,6
2026-03,axis:AXISMLF,0.9666666666666667,0.1252,2,0
2026-03,axis:AXISQUA,0.5862068965517241,0.6346,21,3
2026-03,axis:AXISSCF,0.9927007299270073,0.07069999999999999,1,0
2026-03,axis:AXISSOF,1.0,0.0867,0,0
2026-03,axis:AXISSSF,1.0,0.06690000000000002,0,0
2026-03,axis:AXISTAF,0.6707317073170732,0.22840000000000002,15,12
2026-03,axis:AXISTSF,0.9024390243902439,0.10350000000000001,1,7
2026-03,axis:AXISVAL,0.946236559139785,0.14329999999999998,1,4
2026-03,dsp:Aggressive Hybrid,0.9318181818181818,0.10010000000000001,3,0
2026-03,dsp:Banking and Financial Services,0.918918918918919,0.18560000000000004,0,3
2026-03,dsp:Business Cycle Fund,0.9607843137254902,0.0787,1,1
2026-03,dsp:DAAF,0.9298245614035088,0.1333,0,4
2026-03,dsp:Flexi Cap,1.0,0.09820000000000001,0,0
2026-03,dsp:Focused,0.9655172413793104,0.1193,0,1
2026-03,dsp:HEALTHCARE,1.0,0.04209999999999999,0,0
2026-03,dsp:Large & Mid Cap,0.974025974025974,0.0767,1,1
2026-03,dsp:Large Cap,0.9411764705882353,0.10930000000000002,2,0
2026-03,dsp:MIDCAP,0.9682539682539683,0.093,0,2
2026-03,dsp:Multi Asset,0.8333333333333334,0.0726,7,0
2026-03,dsp:Multicap Fund,0.9565217391304348,0.1217,0,3
2026-03,dsp:NRNEF,1.0,0.10560000000000001,0,0
2026-03,dsp:QUANT,1.0,0.05680000000000002,0,0
2026-03,dsp:SMALLCAP,0.9879518072289156,0.0633,0,1
2026-03,dsp:TAX,1.0,0.07089999999999998,0,0
2026-03,dsp:TIGER,0.9852941176470589,0.08430000000000001,0,1
2026-03,dsp:VALUE,0.9298245614035088,0.1039,4,0
2026-03,hdfc:HDFCBKGFSF,0.9666666666666667,0.05969999999999999,1,0
2026-03,hdfc:HDFCBUSICY,0.9672131147540983,0.1033,0,2
2026-03,hdfc:HDFCCB,0.9857142857142858,0.0663,1,0
2026-03,hdfc:HDFCCS,0.9333333333333333,0.10250000000000001,1,1
2026-03,hdfc:HDFCDFNFND,0.9130434782608695,0.04390000000000002,1,1
2026-03,hdfc:HDFCDIVYLD,1.0,0.0703,0,0
2026-03,hdfc:HDFCEQ,0.95,0.10089999999999999,2,1
2026-03,hdfc:HDFCGR,0.9802631578947368,0.0594,3,0
2026-03,hdfc:HDFCHOF117,0.9714285714285714,0.0591,0,1
2026-03,hdfc:HDFCINNOVF,0.9661016949152542,0.06599999999999999,2,0
2026-03,hdfc:HDFCLARGEF,0.9915611814345991,0.07180000000000002,2,0
2026-03,hdfc:HDFCMANFFN,0.9880952380952381,0.082,1,0
2026-03,hdfc:HDFCMNCFND,0.9714285714285714,0.1474,0,1
2026-03,hdfc:HDFCMULCAP,0.9097744360902256,0.1298,0,12
2026-03,hdfc:HDFCNCCFND,0.9591836734693877,0.11680000000000001,1,1
2026-03,hdfc:HDFCPHARHC,0.9333333333333333,0.07740000000000001,1,1
2026-03,hdfc:HDFCPM,0.9803921568627451,0.0699,1,0
2026-03,hdfc:HDFCSMALLF,0.9880952380952381,0.0796,0,1
2026-03,hdfc:HDFCT2,0.9782608695652174,0.07480000000000002,0,1
2026-03,hdfc:HDFCTECHFD,1.0,0.06670000000000002,0,0
2026-03,hdfc:HDFCTRALFD,0.9714285714285714,0.06430000000000002,1,0
2026-03,hdfc:HDFCTS,0.9649122807017544,0.09260000000000002,0,2
2026-03,hdfc:HDINFG,0.9516129032258065,0.16060000000000002,3,0
2026-03,hdfc:MIDCAP,1.0,0.06749999999999999,0,0
2026-03,hdfc:MY2005,0.9620253164556962,0.0689,3,0
2026-03,icici:BAF,0.9607843137254902,0.079747901,3,1
2026-03,icici:BANFIN SERVICES,0.9302325581395349,0.09156629400000003,1,2
2026-03,icici:BCYCLE,0.9620253164556962,0.094948856,1,2
2026-03,icici:BHACON,0.8769230769230769,0.137743001,3,5
2026-03,icici:BLUECHIP,0.9436619718309859,0.089048579,4,0
2026-03,icici:COMFUND,0.9565217391304348,0.073406395,1,1
2026-03,icici:CONGLO,0.9090909090909091,0.163401478,1,3
2026-03,icici:DISCO,0.9848484848484849,0.082130236,1,0
2026-03,icici:DIVYLD,0.9411764705882353,0.098137408,4,0
2026-03,icici:E&DF,0.9338842975206612,0.07154722200000001,6,2
2026-03,icici:ENERGY,0.9253731343283582,0.287062996,4,1
2026-03,icici:ESGFUND,1.0,0.06156910700000001,0,0
2026-03,icici:EXPORTS,0.8571428571428571,0.13853565999999998,6,3
2026-03,icici:FLEXCAP,0.9864864864864865,0.073880996,1,0
2026-03,icici:FMCG,0.7333333333333333,0.16714305299999999,5,3
2026-03,icici:FOCUSED,0.9354838709677419,0.10671982200000002,1,1
2026-03,icici:HOUSING,0.9807692307692307,0.16663903600000002,1,0
2026-03,icici:INDOPP,0.9397590361445783,0.11749387799999998,1,4
2026-03,icici:INFRA,0.9464285714285714,0.12030956200000002,2,1
2026-03,icici:INNOVA,0.896551724137931,0.164221611,5,1
2026-03,icici:LARGE & MIDCAP,0.9080459770114943,0.13370963,4,4
2026-03,icici:LTEF,0.956989247311828,0.07038375899999999,1,3
2026-03,icici:MGFINDIA,1.0,0.04536761900000001,0,0
2026-03,icici:MIDCAP,0.963855421686747,0.100705302,1,2
2026-03,icici:MNCFUND,0.9807692307692307,0.04847991300000001,1,0
2026-03,icici:MOMACT,0.7547169811320755,0.43368663,6,7
2026-03,icici:MULTI,0.9606299212598425,0.08816146300000002,5,0
2026-03,icici:MULTICAP,0.9797297297297297,0.13491004699999998,2,1
2026-03,icici:PHARMA,0.9743589743589743,0.06983648399999999,0,1
2026-03,icici:PSUEQU,0.9512195121951219,0.2195935,2,0
2026-03,icici:QUALITY,0.8181818181818182,0.181214642,4,8
2026-03,icici:QUANT,0.8103448275862069,0.271244853,6,5
2026-03,icici:RURALOPP,0.9038461538461539,0.09736844200000001,2,3
2026-03,icici:SMALL,0.9076923076923077,0.17240629700000001,9,3
2026-03,icici:TECH,0.9850746268656716,0.16817069899999998,0,1
2026-03,icici:TRANSPO,0.9318181818181818,0.076809604,1,2
2026-03,icici:VARIANCE,0.8421052631578947,0.26533666499999997,3,3
2026-03,kotak:BAL,0.9516129032258065,0.06910000000000001,1,2
2026-03,kotak:BFS,0.9142857142857143,0.1151,2,1
2026-03,kotak:CMP,1.0,0.07169999999999999,0,0
2026-03,kotak:CON,0.9206349206349206,0.11539999999999999,3,2
2026-03,kotak:DYF,0.9787234042553191,0.1112,1,0
2026-03,kotak:ELS,0.9642857142857143,0.08040000000000001,1,1
2026-03,kotak:EME,1.0,0.062100000000000016,0,0
2026-03,kotak:ESG,1.0,0.08469999999999998,0,0
2026-03,kotak:HLC,1.0,0.09000000000000002,0,0
2026-03,kotak:K30,1.0,0.06630000000000003,0,0
2026-03,kotak:KAM,1.0,0.06950000000000002,0,0
2026-03,kotak:KBA,0.9833333333333333,0.0567,2,0
2026-03,kotak:KBC,1.0,0.0819,0,0
2026-03,kotak:KEO,1.0,0.1243,0,0
2026-03,kotak:KFE,0.9032258064516129,0.1295,1,2
2026-03,kotak:KIE,1.0,0.07310000000000003,0,0
2026-03,kotak:KMI,0.9622641509433962,0.0892,1,1
2026-03,kotak:KMN,0.925,0.1099,1,2
2026-03,kotak:KOP,0.9848484848484849,0.0795,1,0
2026-03,kotak:KPF,0.9411764705882353,0.0979,1,2
2026-03,kotak:KQT,0.8135593220338984,0.2744,11,0
2026-03,kotak:MAF,0.9696969696969697,0.09280000000000001,2,0
2026-03,kotak:MID,0.9746835443037974,0.10029999999999999,0,2
2026-03,kotak:MUC,0.9859154929577465,0.1178,1,0
2026-03,kotak:ROF,0.9782608695652174,0.07579999999999998,0,1
2026-03,kotak:SEF,0.9827586206896551,0.059500000000000004,0,1
2026-03,kotak:SPO,0.9714285714285714,0.07999999999999999,0,1
2026-03,kotak:TAL,1.0,0.08439999999999999,0,0
2026-03,kotak:TCH,0.96,0.062199999999999984,0,1
2026-03,mirae:INFRA,0.9743589743589743,0.072185115,1,0
2026-03,mirae:MABAF,0.9464285714285714,0.096162643,5,1
2026-03,mirae:MABFF,0.9393939393939394,0.07404687500000001,1,1
2026-03,mirae:MAEBF,0.9529411764705882,0.135901784,1,3
2026-03,mirae:MAFCF,0.9540229885057471,0.10457492900000001,2,2
2026-03,mirae:MAFF,0.9333333333333333,0.08997131100000003,0,2
2026-03,mirae:MAHCF,0.9117647058823529,0.08950500299999999,2,1
2026-03,mirae:MAIPF,0.974025974025974,0.0756045,1,1
2026-03,mirae:MAMAAF,0.9384615384615385,0.09555979799999999,5,3
2026-03,mirae:MAMCF,0.9242424242424242,0.14275465699999998,2,3
2026-03,mirae:MAMPF,0.9358974358974359,0.13471447199999997,2,3
2026-03,mirae:MASCF,0.9873417721518988,0.12267127499999998,0,1
2026-03,mirae:MATSF,0.9857142857142858,0.136191785,0,1
2026-03,mirae:MICCF,0.9487179487179487,0.06872338700000004,1,1
2026-03,mirae:MIIOF,0.9493670886075949,0.07347443309999999,1,3
2026-03,nippon:AM,0.9047619047619048,0.1654,2,2
2026-03,nippon:BF,0.9722222222222222,0.09800000000000003,1,0
2026-03,nippon:EA,0.9411764705882353,0.08950000000000001,1,3
2026-03,nippon:EO,0.9603174603174603,0.0858,1,4
2026-03,nippon:GF,0.9797979797979798,0.08610000000000001,1,1
2026-03,nippon:GS,0.89,0.2352,7,4
2026-03,nippon:IT,0.96,0.07720000000000002,1,1
2026-03,nippon:LC,0.9425287356321839,0.12329999999999999,1,4
2026-03,nippon:LE,0.84375,0.1593,2,3
2026-03,nippon:MC,1.0,0.04939999999999999,0,0
2026-03,nippon:ME,0.9761904761904762,0.0656,1,0
2026-03,nippon:MF,0.96875,0.07519999999999999,2,1
2026-03,nippon:NE,0.9733333333333334,0.10539999999999998,2,0
2026-03,nippon:PH,1.0,0.0551,0,0
2026-03,nippon:PS,0.926829268292683,0.0858,4,2
2026-03,nippon:QP,0.9714285714285714,0.07490000000000001,0,1
2026-03,nippon:SC,0.9718875502008032,0.1058,5,2
2026-03,nippon:SE,0.9466666666666667,0.1408,3,1
2026-03,nippon:SH,1.0,0.07610000000000001,0,0
2026-03,nippon:TS,0.953125,0.11139999999999999,2,1
2026-03,ppfas:PPDAAF,1.0,0.013599999999999998,0,0
2026-03,ppfas:PPFCF,1.0,0.049500000000000016,0,0
2026-03,ppfas:PPLCF,0.9439252336448598,0.107,6,0
2026-03,ppfas:PPTSF,1.0,0.06350000000000001,0,0
2026-03,sbi:SBAF,0.9895833333333334,0.11620000000000001,1,0
2026-03,sbi:SBFS,0.8857142857142857,0.2263,1,3
2026-03,sbi:SBI-AOF,0.9375,0.11190000000000001,2,0
2026-03,sbi:SBIRIOS,0.8055555555555556,0.2539,3,4
2026-03,sbi:SBLUECHIP,0.9148936170212766,0.1314,2,2
2026-03,sbi:SCF,1.0,0.0738,0,0
2026-03,sbi:SCOF,0.9555555555555556,0.14210000000000003,2,0
2026-03,sbi:SDYF,0.86,0.2254,3,4
2026-03,sbi:SEHF,0.88,0.08610000000000001,5,1
2026-03,sbi:SEMVF,1.0,0.05269999999999998,0,0
2026-03,sbi:SEOF,0.9705882352941176,0.16630000000000003,1,0
2026-03,sbi:SFEF,0.92,0.1264,2,0
2026-03,sbi:SFLEXI,0.8108108108108109,0.31629999999999997,8,6
2026-03,sbi:SHOF,0.9117647058823529,0.128,2,1
2026-03,sbi:SIF,0.8285714285714286,0.227,2,4
2026-03,sbi:SIOF,0.9459459459459459,0.11860000000000001,2,0
2026-03,sbi:SLMF,0.9506172839506173,0.1174,3,1
2026-03,sbi:SLTEF,0.8902439024390244,0.16670000000000001,2,7
2026-03,sbi:SMAAF,0.9154929577464789,0.08800000000000001,5,1
2026-03,sbi:SMCF,0.9827586206896551,0.0803,1,0
2026-03,sbi:SMCOMMA,0.96875,0.12949999999999998,1,0
2026-03,sbi:SMEEF,0.975,0.0812,1,0
2026-03,sbi:SMGLF,0.8974358974358975,0.1739,3,1
2026-03,sbi:SMIDCAP,0.8727272727272727,0.142,3,4
2026-03,sbi:SPSU,0.9090909090909091,0.1603,0,2
2026-03,sbi:SQF,0.7647058823529411,0.33349999999999996,3,5
2026-03,sbi:SQLF,0.7727272727272727,0.2935,8,2
2026-03,sbi:SSCF,0.9014084507042254,0.1011,4,3
2026-03,sbi:STOF,1.0,0.0478,0,0
2026-03,uti:002,0.9803921568627451,0.028900000000000002,1,0
2026-03,uti:017,0.9666666666666667,0.1152,0,2
2026-03,uti:042,1.0,0.0658,0,0
2026-03,uti:049,0.9452054794520548,0.1259,2,2
2026-03,uti:066,0.9682539682539683,0.0859,1,1
2026-03,uti:101,0.9807692307692307,0.093,0,1
2026-03,uti:118,1.0,0.06310000000000002,0,0
2026-03,uti:125,0.9206349206349206,0.1072,2,3
2026-03,uti:160,0.9354838709677419,0.1214,2,4
2026-03,uti:161,0.8939393939393939,0.1468,6,1
2026-03,uti:162,0.9761904761904762,0.08080000000000004,0,1
2026-03,uti:163,0.96875,0.14030000000000004,0,1
2026-03,uti:190,0.9454545454545454,0.087,2,1
2026-03,uti:193,0.9344262295081968,0.1015,2,2
2026-03,uti:251,0.9111111111111111,0.1954,0,4
2026-03,uti:322,0.9625,0.043500000000000004,0,3
2026-03,uti:751,0.8942307692307693,0.16440000000000002,6,5
2026-03,uti:753,0.7575757575757576,0.2327,4,4
2026-03,uti:773,0.7971014492753623,0.16570000000000001,2,12
2026-03,uti:775,0.9655172413793104,0.09419999999999999,0,1
2026-03,uti:783,0.5533980582524272,0.6953,27,19
2026-03,uti:787,0.8717948717948718,0.2243,5,5
2026-04,absl:ABSLBCF,0.9428571428571428,0.086772878,4,0
2026-04,absl:ABSLCONF,0.803921568627451,0.20980583000000003,9,1
2026-04,absl:ABSLESG,1.0,0.05867209500000001,0,0
2026-04,absl:ABSLMAAF,0.9859154929577465,0.04874997300000001,0,1
2026-04,absl:ABSLMCF,0.8953488372093024,0.185718156,5,4
2026-04,absl:ABSLQF,0.5517241379310345,0.551753186,16,10
2026-04,absl:ABSLSO,0.8904109589041096,0.16094042900000002,6,2
2026-04,absl:ABSLTNLF,0.9117647058823529,0.118760143,1,2
2026-04,absl:ADVG,0.8947368421052632,0.128368321,5,3
2026-04,absl:BDYP,0.8653846153846154,0.10624151600000001,5,2
2026-04,absl:BINFRA,0.8870967741935484,0.16997629300000003,5,2
2026-04,absl:BSL95F,0.8539325842696629,0.08499432300000001,9,4
2026-04,absl:BSLBKFS,0.925,0.11031836500000002,2,1
2026-04,absl:BSLDAAF,0.946236559139785,0.09544989,3,2
2026-04,absl:BSLEQTY,0.9871794871794872,0.070830189,1,0
2026-04,absl:BSLFEF,0.9375,0.07800237700000001,4,1
2026-04,absl:BSLMFG,0.9230769230769231,0.123976119,5,0
2026-04,absl:BSLNMF,1.0,0.080724822,0,0
2026-04,absl:BSLPHF,0.9736842105263158,0.07483983399999998,1,0
2026-04,absl:BSLR96,1.0,0.07148718800000001,0,0
2026-04,absl:BSLTA1,0.9555555555555556,0.114827986,2,2
2026-04,absl:BTOP100,0.9666666666666667,0.08258048800000001,1,0
2026-04,absl:GENNEXT,0.8987341772151899,0.09136071600000001,2,6
2026-04,absl:MIDCAP,0.8470588235294118,0.151482532,7,6
2026-04,absl:MNC,0.9178082191780822,0.13575798900000002,4,2
2026-04,absl:PSUEQ,0.9696969696969697,0.09491659699999998,1,0
2026-04,absl:PURE,0.9041095890410958,0.17532599499999998,5,2
2026-04,axis:AXISBCF,0.7471264367816092,0.2187,11,11
2026-04,axis:AXISCON,0.8769230769230769,0.1685,3,5
2026-04,axis:AXISDEF,0.9363636363636364,0.0946,5,2
2026-04,axis:AXISEHF,0.9662921348314607,0.0569,2,1
2026-04,axis:AXISEQF,0.9166666666666666,0.08230000000000001,2,2
2026-04,axis:AXISESG,0.6595744680851063,0.3311,10,6
2026-04,axis:AXISF25,0.9642857142857143,0.15320000000000003,0,1
2026-04,axis:AXISGOF,0.8723404255319149,0.1863,5,7
2026-04,axis:AXISIMF,0.875,0.21760000000000002,6,6
2026-04,axis:AXISMCF,0.9662921348314607,0.09399999999999999,1,2
2026-04,axis:AXISMIF,0.5882352941176471,1.2932,27,1
2026-04,axis:AXISMLC,0.9024390243902439,0.206,6,6
2026-04,axis:AXISMLF,0.9508196721311475,0.12719999999999998,1,2
2026-04,axis:AXISQUA,0.3793103448275862,1.0668,3,33
2026-04,axis:AXISSCF,0.95,0.0921,3,4
2026-04,axis:AXISSOF,1.0,0.061,0,0
2026-04,axis:AXISSSF,0.9375,0.09709999999999998,1,2
2026-04,axis:AXISTAF,0.6105263157894737,0.30119999999999997,25,12
2026-04,axis:AXISTSF,0.8765432098765432,0.1325,6,4
2026-04,axis:AXISVAL,0.8556701030927835,0.195,8,6
2026-04,dsp:Aggressive Hybrid,0.9555555555555556,0.09249999999999999,1,1
2026-04,dsp:Banking and Financial Services,0.9705882352941176,0.1281,0,1
2026-04,dsp:Business Cycle Fund,0.6721311475409836,0.6602,11,9
2026-04,dsp:DAAF,0.9259259259259259,0.15999999999999998,1,3
2026-04,dsp:Flexi Cap,0.953125,0.14039999999999997,1,2
2026-04,dsp:Focused,0.9655172413793104,0.089,1,0
2026-04,dsp:HEALTHCARE,1.0,0.06859999999999997,0,0
2026-04,dsp:Large & Mid Cap,0.9358974358974359,0.1163,2,3
2026-04,dsp:Large Cap,0.9411764705882353,0.0892,0,2
2026-04,dsp:MIDCAP,1.0,0.06790000000000002,0,0
2026-04,dsp:Multi Asset,0.8367346938775511,0.14400000000000002,7,1
2026-04,dsp:Multicap Fund,0.9545454545454546,0.10629999999999998,0,3
2026-04,dsp:NRNEF,1.0,0.12619999999999998,0,0
2026-04,dsp:QUANT,0.8409090909090909,0.20270000000000002,3,4
2026-04,dsp:SMALLCAP,0.9878048780487805,0.0746,0,1
2026-04,dsp:TAX,0.9206349206349206,0.1077,1,4
2026-04,dsp:TIGER,0.9701492537313433,0.11680000000000001,0,2
2026-04,dsp:VALUE,0.9824561403508771,0.0813,0,1
2026-04,hdfc:HDFCBKGFSF,0.8529411764705882,0.11449999999999999,4,1
2026-04,hdfc:HDFCBUSICY,0.8709677419354839,0.1574,3,5
2026-04,hdfc:HDFCCB,0.9315068493150684,0.1106,3,2
2026-04,hdfc:HDFCCS,0.9333333333333333,0.05769999999999999,1,1
2026-04,hdfc:HDFCDFNFND,1.0,0.09039999999999998,0,0
2026-04,hdfc:HDFCDIVYLD,0.9922480620155039,0.06459999999999999,0,1
2026-04,hdfc:HDFCEQ,0.9365079365079365,0.0704,4,0
2026-04,hdfc:HDFCGR,0.9805194805194806,0.039599999999999996,2,1
2026-04,hdfc:HDFCHOF117,0.9714285714285714,0.0841,1,0
2026-04,hdfc:HDFCINNOVF,0.9833333333333333,0.1012,1,0
2026-04,hdfc:HDFCLARGEF,1.0,0.0689,0,0
2026-04,hdfc:HDFCMANFFN,0.9761904761904762,0.07100000000000001,0,2
2026-04,hdfc:HDFCMNCFND,0.8648648648648649,0.20510000000000003,3,2
2026-04,hdfc:HDFCMULCAP,0.9193548387096774,0.1384,3,7
2026-04,hdfc:HDFCNCCFND,0.94,0.1365,2,1
2026-04,hdfc:HDFCPHARHC,0.875,0.1654,3,1
2026-04,hdfc:HDFCPM,0.9622641509433962,0.051399999999999994,2,0
2026-04,hdfc:HDFCSMALLF,0.9880952380952381,0.0706,1,0
2026-04,hdfc:HDFCT2,0.9777777777777777,0.0684,0,1
2026-04,hdfc:HDFCTECHFD,1.0,0.08510000000000002,0,0
2026-04,hdfc:HDFCTRALFD,1.0,0.08399999999999999,0,0
2026-04,hdfc:HDFCTS,0.9642857142857143,0.0828,1,1
2026-04,hdfc:HDINFG,0.855072463768116,0.1225,7,3
2026-04,hdfc:MIDCAP,0.9871794871794872,0.0667,0,1
2026-04,hdfc:MY2005,0.95,0.08300000000000002,1,3
2026-04,icici:BAF,0.9238095238095239,0.084361244,4,4
2026-04,icici:BANFIN SERVICES,0.9534883720930233,0.10060030999999997,2,0
2026-04,icici:BCYCLE,0.9113924050632911,0.10612639399999999,2,5
2026-04,icici:BHACON,0.8769230769230769,0.13237686699999998,5,3
2026-04,icici:BLUECHIP,0.8765432098765432,0.093942853,10,0
2026-04,icici:COMFUND,0.9183673469387755,0.19536684,4,0
2026-04,icici:CONGLO,0.9111111111111111,0.09736364399999999,4,0
2026-04,icici:DISCO,0.8970588235294118,0.08686117199999997,2,5
2026-04,icici:DIVYLD,0.9855072463768116,0.07376018999999999,1,0
2026-04,icici:E&DF,0.8257575757575758,0.090333762,13,10
2026-04,icici:ENERGY,0.8857142857142857,0.306983184,4,4
2026-04,icici:ESGFUND,0.9423076923076923,0.082502711,2,1
2026-04,icici:EXPORTS,0.8939393939393939,0.149829107,6,1
2026-04,icici:FLEXCAP,0.9,0.08624902699999999,6,2
2026-04,icici:FMCG,0.8666666666666667,0.263666929,3,1
2026-04,icici:FOCUSED,0.9354838709677419,0.158319787,1,1
2026-04,icici:HOUSING,0.9811320754716981,0.06291643200000004,1,0
2026-04,icici:INDOPP,0.9047619047619048,0.131298446,5,3
2026-04,icici:INFRA,0.8833333333333333,0.099346209,5,2
2026-04,icici:INNOVA,0.8548387096774194,0.231874416,5,4
2026-04,icici:LARGE & MIDCAP,0.8651685393258427,0.128957531,6,6
2026-04,icici:LTEF,0.946236559139785,0.07680490699999999,3,2
2026-04,icici:MGFINDIA,0.8073394495412844,0.24884146199999999,8,13
2026-04,icici:MIDCAP,0.9080459770114943,0.183805843,6,2
2026-04,icici:MNCFUND,0.9285714285714286,0.168427789,4,0
2026-04,icici:MOMACT,0.5901639344262295,0.5553997150000001,15,10
2026-04,icici:MULTI,0.946969696969697,0.05743207399999999,5,2
2026-04,icici:MULTICAP,0.8284023668639053,0.233983293,22,7
2026-04,icici:PHARMA,0.9487179487179487,0.14310100999999997,1,1
2026-04,icici:PSUEQU,0.8666666666666667,0.151763022,4,2
2026-04,icici:QUALITY,0.7164179104477612,0.298451988,9,10
2026-04,icici:QUANT,0.9814814814814815,0.06336220699999999,1,0
2026-04,icici:RURALOPP,0.9591836734693877,0.15810242400000002,0,2
2026-04,icici:SMALL,0.8705035971223022,0.181988983,12,6
2026-04,icici:TECH,0.9104477611940298,0.16397317199999997,1,5
2026-04,icici:TRANSPO,0.9318181818181818,0.114203143,2,1
2026-04,icici:VARIANCE,0.6585365853658537,0.429529815,6,8
2026-04,kotak:BAL,0.9344262295081968,0.10260000000000001,1,3
2026-04,kotak:BFS,0.9705882352941176,0.09330000000000001,0,1
2026-04,kotak:CMP,0.8163265306122449,0.296,3,6
2026-04,kotak:CON,0.890625,0.14350000000000002,3,4
2026-04,kotak:DYF,0.9591836734693877,0.0969,2,0
2026-04,kotak:ELS,0.9298245614035088,0.1132,2,2
2026-04,kotak:EME,0.9846153846153847,0.09530000000000001,0,1
2026-04,kotak:ESG,0.9583333333333334,0.08949999999999997,0,2
2026-04,kotak:HLC,0.9117647058823529,0.1271,2,1
2026-04,kotak:K30,0.9354838709677419,0.07420000000000003,2,2
2026-04,kotak:KAM,1.0,0.0764,0,0
2026-04,kotak:KBA,0.975609756097561,0.054099999999999995,3,0
2026-04,kotak:KBC,0.8909090909090909,0.1447,1,5
2026-04,kotak:KEO,0.9459459459459459,0.1185,1,1
2026-04,kotak:KFE,0.9333333333333333,0.10929999999999998,1,1
2026-04,kotak:KIE,1.0,0.0851,0,0
2026-04,kotak:KMI,0.9454545454545454,0.1193,3,0
2026-04,kotak:KMN,0.8048780487804879,0.233,3,5
2026-04,kotak:KOP,0.9558823529411765,0.0885,2,1
2026-04,kotak:KPF,0.9795918367346939,0.0689,0,1
2026-04,kotak:KQT,0.8813559322033898,0.3156,0,7
2026-04,kotak:MAF,0.9850746268656716,0.0697,1,0
2026-04,kotak:MID,0.9615384615384616,0.0974,1,2
2026-04,kotak:MUC,0.9324324324324325,0.11729999999999997,3,2
2026-04,kotak:ROF,0.9565217391304348,0.07059999999999998,1,1
2026-04,kotak:SEF,0.9824561403508771,0.07040000000000002,0,1
2026-04,kotak:SPO,0.9714285714285714,0.1411,1,0
2026-04,kotak:SRF,0.7096774193548387,0.12980000000000003,9,0
2026-04,kotak:TAL,1.0,0.0735,0,0
2026-04,kotak:TCH,1.0,0.05570000000000005,0,0
2026-04,mirae:INFRA,0.9512195121951219,0.155923248,2,0
2026-04,mirae:MABAF,0.9224137931034483,0.076711327,5,4
2026-04,mirae:MABFF,0.9393939393939394,0.07065851800000002,1,1
2026-04,mirae:MAEBF,0.9090909090909091,0.152676335,6,2
2026-04,mirae:MAFCF,0.9239130434782609,0.11435381099999999,7,0
2026-04,mirae:MAFF,0.9,0.09048511899999999,2,1
2026-04,mirae:MAHCF,0.9696969696969697,0.07875233300000001,0,1
2026-04,mirae:MAIPF,0.9259259259259259,0.07098143200000001,5,1
2026-04,mirae:MAMAAF,0.917910447761194,0.06729106,7,4
2026-04,mirae:MAMCF,0.9242424242424242,0.163551192,3,2
2026-04,mirae:MAMPF,0.8795180722891566,0.14990185,8,2
2026-04,mirae:MASCF,0.9146341463414634,0.205364712,4,3
2026-04,mirae:MATSF,0.8904109589041096,0.178234663,4,4
2026-04,mirae:MICCF,1.0,0.123316201,0,0
2026-04,mirae:MIIOF,0.9259259259259259,0.101822844,5,1
2026-04,nippon:AM,0.8085106382978723,0.2243,7,2
2026-04,nippon:BF,0.9210526315789473,0.1185,2,1
2026-04,nippon:EA,0.8428571428571429,0.1591,5,6
2026-04,nippon:EO,0.9448818897637795,0.10829999999999998,5,2
2026-04,nippon:GF,0.9897959183673469,0.1162,0,1
2026-04,nippon:GS,0.9038461538461539,0.2434,8,2
2026-04,nippon:IT,0.9074074074074074,0.15599999999999997,5,0
2026-04,nippon:LC,0.8901098901098901,0.14320000000000002,8,2
2026-04,nippon:LE,0.9666666666666667,0.15879999999999997,1,0
2026-04,nippon:MC,0.868421052631579,0.17229999999999998,5,0
2026-04,nippon:ME,0.9534883720930233,0.1213,1,1
2026-04,nippon:MF,0.8921568627450981,0.0964,7,4
2026-04,nippon:NE,0.8395061728395061,0.0961,6,7
2026-04,nippon:PH,0.9714285714285714,0.07209999999999998,0,1
2026-04,nippon:PS,0.8928571428571429,0.1582,4,5
2026-04,nippon:QP,0.8717948717948718,0.1299,5,0
2026-04,nippon:SC,0.9450980392156862,0.1416,8,6
2026-04,nippon:SE,0.8875,0.18420000000000003,6,3
2026-04,nippon:TS,0.9230769230769231,0.1089,2,3
2026-04,ppfas:PPDAAF,0.9166666666666666,0.013999999999999997,0,1
2026-04,ppfas:PPFCF,0.9696969696969697,0.0388,0,1
2026-04,ppfas:PPLCF,0.9099099099099099,0.0564,4,6
2026-04,ppfas:PPTSF,0.925,0.04329999999999999,2,1
2026-04,sbi:SBAF,0.9690721649484536,0.04710000000000002,1,2
2026-04,sbi:SBFS,0.8571428571428571,0.11589999999999999,3,2
2026-04,sbi:SBI-AOF,0.96875,0.08969999999999997,0,1
2026-04,sbi:SBLUECHIP,0.8269230769230769,0.10239999999999999,7,2
2026-04,sbi:SCF,1.0,0.05129999999999999,0,0
2026-04,sbi:SCOF,0.8723404255319149,0.1552,2,4
2026-04,sbi:SDYF,0.8148148148148148,0.1958,8,2
2026-04,sbi:SEHF,0.8775510204081632,0.0886,0,6
2026-04,sbi:SEMVF,1.0,0.1522,0,0
2026-04,sbi:SEOF,1.0,0.08600000000000001,0,0
2026-04,sbi:SFEF,0.7777777777777778,0.25499999999999995,2,4
2026-04,sbi:SFLEXI,0.7261904761904762,0.3869,16,7
2026-04,sbi:SHOF,0.9393939393939394,0.07680000000000003,0,2
2026-04,sbi:SIF,0.9393939393939394,0.12089999999999998,2,0
2026-04,sbi:SIOF,0.9736842105263158,0.1202,1,0
2026-04,sbi:SLMF,0.9259259259259259,0.10990000000000001,1,5
2026-04,sbi:SLTEF,0.8974358974358975,0.1305,3,5
2026-04,sbi:SMAAF,0.9324324324324325,0.0922,4,1
2026-04,sbi:SMCF,1.0,0.06890000000000002,0,0
2026-04,sbi:SMCOMMA,0.8648648648648649,0.12290000000000002,5,0
2026-04,sbi:SMEEF,1.0,0.046100000000000016,0,0
2026-04,sbi:SMGLF,0.9047619047619048,0.1763,4,0
2026-04,sbi:SMIDCAP,0.9230769230769231,0.12990000000000002,1,3
2026-04,sbi:SPSU,0.9523809523809523,0.06049999999999996,1,0
2026-04,sbi:SQF,0.6666666666666666,0.493,7,5
2026-04,sbi:SQLF,0.8260869565217391,0.3474,4,4
2026-04,sbi:SSCF,0.9558823529411765,0.07429999999999999,0,3
2026-04,sbi:STOF,0.896551724137931,0.13840000000000002,0,3
2026-04,uti:002,0.9607843137254902,0.028199999999999992,0,2
2026-04,uti:017,0.9193548387096774,0.1277,4,1
2026-04,uti:042,1.0,0.0598,0,0
2026-04,uti:049,0.9577464788732394,0.117,0,3
2026-04,uti:066,0.9523809523809523,0.079,1,2
2026-04,uti:101,0.9433962264150944,0.1494,2,1
2026-04,uti:118,1.0,0.08630000000000002,0,0
2026-04,uti:125,0.9833333333333333,0.07629999999999999,0,1
2026-04,uti:160,0.9565217391304348,0.12340000000000001,3,1
2026-04,uti:161,0.8823529411764706,0.1354,3,5
2026-04,uti:162,1.0,0.05779999999999998,0,0
2026-04,uti:163,0.8125,0.19310000000000002,1,5
2026-04,uti:190,0.9272727272727272,0.09529999999999998,1,3
2026-04,uti:193,0.9666666666666667,0.088,1,1
2026-04,uti:251,0.9523809523809523,0.0891,1,1
2026-04,uti:322,0.7916666666666666,0.2727,19,1
2026-04,uti:751,0.9056603773584906,0.1828,7,3
2026-04,uti:753,0.9032258064516129,0.133,2,1
2026-04,uti:773,0.8813559322033898,0.0634,2,5
2026-04,uti:775,1.0,0.12580000000000002,0,0
2026-04,uti:783,1.0,0.09200000000000001,0,0
2026-04,uti:787,0.9210526315789473,0.15039999999999998,3,3
2026-05,absl:ABSLBCF,0.5730337078651685,0.706161075,19,19
2026-05,absl:ABSLCONF,0.8888888888888888,0.20222201499999998,4,2
2026-05,absl:ABSLESG,0.9821428571428571,0.05329227599999998,0,1
2026-05,absl:ABSLMAAF,0.9583333333333334,0.078953994,2,1
2026-05,absl:ABSLMCF,0.9310344827586207,0.152256588,5,1
2026-05,absl:ABSLQF,1.0,0.05630790500000001,0,0
2026-05,absl:ABSLSO,0.958904109589041,0.11153117899999998,2,1
2026-05,absl:ABSLTNLF,0.96875,0.12175702299999996,0,1
2026-05,absl:ADVG,0.9102564102564102,0.093989187,5,2
2026-05,absl:BDYP,0.9803921568627451,0.05399532,1,0
2026-05,absl:BINFRA,0.9666666666666667,0.08410725599999999,0,2
2026-05,absl:BSL95F,0.9310344827586207,0.088637125,2,4
2026-05,absl:BSLBKFS,0.925,0.056348929,1,2
2026-05,absl:BSLDAAF,0.9782608695652174,0.07918718,1,1
2026-05,absl:BSLEQTY,0.9620253164556962,0.08289403000000001,1,2
2026-05,absl:BSLFEF,0.9135802469135802,0.13155907,2,5
2026-05,absl:BSLMFG,0.9848484848484849,0.08030130300000002,1,0
2026-05,absl:BSLNMF,0.875,0.10748141000000001,2,2
2026-05,absl:BSLPHF,1.0,0.065543206,0,0
2026-05,absl:BSLR96,0.9508196721311475,0.09021145899999998,2,1
2026-05,absl:BSLTA1,0.9777777777777777,0.11072278699999999,2,0
2026-05,absl:BTOP100,0.9354838709677419,0.13468969,1,1
2026-05,absl:GENNEXT,0.9324324324324325,0.09633855399999999,1,4
2026-05,absl:MIDCAP,0.926829268292683,0.165743161,3,3
2026-05,absl:MNC,0.9436619718309859,0.132788183,0,4
2026-05,absl:PSUEQ,0.9696969696969697,0.07844774100000002,0,1
2026-05,absl:PURE,0.8904109589041096,0.149123881,2,6
2026-05,axis:AXISBCF,0.8433734939759037,0.1988,7,6
2026-05,axis:AXISCON,0.9180327868852459,0.0861,1,4
2026-05,axis:AXISDEF,0.9553571428571429,0.07020000000000001,4,1
2026-05,axis:AXISEHF,0.9157894736842105,0.0719,7,1
2026-05,axis:AXISEQF,0.8958333333333334,0.1477,2,3
2026-05,axis:AXISESG,0.8478260869565217,0.1995,5,2
2026-05,axis:AXISF25,0.8333333333333334,0.1854,3,2
2026-05,axis:AXISGOF,0.8404255319148937,0.1935,7,8
2026-05,axis:AXISIMF,0.851063829787234,0.1889,4,10
2026-05,axis:AXISMCF,0.9222222222222223,0.1124,3,4
2026-05,axis:AXISMIF,0.4864864864864865,0.6251,7,31
2026-05,axis:AXISMLC,0.832,0.2234,8,13
2026-05,axis:AXISMLF,0.90625,0.14090000000000003,5,1
2026-05,axis:AXISQUA,0.5625,0.4923,7,7
2026-05,axis:AXISSCF,0.9779411764705882,0.0914,0,3
2026-05,axis:AXISSOF,1.0,0.0567,0,0
2026-05,axis:AXISSSF,0.9782608695652174,0.06680000000000001,0,1
2026-05,axis:AXISTAF,0.7608695652173914,0.2193,9,13
2026-05,axis:AXISTSF,0.8860759493670886,0.1124,2,7
2026-05,axis:AXISVAL,0.8282828282828283,0.18739999999999998,8,9
2026-05,dsp:Aggressive Hybrid,0.851063829787234,0.07150000000000001,3,4
2026-05,dsp:Banking and Financial Services,0.8857142857142857,0.09180000000000002,2,2
2026-05,dsp:Business Cycle Fund,0.55,0.46249999999999997,8,19
2026-05,dsp:DAAF,0.8846153846153846,0.14890000000000003,1,5
2026-05,dsp:Flexi Cap,0.9384615384615385,0.0992,3,1
2026-05,dsp:Focused,1.0,0.06999999999999998,0,0
2026-05,dsp:HEALTHCARE,0.92,0.09599999999999999,0,2
2026-05,dsp:Large & Mid Cap,0.8846153846153846,0.1311,3,6
2026-05,dsp:Large Cap,0.5869565217391305,0.425,14,5
2026-05,dsp:MIDCAP,0.9838709677419355,0.05350000000000001,1,0
2026-05,dsp:Multi Asset,0.7115384615384616,0.113,4,11
2026-05,dsp:Multicap Fund,0.921875,0.12210000000000001,1,4
2026-05,dsp:NRNEF,0.875,0.2107,1,2
2026-05,dsp:QUANT,1.0,0.04519999999999998,0,0
2026-05,dsp:SMALLCAP,0.9876543209876543,0.0737,0,1
2026-05,dsp:TAX,0.9166666666666666,0.10110000000000001,1,4
2026-05,dsp:TIGER,0.9545454545454546,0.1699,1,2
2026-05,dsp:VALUE,0.6557377049180327,0.4078,5,16
2026-05,hdfc:HDFCBKGFSF,0.8857142857142857,0.0734,2,2
2026-05,hdfc:HDFCBUSICY,0.9,0.1293,3,3
2026-05,hdfc:HDFCCB,0.9722222222222222,0.071,1,1
2026-05,hdfc:HDFCCS,1.0,0.043,0,0
2026-05,hdfc:HDFCDFNFND,0.9565217391304348,0.07740000000000001,1,0
2026-05,hdfc:HDFCDIVYLD,1.0,0.05210000000000001,0,0
2026-05,hdfc:HDFCEQ,0.8571428571428571,0.07970000000000001,7,3
2026-05,hdfc:HDFCGR,0.9806451612903225,0.034,2,1
2026-05,hdfc:HDFCHOF117,0.9714285714285714,0.07160000000000001,0,1
2026-05,hdfc:HDFCINNOVF,0.9206349206349206,0.1306,3,2
2026-05,hdfc:HDFCLARGEF,0.9915966386554622,0.06319999999999999,1,1
2026-05,hdfc:HDFCMANFFN,0.9879518072289156,0.08380000000000001,1,0
2026-05,hdfc:HDFCMNCFND,0.5208333333333334,0.5352,13,10
2026-05,hdfc:HDFCMULCAP,0.9583333333333334,0.07279999999999999,3,2
2026-05,hdfc:HDFCNCCFND,0.9607843137254902,0.1247,2,0
2026-05,hdfc:HDFCPHARHC,0.9090909090909091,0.2002,2,1
2026-05,hdfc:HDFCPM,0.9454545454545454,0.059100000000000014,2,1
2026-05,hdfc:HDFCSMALLF,0.9880952380952381,0.0781,0,1
2026-05,hdfc:HDFCT2,1.0,0.04759999999999999,0,0
2026-05,hdfc:HDFCTECHFD,0.9642857142857143,0.06199999999999998,0,1
2026-05,hdfc:HDFCTRALFD,1.0,0.08170000000000001,0,0
2026-05,hdfc:HDFCTS,0.9821428571428571,0.0427,1,0
2026-05,hdfc:HDINFG,0.8857142857142857,0.1588,4,4
2026-05,hdfc:MIDCAP,0.987012987012987,0.053399999999999996,0,1
2026-05,hdfc:MY2005,0.9493670886075949,0.0598,2,2
2026-05,icici:BAF,0.9245283018867925,0.047577267,5,3
2026-05,icici:BANFIN SERVICES,0.9333333333333333,0.11855925,2,1
2026-05,icici:BCYCLE,0.8641975308641975,0.08465979699999998,7,4
2026-05,icici:BHACON,0.9523809523809523,0.09728562800000001,1,2
2026-05,icici:BLUECHIP,0.9058823529411765,0.12494870200000001,4,4
2026-05,icici:COMFUND,0.9795918367346939,0.10466541499999998,0,1
2026-05,icici:CONGLO,0.9565217391304348,0.10448333499999998,1,1
2026-05,icici:DISCO,0.8787878787878788,0.11272851,3,5
2026-05,icici:DIVYLD,0.9857142857142858,0.061559794999999994,1,0
2026-05,icici:E&DF,0.905511811023622,0.08107596800000001,5,7
2026-05,icici:ENERGY,0.8767123287671232,0.206980207,7,2
2026-05,icici:ESGFUND,0.9622641509433962,0.07546196299999999,2,0
2026-05,icici:EXPORTS,0.8873239436619719,0.104014024,6,2
2026-05,icici:FLEXCAP,0.9506172839506173,0.09362986800000002,3,1
2026-05,icici:FMCG,1.0,0.10440121399999999,0,0
2026-05,icici:FOCUSED,0.8709677419354839,0.241886106,1,3
2026-05,icici:HOUSING,0.9629629629629629,0.05486286200000002,1,1
2026-05,icici:INDOPP,0.872093023255814,0.132032217,5,6
2026-05,icici:INFRA,0.95,0.112307001,2,1
2026-05,icici:INNOVA,0.75,0.240396737,14,4
2026-05,icici:LARGE & MIDCAP,0.9518072289156626,0.11745006300000001,0,4
2026-05,icici:LTEF,0.9354838709677419,0.05966056800000001,2,4
2026-05,icici:MGFINDIA,0.7549019607843137,0.24023165600000002,6,19
2026-05,icici:MIDCAP,0.9302325581395349,0.101504631,1,5
2026-05,icici:MNCFUND,0.9642857142857143,0.075956572,0,2
2026-05,icici:MOMACT,0.7457627118644068,0.444437471,8,7
2026-05,icici:MULTI,0.9461538461538461,0.06795104199999999,0,7
2026-05,icici:MULTICAP,0.9285714285714286,0.10054761899999998,6,6
2026-05,icici:PHARMA,0.7857142857142857,0.190929095,4,5
2026-05,icici:PSUEQU,0.9555555555555556,0.120114398,2,0
2026-05,icici:QUALITY,0.8181818181818182,0.192605994,9,3
2026-05,icici:QUANT,0.8135593220338984,0.26726769,5,6
2026-05,icici:RURALOPP,0.9375,0.08421210999999999,1,2
2026-05,icici:SMALL,0.8689655172413793,0.211076645,12,7
2026-05,icici:TECH,0.9838709677419355,0.09515567800000002,0,1
2026-05,icici:TRANSPO,0.9302325581395349,0.10308567199999999,0,3
2026-05,icici:VARIANCE,0.7692307692307693,0.350457688,6,3
2026-05,kotak:BAL,0.9666666666666667,0.054100000000000016,2,0
2026-05,kotak:BFS,0.9411764705882353,0.08970000000000002,1,1
2026-05,kotak:CMP,0.9555555555555556,0.13419999999999999,2,0
2026-05,kotak:CON,0.9193548387096774,0.08909999999999998,2,3
2026-05,kotak:DYF,0.9795918367346939,0.0658,0,1
2026-05,kotak:ELS,0.9285714285714286,0.0893,1,3
2026-05,kotak:EME,0.9692307692307692,0.0826,1,1
2026-05,kotak:ESG,0.9787234042553191,0.06649999999999999,1,0
2026-05,kotak:HLC,0.9705882352941176,0.11950000000000001,1,0
2026-05,kotak:K30,0.9354838709677419,0.07089999999999999,2,2
2026-05,kotak:KAM,0.631578947368421,0.9941,28,0
2026-05,kotak:KBA,0.7682119205298014,0.0779,28,7
2026-05,kotak:KBC,0.9411764705882353,0.0877,1,2
2026-05,kotak:KEO,0.972972972972973,0.074,1,0
2026-05,kotak:KFE,0.9666666666666667,0.07890000000000001,1,0
2026-05,kotak:KIE,0.9607843137254902,0.13140000000000002,0,2
2026-05,kotak:KMI,0.9464285714285714,0.09100000000000001,1,2
2026-05,kotak:KMN,0.8974358974358975,0.1514,3,1
2026-05,kotak:KOP,0.9420289855072463,0.06540000000000001,2,2
2026-05,kotak:KPF,0.9795918367346939,0.0839,1,0
2026-05,kotak:KQT,1.0,0.049200000000000015,0,0
2026-05,kotak:MAF,0.9710144927536232,0.0829,2,0
2026-05,kotak:MID,0.987012987012987,0.0853,1,0
2026-05,kotak:MUC,0.9459459459459459,0.0959,2,2
2026-05,kotak:ROF,0.9361702127659575,0.09590000000000001,2,1
2026-05,kotak:SEF,1.0,0.051699999999999996,0,0
2026-05,kotak:SPO,0.9722222222222222,0.1239,1,0
2026-05,kotak:SRF,0.725,0.0788,9,2
2026-05,kotak:TAL,1.0,0.04580000000000001,0,0
2026-05,kotak:TCH,0.88,0.0853,1,2
2026-05,mirae:INFRA,0.9302325581395349,0.12079880299999998,2,1
2026-05,mirae:MABAF,0.9478260869565217,0.049081701000000005,3,3
2026-05,mirae:MABFF,0.9393939393939394,0.06755029200000003,1,1
2026-05,mirae:MAEBF,0.9431818181818182,0.141379357,2,3
2026-05,mirae:MAFCF,0.9361702127659575,0.134567407,2,4
2026-05,mirae:MAFF,0.7878787878787878,0.182058512,4,3
2026-05,mirae:MAHCF,0.90625,0.06546262799999997,0,3
2026-05,mirae:MAIPF,0.927710843373494,0.065750106,3,3
2026-05,mirae:MAMAAF,0.9481481481481482,0.059751021999999994,5,2
2026-05,mirae:MAMCF,0.8955223880597015,0.174312684,3,4
2026-05,mirae:MAMPF,0.8588235294117647,0.19423633199999998,4,8
2026-05,mirae:MASCF,0.8588235294117647,0.19975626999999999,6,6
2026-05,mirae:MATSF,0.9154929577464789,0.160747522,2,4
2026-05,mirae:MICCF,0.925,0.085593857,2,1
2026-05,mirae:MIIOF,0.927710843373494,0.0904202478,3,3
2026-05,nippon:AM,0.8958333333333334,0.1569,3,2
2026-05,nippon:BF,0.9473684210526315,0.05729999999999998,1,1
2026-05,nippon:EA,0.9552238805970149,0.0715,3,0
2026-05,nippon:EO,0.9682539682539683,0.0843,1,3
2026-05,nippon:GF,0.9896907216494846,0.0985,0,1
2026-05,nippon:GS,0.8598130841121495,0.2101,5,10
2026-05,nippon:IT,0.9464285714285714,0.07,2,1
2026-05,nippon:LC,0.9565217391304348,0.099,3,1
2026-05,nippon:LE,0.875,0.1668,2,2
2026-05,nippon:MC,0.9743589743589743,0.12969999999999998,1,0
2026-05,nippon:ME,0.9090909090909091,0.19240000000000002,2,2
2026-05,nippon:MF,0.9595959595959596,0.0577,1,3
2026-05,nippon:NE,0.9210526315789473,0.0637,2,4
2026-05,nippon:PH,1.0,0.07560000000000003,0,0
2026-05,nippon:PS,0.975,0.1172,1,1
2026-05,nippon:QP,0.813953488372093,0.17120000000000002,4,4
2026-05,nippon:SC,0.9723320158102767,0.0994,4,3
2026-05,nippon:SE,0.9024390243902439,0.11970000000000001,5,3
2026-05,nippon:SH#0,0.9493670886075949,0.053000000000000005,3,1
2026-05,nippon:TS,0.9242424242424242,0.09100000000000001,4,1
2026-05,ppfas:PPDAAF,0.9090909090909091,0.013699999999999999,0,1
2026-05,ppfas:PPFCF,1.0,0.0349,0,0
2026-05,ppfas:PPLCF,1.0,0.0436,0,0
2026-05,ppfas:PPTSF,0.975,0.046200000000000005,1,0
2026-05,sbi:SBAF,0.9693877551020408,0.05280000000000001,3,0
2026-05,sbi:SBFS,0.8648648648648649,0.19430000000000003,4,1
2026-05,sbi:SBI-AOF,0.9375,0.1311,1,1
2026-05,sbi:SBLUECHIP,0.9056603773584906,0.0857,3,2
2026-05,sbi:SCF,0.963855421686747,0.0972,2,1
2026-05,sbi:SCOF,1.0,0.0953,0,0
2026-05,sbi:SDYF,0.8771929824561403,0.2161,5,2
2026-05,sbi:SEHF,1.0,0.061299999999999986,0,0
2026-05,sbi:SEMVF,1.0,0.041399999999999985,0,0
2026-05,sbi:SEOF,0.9428571428571428,0.21169999999999997,1,1
2026-05,sbi:SFEF,1.0,0.08009999999999998,0,0
2026-05,sbi:SFLEXI,0.8170731707317073,0.2337,5,10
2026-05,sbi:SHOF,0.8529411764705882,0.1522,3,2
2026-05,sbi:SIF,0.8648648648648649,0.2055,4,1
2026-05,sbi:SIOF,0.9024390243902439,0.1384,3,1
2026-05,sbi:SLMF,0.8641975308641975,0.146,5,6
2026-05,sbi:SLTEF,0.8625,0.1647,7,4
2026-05,sbi:SMAAF,0.9342105263157895,0.089,3,2
2026-05,sbi:SMCF,0.875,0.1576,6,2
2026-05,sbi:SMCOMMA,0.9487179487179487,0.17159999999999997,2,0
2026-05,sbi:SMEEF,0.975609756097561,0.05119999999999998,1,0
2026-05,sbi:SMGLF,0.8913043478260869,0.17060000000000003,4,1
2026-05,sbi:SMIDCAP,0.8727272727272727,0.1656,6,1
2026-05,sbi:SPSU,0.9523809523809523,0.07310000000000001,0,1
2026-05,sbi:SQF,0.7297297297297297,0.5062,6,4
2026-05,sbi:SQLF,0.9090909090909091,0.19,2,2
2026-05,sbi:SSCF,0.9558823529411765,0.0704,3,0
2026-05,sbi:STOF,0.9615384615384616,0.05500000000000001,0,1
2026-05,uti:002,1.0,0.021000000000000005,0,0
2026-05,uti:017,0.9193548387096774,0.0923,1,4
2026-05,uti:042,1.0,0.05620000000000001,0,0
2026-05,uti:049,0.9710144927536232,0.079,1,1
2026-05,uti:066,0.967741935483871,0.06070000000000001,1,1
2026-05,uti:101,0.9272727272727272,0.1202,3,1
2026-05,uti:118,0.9767441860465116,0.1251,0,1
2026-05,uti:125,1.0,0.04039999999999999,0,0
2026-05,uti:160,0.8842105263157894,0.1313,4,7
2026-05,uti:161,0.9841269841269841,0.09709999999999998,0,1
2026-05,uti:162,1.0,0.07019999999999998,0,0
2026-05,uti:163,0.896551724137931,0.1383,2,1
2026-05,uti:190,0.9807692307692307,0.0416,0,1
2026-05,uti:193,0.9830508474576272,0.04260000000000001,0,1
2026-05,uti:251,0.9047619047619048,0.0605,1,3
2026-05,uti:322,0.9473684210526315,0.0894,0,5
2026-05,uti:751,0.9523809523809523,0.1281,2,3
2026-05,uti:753,0.9354838709677419,0.0748,1,1
2026-05,uti:773,0.9464285714285714,0.0452,2,1
2026-05,uti:775,1.0,0.06970000000000001,0,0
2026-05,uti:783,0.9761904761904762,0.05999999999999999,0,2
2026-05,uti:787,0.8831168831168831,0.18,4,5
2026-06,absl:ABSLBCF,0.6753246753246753,0.393200468,7,18
2026-06,absl:ABSLCONF,0.9622641509433962,0.09542400599999999,1,1
2026-06,absl:ABSLESG,1.0,0.057630632000000015,0,0
2026-06,absl:ABSLMAAF,0.9459459459459459,0.068779673,3,1
2026-06,absl:ABSLMCF,0.9222222222222223,0.159204867,4,3
2026-06,absl:ABSLQF,0.9375,0.072627842,0,3
2026-06,absl:ABSLSO,0.7922077922077922,0.21901519299999997,5,11
2026-06,absl:ABSLTNLF,0.96875,0.20810832499999998,1,0
2026-06,absl:ADVG,0.875,0.15042746800000004,4,6
2026-06,absl:BDYP,0.7272727272727273,0.27992490200000003,15,3
2026-06,absl:BINFRA,0.8688524590163934,0.149852386,3,5
2026-06,absl:BSL95F,0.8953488372093024,0.070010652,3,6
2026-06,absl:BSLBKFS,0.95,0.079371734,2,0
2026-06,absl:BSLDAAF,0.72,0.05833235999999999,34,1
2026-06,absl:BSLEQTY,0.9746835443037974,0.07702565299999999,2,0
2026-06,absl:BSLFEF,0.935064935064935,0.07897686699999998,1,4
2026-06,absl:BSLMFG,0.8194444444444444,0.30648648,6,7
2026-06,absl:BSLNMF,0.9354838709677419,0.08885563499999999,1,1
2026-06,absl:BSLPHF,0.9487179487179487,0.088083229,1,1
2026-06,absl:BSLR96,0.9047619047619048,0.115053215,3,3
2026-06,absl:BSLTA1,0.8762886597938144,0.182647686,7,5
2026-06,absl:BTOP100,1.0,0.07386647299999997,0,0
2026-06,absl:GENNEXT,0.9577464788732394,0.066108969,1,2
2026-06,absl:MIDCAP,0.9146341463414634,0.126011707,3,4
2026-06,absl:MNC,0.8840579710144928,0.124105146,2,6
2026-06,absl:PSUEQ,1.0,0.051265157000000006,0,0
2026-06,absl:PURE,0.9705882352941176,0.09191363200000001,1,1
2026-06,axis:AXISBCF,0.8902439024390244,0.15080000000000002,5,4
2026-06,axis:AXISCON,0.9824561403508771,0.08850000000000001,0,1
2026-06,axis:AXISDEF,0.9821428571428571,0.07689999999999998,1,1
2026-06,axis:AXISEHF,0.96875,0.0661,2,1
2026-06,axis:AXISEQF,0.9347826086956522,0.1625,1,2
2026-06,axis:AXISESG,0.9111111111111111,0.12749999999999997,1,3
2026-06,axis:AXISF25,1.0,0.08080000000000001,0,0
2026-06,axis:AXISGOF,0.9418604651162791,0.11149999999999999,0,5
2026-06,axis:AXISIMF,0.8837209302325582,0.1341,2,8
2026-06,axis:AXISMCF,0.9318181818181818,0.1375,2,4
2026-06,axis:AXISMIF,0.18181818181818182,1.1734,34,29
2026-06,axis:AXISMLC,0.9203539823008849,0.123,1,8
2026-06,axis:AXISMLF,1.0,0.05550000000000001,0,0
2026-06,axis:AXISQUA,0.8518518518518519,0.1839,2,2
2026-06,axis:AXISSCF,0.9407407407407408,0.13,2,6
2026-06,axis:AXISSOF,1.0,0.05660000000000002,0,0
2026-06,axis:AXISSSF,0.9782608695652174,0.0652,1,0
2026-06,axis:AXISTAF,0.7888888888888889,0.1906,11,8
2026-06,axis:AXISTSF,0.8181818181818182,0.151,5,9
2026-06,axis:AXISVAL,0.9340659340659341,0.13890000000000002,1,5
2026-06,dsp:Aggressive Hybrid,0.9090909090909091,0.079,1,3
2026-06,dsp:Banking and Financial Services,0.9428571428571428,0.09669999999999998,2,0
2026-06,dsp:Business Cycle Fund,0.9090909090909091,0.08969999999999999,3,1
2026-06,dsp:DAAF,0.7708333333333334,0.2343,1,10
2026-06,dsp:Flexi Cap,0.9692307692307692,0.09789999999999999,1,1
2026-06,dsp:Focused,0.9666666666666667,0.07569999999999999,1,0
2026-06,dsp:HEALTHCARE,0.9166666666666666,0.11840000000000003,1,1
2026-06,dsp:Large & Mid Cap,0.9722222222222222,0.1267,0,2
2026-06,dsp:Large Cap,0.8222222222222222,0.135,4,4
2026-06,dsp:MIDCAP,0.9841269841269841,0.1017,1,0
2026-06,dsp:Multi Asset,0.72,0.1439,9,5
2026-06,dsp:Multicap Fund,0.9508196721311475,0.1262,1,2
2026-06,dsp:NRNEF,0.9130434782608695,0.12050000000000001,1,1
2026-06,dsp:QUANT,0.6666666666666666,0.38889999999999997,8,8
2026-06,dsp:SMALLCAP,0.9753086419753086,0.0925,1,1
2026-06,dsp:TAX,0.9655172413793104,0.11919999999999999,2,0
2026-06,dsp:TIGER,0.9230769230769231,0.1634,1,4
2026-06,dsp:VALUE,0.7291666666666666,0.2199,3,10
2026-06,hdfc:HDFCBKGFSF,0.9428571428571428,0.058099999999999985,2,0
2026-06,hdfc:HDFCBUSICY,0.95,0.10369999999999999,3,0
2026-06,hdfc:HDFCCB,0.9324324324324325,0.1002,3,2
2026-06,hdfc:HDFCCS,0.9333333333333333,0.0773,1,1
2026-06,hdfc:HDFCDFNFND,0.9565217391304348,0.0649,0,1
2026-06,hdfc:HDFCDIVYLD,0.9921875,0.056299999999999996,0,1
2026-06,hdfc:HDFCEQ,0.9295774647887324,0.09489999999999998,4,1
2026-06,hdfc:HDFCGR,0.9685534591194969,0.04880000000000001,5,0
2026-06,hdfc:HDFCHOF117,0.9142857142857143,0.07379999999999999,1,2
2026-06,hdfc:HDFCINNOVF,0.9838709677419355,0.07710000000000002,1,0
2026-06,hdfc:HDFCLARGEF,1.0,0.0615,0,0
2026-06,hdfc:HDFCMANFFN,0.9534883720930233,0.09699999999999999,3,1
2026-06,hdfc:HDFCMNCFND,0.6888888888888889,0.3637,7,7
2026-06,hdfc:HDFCMULCAP,0.9590163934426229,0.09090000000000001,4,1
2026-06,hdfc:HDFCNCCFND,0.9807692307692307,0.11180000000000001,1,0
2026-06,hdfc:HDFCPHARHC,0.8611111111111112,0.13609999999999997,4,1
2026-06,hdfc:HDFCPM,1.0,0.048000000000000015,0,0
2026-06,hdfc:HDFCSMALLF,1.0,0.06259999999999999,0,0
2026-06,hdfc:HDFCT2,1.0,0.0567,0,0
2026-06,hdfc:HDFCTECHFD,1.0,0.08370000000000001,0,0
2026-06,hdfc:HDFCTRALFD,0.9166666666666666,0.1613,1,2
2026-06,hdfc:HDFCTS,0.9655172413793104,0.05830000000000002,2,0
2026-06,hdfc:HDINFG,0.821917808219178,0.1925,7,6
2026-06,hdfc:MIDCAP,1.0,0.05639999999999999,0,0
2026-06,hdfc:MY2005,0.987012987012987,0.06309999999999999,0,1
2026-06,icici:BAF,0.8807339449541285,0.084301914,6,7
2026-06,icici:BANFIN SERVICES,0.9148936170212766,0.09527293400000005,3,1
2026-06,icici:BCYCLE,0.8888888888888888,0.10029932199999998,4,5
2026-06,icici:BHACON,0.90625,0.145086098,3,3
2026-06,icici:BLUECHIP,0.9404761904761905,0.102174077,3,2
2026-06,icici:COMFUND,0.9591836734693877,0.15689700099999998,1,1
2026-06,icici:CONGLO,0.9347826086956522,0.10007805200000003,1,2
2026-06,icici:DISCO,0.921875,0.09387283199999999,3,2
2026-06,icici:DIVYLD,0.9714285714285714,0.095992611,0,2
2026-06,icici:E&DF,0.9285714285714286,0.08045121100000001,6,3
2026-06,icici:ENERGY,0.9594594594594594,0.14402814599999997,3,0
2026-06,icici:ESGFUND,0.9814814814814815,0.075239031,1,0
2026-06,icici:EXPORTS,0.863013698630137,0.13822703900000002,4,6
2026-06,icici:FLEXCAP,0.8875,0.11254944900000001,0,9
2026-06,icici:FMCG,0.84375,0.08394112599999999,3,2
2026-06,icici:FOCUSED,0.8125,0.20623688499999998,4,2
2026-06,icici:HOUSING,0.9454545454545454,0.098220992,2,1
2026-06,icici:INDOPP,0.9036144578313253,0.11612164500000001,3,5
2026-06,icici:INFRA,0.9365079365079365,0.12483841899999999,4,0
2026-06,icici:INNOVA,0.9315068493150684,0.170295123,5,0
2026-06,icici:LARGE & MIDCAP,0.6822429906542056,0.350834873,28,6
2026-06,icici:LTEF,0.8842105263157894,0.10087326800000002,6,5
2026-06,icici:MGFINDIA,0.8241758241758241,0.19144446599999998,8,8
2026-06,icici:MIDCAP,0.9876543209876543,0.10051712799999998,0,1
2026-06,icici:MNCFUND,0.8947368421052632,0.167969764,3,3
2026-06,icici:MOMACT,0.7719298245614035,0.33081868100000006,5,8
2026-06,icici:MULTI,0.9206349206349206,0.08604703300000001,3,7
2026-06,icici:MULTICAP,0.9696969696969697,0.13225759499999998,3,2
2026-06,icici:PHARMA,0.9459459459459459,0.120154174,0,2
2026-06,icici:PSUEQU,1.0,0.11682976799999999,0,0
2026-06,icici:QUALITY,0.7464788732394366,0.19663128800000002,8,10
2026-06,icici:QUANT,0.7758620689655172,0.308663152,5,8
2026-06,icici:RURALOPP,0.9583333333333334,0.151331752,2,0
2026-06,icici:SMALL,0.8639455782312925,0.240408872,9,11
2026-06,icici:TECH,0.9838709677419355,0.086207614,1,0
2026-06,icici:TRANSPO,0.9069767441860465,0.10224506299999996,3,1
2026-06,icici:VARIANCE,0.6190476190476191,0.38979303200000004,6,10
2026-06,kotak:BAL,1.0,0.0834,0,0
2026-06,kotak:BFS,0.9705882352941176,0.1059,1,0
2026-06,kotak:CMP,0.8723404255319149,0.1403,2,4
2026-06,kotak:CON,0.9508196721311475,0.0974,2,1
2026-06,kotak:DYF,0.9795918367346939,0.07809999999999999,1,0
2026-06,kotak:ELS,1.0,0.0474,0,0
2026-06,kotak:EME,0.9696969696969697,0.1176,2,0
2026-06,kotak:ESG,0.9787234042553191,0.09799999999999998,0,1
2026-06,kotak:HLC,1.0,0.1053,0,0
2026-06,kotak:K30,0.9047619047619048,0.09989999999999999,3,3
2026-06,kotak:KAM,0.5569620253164557,0.3366,3,32
2026-06,kotak:KBA,0.9261744966442953,0.0678,5,6
2026-06,kotak:KBC,0.9230769230769231,0.12139999999999998,3,1
2026-06,kotak:KEO,0.9473684210526315,0.12229999999999999,1,1
2026-06,kotak:KFE,0.9354838709677419,0.12719999999999998,1,1
2026-06,kotak:KIE,1.0,0.08389999999999996,0,0
2026-06,kotak:KMI,0.9285714285714286,0.13699999999999998,2,2
2026-06,kotak:KMN,0.926829268292683,0.1327,3,0
2026-06,kotak:KOP,0.9850746268656716,0.06390000000000001,0,1
2026-06,kotak:KPF,1.0,0.058600000000000006,0,0
2026-06,kotak:KQT,0.6753246753246753,0.6892,25,0
2026-06,kotak:MAF,0.9295774647887324,0.0853,2,3
2026-06,kotak:MID,0.9620253164556962,0.07280000000000002,2,1
2026-06,kotak:MUC,0.8717948717948718,0.2089,6,4
2026-06,kotak:ROF,0.9166666666666666,0.08470000000000003,2,2
2026-06,kotak:SEF,0.9166666666666666,0.0912,4,1
2026-06,kotak:SPO,0.972972972972973,0.1108,1,0
2026-06,kotak:SRF,0.7708333333333334,0.16330000000000003,10,1
2026-06,kotak:TAL,1.0,0.05899999999999997,0,0
2026-06,kotak:TCH,0.9565217391304348,0.10710000000000001,0,1
2026-06,mirae:INFRA,0.9767441860465116,0.09858398600000003,1,0
2026-06,mirae:MABAF,0.8583333333333333,0.104716455,8,9
2026-06,mirae:MABFF,1.0,0.05758113199999999,0,0
2026-06,mirae:MAEBF,0.9647058823529412,0.133476282,0,3
2026-06,mirae:MAFCF,0.9560439560439561,0.098340085,1,3
2026-06,mirae:MAFF,0.8181818181818182,0.236909501,3,3
2026-06,mirae:MAHCF,0.9655172413793104,0.04398301700000003,0,1
2026-06,mirae:MAIPF,0.8604651162790697,0.10575320899999999,6,6
2026-06,mirae:MAMAAF,0.8758620689655172,0.09923254599999999,12,6
2026-06,mirae:MAMCF,0.984375,0.141650912,1,0
2026-06,mirae:MAMPF,0.8875,0.168094409,3,6
2026-06,mirae:MASCF,0.891566265060241,0.160001031,4,5
2026-06,mirae:MATSF,0.9850746268656716,0.151089361,0,1
2026-06,mirae:MICCF,0.95,0.105786288,1,1
2026-06,mirae:MIIOF,0.9629629629629629,0.0971958413,1,2
2026-06,nippon:AM,0.6730769230769231,0.436,6,11
2026-06,nippon:BF,1.0,0.0674,0,0
2026-06,nippon:EA,0.9264705882352942,0.0977,1,4
2026-06,nippon:EO,0.944,0.1317,2,5
2026-06,nippon:GF,0.9591836734693877,0.1179,2,2
2026-06,nippon:GS,0.803921568627451,0.2589,5,15
2026-06,nippon:IT,0.9310344827586207,0.1108,3,1
2026-06,nippon:LC,0.9148936170212766,0.09499999999999999,3,5
2026-06,nippon:LE,1.0,0.10809999999999997,0,0
2026-06,nippon:MC,0.8974358974358975,0.08579999999999999,0,4
2026-06,nippon:ME,1.0,0.06780000000000001,0,0
2026-06,nippon:MF,0.898989898989899,0.0769,3,7
2026-06,nippon:NE,0.875,0.0819,8,2
2026-06,nippon:PH,0.9714285714285714,0.06280000000000001,1,0
2026-06,nippon:PS,0.8928571428571429,0.1473,5,4
2026-06,nippon:QP,0.6,0.4374,6,12
2026-06,nippon:SC,0.95703125,0.10990000000000001,6,5
2026-06,nippon:SE,0.872093023255814,0.1449,7,4
2026-06,nippon:SH#0,0.975,0.058200000000000016,2,0
2026-06,nippon:TS,0.9846153846153847,0.066,0,1
2026-06,ppfas:PPDAAF,0.9,0.006200000000000002,0,1
2026-06,ppfas:PPFCF,0.9696969696969697,0.03329999999999999,1,0
2026-06,ppfas:PPLCF,0.9716981132075472,0.0676,1,2
2026-06,ppfas:PPTSF,0.975609756097561,0.05229999999999997,1,0
2026-06,sbi:SBAF,0.9393939393939394,0.0678,1,5
2026-06,sbi:SBFS,0.8378378378378378,0.363,1,5
2026-06,sbi:SBI-AOF,0.90625,0.1081,1,2
2026-06,sbi:SBIRIOS,0.7027027027027027,0.387,5,6
2026-06,sbi:SBLUECHIP,0.9259259259259259,0.1062,3,1
2026-06,sbi:SCF,0.9642857142857143,0.10230000000000002,2,1
2026-06,sbi:SCOF,0.8958333333333334,0.1454,5,0
2026-06,sbi:SDYF,0.9137931034482759,0.17179999999999998,3,2
2026-06,sbi:SEHF,0.8913043478260869,0.1193,3,2
2026-06,sbi:SEMVF,1.0,0.04840000000000001,0,0
2026-06,sbi:SEOF,0.8888888888888888,0.11000000000000001,2,2
2026-06,sbi:SFEF,0.9583333333333334,0.07739999999999998,1,0
2026-06,sbi:SFLEXI,0.8533333333333334,0.281,3,8
2026-06,sbi:SHOF,0.96875,0.08569999999999998,0,1
2026-06,sbi:SIF,0.9459459459459459,0.06969999999999998,1,1
2026-06,sbi:SIOF,0.975,0.07909999999999999,0,1
2026-06,sbi:SLMF,0.9113924050632911,0.1346,4,3
2026-06,sbi:SLTEF,0.8888888888888888,0.2616,5,4
2026-06,sbi:SMAAF,0.9102564102564102,0.0651,4,3
2026-06,sbi:SMCF,0.8115942028985508,0.2459,7,6
2026-06,sbi:SMCOMMA,0.9512195121951219,0.14279999999999998,2,0
2026-06,sbi:SMEEF,0.8444444444444444,0.1905,4,3
2026-06,sbi:SMGLF,0.9130434782608695,0.1903,1,3
2026-06,sbi:SMIDCAP,0.9464285714285714,0.14770000000000003,2,1
2026-06,sbi:SPSU,0.9523809523809523,0.0724,1,0
2026-06,sbi:SQF,0.717948717948718,0.4167,6,5
2026-06,sbi:SQLF,0.8666666666666667,0.1983,3,3
2026-06,sbi:SSCF,0.9571428571428572,0.10279999999999999,2,1
2026-06,sbi:STOF,0.92,0.16130000000000003,0,2
2026-06,uti:002,0.9795918367346939,0.0278,0,1
2026-06,uti:017,0.9193548387096774,0.10110000000000002,4,1
2026-06,uti:042,0.9473684210526315,0.07360000000000001,2,1
2026-06,uti:049,0.9166666666666666,0.1421,4,2
2026-06,uti:066,0.9375,0.09770000000000001,3,1
2026-06,uti:101,0.8833333333333333,0.1232,6,1
2026-06,uti:118,1.0,0.06319999999999998,0,0
2026-06,uti:125,1.0,0.052199999999999996,0,0
2026-06,uti:160,0.9042553191489362,0.1487,6,3
2026-06,uti:161,0.9230769230769231,0.09500000000000001,3,2
2026-06,uti:162,1.0,0.04730000000000001,0,0
2026-06,uti:163,0.8666666666666667,0.09839999999999999,2,2
2026-06,uti:190,0.9259259259259259,0.08910000000000001,3,1
2026-06,uti:193,0.9508196721311475,0.06570000000000001,3,0
2026-06,uti:251,0.975,0.0659,1,0
2026-06,uti:322,0.925531914893617,0.04700000000000001,4,3
2026-06,uti:751,0.9166666666666666,0.1398,6,3
2026-06,uti:753,0.9333333333333333,0.09940000000000002,0,2
2026-06,uti:773,0.8983050847457628,0.0791,4,2
2026-06,uti:775,0.9032258064516129,0.1416,3,0
2026-06,uti:783,0.9534883720930233,0.11210000000000002,4,0
2026-06,uti:787,0.8947368421052632,0.1805,4,4
2026-07,absl:ABSLBCF,0.828125,0.286047904,5,6
2026-07,absl:ABSLCONF,0.8,0.189199969,3,8
2026-07,absl:ABSLESG,0.9636363636363636,0.07657103599999997,0,2
2026-07,absl:ABSLMAAF,0.9012345679012346,0.110179101,8,0
2026-07,absl:ABSLMCF,0.8105263157894737,0.25775434199999997,8,10
2026-07,absl:ABSLQF,0.49122807017543857,0.710460578,12,17
2026-07,absl:ABSLSO,0.8591549295774648,0.208196774,5,5
2026-07,absl:ABSLTNLF,0.8571428571428571,0.21353597500000002,3,2
2026-07,absl:ADVG,0.8974358974358975,0.151010845,4,4
2026-07,absl:BDYP,0.2782608695652174,1.121954934,52,31
2026-07,absl:BINFRA,0.8983050847457628,0.132417218,3,3
2026-07,absl:BSL95F,0.8928571428571429,0.08487368700000002,4,5
2026-07,absl:BSLBKFS,0.9024390243902439,0.102461549,1,3
2026-07,absl:BSLDAAF,0.7686567164179104,0.13542090599999998,10,21
2026-07,absl:BSLEQTY,0.9629629629629629,0.09231957,2,1
2026-07,absl:BSLFEF,0.9594594594594594,0.08026605199999999,1,2
2026-07,absl:BSLMFG,0.9,0.14100019400000002,5,2
2026-07,absl:BSLNMF,0.9375,0.152471463,2,0
2026-07,absl:BSLPHF,0.9,0.232883041,2,2
2026-07,absl:BSLR96,0.9206349206349206,0.09975620800000001,3,2
2026-07,absl:BSLTA1,0.8556701030927835,0.194294044,5,9
2026-07,absl:BTOP100,0.9666666666666667,0.079505092,0,1
2026-07,absl:GENNEXT,0.8873239436619719,0.124837782,2,6
2026-07,absl:MIDCAP,0.788235294117647,0.212900822,7,11
2026-07,absl:MNC,0.9375,0.095623536,1,3
2026-07,absl:PSUEQ,0.9393939393939394,0.04969841499999998,1,1
2026-07,absl:PURE,0.8857142857142857,0.12738633700000002,3,5
2026-07,axis:AXISBCF,0.8902439024390244,0.1982,4,5
2026-07,axis:AXISCON,0.85,0.1273,4,5
2026-07,axis:AXISDEF,0.9736842105263158,0.0623,3,0
2026-07,axis:AXISEHF,0.92,0.0862,5,3
2026-07,axis:AXISEQF,0.9130434782608695,0.12319999999999999,2,2
2026-07,axis:AXISESG,0.7142857142857143,0.4575,7,7
2026-07,axis:AXISF25,0.896551724137931,0.1236,1,2
2026-07,axis:AXISGOF,0.9418604651162791,0.1542,5,0
2026-07,axis:AXISIMF,0.8192771084337349,0.21669999999999998,5,10
2026-07,axis:AXISMCF,0.8444444444444444,0.22399999999999998,6,8
2026-07,axis:AXISMIF,0.8269230769230769,0.2774,4,5
2026-07,axis:AXISMLC,0.8608695652173913,0.2246,10,6
2026-07,axis:AXISMLF,0.8939393939393939,0.11099999999999999,3,4
2026-07,axis:AXISQUA,0.7241379310344828,0.3276,4,4
2026-07,axis:AXISSCF,0.9541984732824428,0.1324,2,4
2026-07,axis:AXISSOF,1.0,0.08209999999999999,0,0
2026-07,axis:AXISSSF,0.8775510204081632,0.1475,3,3
2026-07,axis:AXISTAF,0.717391304347826,0.2382,10,16
2026-07,axis:AXISTSF,0.8493150684931506,0.17900000000000002,5,6
2026-07,axis:AXISVAL,0.8695652173913043,0.17939999999999998,6,6
2026-07,dsp:Aggressive Hybrid,0.9285714285714286,0.11,1,2
2026-07,dsp:Banking and Financial Services,0.8918918918918919,0.10229999999999997,2,2
2026-07,dsp:Business Cycle Fund,0.8541666666666666,0.1226,5,2
2026-07,dsp:DAAF,0.8780487804878049,0.055300000000000016,3,2
2026-07,dsp:Flexi Cap,0.9696969696969697,0.10420000000000001,2,0
2026-07,dsp:Focused,0.9354838709677419,0.12149999999999997,1,1
2026-07,dsp:HEALTHCARE,0.7777777777777778,0.13310000000000002,4,2
2026-07,dsp:Large & Mid Cap,0.8933333333333333,0.12209999999999999,5,3
2026-07,dsp:Large Cap,0.9090909090909091,0.088,3,1
2026-07,dsp:MIDCAP,0.984375,0.09690000000000003,1,0
2026-07,dsp:Multi Asset,0.8571428571428571,0.0911,4,3
2026-07,dsp:Multicap Fund,0.9666666666666667,0.173,1,1
2026-07,dsp:NRNEF,0.9166666666666666,0.0632,2,0
2026-07,dsp:QUANT,1.0,0.055,0,0
2026-07,dsp:SMALLCAP,0.975609756097561,0.0996,2,0
2026-07,dsp:TAX,0.9016393442622951,0.08189999999999999,3,3
2026-07,dsp:TIGER,0.9230769230769231,0.09839999999999999,4,1
2026-07,dsp:VALUE,0.8571428571428571,0.1357,4,2
2026-07,hdfc:HDFCBKGFSF,0.868421052631579,0.1274,3,2
2026-07,hdfc:HDFCBUSICY,0.9354838709677419,0.15589999999999998,2,2
2026-07,hdfc:HDFCCB,0.9466666666666667,0.107,3,1
2026-07,hdfc:HDFCCS,0.8709677419354839,0.1552,2,2
2026-07,hdfc:HDFCDFNFND,0.9166666666666666,0.09580000000000002,2,0
2026-07,hdfc:HDFCDIVYLD,0.984251968503937,0.07339999999999999,0,2
2026-07,hdfc:HDFCEQ,0.9078947368421053,0.10109999999999998,6,1
2026-07,hdfc:HDFCGR,0.9875776397515528,0.03799999999999999,2,0
2026-07,hdfc:HDFCHOF117,0.9705882352941176,0.051800000000000034,1,0
2026-07,hdfc:HDFCINNOVF,0.8985507246376812,0.1734,7,0
2026-07,hdfc:HDFCLARGEF,0.9916317991631799,0.06390000000000001,2,0
2026-07,hdfc:HDFCMANFFN,0.8709677419354839,0.12710000000000002,8,4
2026-07,hdfc:HDFCMNCFND,0.7391304347826086,0.2156,8,4
2026-07,hdfc:HDFCMULCAP,0.905511811023622,0.1081,6,6
2026-07,hdfc:HDFCNCCFND,0.9433962264150944,0.16399999999999998,1,2
2026-07,hdfc:HDFCPHARHC,0.8947368421052632,0.18680000000000002,3,1
2026-07,hdfc:HDFCPM,1.0,0.0382,0,0
2026-07,hdfc:HDFCSMALLF,0.9880952380952381,0.09,1,0
2026-07,hdfc:HDFCT2,0.9777777777777777,0.06880000000000001,1,0
2026-07,hdfc:HDFCTECHFD,0.9259259259259259,0.06760000000000005,0,2
2026-07,hdfc:HDFCTRALFD,1.0,0.09510000000000005,0,0
2026-07,hdfc:HDFCTS,0.9354838709677419,0.09620000000000001,4,0
2026-07,hdfc:HDINFG,0.9027777777777778,0.1257,5,2
2026-07,hdfc:MIDCAP,0.9620253164556962,0.0806,3,0
2026-07,hdfc:MY2005,0.9868421052631579,0.0628,0,1
2026-07,icici:BAF,0.908256880733945,0.087438005,7,3
2026-07,icici:BANFIN SERVICES,0.88,0.11145067299999997,4,2
2026-07,icici:BCYCLE,0.9230769230769231,0.12271924800000002,2,4
2026-07,icici:BHACON,0.921875,0.139834063,3,2
2026-07,icici:BLUECHIP,0.9302325581395349,0.07742452799999999,4,2
2026-07,icici:COMFUND,0.96,0.054196826,2,0
2026-07,icici:CONGLO,0.8888888888888888,0.125329239,1,4
2026-07,icici:DISCO,0.8805970149253731,0.07612320199999997,5,3
2026-07,icici:DIVYLD,0.9710144927536232,0.06242005900000001,1,1
2026-07,icici:E&DF,0.8270676691729323,0.10226633900000001,10,13
2026-07,icici:ENERGY,0.875,0.201881139,6,4
2026-07,icici:ESGFUND,0.9636363636363636,0.08254630000000002,1,1
2026-07,icici:EXPORTS,0.8108108108108109,0.194516371,7,7
2026-07,icici:FLEXCAP,0.971830985915493,0.084490415,0,2
2026-07,icici:FMCG,0.9090909090909091,0.17033386500000003,3,0
2026-07,icici:FOCUSED,0.9032258064516129,0.182083445,1,2
2026-07,icici:HOUSING,0.9473684210526315,0.10247311800000002,3,0
2026-07,icici:INDOPP,0.9,0.143189773,2,6
2026-07,icici:INFRA,0.9,0.14691103,7,0
2026-07,icici:INNOVA,0.9078947368421053,0.14574353999999998,3,4
2026-07,icici:LARGE & MIDCAP,0.625,0.58442281,35,16
2026-07,icici:LTEF,0.9456521739130435,0.08056990700000001,2,3
2026-07,icici:MGFINDIA,0.8045977011494253,0.280218676,4,13
2026-07,icici:MIDCAP,0.9146341463414634,0.07938593299999999,2,5
2026-07,icici:MNCFUND,0.9454545454545454,0.101748082,1,2
2026-07,icici:MOMACT,0.559322033898305,0.520287471,10,16
2026-07,icici:MULTI,0.936,0.09714914399999998,6,2
2026-07,icici:MULTICAP,0.9349112426035503,0.086849938,6,5
2026-07,icici:PHARMA,0.8918918918918919,0.14338894,2,2
2026-07,icici:PSUEQU,0.8775510204081632,0.20432927600000003,4,2
2026-07,icici:QUALITY,0.7285714285714285,0.249659209,9,10
2026-07,icici:QUANT,0.7413793103448276,0.328347568,8,7
2026-07,icici:RURALOPP,0.9387755102040817,0.11949745499999999,1,2
2026-07,icici:SMALL,0.7733333333333333,0.257440944,14,20
2026-07,icici:TECH,1.0,0.076951695,0,0
2026-07,icici:TRANSPO,0.9534883720930233,0.138643477,1,1
2026-07,icici:VARIANCE,0.631578947368421,0.464194655,6,8
2026-07,kotak:BAL,0.9032258064516129,0.1153,2,4
2026-07,kotak:BFS,0.9428571428571428,0.1232,1,1
2026-07,kotak:CMP,0.8888888888888888,0.1403,2,3
2026-07,kotak:CON,0.8615384615384616,0.1771,5,4
2026-07,kotak:DYF,0.9607843137254902,0.091,2,0
2026-07,kotak:ELS,0.9444444444444444,0.10140000000000002,1,2
2026-07,kotak:EME,0.927536231884058,0.12890000000000001,3,2
2026-07,kotak:ESG,0.9166666666666666,0.1275,2,2
2026-07,kotak:HLC,0.8333333333333334,0.29209999999999997,2,4
2026-07,kotak:K30,0.890625,0.08790000000000002,4,3
2026-07,kotak:KAM,0.9375,0.08369999999999998,1,2
2026-07,kotak:KBA,0.8506493506493507,0.08389999999999999,11,12
2026-07,kotak:KBC,0.8888888888888888,0.1323,3,3
2026-07,kotak:KEO,0.9736842105263158,0.15580000000000002,1,0
2026-07,kotak:KFE,0.875,0.13640000000000002,2,2
2026-07,kotak:KIE,0.94,0.1355,1,2
2026-07,kotak:KMI,0.8983050847457628,0.1427,5,1
2026-07,kotak:KMN,0.7872340425531915,0.3111,6,4
2026-07,kotak:KOP,0.9420289855072463,0.0806,3,1
2026-07,kotak:KPF,0.9607843137254902,0.1182,2,0
2026-07,kotak:KQT,0.7272727272727273,0.1983,0,21
2026-07,kotak:MAF,0.9166666666666666,0.1344,4,2
2026-07,kotak:MID,0.9382716049382716,0.1063,3,2
2026-07,kotak:MUC,0.8354430379746836,0.2146,5,8
2026-07,kotak:ROF,0.9375,0.0757,2,1
2026-07,kotak:SEF,0.9344262295081968,0.06480000000000001,2,2
2026-07,kotak:SPO,0.8780487804878049,0.18819999999999998,4,1
2026-07,kotak:SRF,0.6607142857142857,0.2618,9,10
2026-07,kotak:TAL,0.90625,0.18519999999999998,1,2
2026-07,kotak:TCH,0.875,0.09240000000000001,2,1
2026-07,mirae:INFRA,0.7755102040816326,0.249485706,6,5
2026-07,mirae:MABAF,0.8135593220338984,0.09469627,7,15
2026-07,mirae:MABFF,1.0,0.09940314800000001,0,0
2026-07,mirae:MAEBF,0.9411764705882353,0.165975601,3,2
2026-07,mirae:MAFCF,0.8494623655913979,0.169408889,5,9
2026-07,mirae:MAFF,0.8181818181818182,0.170060117,3,3
2026-07,mirae:MAHCF,0.9642857142857143,0.22329597099999998,0,1
2026-07,mirae:MAIPF,0.9166666666666666,0.08560354199999999,4,3
2026-07,mirae:MAMAAF,0.896551724137931,0.09233130799999999,6,9
2026-07,mirae:MAMCF,0.8840579710144928,0.210733739,5,3
2026-07,mirae:MAMPF,0.8765432098765432,0.179490617,7,3
2026-07,mirae:MASCF,0.8588235294117647,0.221622437,7,5
2026-07,mirae:MATSF,0.9411764705882353,0.154323992,2,2
2026-07,mirae:MICCF,0.975,0.140732823,1,0
2026-07,mirae:MIIOF,0.9146341463414634,0.1028487797,3,4
2026-07,nippon:AM,0.6875,0.3877,7,8
2026-07,nippon:BF,0.9736842105263158,0.08940000000000001,1,0
2026-07,nippon:EA,0.9393939393939394,0.13849999999999998,2,2
2026-07,nippon:EO,0.9098360655737705,0.1649,2,9
2026-07,nippon:GF,0.9795918367346939,0.08240000000000001,2,0
2026-07,nippon:GS,0.7789473684210526,0.3096,8,13
2026-07,nippon:IT,0.9655172413793104,0.1268,1,1
2026-07,nippon:LC,0.9239130434782609,0.11560000000000001,3,4
2026-07,nippon:LE,0.9032258064516129,0.1335,1,2
2026-07,nippon:MC,1.0,0.1155,0,0
2026-07,nippon:ME,0.8695652173913043,0.21680000000000002,4,2
2026-07,nippon:MF,0.978494623655914,0.06130000000000001,1,1
2026-07,nippon:NE,0.8235294117647058,0.0979,7,8
2026-07,nippon:PH,1.0,0.0832,0,0
2026-07,nippon:PS,0.9058823529411765,0.11430000000000001,5,3
2026-07,nippon:QP,0.9411764705882353,0.11199999999999999,1,1
2026-07,nippon:SC,0.916030534351145,0.12020000000000002,11,11
2026-07,nippon:SE,0.9195402298850575,0.1449,5,2
2026-07,nippon:SH#0,0.9629629629629629,0.06500000000000002,1,2
2026-07,nippon:TS,0.9692307692307692,0.094,1,1
2026-07,ppfas:PPDAAF,1.0,0.005299999999999996,0,0
2026-07,ppfas:PPFCF,1.0,0.048799999999999996,0,0
2026-07,ppfas:PPLCF,0.9903846153846154,0.07110000000000001,0,1
2026-07,ppfas:PPTSF,1.0,0.05749999999999998,0,0
2026-07,sbi:SBAF,0.8829787234042553,0.056100000000000004,0,11
2026-07,sbi:SBFS,0.7297297297297297,0.2262,5,5
2026-07,sbi:SBI-AOF,0.9375,0.10579999999999999,2,0
2026-07,sbi:SBIRIOS,0.967741935483871,0.0561,0,1
2026-07,sbi:SBLUECHIP,0.9622641509433962,0.0834,0,2
2026-07,sbi:SCF,0.9761904761904762,0.048499999999999995,1,1
2026-07,sbi:SCOF,0.9591836734693877,0.1174,1,1
2026-07,sbi:SDYF,0.9298245614035088,0.1145,1,3
2026-07,sbi:SEHF,1.0,0.054000000000000006,0,0
2026-07,sbi:SEMVF,1.0,0.23249999999999998,0,0
2026-07,sbi:SEOF,0.9444444444444444,0.11069999999999999,2,0
2026-07,sbi:SFEF,1.0,0.09899999999999999,0,0
2026-07,sbi:SFLEXI,0.8055555555555556,0.2341,5,9
2026-07,sbi:SHOF,0.8823529411764706,0.1971,3,1
2026-07,sbi:SIF,0.85,0.2233,4,2
2026-07,sbi:SIOF,0.8536585365853658,0.2009,2,4
2026-07,sbi:SLMF,0.8795180722891566,0.13290000000000002,7,3
2026-07,sbi:SLTEF,0.8690476190476191,0.184,7,4
2026-07,sbi:SMAAF,0.8589743589743589,0.0975,3,8
2026-07,sbi:SMCF,0.7638888888888888,0.3232,9,8
2026-07,sbi:SMCOMMA,0.8636363636363636,0.1311,3,3
2026-07,sbi:SMEEF,0.9767441860465116,0.10199999999999998,1,0
2026-07,sbi:SMGLF,0.875,0.1883,5,1
2026-07,sbi:SMIDCAP,0.9122807017543859,0.1156,2,3
2026-07,sbi:SPSU,0.875,0.06500000000000003,3,0
2026-07,sbi:SQF,0.675,0.4894,6,7
2026-07,sbi:SQLF,0.75,0.3024,6,6
2026-07,sbi:SSCF,0.9571428571428572,0.07769999999999999,1,2
2026-07,sbi:STOF,0.9130434782608695,0.05949999999999999,0,2
2026-07,uti:002,0.9583333333333334,0.03350000000000001,0,2
2026-07,uti:017,0.9523809523809523,0.11700000000000002,2,1
2026-07,uti:042,0.9310344827586207,0.09219999999999999,2,2
2026-07,uti:049,0.9577464788732394,0.1293,1,2
2026-07,uti:066,0.921875,0.09200000000000001,1,4
2026-07,uti:101,0.873015873015873,0.1777,4,4
2026-07,uti:118,0.9318181818181818,0.1175,2,1
2026-07,uti:125,0.9666666666666667,0.08589999999999999,1,1
2026-07,uti:160,0.7894736842105263,0.2728,4,16
2026-07,uti:161,0.8823529411764706,0.1168,5,3
2026-07,uti:162,0.9761904761904762,0.07210000000000001,1,0
2026-07,uti:163,0.8387096774193549,0.13769999999999996,3,2
2026-07,uti:190,0.9629629629629629,0.0826,1,1
2026-07,uti:193,0.9523809523809523,0.1097,2,1
2026-07,uti:251,0.9523809523809523,0.0722,2,0
2026-07,uti:322,1.0,0.04190000000000001,0,0
2026-07,uti:751,0.9017857142857143,0.1875,7,4
2026-07,uti:753,0.6285714285714286,0.4218,7,6
2026-07,uti:773,0.8870967741935484,0.08360000000000001,5,2
2026-07,uti:775,1.0,0.1269,0,0
2026-07,uti:783,1.0,0.0741,0,0
2026-07,uti:787,0.8125,0.2451,8,7
