protocol,month,fund,amc,model,temperature,rank,hit1,hit5,hit10,reciprocal_rank,n_candidates,log_probability,log_score_gain,target_isin
Fund holdout,2023-08,absl:ABSLMCF,Aditya Birla SL,Popularity,0.25,1,1,1,1,1.0,113,-0.8733812174489941,0.8152507788779453,INE040A01034
Fund holdout,2023-08,absl:ABSLMCF,Aditya Birla SL,Co-holding,0.25,1,1,1,1,1.0,113,-2.3335811553324506,0.5063698505767869,INE040A01034
Fund holdout,2023-08,absl:ABSLMCF,Aditya Birla SL,Category popularity,0.25,1,1,1,1,1.0,113,-1.298784844186193,0.7252637409934436,INE040A01034
Fund holdout,2023-08,absl:ABSLMCF,Aditya Birla SL,Binary factors,0.25,18,0,0,0,0.0555555555555555,113,-4.324861034586794,0.0851478236103734,INE040A01034
Fund holdout,2023-08,absl:ABSLMCF,Aditya Birla SL,Rank factors,0.25,1,1,1,1,1.0,113,-2.140208796834338,0.5472745459209449,INE040A01034
Fund holdout,2023-08,absl:ABSLMCF,Aditya Birla SL,Log holdings zero,0.25,1,1,1,1,1.0,113,-0.8091147928859872,0.8288452684835204,INE040A01034
Fund holdout,2023-08,absl:ABSLMCF,Aditya Birla SL,Log holdings minimum,0.25,1,1,1,1,1.0,113,-1.4759465257643178,0.6877881438197003,INE040A01034
Fund holdout,2023-08,absl:ABSLMCF,Aditya Birla SL,Word2Vec,0.5,1,1,1,1,1.0,113,-0.0005739638166097,0.9998785875331958,INE040A01034
Fund holdout,2023-08,absl:BSLDAAF,Aditya Birla SL,Popularity,0.25,1,1,1,1,1.0,77,-0.4307971425754395,0.9008249447804224,INE090A01021
Fund holdout,2023-08,absl:BSLDAAF,Aditya Birla SL,Co-holding,0.25,1,1,1,1,1.0,77,-1.6031009911157552,0.6309454877857663,INE090A01021
Fund holdout,2023-08,absl:BSLDAAF,Aditya Birla SL,Category popularity,0.25,1,1,1,1,1.0,77,-0.746855046024514,0.828064341402797,INE090A01021
Fund holdout,2023-08,absl:BSLDAAF,Aditya Birla SL,Binary factors,0.25,18,0,0,0,0.0555555555555555,77,-4.181834039477612,0.0372879000429426,INE090A01021
Fund holdout,2023-08,absl:BSLDAAF,Aditya Birla SL,Rank factors,0.25,1,1,1,1,1.0,77,-1.374522662207978,0.6835671654874882,INE090A01021
Fund holdout,2023-08,absl:BSLDAAF,Aditya Birla SL,Log holdings zero,0.25,1,1,1,1,1.0,77,-0.0011411918527777,0.9997372829254652,INE090A01021
Fund holdout,2023-08,absl:BSLDAAF,Aditya Birla SL,Log holdings minimum,0.25,1,1,1,1,1.0,77,-0.022448865216921,0.9948319818599652,INE090A01021
Fund holdout,2023-08,absl:BSLDAAF,Aditya Birla SL,Word2Vec,0.5,1,1,1,1,1.0,77,-2.398205368336903e-05,0.999994479022112,INE090A01021
Fund holdout,2023-08,absl:BSLR96,Aditya Birla SL,Popularity,0.25,1,1,1,1,1.0,114,-0.8210012556683424,0.8266539578917665,INE090A01021
Fund holdout,2023-08,absl:BSLR96,Aditya Birla SL,Co-holding,0.25,1,1,1,1,1.0,114,-2.160685801855436,0.5437932288103601,INE090A01021
Fund holdout,2023-08,absl:BSLR96,Aditya Birla SL,Category popularity,0.25,1,1,1,1,1.0,114,-0.9864239120799922,0.791726651062441,INE090A01021
Fund holdout,2023-08,absl:BSLR96,Aditya Birla SL,Binary factors,0.25,9,0,0,1,0.1111111111111111,114,-3.5519904867055256,0.2500334339010646,INE090A01021
Fund holdout,2023-08,absl:BSLR96,Aditya Birla SL,Rank factors,0.25,1,1,1,1,1.0,114,-2.5478888572721328,0.4620392525706284,INE090A01021
Fund holdout,2023-08,absl:BSLR96,Aditya Birla SL,Log holdings zero,0.25,1,1,1,1,1.0,114,-0.2214126096664213,0.9532509855575252,INE090A01021
Fund holdout,2023-08,absl:BSLR96,Aditya Birla SL,Log holdings minimum,0.25,1,1,1,1,1.0,114,-0.6512100141085808,0.8625036469218617,INE090A01021
Fund holdout,2023-08,absl:BSLR96,Aditya Birla SL,Word2Vec,0.5,1,1,1,1,1.0,114,-0.0001658540472639,0.9999649816093916,INE090A01021
Fund holdout,2023-08,absl:MNC,Aditya Birla SL,Popularity,0.25,107,0,0,0,0.0093457943925233,133,-8.6341775008243,-0.7655544163497978,INE671A01010
Fund holdout,2023-08,absl:MNC,Aditya Birla SL,Co-holding,0.25,95,0,0,0,0.0105263157894736,133,-6.15786693419843,-0.2591875902401217,INE671A01010
Fund holdout,2023-08,absl:MNC,Aditya Birla SL,Category popularity,0.25,95,0,0,0,0.0105263157894736,133,-8.491376244036925,-0.736353790168881,INE671A01010
Fund holdout,2023-08,absl:MNC,Aditya Birla SL,Binary factors,0.25,6,0,0,1,0.1666666666666666,133,-3.5805855068106585,0.2678261995350333,INE671A01010
Fund holdout,2023-08,absl:MNC,Aditya Birla SL,Rank factors,0.25,103,0,0,0,0.0097087378640776,133,-5.590819038397937,-0.143235153934887,INE671A01010
Fund holdout,2023-08,absl:MNC,Aditya Birla SL,Log holdings zero,0.25,112,0,0,0,0.0089285714285714,133,-9.999493095304912,-1.0447401265481764,INE671A01010
Fund holdout,2023-08,absl:MNC,Aditya Birla SL,Log holdings minimum,0.25,79,0,0,0,0.0126582278481012,133,-8.43411749212676,-0.7246452698958128,INE671A01010
Fund holdout,2023-08,absl:MNC,Aditya Birla SL,Word2Vec,0.5,94,0,0,0,0.0106382978723404,133,-5.940680712170065,-0.2147764007045927,INE671A01010
Fund holdout,2023-08,axis:AXISMLC,Axis,Popularity,0.25,49,0,0,0,0.0204081632653061,123,-6.129968298783394,-0.2738431959573155,INE211B01039
Fund holdout,2023-08,axis:AXISMLC,Axis,Co-holding,0.25,35,0,0,0,0.0285714285714285,123,-4.725674338785568,0.0179772864458668,INE211B01039
Fund holdout,2023-08,axis:AXISMLC,Axis,Category popularity,0.25,96,0,0,0,0.0104166666666666,123,-8.85174075135895,-0.8394433998516064,INE211B01039
Fund holdout,2023-08,axis:AXISMLC,Axis,Binary factors,0.25,41,0,0,0,0.024390243902439,123,-5.047832295127828,-0.0489690174675723,INE211B01039
Fund holdout,2023-08,axis:AXISMLC,Axis,Rank factors,0.25,26,0,0,0,0.0384615384615384,123,-4.5687702156481205,0.0505828791560207,INE211B01039
Fund holdout,2023-08,axis:AXISMLC,Axis,Log holdings zero,0.25,89,0,0,0,0.0112359550561797,123,-8.01382555387795,-0.6653197305151366,INE211B01039
Fund holdout,2023-08,axis:AXISMLC,Axis,Log holdings minimum,0.25,11,0,0,0,0.0909090909090909,123,-4.05416765232313,0.1575202957889637,INE211B01039
Fund holdout,2023-08,axis:AXISMLC,Axis,Word2Vec,0.5,53,0,0,0,0.0188679245283018,123,-8.186132239246541,-0.701126065568827,INE211B01039
Fund holdout,2023-08,hdfc:HDFCEQ,HDFC,Popularity,0.25,1,1,1,1,1.0,124,-1.1381831166823844,0.7638762173554646,INE090A01021
Fund holdout,2023-08,hdfc:HDFCEQ,HDFC,Co-holding,0.25,1,1,1,1,1.0,124,-2.3697874363443754,0.5083715745457865,INE090A01021
Fund holdout,2023-08,hdfc:HDFCEQ,HDFC,Category popularity,0.25,1,1,1,1,1.0,124,-1.279328514753388,0.7345946502623426,INE090A01021
Fund holdout,2023-08,hdfc:HDFCEQ,HDFC,Binary factors,0.25,8,0,0,1,0.125,124,-3.4765044802496528,0.2787756414363556,INE090A01021
Fund holdout,2023-08,hdfc:HDFCEQ,HDFC,Rank factors,0.25,1,1,1,1,1.0,124,-2.534238807458868,0.4742550257765341,INE090A01021
Fund holdout,2023-08,hdfc:HDFCEQ,HDFC,Log holdings zero,0.25,1,1,1,1,1.0,124,-1.004436955123066,0.791622762809087,INE090A01021
Fund holdout,2023-08,hdfc:HDFCEQ,HDFC,Log holdings minimum,0.25,1,1,1,1,1.0,124,-0.77134487092414,0.8399792915774783,INE090A01021
Fund holdout,2023-08,hdfc:HDFCEQ,HDFC,Word2Vec,0.5,1,1,1,1,1.0,124,-0.0430575211642505,0.9910674261289038,INE090A01021
Fund holdout,2023-08,icici:BHACON,ICICI Prudential,Popularity,0.25,8,0,0,1,0.125,133,-3.6983352571496297,0.2437482150697834,INE585B01010
Fund holdout,2023-08,icici:BHACON,ICICI Prudential,Co-holding,0.25,7,0,0,1,0.1428571428571428,133,-3.3292195631703985,0.3192266081867694,INE585B01010
Fund holdout,2023-08,icici:BHACON,ICICI Prudential,Category popularity,0.25,6,0,0,1,0.1666666666666666,133,-3.0779651283493497,0.3706042150269606,INE585B01010
Fund holdout,2023-08,icici:BHACON,ICICI Prudential,Binary factors,0.25,1,1,1,1,1.0,133,-2.344978101233025,0.5204886113957852,INE585B01010
Fund holdout,2023-08,icici:BHACON,ICICI Prudential,Rank factors,0.25,5,0,1,1,0.2,133,-3.649585202267529,0.2537168397229331,INE585B01010
Fund holdout,2023-08,icici:BHACON,ICICI Prudential,Log holdings zero,0.25,6,0,0,1,0.1666666666666666,133,-3.993665659752621,0.1833577613701352,INE585B01010
Fund holdout,2023-08,icici:BHACON,ICICI Prudential,Log holdings minimum,0.25,7,0,0,1,0.1428571428571428,133,-4.789285696670183,0.0206658929458313,INE585B01010
Fund holdout,2023-08,icici:BHACON,ICICI Prudential,Word2Vec,0.5,6,0,0,1,0.1666666666666666,133,-2.9318332371305478,0.400485903918146,INE585B01010
Fund holdout,2023-08,icici:HOUSING,ICICI Prudential,Popularity,0.25,1,1,1,1,1.0,135,-1.654935094109426,0.6626213272732773,INE090A01021
Fund holdout,2023-08,icici:HOUSING,ICICI Prudential,Co-holding,0.25,1,1,1,1,1.0,135,-2.828403400360688,0.42339552255193,INE090A01021
Fund holdout,2023-08,icici:HOUSING,ICICI Prudential,Category popularity,0.25,1,1,1,1,1.0,135,-1.5651033697991394,0.6809346182442847,INE090A01021
Fund holdout,2023-08,icici:HOUSING,ICICI Prudential,Binary factors,0.25,13,0,0,0,0.0769230769230769,135,-4.418890289350651,0.0991554012887768,INE090A01021
Fund holdout,2023-08,icici:HOUSING,ICICI Prudential,Rank factors,0.25,1,1,1,1,1.0,135,-2.748096518754887,0.4397670583441342,INE090A01021
Fund holdout,2023-08,icici:HOUSING,ICICI Prudential,Log holdings zero,0.25,1,1,1,1,1.0,135,-0.6274215095835727,0.8720924845349216,INE090A01021
Fund holdout,2023-08,icici:HOUSING,ICICI Prudential,Log holdings minimum,0.25,1,1,1,1,1.0,135,-1.5529563373193307,0.6834109387418035,INE090A01021
Fund holdout,2023-08,icici:HOUSING,ICICI Prudential,Word2Vec,0.5,1,1,1,1,1.0,135,-0.7332351642818296,0.8505210824264464,INE090A01021
Fund holdout,2023-08,icici:LARGE & MIDCAP,ICICI Prudential,Popularity,0.25,1,1,1,1,1.0,98,-0.8134374063472052,0.8225860030346247,INE040A01034
Fund holdout,2023-08,icici:LARGE & MIDCAP,ICICI Prudential,Co-holding,0.25,1,1,1,1,1.0,98,-2.1309104349818786,0.5352397928894921,INE040A01034
Fund holdout,2023-08,icici:LARGE & MIDCAP,ICICI Prudential,Category popularity,0.25,1,1,1,1,1.0,98,-1.2739998625811424,0.7221354636629739,INE040A01034
Fund holdout,2023-08,icici:LARGE & MIDCAP,ICICI Prudential,Binary factors,0.25,1,1,1,1,1.0,98,-2.6045217120834216,0.4319432527712035,INE040A01034
Fund holdout,2023-08,icici:LARGE & MIDCAP,ICICI Prudential,Rank factors,0.25,1,1,1,1,1.0,98,-2.677624052253282,0.4159993359364746,INE040A01034
Fund holdout,2023-08,icici:LARGE & MIDCAP,ICICI Prudential,Log holdings zero,0.25,2,0,1,1,0.5,98,-1.3439906444869454,0.7068701903035874,INE040A01034
Fund holdout,2023-08,icici:LARGE & MIDCAP,ICICI Prudential,Log holdings minimum,0.25,1,1,1,1,1.0,98,-0.2778236904293267,0.9394055264902592,INE040A01034
Fund holdout,2023-08,icici:LARGE & MIDCAP,ICICI Prudential,Word2Vec,0.5,1,1,1,1,1.0,98,-0.0019860056576348,0.9995668441124448,INE040A01034
Fund holdout,2023-08,icici:MIDCAP,ICICI Prudential,Popularity,0.25,56,0,0,0,0.0178571428571428,109,-7.152721416882528,-0.5246623350992758,INE094A01015
Fund holdout,2023-08,icici:MIDCAP,ICICI Prudential,Co-holding,0.25,24,0,0,0,0.0416666666666666,109,-4.3865954078607725,0.06496053629337,INE094A01015
Fund holdout,2023-08,icici:MIDCAP,ICICI Prudential,Category popularity,0.25,61,0,0,0,0.0163934426229508,109,-7.3444522134831,-0.5655313564154842,INE094A01015
Fund holdout,2023-08,icici:MIDCAP,ICICI Prudential,Binary factors,0.25,20,0,0,0,0.05,109,-4.321423290298206,0.0788525177022607,INE094A01015
Fund holdout,2023-08,icici:MIDCAP,ICICI Prudential,Rank factors,0.25,55,0,0,0,0.0181818181818181,109,-5.237403497532849,-0.1163963170099084,INE094A01015
Fund holdout,2023-08,icici:MIDCAP,ICICI Prudential,Log holdings zero,0.25,99,0,0,0,0.0101010101010101,109,-10.119638671424346,-1.1570855382005676,INE094A01015
Fund holdout,2023-08,icici:MIDCAP,ICICI Prudential,Log holdings minimum,0.25,46,0,0,0,0.0217391304347826,109,-8.380658775463296,-0.7864074432018324,INE094A01015
Fund holdout,2023-08,icici:MIDCAP,ICICI Prudential,Word2Vec,0.5,6,0,0,1,0.1666666666666666,109,-3.389707341244088,0.2774555572644013,INE094A01015
Fund holdout,2023-08,icici:MNCFUND,ICICI Prudential,Popularity,0.25,6,0,0,1,0.1666666666666666,132,-3.075922607097816,0.3700496854337824,INE044A01036
Fund holdout,2023-08,icici:MNCFUND,ICICI Prudential,Co-holding,0.25,3,0,1,1,0.3333333333333333,132,-3.113734013179391,0.3623058926932515,INE044A01036
Fund holdout,2023-08,icici:MNCFUND,ICICI Prudential,Category popularity,0.25,5,0,1,1,0.2,132,-3.114987729983124,0.3620491309356357,INE044A01036
Fund holdout,2023-08,icici:MNCFUND,ICICI Prudential,Binary factors,0.25,8,0,0,1,0.125,132,-3.868534246818404,0.2077224699769757,INE044A01036
Fund holdout,2023-08,icici:MNCFUND,ICICI Prudential,Rank factors,0.25,11,0,0,0,0.0909090909090909,132,-4.3692018086916375,0.1051855311842517,INE044A01036
Fund holdout,2023-08,icici:MNCFUND,ICICI Prudential,Log holdings zero,0.25,20,0,0,0,0.05,132,-6.086605562110661,-0.2465395194418715,INE044A01036
Fund holdout,2023-08,icici:MNCFUND,ICICI Prudential,Log holdings minimum,0.25,28,0,0,0,0.0357142857142857,132,-5.2913281085006485,-0.0836663441178227,INE044A01036
Fund holdout,2023-08,icici:MNCFUND,ICICI Prudential,Word2Vec,0.5,6,0,0,1,0.1666666666666666,132,-4.482677967227476,0.0819455635724321,INE044A01036
Fund holdout,2023-08,icici:MULTICAP,ICICI Prudential,Popularity,0.25,3,0,1,1,0.3333333333333333,89,-2.363894583927582,0.4733601946756386,INE585B01010
Fund holdout,2023-08,icici:MULTICAP,ICICI Prudential,Co-holding,0.25,3,0,1,1,0.3333333333333333,89,-2.8207547030954485,0.3715786999106417,INE585B01010
Fund holdout,2023-08,icici:MULTICAP,ICICI Prudential,Category popularity,0.25,5,0,1,1,0.2,89,-2.771504065152854,0.3825509939183948,INE585B01010
Fund holdout,2023-08,icici:MULTICAP,ICICI Prudential,Binary factors,0.25,2,0,1,1,0.5,89,-2.8058842157500763,0.3748916186058711,INE585B01010
Fund holdout,2023-08,icici:MULTICAP,ICICI Prudential,Rank factors,0.25,1,1,1,1,1.0,89,-2.866242535182576,0.3614447018898037,INE585B01010
Fund holdout,2023-08,icici:MULTICAP,ICICI Prudential,Log holdings zero,0.25,4,0,1,1,0.25,89,-2.71947576329726,0.3941421092527605,INE585B01010
Fund holdout,2023-08,icici:MULTICAP,ICICI Prudential,Log holdings minimum,0.25,4,0,1,1,0.25,89,-2.755168129580651,0.3861903922181456,INE585B01010
Fund holdout,2023-08,icici:MULTICAP,ICICI Prudential,Word2Vec,0.5,2,0,1,1,0.5,89,-2.865651854641632,0.3615762965417846,INE585B01010
Fund holdout,2023-08,icici:TECH,ICICI Prudential,Popularity,0.25,22,0,0,0,0.0454545454545454,135,-4.890992571779236,0.0029116017561283,INE467B01029
Fund holdout,2023-08,icici:TECH,ICICI Prudential,Co-holding,0.25,15,0,0,0,0.0666666666666666,135,-4.027640026711067,0.1789165319718854,INE467B01029
Fund holdout,2023-08,icici:TECH,ICICI Prudential,Category popularity,0.25,30,0,0,0,0.0333333333333333,135,-5.464224338004417,-0.1139486746028783,INE467B01029
Fund holdout,2023-08,icici:TECH,ICICI Prudential,Binary factors,0.25,20,0,0,0,0.05,135,-4.353325609662271,0.1125215596896427,INE467B01029
Fund holdout,2023-08,icici:TECH,ICICI Prudential,Rank factors,0.25,22,0,0,0,0.0454545454545454,135,-4.70903170567795,0.0400065402295266,INE467B01029
Fund holdout,2023-08,icici:TECH,ICICI Prudential,Log holdings zero,0.25,100,0,0,0,0.01,135,-10.40765359405694,-1.1217269295095766,INE467B01029
Fund holdout,2023-08,icici:TECH,ICICI Prudential,Log holdings minimum,0.25,15,0,0,0,0.0666666666666666,135,-8.116462508298289,-0.6546397245624078,INE467B01029
Fund holdout,2023-08,icici:TECH,ICICI Prudential,Word2Vec,0.5,12,0,0,0,0.0833333333333333,135,-4.105043975731228,0.1631367943391647,INE467B01029
Fund holdout,2023-08,kotak:EME,Kotak,Popularity,0.25,40,0,0,0,0.025,98,-6.036127196869353,-0.316503819263632,INE513A01022
Fund holdout,2023-08,kotak:EME,Kotak,Co-holding,0.25,1,1,1,1,1.0,98,-3.16305815864412,0.3101241888064034,INE513A01022
Fund holdout,2023-08,kotak:EME,Kotak,Category popularity,0.25,5,0,1,1,0.2,98,-2.900399118290572,0.3674111906391202,INE513A01022
Fund holdout,2023-08,kotak:EME,Kotak,Binary factors,0.25,28,0,0,0,0.0357142857142857,98,-4.819467603432193,-0.0511454281524401,INE513A01022
Fund holdout,2023-08,kotak:EME,Kotak,Rank factors,0.25,7,0,0,1,0.1428571428571428,98,-3.653625006938354,0.2031295698529719,INE513A01022
Fund holdout,2023-08,kotak:EME,Kotak,Log holdings zero,0.25,79,0,0,0,0.0126582278481012,98,-9.110997151011082,-0.9871454254355688,INE513A01022
Fund holdout,2023-08,kotak:EME,Kotak,Log holdings minimum,0.25,12,0,0,0,0.0833333333333333,98,-3.704434554854424,0.1920478014102429,INE513A01022
Fund holdout,2023-08,kotak:EME,Kotak,Word2Vec,0.5,46,0,0,0,0.0217391304347826,98,-5.309742608859438,-0.1580763949931041,INE513A01022
Fund holdout,2023-08,mirae:MAFF,Mirae Asset,Popularity,0.25,1,1,1,1,1.0,133,-1.7066537843749714,0.6510159623315992,INE009A01021
Fund holdout,2023-08,mirae:MAFF,Mirae Asset,Co-holding,0.25,1,1,1,1,1.0,133,-2.7317577591148807,0.4413982136060269,INE009A01021
Fund holdout,2023-08,mirae:MAFF,Mirae Asset,Category popularity,0.25,1,1,1,1,1.0,133,-1.4061756530357137,0.7124590461403248,INE009A01021
Fund holdout,2023-08,mirae:MAFF,Mirae Asset,Binary factors,0.25,3,0,1,1,0.3333333333333333,133,-3.2829272113608576,0.3286926709556609,INE009A01021
Fund holdout,2023-08,mirae:MAFF,Mirae Asset,Rank factors,0.25,2,0,1,1,0.5,133,-3.527189394013012,0.2787448704514924,INE009A01021
Fund holdout,2023-08,mirae:MAFF,Mirae Asset,Log holdings zero,0.25,2,0,1,1,0.5,133,-2.7332742375640606,0.4410881174534989,INE009A01021
Fund holdout,2023-08,mirae:MAFF,Mirae Asset,Log holdings minimum,0.25,4,0,1,1,0.25,133,-2.578221800678584,0.4727939185773253,INE009A01021
Fund holdout,2023-08,mirae:MAFF,Mirae Asset,Word2Vec,0.5,1,1,1,1,1.0,133,-0.0567778819976982,0.9883898101119124,INE009A01021
Fund holdout,2023-08,sbi:SBLUECHIP,SBI,Popularity,0.25,1,1,1,1,1.0,112,-0.8400782248697283,0.8219607023792398,INE090A01021
Fund holdout,2023-08,sbi:SBLUECHIP,SBI,Co-holding,0.25,1,1,1,1,1.0,112,-2.2757680938158247,0.5176923517645791,INE090A01021
Fund holdout,2023-08,sbi:SBLUECHIP,SBI,Category popularity,0.25,1,1,1,1,1.0,112,-1.1572949071731848,0.7547323971584335,INE090A01021
Fund holdout,2023-08,sbi:SBLUECHIP,SBI,Binary factors,0.25,7,0,0,1,0.1428571428571428,112,-3.6524506760331694,0.2259295221510405,INE090A01021
Fund holdout,2023-08,sbi:SBLUECHIP,SBI,Rank factors,0.25,1,1,1,1,1.0,112,-2.568887257128084,0.4555710773280322,INE090A01021
Fund holdout,2023-08,sbi:SBLUECHIP,SBI,Log holdings zero,0.25,1,1,1,1,1.0,112,-0.5457422877180385,0.8843398498963193,INE090A01021
Fund holdout,2023-08,sbi:SBLUECHIP,SBI,Log holdings minimum,0.25,1,1,1,1,1.0,112,-0.8528973170220127,0.8192439289939013,INE090A01021
Fund holdout,2023-08,sbi:SBLUECHIP,SBI,Word2Vec,0.5,1,1,1,1,1.0,112,-0.0002392394202814,0.9999492975569546,INE090A01021
Fund holdout,2023-08,sbi:SMAAF,SBI,Popularity,0.25,1,1,1,1,1.0,128,-1.4902690486231656,0.6928566048515779,INE090A01021
Fund holdout,2023-08,sbi:SMAAF,SBI,Co-holding,0.25,1,1,1,1,1.0,128,-2.870131274779097,0.4084679775965538,INE090A01021
Fund holdout,2023-08,sbi:SMAAF,SBI,Category popularity,0.25,2,0,1,1,0.5,128,-1.9554181949451248,0.5969896953269458,INE090A01021
Fund holdout,2023-08,sbi:SMAAF,SBI,Binary factors,0.25,7,0,0,1,0.1428571428571428,128,-3.85922809710352,0.2046158232356286,INE090A01021
Fund holdout,2023-08,sbi:SMAAF,SBI,Rank factors,0.25,52,0,0,0,0.0192307692307692,128,-4.932558948212067,-0.0165969047825758,INE090A01021
Fund holdout,2023-08,sbi:SMAAF,SBI,Log holdings zero,0.25,1,1,1,1,1.0,128,-0.4309469568014066,0.9111821375052028,INE090A01021
Fund holdout,2023-08,sbi:SMAAF,SBI,Log holdings minimum,0.25,30,0,0,0,0.0333333333333333,128,-6.850384001290758,-0.41185928954961,INE090A01021
Fund holdout,2023-08,sbi:SMAAF,SBI,Word2Vec,0.5,1,1,1,1,1.0,128,-1.863058351893144,0.6160249935481423,INE090A01021
Fund holdout,2023-08,uti:193,UTI,Popularity,0.25,1,1,1,1,1.0,113,-1.625590929953738,0.6561333674552385,INE009A01021
Fund holdout,2023-08,uti:193,UTI,Co-holding,0.25,1,1,1,1,1.0,113,-2.486604180387087,0.4740003833524292,INE009A01021
Fund holdout,2023-08,uti:193,UTI,Category popularity,0.25,1,1,1,1,1.0,113,-1.5154528244855516,0.6794312456263987,INE009A01021
Fund holdout,2023-08,uti:193,UTI,Binary factors,0.25,4,0,1,1,0.25,113,-3.119015962704758,0.3402242248121027,INE009A01021
Fund holdout,2023-08,uti:193,UTI,Rank factors,0.25,1,1,1,1,1.0,113,-2.372275492221431,0.498184709358667,INE009A01021
Fund holdout,2023-08,uti:193,UTI,Log holdings zero,0.25,2,0,1,1,0.5,113,-1.532911873572912,0.6757380751574448,INE009A01021
Fund holdout,2023-08,uti:193,UTI,Log holdings minimum,0.25,2,0,1,1,0.5,113,-1.6283112585305792,0.6555579273430325,INE009A01021
Fund holdout,2023-08,uti:193,UTI,Word2Vec,0.5,1,1,1,1,1.0,113,-0.1105486770607697,0.976615272260256,INE009A01021
Fund holdout,2023-08,uti:753,UTI,Popularity,0.25,1,1,1,1,1.0,129,-1.7453756902475774,0.6408553365802543,INE090A01021
Fund holdout,2023-08,uti:753,UTI,Co-holding,0.25,1,1,1,1,1.0,129,-2.8600898090835254,0.4114814377368557,INE090A01021
Fund holdout,2023-08,uti:753,UTI,Category popularity,0.25,1,1,1,1,1.0,129,-1.2718064355294594,0.7383013314694996,INE090A01021
Fund holdout,2023-08,uti:753,UTI,Binary factors,0.25,1,1,1,1,1.0,129,-2.4929570911697523,0.4870260652587478,INE090A01021
Fund holdout,2023-08,uti:753,UTI,Rank factors,0.25,1,1,1,1,1.0,129,-2.2149790288543776,0.5442254053126745,INE090A01021
Fund holdout,2023-08,uti:753,UTI,Log holdings zero,0.25,1,1,1,1,1.0,129,-0.8746649800453241,0.8200208347012914,INE090A01021
Fund holdout,2023-08,uti:753,UTI,Log holdings minimum,0.25,1,1,1,1,1.0,129,-1.4766321795823352,0.6961544897788522,INE090A01021
Fund holdout,2023-08,uti:753,UTI,Word2Vec,0.5,1,1,1,1,1.0,129,-0.699008243523302,0.856165591310491,INE090A01021
Fund holdout,2023-09,absl:ABSLMCF,Aditya Birla SL,Popularity,0.25,1,1,1,1,1.0,117,-1.314439299653948,0.7239833492747529,INE009A01021
Fund holdout,2023-09,absl:ABSLMCF,Aditya Birla SL,Co-holding,0.25,1,1,1,1,1.0,117,-2.4464177170223818,0.4862813180454993,INE009A01021
Fund holdout,2023-09,absl:ABSLMCF,Aditya Birla SL,Category popularity,0.25,1,1,1,1,1.0,117,-1.6768311570696817,0.6478853607557502,INE009A01021
Fund holdout,2023-09,absl:ABSLMCF,Aditya Birla SL,Binary factors,0.25,5,0,1,1,0.2,117,-3.1144954761739028,0.3459929186088891,INE009A01021
Fund holdout,2023-09,absl:ABSLMCF,Aditya Birla SL,Rank factors,0.25,1,1,1,1,1.0,117,-2.705532420243081,0.431870306022751,INE009A01021
Fund holdout,2023-09,absl:ABSLMCF,Aditya Birla SL,Log holdings zero,0.25,10,0,0,1,0.1,117,-3.612297418980576,0.2414604194556817,INE009A01021
Fund holdout,2023-09,absl:ABSLMCF,Aditya Birla SL,Log holdings minimum,0.25,6,0,0,1,0.1666666666666666,117,-3.099406101209783,0.3491615082426822,INE009A01021
Fund holdout,2023-09,absl:ABSLMCF,Aditya Birla SL,Word2Vec,1.0,1,1,1,1,1.0,117,-0.2328992748689069,0.951093916757831,INE009A01021
Fund holdout,2023-09,absl:BSLDAAF,Aditya Birla SL,Popularity,0.25,1,1,1,1,1.0,78,-0.4102625362112739,0.9058320047238484,INE090A01021
Fund holdout,2023-09,absl:BSLDAAF,Aditya Birla SL,Co-holding,0.25,1,1,1,1,1.0,78,-1.5654156527218075,0.6406884841300547,INE090A01021
Fund holdout,2023-09,absl:BSLDAAF,Aditya Birla SL,Category popularity,0.25,1,1,1,1,1.0,78,-0.8181925942036585,0.8121993856483277,INE090A01021
Fund holdout,2023-09,absl:BSLDAAF,Aditya Birla SL,Binary factors,0.25,20,0,0,0,0.05,78,-4.3268850889978925,0.0068454741590707,INE090A01021
Fund holdout,2023-09,absl:BSLDAAF,Aditya Birla SL,Rank factors,0.25,1,1,1,1,1.0,78,-1.7198237264762866,0.6052470351150182,INE090A01021
Fund holdout,2023-09,absl:BSLDAAF,Aditya Birla SL,Log holdings zero,0.25,1,1,1,1,1.0,78,-0.0014996861069214,0.9996557754565248,INE090A01021
Fund holdout,2023-09,absl:BSLDAAF,Aditya Birla SL,Log holdings minimum,0.25,1,1,1,1,1.0,78,-0.0013213932255897,0.999696699210768,INE090A01021
Fund holdout,2023-09,absl:BSLDAAF,Aditya Birla SL,Word2Vec,1.0,1,1,1,1,1.0,78,-0.0107331858083021,0.9975364004721752,INE090A01021
Fund holdout,2023-09,absl:BSLR96,Aditya Birla SL,Popularity,0.25,1,1,1,1,1.0,117,-0.6946486473894353,0.8541320294259819,INE040A01034
Fund holdout,2023-09,absl:BSLR96,Aditya Birla SL,Co-holding,0.25,1,1,1,1,1.0,117,-2.181692913494941,0.5418703845415938,INE040A01034
Fund holdout,2023-09,absl:BSLR96,Aditya Birla SL,Category popularity,0.25,1,1,1,1,1.0,117,-0.7330869235907773,0.846060447680412,INE040A01034
Fund holdout,2023-09,absl:BSLR96,Aditya Birla SL,Binary factors,0.25,3,0,1,1,0.3333333333333333,117,-2.874130315854174,0.3964667491767634,INE040A01034
Fund holdout,2023-09,absl:BSLR96,Aditya Birla SL,Rank factors,0.25,1,1,1,1,1.0,117,-2.479393514494872,0.4793567919941653,INE040A01034
Fund holdout,2023-09,absl:BSLR96,Aditya Birla SL,Log holdings zero,0.25,1,1,1,1,1.0,117,-0.0051048568199476,0.9989280406617144,INE040A01034
Fund holdout,2023-09,absl:BSLR96,Aditya Birla SL,Log holdings minimum,0.25,1,1,1,1,1.0,117,-0.2970705915230462,0.9376187019645972,INE040A01034
Fund holdout,2023-09,absl:BSLR96,Aditya Birla SL,Word2Vec,1.0,1,1,1,1,1.0,117,-0.1758777280480679,0.9630677647527932,INE040A01034
Fund holdout,2023-09,absl:MNC,Aditya Birla SL,Popularity,0.25,11,0,0,0,0.0909090909090909,138,-3.8050954924092935,0.2277451628131683,INE585B01010
Fund holdout,2023-09,absl:MNC,Aditya Birla SL,Co-holding,0.25,9,0,0,1,0.1111111111111111,138,-3.657374389098639,0.2577255763964283,INE585B01010
Fund holdout,2023-09,absl:MNC,Aditya Birla SL,Category popularity,0.25,6,0,0,1,0.1666666666666666,138,-3.0834445418537584,0.3742062538524682,INE585B01010
Fund holdout,2023-09,absl:MNC,Aditya Birla SL,Binary factors,0.25,4,0,1,1,0.25,138,-3.0467969439930997,0.3816439869594636,INE585B01010
Fund holdout,2023-09,absl:MNC,Aditya Birla SL,Rank factors,0.25,16,0,0,0,0.0625,138,-4.433968548148149,0.100113606590832,INE585B01010
Fund holdout,2023-09,absl:MNC,Aditya Birla SL,Log holdings zero,0.25,58,0,0,0,0.0172413793103448,138,-7.3641460237189,-0.4945741571826427,INE585B01010
Fund holdout,2023-09,absl:MNC,Aditya Birla SL,Log holdings minimum,0.25,11,0,0,0,0.0909090909090909,138,-4.384802748662628,0.1100919439420482,INE585B01010
Fund holdout,2023-09,absl:MNC,Aditya Birla SL,Word2Vec,1.0,120,0,0,0,0.0083333333333333,138,-5.656254627250815,-0.1479527925037922,INE585B01010
Fund holdout,2023-09,axis:AXISMLC,Axis,Popularity,0.25,31,0,0,0,0.032258064516129,123,-5.589673173299241,-0.1615667149282882,INE121A01024
Fund holdout,2023-09,axis:AXISMLC,Axis,Co-holding,0.25,13,0,0,0,0.0769230769230769,123,-4.042031398627922,0.1600422801517736,INE121A01024
Fund holdout,2023-09,axis:AXISMLC,Axis,Category popularity,0.25,39,0,0,0,0.0256410256410256,123,-6.099442763681997,-0.2674998115715288,INE121A01024
Fund holdout,2023-09,axis:AXISMLC,Axis,Binary factors,0.25,1,1,1,1,1.0,123,-2.757814838721406,0.4269099778684648,INE121A01024
Fund holdout,2023-09,axis:AXISMLC,Axis,Rank factors,0.25,1,1,1,1,1.0,123,-3.4288146045429104,0.2874723095936849,INE121A01024
Fund holdout,2023-09,axis:AXISMLC,Axis,Log holdings zero,0.25,20,0,0,0,0.05,123,-4.770007380272709,0.008764621632299,INE121A01024
Fund holdout,2023-09,axis:AXISMLC,Axis,Log holdings minimum,0.25,2,0,1,1,0.5,123,-1.9816064876898445,0.5882106043012381,INE121A01024
Fund holdout,2023-09,axis:AXISMLC,Axis,Word2Vec,1.0,11,0,0,0,0.0909090909090909,123,-3.995611235619805,0.1696886610008974,INE121A01024
Fund holdout,2023-09,hdfc:HDFCEQ,HDFC,Popularity,0.25,1,1,1,1,1.0,129,-0.9839592575106302,0.7975314321541447,INE040A01034
Fund holdout,2023-09,hdfc:HDFCEQ,HDFC,Co-holding,0.25,1,1,1,1,1.0,129,-2.44341097414918,0.4972211330716751,INE040A01034
Fund holdout,2023-09,hdfc:HDFCEQ,HDFC,Category popularity,0.25,1,1,1,1,1.0,129,-1.213676292281466,0.7502627280032056,INE040A01034
Fund holdout,2023-09,hdfc:HDFCEQ,HDFC,Binary factors,0.25,5,0,1,1,0.2,129,-3.1923743575608965,0.3431074922365836,INE040A01034
Fund holdout,2023-09,hdfc:HDFCEQ,HDFC,Rank factors,0.25,1,1,1,1,1.0,129,-2.3088581438819444,0.5249079693261928,INE040A01034
Fund holdout,2023-09,hdfc:HDFCEQ,HDFC,Log holdings zero,0.25,2,0,1,1,0.5,129,-1.2475397300451716,0.7432946734887323,INE040A01034
Fund holdout,2023-09,hdfc:HDFCEQ,HDFC,Log holdings minimum,0.25,1,1,1,1,1.0,129,-0.4578449270495843,0.9057895883720388,INE040A01034
Fund holdout,2023-09,hdfc:HDFCEQ,HDFC,Word2Vec,1.0,1,1,1,1,1.0,129,-0.7506311677910569,0.8455431804080819,INE040A01034
Fund holdout,2023-09,icici:BHACON,ICICI Prudential,Popularity,0.25,8,0,0,1,0.125,139,-3.582424109515632,0.274000803720377,INE030A01027
Fund holdout,2023-09,icici:BHACON,ICICI Prudential,Co-holding,0.25,7,0,0,1,0.1428571428571428,139,-3.2711263202363643,0.337087121228141,INE030A01027
Fund holdout,2023-09,icici:BHACON,ICICI Prudential,Category popularity,0.25,9,0,0,1,0.1111111111111111,139,-3.6071779787624343,0.2689842873536369,INE030A01027
Fund holdout,2023-09,icici:BHACON,ICICI Prudential,Binary factors,0.25,1,1,1,1,1.0,139,-1.9679155244233248,0.6011904103473954,INE030A01027
Fund holdout,2023-09,icici:BHACON,ICICI Prudential,Rank factors,0.25,10,0,0,1,0.1,139,-4.59780812723565,0.0682272944304405,INE030A01027
Fund holdout,2023-09,icici:BHACON,ICICI Prudential,Log holdings zero,0.25,17,0,0,0,0.0588235294117647,139,-6.686700057057172,-0.355098871262002,INE030A01027
Fund holdout,2023-09,icici:BHACON,ICICI Prudential,Log holdings minimum,0.25,22,0,0,0,0.0454545454545454,139,-8.63990652529673,-0.7509275846584758,INE030A01027
Fund holdout,2023-09,icici:BHACON,ICICI Prudential,Word2Vec,1.0,14,0,0,0,0.0714285714285714,139,-3.736288218771626,0.2428193421621486,INE030A01027
Fund holdout,2023-09,icici:HOUSING,ICICI Prudential,Popularity,0.25,9,0,0,1,0.1111111111111111,141,-3.334341584708991,0.3262268409522307,INE733E01010
Fund holdout,2023-09,icici:HOUSING,ICICI Prudential,Co-holding,0.25,6,0,0,1,0.1666666666666666,141,-3.5298257055229048,0.2867252031390905,INE733E01010
Fund holdout,2023-09,icici:HOUSING,ICICI Prudential,Category popularity,0.25,10,0,0,1,0.1,141,-3.457888513477055,0.3012616109744588,INE733E01010
Fund holdout,2023-09,icici:HOUSING,ICICI Prudential,Binary factors,0.25,5,0,1,1,0.2,141,-3.3153169944948147,0.3300711556160247,INE733E01010
Fund holdout,2023-09,icici:HOUSING,ICICI Prudential,Rank factors,0.25,16,0,0,0,0.0625,141,-4.517456017016304,0.0871539300584061,INE733E01010
Fund holdout,2023-09,icici:HOUSING,ICICI Prudential,Log holdings zero,0.25,3,0,1,1,0.3333333333333333,141,-2.292623466361224,0.5367276818544475,INE733E01010
Fund holdout,2023-09,icici:HOUSING,ICICI Prudential,Log holdings minimum,0.25,20,0,0,0,0.05,141,-4.606194527483275,0.0692224659274619,INE733E01010
Fund holdout,2023-09,icici:HOUSING,ICICI Prudential,Word2Vec,1.0,5,0,1,1,0.2,141,-3.0230522778869675,0.3891293283869637,INE733E01010
Fund holdout,2023-09,icici:LARGE & MIDCAP,ICICI Prudential,Popularity,0.25,2,0,1,1,0.5,106,-2.2667652895032475,0.5139284026749262,INE585B01010
Fund holdout,2023-09,icici:LARGE & MIDCAP,ICICI Prudential,Co-holding,0.25,3,0,1,1,0.3333333333333333,106,-2.855231272294968,0.387741275339072,INE585B01010
Fund holdout,2023-09,icici:LARGE & MIDCAP,ICICI Prudential,Category popularity,0.25,10,0,0,1,0.1,106,-3.5341113850594583,0.2421662824927782,INE585B01010
Fund holdout,2023-09,icici:LARGE & MIDCAP,ICICI Prudential,Binary factors,0.25,1,1,1,1,1.0,106,-2.159328296736753,0.5369665491154236,INE585B01010
Fund holdout,2023-09,icici:LARGE & MIDCAP,ICICI Prudential,Rank factors,0.25,2,0,1,1,0.5,106,-3.522479534139519,0.2446605470655964,INE585B01010
Fund holdout,2023-09,icici:LARGE & MIDCAP,ICICI Prudential,Log holdings zero,0.25,1,1,1,1,1.0,106,-1.006369876940754,0.7842000599490256,INE585B01010
Fund holdout,2023-09,icici:LARGE & MIDCAP,ICICI Prudential,Log holdings minimum,0.25,1,1,1,1,1.0,106,-0.6462799688097514,0.8614155871305949,INE585B01010
Fund holdout,2023-09,icici:LARGE & MIDCAP,ICICI Prudential,Word2Vec,1.0,3,0,1,1,0.3333333333333333,106,-1.8716903580666784,0.5986459091039005,INE585B01010
Fund holdout,2023-09,icici:MIDCAP,ICICI Prudential,Popularity,0.25,63,0,0,0,0.0158730158730158,108,-7.529059985276676,-0.6080412145776293,INE094A01015
Fund holdout,2023-09,icici:MIDCAP,ICICI Prudential,Co-holding,0.25,27,0,0,0,0.037037037037037,108,-4.507132846591535,0.0373757957741328,INE094A01015
Fund holdout,2023-09,icici:MIDCAP,ICICI Prudential,Category popularity,0.25,64,0,0,0,0.015625,108,-7.6853323885852625,-0.641417554480979,INE094A01015
Fund holdout,2023-09,icici:MIDCAP,ICICI Prudential,Binary factors,0.25,30,0,0,0,0.0333333333333333,108,-4.621495076483507,0.0129505448906342,INE094A01015
Fund holdout,2023-09,icici:MIDCAP,ICICI Prudential,Rank factors,0.25,36,0,0,0,0.0277777777777777,108,-4.916392919835952,-0.0500331326372534,INE094A01015
Fund holdout,2023-09,icici:MIDCAP,ICICI Prudential,Log holdings zero,0.25,59,0,0,0,0.0169491525423728,108,-10.920420779893757,-1.33236110868279,INE094A01015
Fund holdout,2023-09,icici:MIDCAP,ICICI Prudential,Log holdings minimum,0.25,50,0,0,0,0.02,108,-10.384150475272865,-1.2178255951298578,INE094A01015
Fund holdout,2023-09,icici:MIDCAP,ICICI Prudential,Word2Vec,1.0,3,0,1,1,0.3333333333333333,108,-4.159436863883739,0.1116359917920373,INE094A01015
Fund holdout,2023-09,icici:MNCFUND,ICICI Prudential,Popularity,0.25,6,0,0,1,0.1666666666666666,139,-3.058697765220902,0.3801370102120891,INE044A01036
Fund holdout,2023-09,icici:MNCFUND,ICICI Prudential,Co-holding,0.25,4,0,1,1,0.25,139,-3.210006407097353,0.3494734290630338,INE044A01036
Fund holdout,2023-09,icici:MNCFUND,ICICI Prudential,Category popularity,0.25,5,0,1,1,0.2,139,-3.1373953421446217,0.3641884860147407,INE044A01036
Fund holdout,2023-09,icici:MNCFUND,ICICI Prudential,Binary factors,0.25,25,0,0,0,0.04,139,-4.531532054028412,0.0816585282570601,INE044A01036
Fund holdout,2023-09,icici:MNCFUND,ICICI Prudential,Rank factors,0.25,8,0,0,1,0.125,139,-3.726694706854271,0.2447635234563173,INE044A01036
Fund holdout,2023-09,icici:MNCFUND,ICICI Prudential,Log holdings zero,0.25,14,0,0,0,0.0714285714285714,139,-5.825672803108187,-0.1806066628488747,INE044A01036
Fund holdout,2023-09,icici:MNCFUND,ICICI Prudential,Log holdings minimum,0.25,16,0,0,0,0.0625,139,-4.86501532800988,0.0140761925307695,INE044A01036
Fund holdout,2023-09,icici:MNCFUND,ICICI Prudential,Word2Vec,1.0,7,0,0,1,0.1428571428571428,139,-3.4905926125043445,0.2926109936323592,INE044A01036
Fund holdout,2023-09,icici:MULTICAP,ICICI Prudential,Popularity,0.25,3,0,1,1,0.3333333333333333,98,-2.0889734208926463,0.5443864257248011,INE044A01036
Fund holdout,2023-09,icici:MULTICAP,ICICI Prudential,Co-holding,0.25,3,0,1,1,0.3333333333333333,98,-2.551610393288693,0.4434834259656425,INE044A01036
Fund holdout,2023-09,icici:MULTICAP,ICICI Prudential,Category popularity,0.25,3,0,1,1,0.3333333333333333,98,-2.043782241820046,0.5542428051392312,INE044A01036
Fund holdout,2023-09,icici:MULTICAP,ICICI Prudential,Binary factors,0.25,5,0,1,1,0.2,98,-3.3993586198432144,0.2585860999762488,INE044A01036
Fund holdout,2023-09,icici:MULTICAP,ICICI Prudential,Rank factors,0.25,1,1,1,1,1.0,98,-2.8271392276961262,0.3833894698603477,INE044A01036
Fund holdout,2023-09,icici:MULTICAP,ICICI Prudential,Log holdings zero,0.25,1,1,1,1,1.0,98,-0.8932319092784438,0.8051824983636657,INE044A01036
Fund holdout,2023-09,icici:MULTICAP,ICICI Prudential,Log holdings minimum,0.25,1,1,1,1,1.0,98,-0.885104357184896,0.8069551504340147,INE044A01036
Fund holdout,2023-09,icici:MULTICAP,ICICI Prudential,Word2Vec,1.0,4,0,1,1,0.25,98,-2.7257675613298917,0.4054990413759189,INE044A01036
Fund holdout,2023-09,kotak:EME,Kotak,Popularity,0.25,40,0,0,0,0.025,102,-5.952327631135232,-0.2869973233222931,INE513A01022
Fund holdout,2023-09,kotak:EME,Kotak,Co-holding,0.25,6,0,0,1,0.1666666666666666,102,-3.5026868688978694,0.2426578468013625,INE513A01022
Fund holdout,2023-09,kotak:EME,Kotak,Category popularity,0.25,6,0,0,1,0.1666666666666666,102,-2.947045459322382,0.3627972361572358,INE513A01022
Fund holdout,2023-09,kotak:EME,Kotak,Binary factors,0.25,16,0,0,0,0.0625,102,-4.030469708734264,0.1285419673911206,INE513A01022
Fund holdout,2023-09,kotak:EME,Kotak,Rank factors,0.25,5,0,1,1,0.2,102,-3.670106595496053,0.2064587742106426,INE513A01022
Fund holdout,2023-09,kotak:EME,Kotak,Log holdings zero,0.25,95,0,0,0,0.0105263157894736,102,-9.98664976347544,-1.159288317282832,INE513A01022
Fund holdout,2023-09,kotak:EME,Kotak,Log holdings minimum,0.25,7,0,0,1,0.1428571428571428,102,-3.0799945575992247,0.3340513162039391,INE513A01022
Fund holdout,2023-09,kotak:EME,Kotak,Word2Vec,1.0,10,0,0,1,0.1,102,-3.960266163321352,0.143721201571972,INE513A01022
Fund holdout,2023-09,mirae:MAFF,Mirae Asset,Popularity,0.25,1,1,1,1,1.0,138,-1.393690871141544,0.7171465160521611,INE090A01021
Fund holdout,2023-09,mirae:MAFF,Mirae Asset,Co-holding,0.25,1,1,1,1,1.0,138,-2.718629684499801,0.4482464556900396,INE090A01021
Fund holdout,2023-09,mirae:MAFF,Mirae Asset,Category popularity,0.25,1,1,1,1,1.0,138,-0.7906963730146312,0.8395259461885402,INE090A01021
Fund holdout,2023-09,mirae:MAFF,Mirae Asset,Binary factors,0.25,12,0,0,0,0.0833333333333333,138,-3.900553654226394,0.2083716602665758,INE090A01021
Fund holdout,2023-09,mirae:MAFF,Mirae Asset,Rank factors,0.25,1,1,1,1,1.0,138,-2.8106732756878188,0.42956594986074,INE090A01021
Fund holdout,2023-09,mirae:MAFF,Mirae Asset,Log holdings zero,0.25,2,0,1,1,0.5,138,-1.8897536219510789,0.616469184924708,INE090A01021
Fund holdout,2023-09,mirae:MAFF,Mirae Asset,Log holdings minimum,0.25,3,0,1,1,0.3333333333333333,138,-1.9828436669850529,0.5975762983427979,INE090A01021
Fund holdout,2023-09,mirae:MAFF,Mirae Asset,Word2Vec,1.0,1,1,1,1,1.0,138,-0.2821786548430349,0.942731047988646,INE090A01021
Fund holdout,2023-09,sbi:SBLUECHIP,SBI,Popularity,0.25,1,1,1,1,1.0,117,-0.819063198494753,0.8280064504763752,INE090A01021
Fund holdout,2023-09,sbi:SBLUECHIP,SBI,Co-holding,0.25,1,1,1,1,1.0,117,-2.2598747087634163,0.5254531355416798,INE090A01021
Fund holdout,2023-09,sbi:SBLUECHIP,SBI,Category popularity,0.25,1,1,1,1,1.0,117,-1.1106847462285965,0.7667693869573527,INE090A01021
Fund holdout,2023-09,sbi:SBLUECHIP,SBI,Binary factors,0.25,12,0,0,0,0.0833333333333333,117,-3.998916193252383,0.1602750659668603,INE090A01021
Fund holdout,2023-09,sbi:SBLUECHIP,SBI,Rank factors,0.25,1,1,1,1,1.0,117,-2.8489578884182465,0.4017526601452792,INE090A01021
Fund holdout,2023-09,sbi:SBLUECHIP,SBI,Log holdings zero,0.25,1,1,1,1,1.0,117,-0.5914542324892249,0.8758016316524265,INE090A01021
Fund holdout,2023-09,sbi:SBLUECHIP,SBI,Log holdings minimum,0.25,1,1,1,1,1.0,117,-0.473601395234156,0.9005493285800639,INE090A01021
Fund holdout,2023-09,sbi:SBLUECHIP,SBI,Word2Vec,1.0,1,1,1,1,1.0,117,-0.0430770049982278,0.990954340268116,INE090A01021
Fund holdout,2023-09,sbi:SMAAF,SBI,Popularity,0.25,61,0,0,0,0.0163934426229508,131,-6.328979822721939,-0.2981997246762118,INE797F01020
Fund holdout,2023-09,sbi:SMAAF,SBI,Co-holding,0.25,76,0,0,0,0.0131578947368421,131,-5.54955196372215,-0.1383235581689654,INE797F01020
Fund holdout,2023-09,sbi:SMAAF,SBI,Category popularity,0.25,59,0,0,0,0.0169491525423728,131,-7.54825419763938,-0.5482971656792441,INE797F01020
Fund holdout,2023-09,sbi:SMAAF,SBI,Binary factors,0.25,50,0,0,0,0.02,131,-5.528539123205112,-0.1340134063691527,INE797F01020
Fund holdout,2023-09,sbi:SMAAF,SBI,Rank factors,0.25,70,0,0,0,0.0142857142857142,131,-5.021790158158881,-0.0300691080256569,INE797F01020
Fund holdout,2023-09,sbi:SMAAF,SBI,Log holdings zero,0.25,124,0,0,0,0.0080645161290322,131,-9.449297669421709,-0.938239017414194,INE797F01020
Fund holdout,2023-09,sbi:SMAAF,SBI,Log holdings minimum,0.25,95,0,0,0,0.0105263157894736,131,-9.466982797085311,-0.9418665890776914,INE797F01020
Fund holdout,2023-09,sbi:SMAAF,SBI,Word2Vec,1.0,126,0,0,0,0.0079365079365079,131,-5.9026592688053725,-0.2107528941884078,INE797F01020
Fund holdout,2023-09,uti:193,UTI,Popularity,0.25,1,1,1,1,1.0,119,-1.6670988246636398,0.6511705907858332,INE009A01021
Fund holdout,2023-09,uti:193,UTI,Co-holding,0.25,1,1,1,1,1.0,119,-2.4884885756472785,0.4793002149381359,INE009A01021
Fund holdout,2023-09,uti:193,UTI,Category popularity,0.25,1,1,1,1,1.0,119,-1.4728420276280367,0.691817541490413,INE009A01021
Fund holdout,2023-09,uti:193,UTI,Binary factors,0.25,14,0,0,0,0.0714285714285714,119,-3.884389174473852,0.1872172418074815,INE009A01021
Fund holdout,2023-09,uti:193,UTI,Rank factors,0.25,2,0,1,1,0.5,119,-2.596122004533012,0.4567786314216454,INE009A01021
Fund holdout,2023-09,uti:193,UTI,Log holdings zero,0.25,1,1,1,1,1.0,119,-1.211895939412437,0.7464187855452524,INE009A01021
Fund holdout,2023-09,uti:193,UTI,Log holdings minimum,0.25,1,1,1,1,1.0,119,-0.7186853830405262,0.849619834248599,INE009A01021
Fund holdout,2023-09,uti:193,UTI,Word2Vec,1.0,1,1,1,1,1.0,119,-0.6721827821547457,0.8593501960927338,INE009A01021
Fund holdout,2023-09,uti:753,UTI,Popularity,0.25,1,1,1,1,1.0,135,-1.6819720446003892,0.6571095156598268,INE090A01021
Fund holdout,2023-09,uti:753,UTI,Co-holding,0.25,1,1,1,1,1.0,135,-2.7959129750320866,0.4300190914234264,INE090A01021
Fund holdout,2023-09,uti:753,UTI,Category popularity,0.25,1,1,1,1,1.0,135,-1.1830402495376244,0.7588228380726432,INE090A01021
Fund holdout,2023-09,uti:753,UTI,Binary factors,0.25,3,0,1,1,0.3333333333333333,135,-2.582529661685784,0.47351987843015,INE090A01021
Fund holdout,2023-09,uti:753,UTI,Rank factors,0.25,1,1,1,1,1.0,135,-2.405993748237948,0.5095088742400922,INE090A01021
Fund holdout,2023-09,uti:753,UTI,Log holdings zero,0.25,1,1,1,1,1.0,135,-1.4486391591528234,0.7046772658851966,INE090A01021
Fund holdout,2023-09,uti:753,UTI,Log holdings minimum,0.25,2,0,1,1,0.5,135,-1.8085416864583168,0.6313067528025296,INE090A01021
Fund holdout,2023-09,uti:753,UTI,Word2Vec,1.0,1,1,1,1,1.0,135,-1.110638810975786,0.7735827530278839,INE090A01021
Fund holdout,2023-10,absl:ABSLMCF,Aditya Birla SL,Popularity,0.25,1,1,1,1,1.0,128,-1.4101949643013008,0.709359816902275,INE009A01021
Fund holdout,2023-10,absl:ABSLMCF,Aditya Birla SL,Co-holding,0.25,1,1,1,1,1.0,128,-2.5253122795856746,0.4795349282208205,INE009A01021
Fund holdout,2023-10,absl:ABSLMCF,Aditya Birla SL,Category popularity,0.25,1,1,1,1,1.0,128,-1.8109951558054087,0.6267551813779431,INE009A01021
Fund holdout,2023-10,absl:ABSLMCF,Aditya Birla SL,Binary factors,0.25,3,0,1,1,0.3333333333333333,128,-2.94664318858999,0.3926989263645682,INE009A01021
Fund holdout,2023-10,absl:ABSLMCF,Aditya Birla SL,Rank factors,0.25,1,1,1,1,1.0,128,-3.103027953755815,0.3604681370538082,INE009A01021
Fund holdout,2023-10,absl:ABSLMCF,Aditya Birla SL,Log holdings zero,0.5,10,0,0,1,0.1,128,-4.180129473985293,0.1384782768010894,INE009A01021
Fund holdout,2023-10,absl:ABSLMCF,Aditya Birla SL,Log holdings minimum,0.25,3,0,1,1,0.3333333333333333,128,-2.760306852029995,0.4311027133206428,INE009A01021
Fund holdout,2023-10,absl:ABSLMCF,Aditya Birla SL,Word2Vec,1.0,1,1,1,1,1.0,128,-0.1483494754003986,0.969425278217338,INE009A01021
Fund holdout,2023-10,absl:BSLDAAF,Aditya Birla SL,Popularity,0.25,1,1,1,1,1.0,87,-0.4436589910515636,0.9006564892819107,INE090A01021
Fund holdout,2023-10,absl:BSLDAAF,Aditya Birla SL,Co-holding,0.25,1,1,1,1,1.0,87,-1.5245682856284075,0.6586207675746574,INE090A01021
Fund holdout,2023-10,absl:BSLDAAF,Aditya Birla SL,Category popularity,0.25,1,1,1,1,1.0,87,-0.8370746479801721,0.8125633967963604,INE090A01021
Fund holdout,2023-10,absl:BSLDAAF,Aditya Birla SL,Binary factors,0.25,20,0,0,0,0.05,87,-4.364965840840765,0.0226028559325195,INE090A01021
Fund holdout,2023-10,absl:BSLDAAF,Aditya Birla SL,Rank factors,0.25,1,1,1,1,1.0,87,-1.5315843526779274,0.6570497394963561,INE090A01021
Fund holdout,2023-10,absl:BSLDAAF,Aditya Birla SL,Log holdings zero,0.5,1,1,1,1,1.0,87,-0.2832730543200732,0.9365698875136256,INE090A01021
Fund holdout,2023-10,absl:BSLDAAF,Aditya Birla SL,Log holdings minimum,0.25,1,1,1,1,1.0,87,-0.0028135008631107,0.9993700047586384,INE090A01021
Fund holdout,2023-10,absl:BSLDAAF,Aditya Birla SL,Word2Vec,1.0,1,1,1,1,1.0,87,-0.00812846978293,0.9981798842325088,INE090A01021
Fund holdout,2023-10,absl:BSLR96,Aditya Birla SL,Popularity,0.25,1,1,1,1,1.0,126,-0.7507396032618132,0.8447692633089212,INE040A01034
Fund holdout,2023-10,absl:BSLR96,Aditya Birla SL,Co-holding,0.25,1,1,1,1,1.0,126,-2.2238939216620786,0.5401645386995446,INE040A01034
Fund holdout,2023-10,absl:BSLR96,Aditya Birla SL,Category popularity,0.25,1,1,1,1,1.0,126,-0.7577898197375053,0.8433114871471226,INE040A01034
Fund holdout,2023-10,absl:BSLR96,Aditya Birla SL,Binary factors,0.25,3,0,1,1,0.3333333333333333,126,-3.2291937479423805,0.3322982799449994,INE040A01034
Fund holdout,2023-10,absl:BSLR96,Aditya Birla SL,Rank factors,0.25,1,1,1,1,1.0,126,-2.1893882459360507,0.5472992914682844,INE040A01034
Fund holdout,2023-10,absl:BSLR96,Aditya Birla SL,Log holdings zero,0.5,1,1,1,1,1.0,126,-0.4230116648061734,0.9125337040013832,INE040A01034
Fund holdout,2023-10,absl:BSLR96,Aditya Birla SL,Log holdings minimum,0.25,1,1,1,1,1.0,126,-0.1568387895192051,0.9675703789529366,INE040A01034
Fund holdout,2023-10,absl:BSLR96,Aditya Birla SL,Word2Vec,1.0,1,1,1,1,1.0,126,-0.0395501957111807,0.991822189758142,INE040A01034
Fund holdout,2023-10,absl:MNC,Aditya Birla SL,Popularity,0.25,65,0,0,0,0.0153846153846153,143,-7.191509166296454,-0.4490699794323061,INE061F01013
Fund holdout,2023-10,absl:MNC,Aditya Birla SL,Co-holding,0.25,67,0,0,0,0.0149253731343283,143,-5.443581585021382,-0.0968672184154793,INE061F01013
Fund holdout,2023-10,absl:MNC,Aditya Birla SL,Category popularity,0.25,95,0,0,0,0.0105263157894736,143,-8.497756217791984,-0.7122752878417136,INE061F01013
Fund holdout,2023-10,absl:MNC,Aditya Birla SL,Binary factors,0.25,27,0,0,0,0.037037037037037,143,-4.6342147767239,0.0662180418730531,INE061F01013
Fund holdout,2023-10,absl:MNC,Aditya Birla SL,Rank factors,0.25,100,0,0,0,0.01,143,-5.464740730734891,-0.101130730028254,INE061F01013
Fund holdout,2023-10,absl:MNC,Aditya Birla SL,Log holdings zero,0.5,61,0,0,0,0.0163934426229508,143,-5.54756854890362,-0.1178203152035994,INE061F01013
Fund holdout,2023-10,absl:MNC,Aditya Birla SL,Log holdings minimum,0.25,125,0,0,0,0.008,143,-10.33545832778468,-1.0825673777426728,INE061F01013
Fund holdout,2023-10,absl:MNC,Aditya Birla SL,Word2Vec,1.0,22,0,0,0,0.0454545454545454,143,-4.446435955839755,0.1040549750986477,INE061F01013
Fund holdout,2023-10,axis:AXISMLC,Axis,Popularity,0.25,23,0,0,0,0.0434782608695652,126,-5.10090510801739,-0.0547162481751846,INE121A01024
Fund holdout,2023-10,axis:AXISMLC,Axis,Co-holding,0.25,9,0,0,1,0.1111111111111111,126,-3.821017587594072,0.2099266210884245,INE121A01024
Fund holdout,2023-10,axis:AXISMLC,Axis,Category popularity,0.25,35,0,0,0,0.0285714285714285,126,-5.888275450939304,-0.2175211379791017,INE121A01024
Fund holdout,2023-10,axis:AXISMLC,Axis,Binary factors,0.25,1,1,1,1,1.0,126,-2.1059373751844745,0.5645544623530971,INE121A01024
Fund holdout,2023-10,axis:AXISMLC,Axis,Rank factors,0.25,1,1,1,1,1.0,126,-3.136727094678256,0.3514176478898697,INE121A01024
Fund holdout,2023-10,axis:AXISMLC,Axis,Log holdings zero,0.5,108,0,0,0,0.0092592592592592,126,-5.959830228787829,-0.2323165488391831,INE121A01024
Fund holdout,2023-10,axis:AXISMLC,Axis,Log holdings minimum,0.25,2,0,1,1,0.5,126,-2.047804454026965,0.5765746303821675,INE121A01024
Fund holdout,2023-10,axis:AXISMLC,Axis,Word2Vec,1.0,2,0,1,1,0.5,126,-2.321467801066282,0.5199891475040987,INE121A01024
Fund holdout,2023-10,hdfc:HDFCEQ,HDFC,Popularity,0.25,1,1,1,1,1.0,137,-1.1585276964488609,0.7645259780648725,INE090A01021
Fund holdout,2023-10,hdfc:HDFCEQ,HDFC,Co-holding,0.25,1,1,1,1,1.0,137,-2.3787666127008182,0.5165089766480289,INE090A01021
Fund holdout,2023-10,hdfc:HDFCEQ,HDFC,Category popularity,0.25,1,1,1,1,1.0,137,-1.2564759035669173,0.7446177287048265,INE090A01021
Fund holdout,2023-10,hdfc:HDFCEQ,HDFC,Binary factors,0.25,5,0,1,1,0.2,137,-3.414884788616316,0.3059150350178387,INE090A01021
Fund holdout,2023-10,hdfc:HDFCEQ,HDFC,Rank factors,0.25,1,1,1,1,1.0,137,-2.971995179504747,0.3959335972416389,INE090A01021
Fund holdout,2023-10,hdfc:HDFCEQ,HDFC,Log holdings zero,0.5,1,1,1,1,1.0,137,-0.9887873492951824,0.7990261823771703,INE090A01021
Fund holdout,2023-10,hdfc:HDFCEQ,HDFC,Log holdings minimum,0.25,3,0,1,1,0.3333333333333333,137,-2.3230205477069408,0.5278395215900288,INE090A01021
Fund holdout,2023-10,hdfc:HDFCEQ,HDFC,Word2Vec,1.0,1,1,1,1,1.0,137,-1.0138446374642136,0.7939332178826355,INE090A01021
Fund holdout,2023-10,hdfc:HDFCMNCFND,HDFC,Popularity,0.25,33,0,0,0,0.0303030303030303,150,-5.679810843324248,-0.1335510389304213,INE854D01024
Fund holdout,2023-10,hdfc:HDFCMNCFND,HDFC,Co-holding,0.25,22,0,0,0,0.0454545454545454,150,-4.259218675369398,0.1499643407717596,INE854D01024
Fund holdout,2023-10,hdfc:HDFCMNCFND,HDFC,Category popularity,0.25,32,0,0,0,0.03125,150,-5.611488195473919,-0.1199155129261981,INE854D01024
Fund holdout,2023-10,hdfc:HDFCMNCFND,HDFC,Binary factors,0.25,8,0,0,1,0.125,150,-3.6446797325135063,0.2726112521484403,INE854D01024
Fund holdout,2023-10,hdfc:HDFCMNCFND,HDFC,Rank factors,0.25,18,0,0,0,0.0555555555555555,150,-4.610350917334653,0.0798869511084222,INE854D01024
Fund holdout,2023-10,hdfc:HDFCMNCFND,HDFC,Log holdings zero,0.5,32,0,0,0,0.03125,150,-4.770803730350321,0.0478645021377857,INE854D01024
Fund holdout,2023-10,hdfc:HDFCMNCFND,HDFC,Log holdings minimum,0.25,48,0,0,0,0.0208333333333333,150,-6.094074704462969,-0.2162279525000088,INE854D01024
Fund holdout,2023-10,hdfc:HDFCMNCFND,HDFC,Word2Vec,1.0,2,0,1,1,0.5,150,-2.550589795598781,0.4909647887157153,INE854D01024
Fund holdout,2023-10,icici:BHACON,ICICI Prudential,Popularity,0.25,6,0,0,1,0.1666666666666666,144,-2.707641420705137,0.4551824671288679,INE397D01024
Fund holdout,2023-10,icici:BHACON,ICICI Prudential,Co-holding,0.25,6,0,0,1,0.1666666666666666,144,-3.298572282236585,0.3362784307173063,INE397D01024
Fund holdout,2023-10,icici:BHACON,ICICI Prudential,Category popularity,0.25,4,0,1,1,0.25,144,-2.494354427281108,0.4980989673205805,INE397D01024
Fund holdout,2023-10,icici:BHACON,ICICI Prudential,Binary factors,0.25,3,0,1,1,0.3333333333333333,144,-2.946147521304151,0.4071915092755092,INE397D01024
Fund holdout,2023-10,icici:BHACON,ICICI Prudential,Rank factors,0.25,5,0,1,1,0.2,144,-3.2937167093727933,0.3372554438506178,INE397D01024
Fund holdout,2023-10,icici:BHACON,ICICI Prudential,Log holdings zero,0.5,9,0,0,1,0.1111111111111111,144,-3.90190873573711,0.2148782055716256,INE397D01024
Fund holdout,2023-10,icici:BHACON,ICICI Prudential,Log holdings minimum,0.25,7,0,0,1,0.1428571428571428,144,-5.148833973633519,-0.036021609518569,INE397D01024
Fund holdout,2023-10,icici:BHACON,ICICI Prudential,Word2Vec,1.0,2,0,1,1,0.5,144,-2.147808256987424,0.5678291864262459,INE397D01024
Fund holdout,2023-10,icici:HOUSING,ICICI Prudential,Popularity,0.25,8,0,0,1,0.125,150,-3.1858080056041764,0.3641908024401953,INE733E01010
Fund holdout,2023-10,icici:HOUSING,ICICI Prudential,Co-holding,0.25,5,0,1,1,0.2,150,-3.464074021310531,0.3086557256737382,INE733E01010
Fund holdout,2023-10,icici:HOUSING,ICICI Prudential,Category popularity,0.25,9,0,0,1,0.1111111111111111,150,-3.363774371539108,0.3286730775431908,INE733E01010
Fund holdout,2023-10,icici:HOUSING,ICICI Prudential,Binary factors,0.25,14,0,0,0,0.0714285714285714,150,-4.425085380909545,0.116861411541293,INE733E01010
Fund holdout,2023-10,icici:HOUSING,ICICI Prudential,Rank factors,0.25,10,0,0,1,0.1,150,-4.310621077753707,0.1397056810674956,INE733E01010
Fund holdout,2023-10,icici:HOUSING,ICICI Prudential,Log holdings zero,0.5,17,0,0,0,0.0588235294117647,150,-4.37378645811358,0.1270994192558852,INE733E01010
Fund holdout,2023-10,icici:HOUSING,ICICI Prudential,Log holdings minimum,0.25,5,0,1,1,0.2,150,-3.098742080815396,0.3815670271459457,INE733E01010
Fund holdout,2023-10,icici:HOUSING,ICICI Prudential,Word2Vec,1.0,6,0,0,1,0.1666666666666666,150,-3.544080396161756,0.2926884141143653,INE733E01010
Fund holdout,2023-10,icici:LARGE & MIDCAP,ICICI Prudential,Popularity,0.25,2,0,1,1,0.5,113,-2.1389222605558835,0.5475466912002813,INE585B01010
Fund holdout,2023-10,icici:LARGE & MIDCAP,ICICI Prudential,Co-holding,0.25,3,0,1,1,0.3333333333333333,113,-2.896306056506816,0.3873347887722653,INE585B01010
Fund holdout,2023-10,icici:LARGE & MIDCAP,ICICI Prudential,Category popularity,0.25,10,0,0,1,0.1,113,-3.5148819493418246,0.256485381751646,INE585B01010
Fund holdout,2023-10,icici:LARGE & MIDCAP,ICICI Prudential,Binary factors,0.25,1,1,1,1,1.0,113,-1.6307859699681275,0.6550344434376603,INE585B01010
Fund holdout,2023-10,icici:LARGE & MIDCAP,ICICI Prudential,Rank factors,0.25,2,0,1,1,0.5,113,-3.247410611828685,0.3130644795050422,INE585B01010
Fund holdout,2023-10,icici:LARGE & MIDCAP,ICICI Prudential,Log holdings zero,0.5,1,1,1,1,1.0,113,-0.9523888834726276,0.7985380256506982,INE585B01010
Fund holdout,2023-10,icici:LARGE & MIDCAP,ICICI Prudential,Log holdings minimum,0.25,1,1,1,1,1.0,113,-1.1867914630422574,0.7489540717720259,INE585B01010
Fund holdout,2023-10,icici:LARGE & MIDCAP,ICICI Prudential,Word2Vec,1.0,4,0,1,1,0.25,113,-2.0191759762111463,0.5728770192666073,INE585B01010
Fund holdout,2023-10,icici:MIDCAP,ICICI Prudential,Popularity,0.25,69,0,0,0,0.0144927536231884,117,-7.750540212238606,-0.6275214467922963,INE094A01015
Fund holdout,2023-10,icici:MIDCAP,ICICI Prudential,Co-holding,0.25,39,0,0,0,0.0256410256410256,117,-4.679165123933439,0.0174308649790723,INE094A01015
Fund holdout,2023-10,icici:MIDCAP,ICICI Prudential,Category popularity,0.25,99,0,0,0,0.0101010101010101,117,-10.749194133470152,-1.257203176667813,INE094A01015
Fund holdout,2023-10,icici:MIDCAP,ICICI Prudential,Binary factors,0.25,40,0,0,0,0.025,117,-5.411182971604012,-0.1362841940870474,INE094A01015
Fund holdout,2023-10,icici:MIDCAP,ICICI Prudential,Rank factors,0.25,32,0,0,0,0.03125,117,-4.830648522468556,-0.0143788506275353,INE094A01015
Fund holdout,2023-10,icici:MIDCAP,ICICI Prudential,Log holdings zero,0.5,28,0,0,0,0.0357142857142857,117,-4.330737235874044,0.0905965856835161,INE094A01015
Fund holdout,2023-10,icici:MIDCAP,ICICI Prudential,Log holdings minimum,0.25,23,0,0,0,0.0434782608695652,117,-7.958703370674927,-0.6712332391977034,INE094A01015
Fund holdout,2023-10,icici:MIDCAP,ICICI Prudential,Word2Vec,1.0,58,0,0,0,0.0172413793103448,117,-5.475946020088276,-0.1498836655408373,INE094A01015
Fund holdout,2023-10,icici:MNCFUND,ICICI Prudential,Popularity,0.25,5,0,1,1,0.2,146,-2.93125411028511,0.4118207288840342,INE044A01036
Fund holdout,2023-10,icici:MNCFUND,ICICI Prudential,Co-holding,0.25,4,0,1,1,0.25,146,-3.2580213905720488,0.3462522951991689,INE044A01036
Fund holdout,2023-10,icici:MNCFUND,ICICI Prudential,Category popularity,0.25,4,0,1,1,0.25,146,-2.824189192617828,0.4333041495860038,INE044A01036
Fund holdout,2023-10,icici:MNCFUND,ICICI Prudential,Binary factors,0.25,6,0,0,1,0.1666666666666666,146,-3.752384531146976,0.2470544294564142,INE044A01036
Fund holdout,2023-10,icici:MNCFUND,ICICI Prudential,Rank factors,0.25,7,0,0,1,0.1428571428571428,146,-3.822845838714016,0.2329158120021162,INE044A01036
Fund holdout,2023-10,icici:MNCFUND,ICICI Prudential,Log holdings zero,0.5,11,0,0,0,0.0909090909090909,146,-4.175055042703445,0.1622422555349537,INE044A01036
Fund holdout,2023-10,icici:MNCFUND,ICICI Prudential,Log holdings minimum,0.25,10,0,0,1,0.1,146,-4.105354346630184,0.1762282502901673,INE044A01036
Fund holdout,2023-10,icici:MNCFUND,ICICI Prudential,Word2Vec,1.0,2,0,1,1,0.5,146,-2.488757231814948,0.5006112197993221,INE044A01036
Fund holdout,2023-10,icici:MULTICAP,ICICI Prudential,Popularity,0.25,1,1,1,1,1.0,103,-1.411186965917107,0.6955189894595867,INE009A01021
Fund holdout,2023-10,icici:MULTICAP,ICICI Prudential,Co-holding,0.25,1,1,1,1,1.0,103,-2.204509109603523,0.5243499425312468,INE009A01021
Fund holdout,2023-10,icici:MULTICAP,ICICI Prudential,Category popularity,0.25,1,1,1,1,1.0,103,-1.743331110601278,0.6238547895618829,INE009A01021
Fund holdout,2023-10,icici:MULTICAP,ICICI Prudential,Binary factors,0.25,11,0,0,0,0.0909090909090909,103,-3.644163887683809,0.2137266500504058,INE009A01021
Fund holdout,2023-10,icici:MULTICAP,ICICI Prudential,Rank factors,0.25,1,1,1,1,1.0,103,-3.0121746576767694,0.3500861290214612,INE009A01021
Fund holdout,2023-10,icici:MULTICAP,ICICI Prudential,Log holdings zero,0.5,34,0,0,0,0.0294117647058823,103,-4.493194847846645,0.0305377381811171,INE009A01021
Fund holdout,2023-10,icici:MULTICAP,ICICI Prudential,Log holdings minimum,0.25,1,1,1,1,1.0,103,-1.2702605678318657,0.7259255997367222,INE009A01021
Fund holdout,2023-10,icici:MULTICAP,ICICI Prudential,Word2Vec,1.0,1,1,1,1,1.0,103,-0.3370275547779746,0.9272821440835288,INE009A01021
Fund holdout,2023-10,kotak:EME,Kotak,Popularity,0.25,64,0,0,0,0.015625,110,-7.309740324093182,-0.555104958482449,INE262H01013
Fund holdout,2023-10,kotak:EME,Kotak,Co-holding,0.25,16,0,0,0,0.0625,110,-4.099210509414162,0.1279166828892586,INE262H01013
Fund holdout,2023-10,kotak:EME,Kotak,Category popularity,0.25,3,0,1,1,0.3333333333333333,110,-2.5531178758762554,0.4568389447052087,INE262H01013
Fund holdout,2023-10,kotak:EME,Kotak,Binary factors,0.25,4,0,1,1,0.25,110,-3.0346459811219493,0.3543966265221571,INE262H01013
Fund holdout,2023-10,kotak:EME,Kotak,Rank factors,0.25,2,0,1,1,0.5,110,-3.1286565830685533,0.3343964149202189,INE262H01013
Fund holdout,2023-10,kotak:EME,Kotak,Log holdings zero,0.5,35,0,0,0,0.0285714285714285,110,-5.101904980909806,-0.0854007641514138,INE262H01013
Fund holdout,2023-10,kotak:EME,Kotak,Log holdings minimum,0.25,3,0,1,1,0.3333333333333333,110,-2.550098109800333,0.457481382464953,INE262H01013
Fund holdout,2023-10,kotak:EME,Kotak,Word2Vec,1.0,26,0,0,0,0.0384615384615384,110,-5.012776806324514,-0.0664392607199946,INE262H01013
Fund holdout,2023-10,mirae:MAFF,Mirae Asset,Popularity,0.25,1,1,1,1,1.0,146,-1.458019455367328,0.7074368893772094,INE090A01021
Fund holdout,2023-10,mirae:MAFF,Mirae Asset,Co-holding,0.25,1,1,1,1,1.0,146,-2.729983664836015,0.4522072322192636,INE090A01021
Fund holdout,2023-10,mirae:MAFF,Mirae Asset,Category popularity,0.25,1,1,1,1,1.0,146,-0.9762018715461984,0.8041173901459411,INE090A01021
Fund holdout,2023-10,mirae:MAFF,Mirae Asset,Binary factors,0.25,6,0,0,1,0.1666666666666666,146,-3.6683774301005223,0.2639111172777446,INE090A01021
Fund holdout,2023-10,mirae:MAFF,Mirae Asset,Rank factors,0.25,1,1,1,1,1.0,146,-2.4963666726471567,0.4990843254415165,INE090A01021
Fund holdout,2023-10,mirae:MAFF,Mirae Asset,Log holdings zero,0.5,3,0,1,1,0.3333333333333333,146,-3.3256846815111563,0.3326751218636231,INE090A01021
Fund holdout,2023-10,mirae:MAFF,Mirae Asset,Log holdings minimum,0.25,1,1,1,1,1.0,146,-0.8673909991217945,0.8259511504492583,INE090A01021
Fund holdout,2023-10,mirae:MAFF,Mirae Asset,Word2Vec,1.0,1,1,1,1,1.0,146,-0.1112251403675621,0.9776817977801316,INE090A01021
Fund holdout,2023-10,sbi:SBLUECHIP,SBI,Popularity,0.25,1,1,1,1,1.0,126,-0.8929148042054784,0.8153716385055969,INE090A01021
Fund holdout,2023-10,sbi:SBLUECHIP,SBI,Co-holding,0.25,1,1,1,1,1.0,126,-2.2896739845161296,0.5265631680351297,INE090A01021
Fund holdout,2023-10,sbi:SBLUECHIP,SBI,Category popularity,0.25,1,1,1,1,1.0,126,-1.1963548550425696,0.7526292143303357,INE090A01021
Fund holdout,2023-10,sbi:SBLUECHIP,SBI,Binary factors,0.25,9,0,0,1,0.1111111111111111,126,-3.744273053418419,0.2257951199998182,INE090A01021
Fund holdout,2023-10,sbi:SBLUECHIP,SBI,Rank factors,0.25,1,1,1,1,1.0,126,-2.4023123987931543,0.5032728767650689,INE090A01021
Fund holdout,2023-10,sbi:SBLUECHIP,SBI,Log holdings zero,0.5,1,1,1,1,1.0,126,-1.8708863377269345,0.613156062090219,INE090A01021
Fund holdout,2023-10,sbi:SBLUECHIP,SBI,Log holdings minimum,0.25,1,1,1,1,1.0,126,-0.6990354171937314,0.8554601591381665,INE090A01021
Fund holdout,2023-10,sbi:SBLUECHIP,SBI,Word2Vec,1.0,1,1,1,1,1.0,126,-0.0180961630599707,0.9962582489176324,INE090A01021
Fund holdout,2023-10,sbi:SMAAF,SBI,Popularity,0.25,137,0,0,0,0.0072992700729927,140,-8.642937211340287,-0.7490009337374541,INE584A01023
Fund holdout,2023-10,sbi:SMAAF,SBI,Co-holding,0.25,107,0,0,0,0.0093457943925233,140,-6.220803081265494,-0.2588533425250876,INE584A01023
Fund holdout,2023-10,sbi:SMAAF,SBI,Category popularity,0.25,99,0,0,0,0.0101010101010101,140,-8.778575008653812,-0.7764488520030386,INE584A01023
Fund holdout,2023-10,sbi:SMAAF,SBI,Binary factors,0.25,96,0,0,0,0.0104166666666666,140,-6.524625308238396,-0.3203353764300169,INE584A01023
Fund holdout,2023-10,sbi:SMAAF,SBI,Rank factors,0.25,37,0,0,0,0.027027027027027,140,-4.801663427373432,0.0283264111938637,INE584A01023
Fund holdout,2023-10,sbi:SMAAF,SBI,Log holdings zero,0.5,69,0,0,0,0.0144927536231884,140,-5.372052100546553,-0.087098507161913,INE584A01023
Fund holdout,2023-10,sbi:SMAAF,SBI,Log holdings minimum,0.25,63,0,0,0,0.0158730158730158,140,-7.042029129916259,-0.4250381811717372,INE584A01023
Fund holdout,2023-10,sbi:SMAAF,SBI,Word2Vec,1.0,5,0,1,1,0.2,140,-3.5690915384265525,0.277751963173817,INE584A01023
Fund holdout,2023-10,uti:193,UTI,Popularity,0.25,1,1,1,1,1.0,128,-1.6927847722261298,0.6511182576881441,INE009A01021
Fund holdout,2023-10,uti:193,UTI,Co-holding,0.25,1,1,1,1,1.0,128,-2.511692007489972,0.4823420566505388,INE009A01021
Fund holdout,2023-10,uti:193,UTI,Category popularity,0.25,1,1,1,1,1.0,128,-1.522908694309658,0.6861295969989671,INE009A01021
Fund holdout,2023-10,uti:193,UTI,Binary factors,0.25,2,0,1,1,0.5,128,-2.9563192563217715,0.3907046956600045,INE009A01021
Fund holdout,2023-10,uti:193,UTI,Rank factors,0.25,2,0,1,1,0.5,128,-2.673814535157799,0.448928718553002,INE009A01021
Fund holdout,2023-10,uti:193,UTI,Log holdings zero,0.5,1,1,1,1,1.0,128,-2.4834572265840147,0.4881612249924832,INE009A01021
Fund holdout,2023-10,uti:193,UTI,Log holdings minimum,0.25,1,1,1,1,1.0,128,-0.7153066800775001,0.8525757999910631,INE009A01021
Fund holdout,2023-10,uti:193,UTI,Word2Vec,1.0,1,1,1,1,1.0,128,-0.6929830584034944,0.8571766826030303,INE009A01021
Fund holdout,2023-10,uti:753,UTI,Popularity,0.25,1,1,1,1,1.0,143,-1.6687594922735445,0.663749398460183,INE090A01021
Fund holdout,2023-10,uti:753,UTI,Co-holding,0.25,2,0,1,1,0.5,143,-2.8049200867787336,0.4348160589843333,INE090A01021
Fund holdout,2023-10,uti:753,UTI,Category popularity,0.25,1,1,1,1,1.0,143,-1.1678664934181615,0.7646780061786863,INE090A01021
Fund holdout,2023-10,uti:753,UTI,Binary factors,0.25,3,0,1,1,0.3333333333333333,143,-2.896450963243291,0.4163728306981872,INE090A01021
Fund holdout,2023-10,uti:753,UTI,Rank factors,0.25,1,1,1,1,1.0,143,-2.393143745470024,0.5177878971107961,INE090A01021
Fund holdout,2023-10,uti:753,UTI,Log holdings zero,0.5,1,1,1,1,1.0,143,-2.3805765537497328,0.5203201528343915,INE090A01021
Fund holdout,2023-10,uti:753,UTI,Log holdings minimum,0.25,1,1,1,1,1.0,143,-1.058348385153736,0.786745613856078,INE090A01021
Fund holdout,2023-10,uti:753,UTI,Word2Vec,1.0,1,1,1,1,1.0,143,-1.4398070422617648,0.7098827085009185,INE090A01021
Fund holdout,2023-11,absl:ABSLMCF,Aditya Birla SL,Popularity,0.25,1,1,1,1,1.0,126,-1.3778179254503726,0.7151080205911999,INE009A01021
Fund holdout,2023-11,absl:ABSLMCF,Aditya Birla SL,Co-holding,0.25,1,1,1,1,1.0,126,-2.5423155084118503,0.4743243761788105,INE009A01021
Fund holdout,2023-11,absl:ABSLMCF,Aditya Birla SL,Category popularity,0.25,1,1,1,1,1.0,126,-1.8243480518871389,0.6227788026035261,INE009A01021
Fund holdout,2023-11,absl:ABSLMCF,Aditya Birla SL,Binary factors,0.25,3,0,1,1,0.3333333333333333,126,-2.8477489513758343,0.4111697774932031,INE009A01021
Fund holdout,2023-11,absl:ABSLMCF,Aditya Birla SL,Rank factors,0.25,1,1,1,1,1.0,126,-3.184624972776082,0.3415137839259061,INE009A01021
Fund holdout,2023-11,absl:ABSLMCF,Aditya Birla SL,Log holdings zero,0.5,7,0,0,1,0.1428571428571428,126,-3.9631405335440384,0.1805398010716499,INE009A01021
Fund holdout,2023-11,absl:ABSLMCF,Aditya Birla SL,Log holdings minimum,0.25,1,1,1,1,1.0,126,-2.2635884004863884,0.5319568949790132,INE009A01021
Fund holdout,2023-11,absl:ABSLMCF,Aditya Birla SL,Word2Vec,0.5,1,1,1,1,1.0,126,-0.0015900833688657,0.9996712178075104,INE009A01021
Fund holdout,2023-11,absl:BSLDAAF,Aditya Birla SL,Popularity,0.25,1,1,1,1,1.0,89,-0.425678051336412,0.9051653962867536,INE090A01021
Fund holdout,2023-11,absl:BSLDAAF,Aditya Birla SL,Co-holding,0.25,1,1,1,1,1.0,89,-1.5173289028556345,0.6619621689368032,INE090A01021
Fund holdout,2023-11,absl:BSLDAAF,Aditya Birla SL,Category popularity,0.25,1,1,1,1,1.0,89,-0.8471269093082707,0.8112729926129385,INE090A01021
Fund holdout,2023-11,absl:BSLDAAF,Aditya Birla SL,Binary factors,0.25,20,0,0,0,0.05,89,-4.631208445754307,-0.0317628928428157,INE090A01021
Fund holdout,2023-11,absl:BSLDAAF,Aditya Birla SL,Rank factors,0.25,1,1,1,1,1.0,89,-1.4245928452274752,0.6826223538993228,INE090A01021
Fund holdout,2023-11,absl:BSLDAAF,Aditya Birla SL,Log holdings zero,0.5,1,1,1,1,1.0,89,-0.5043669129767361,0.8876347132109447,INE090A01021
Fund holdout,2023-11,absl:BSLDAAF,Aditya Birla SL,Log holdings minimum,0.25,1,1,1,1,1.0,89,-0.0109549463498819,0.9975594043608093,INE090A01021
Fund holdout,2023-11,absl:BSLDAAF,Aditya Birla SL,Word2Vec,0.5,1,1,1,1,1.0,89,-3.219120123176822e-05,0.9999928282893557,INE090A01021
Fund holdout,2023-11,absl:BSLR96,Aditya Birla SL,Popularity,0.25,1,1,1,1,1.0,125,-0.7450076637630723,0.8457002373297874,INE040A01034
Fund holdout,2023-11,absl:BSLR96,Aditya Birla SL,Co-holding,0.25,1,1,1,1,1.0,125,-2.2157296461775826,0.5410965884301533,INE040A01034
Fund holdout,2023-11,absl:BSLR96,Aditya Birla SL,Category popularity,0.25,1,1,1,1,1.0,125,-0.7529823160137408,0.8440485939850192,INE040A01034
Fund holdout,2023-11,absl:BSLR96,Aditya Birla SL,Binary factors,0.25,4,0,1,1,0.25,125,-3.004461869379752,0.3777409603340278,INE040A01034
Fund holdout,2023-11,absl:BSLR96,Aditya Birla SL,Rank factors,0.25,1,1,1,1,1.0,125,-2.107023600292475,0.5636108763989058,INE040A01034
Fund holdout,2023-11,absl:BSLR96,Aditya Birla SL,Log holdings zero,0.5,1,1,1,1,1.0,125,-0.6610742650650838,0.8630838215922476,INE040A01034
Fund holdout,2023-11,absl:BSLR96,Aditya Birla SL,Log holdings minimum,0.25,1,1,1,1,1.0,125,-0.2078634172175064,0.9569490657552744,INE040A01034
Fund holdout,2023-11,absl:BSLR96,Aditya Birla SL,Word2Vec,0.5,1,1,1,1,1.0,125,-0.002955822945859,0.9993878146477884,INE040A01034
Fund holdout,2023-11,absl:MNC,Aditya Birla SL,Popularity,0.25,12,0,0,0,0.0833333333333333,139,-3.873158838918485,0.2150817105520409,INE585B01010
Fund holdout,2023-11,absl:MNC,Aditya Birla SL,Co-holding,0.25,9,0,0,1,0.1111111111111111,139,-3.695660045415526,0.2510528790916514,INE585B01010
Fund holdout,2023-11,absl:MNC,Aditya Birla SL,Category popularity,0.25,9,0,0,1,0.1111111111111111,139,-3.3216356243649585,0.3268511153614429,INE585B01010
Fund holdout,2023-11,absl:MNC,Aditya Birla SL,Binary factors,0.25,2,0,1,1,0.5,139,-2.538105212345056,0.485638135545941,INE585B01010
Fund holdout,2023-11,absl:MNC,Aditya Birla SL,Rank factors,0.25,16,0,0,0,0.0625,139,-4.492440321683059,0.0895806964304263,INE585B01010
Fund holdout,2023-11,absl:MNC,Aditya Birla SL,Log holdings zero,0.5,26,0,0,0,0.0384615384615384,139,-4.663372274792919,0.0549403365002216,INE585B01010
Fund holdout,2023-11,absl:MNC,Aditya Birla SL,Log holdings minimum,0.25,3,0,1,1,0.3333333333333333,139,-2.0836478831328566,0.5777365710368886,INE585B01010
Fund holdout,2023-11,absl:MNC,Aditya Birla SL,Word2Vec,0.5,127,0,0,0,0.0078740157480314,139,-7.96417991944201,-0.6139876362441563,INE585B01010
Fund holdout,2023-11,axis:AXISMLC,Axis,Popularity,0.25,50,0,0,0,0.02,122,-6.201616892962301,-0.2909220911430552,INE211B01039
Fund holdout,2023-11,axis:AXISMLC,Axis,Co-holding,0.25,30,0,0,0,0.0333333333333333,122,-4.5504946461191,0.0527737901756493,INE211B01039
Fund holdout,2023-11,axis:AXISMLC,Axis,Category popularity,0.25,94,0,0,0,0.0106382978723404,122,-9.096758280601463,-0.8935716966882195,INE211B01039
Fund holdout,2023-11,axis:AXISMLC,Axis,Binary factors,0.25,75,0,0,0,0.0133333333333333,122,-6.029424815905879,-0.255078768340546,INE211B01039
Fund holdout,2023-11,axis:AXISMLC,Axis,Rank factors,0.25,1,1,1,1,1.0,122,-3.602833844888531,0.2500378721616157,INE211B01039
Fund holdout,2023-11,axis:AXISMLC,Axis,Log holdings zero,0.5,19,0,0,0,0.0526315789473684,122,-4.2555201799821205,0.1141753667695666,INE211B01039
Fund holdout,2023-11,axis:AXISMLC,Axis,Log holdings minimum,0.25,2,0,1,1,0.5,122,-2.3415108156303672,0.5125935557261116,INE211B01039
Fund holdout,2023-11,axis:AXISMLC,Axis,Word2Vec,0.5,21,0,0,0,0.0476190476190476,122,-4.846800448828479,-0.0089049160478018,INE211B01039
Fund holdout,2023-11,hdfc:HDFCEQ,HDFC,Popularity,0.25,1,1,1,1,1.0,134,-1.155217315516662,0.7641373824582338,INE090A01021
Fund holdout,2023-11,hdfc:HDFCEQ,HDFC,Co-holding,0.25,1,1,1,1,1.0,134,-2.3910484762529545,0.5118157036747264,INE090A01021
Fund holdout,2023-11,hdfc:HDFCEQ,HDFC,Category popularity,0.25,1,1,1,1,1.0,134,-1.229502786415008,0.7489703958003423,INE090A01021
Fund holdout,2023-11,hdfc:HDFCEQ,HDFC,Binary factors,0.25,6,0,0,1,0.1666666666666666,134,-3.460341498269668,0.2934963903261292,INE090A01021
Fund holdout,2023-11,hdfc:HDFCEQ,HDFC,Rank factors,0.25,1,1,1,1,1.0,134,-2.802902732788171,0.4277267433662768,INE090A01021
Fund holdout,2023-11,hdfc:HDFCEQ,HDFC,Log holdings zero,0.5,3,0,1,1,0.3333333333333333,134,-3.04727667244318,0.3778325145559638,INE090A01021
Fund holdout,2023-11,hdfc:HDFCEQ,HDFC,Log holdings minimum,0.25,2,0,1,1,0.5,134,-2.336962502327199,0.5228585258442668,INE090A01021
Fund holdout,2023-11,hdfc:HDFCEQ,HDFC,Word2Vec,0.5,1,1,1,1,1.0,134,-0.6507004505026437,0.8671454198013653,INE090A01021
Fund holdout,2023-11,hdfc:HDFCMNCFND,HDFC,Popularity,0.25,31,0,0,0,0.032258064516129,146,-5.521516676207172,-0.1079358977002171,INE854D01024
Fund holdout,2023-11,hdfc:HDFCMNCFND,HDFC,Co-holding,0.25,25,0,0,0,0.04,146,-4.385628054243444,0.1199891188963687,INE854D01024
Fund holdout,2023-11,hdfc:HDFCMNCFND,HDFC,Category popularity,0.25,29,0,0,0,0.0344827586206896,146,-5.311106202451747,-0.0657153755508788,INE854D01024
Fund holdout,2023-11,hdfc:HDFCMNCFND,HDFC,Binary factors,0.25,19,0,0,0,0.0526315789473684,146,-4.437444682971338,0.1095917033976848,INE854D01024
Fund holdout,2023-11,hdfc:HDFCMNCFND,HDFC,Rank factors,0.25,22,0,0,0,0.0454545454545454,146,-4.785886724782715,0.0396740577525447,INE854D01024
Fund holdout,2023-11,hdfc:HDFCMNCFND,HDFC,Log holdings zero,0.5,50,0,0,0,0.02,146,-5.003447426742819,-0.0039812141167117,INE854D01024
Fund holdout,2023-11,hdfc:HDFCMNCFND,HDFC,Log holdings minimum,0.25,47,0,0,0,0.0212765957446808,146,-6.266765030007542,-0.2574758614995478,INE854D01024
Fund holdout,2023-11,hdfc:HDFCMNCFND,HDFC,Word2Vec,0.5,2,0,1,1,0.5,146,-3.297347306895923,0.3383612397228853,INE854D01024
Fund holdout,2023-11,icici:BHACON,ICICI Prudential,Popularity,0.25,7,0,0,1,0.1428571428571428,143,-2.972518337738137,0.4010454569514773,INE044A01036
Fund holdout,2023-11,icici:BHACON,ICICI Prudential,Co-holding,0.25,6,0,0,1,0.1666666666666666,143,-3.249957276092485,0.3451422484039596,INE044A01036
Fund holdout,2023-11,icici:BHACON,ICICI Prudential,Category popularity,0.25,5,0,1,1,0.2,143,-2.8473177161447207,0.4262730493749902,INE044A01036
Fund holdout,2023-11,icici:BHACON,ICICI Prudential,Binary factors,0.25,1,1,1,1,1.0,143,-1.985691507911847,0.5998884398265244,INE044A01036
Fund holdout,2023-11,icici:BHACON,ICICI Prudential,Rank factors,0.25,6,0,0,1,0.1666666666666666,143,-3.6315943791090257,0.2682433866726074,INE044A01036
Fund holdout,2023-11,icici:BHACON,ICICI Prudential,Log holdings zero,0.5,4,0,1,1,0.25,143,-3.1073584529859124,0.3738755321817967,INE044A01036
Fund holdout,2023-11,icici:BHACON,ICICI Prudential,Log holdings minimum,0.25,3,0,1,1,0.3333333333333333,143,-2.1095642567736785,0.5749284102284702,INE044A01036
Fund holdout,2023-11,icici:BHACON,ICICI Prudential,Word2Vec,0.5,1,1,1,1,1.0,143,-1.6323350014281104,0.6710888365363508,INE044A01036
Fund holdout,2023-11,icici:HOUSING,ICICI Prudential,Popularity,0.25,7,0,0,1,0.1428571428571428,147,-3.1885567692459738,0.3610660571403192,INE733E01010
Fund holdout,2023-11,icici:HOUSING,ICICI Prudential,Co-holding,0.25,6,0,0,1,0.1666666666666666,147,-3.293834876402754,0.3399700689016051,INE733E01010
Fund holdout,2023-11,icici:HOUSING,ICICI Prudential,Category popularity,0.25,11,0,0,0,0.0909090909090909,147,-3.4258956417743,0.3135072797395156,INE733E01010
Fund holdout,2023-11,icici:HOUSING,ICICI Prudential,Binary factors,0.25,6,0,0,1,0.1666666666666666,147,-3.558545842091995,0.2869263775810279,INE733E01010
Fund holdout,2023-11,icici:HOUSING,ICICI Prudential,Rank factors,0.25,9,0,0,1,0.1111111111111111,147,-4.211259942872002,0.1561332871164342,INE733E01010
Fund holdout,2023-11,icici:HOUSING,ICICI Prudential,Log holdings zero,0.5,27,0,0,0,0.037037037037037,147,-4.5839251046481975,0.0814573636777516,INE733E01010
Fund holdout,2023-11,icici:HOUSING,ICICI Prudential,Log holdings minimum,0.25,12,0,0,0,0.0833333333333333,147,-4.712783255081632,0.0556363254826217,INE733E01010
Fund holdout,2023-11,icici:HOUSING,ICICI Prudential,Word2Vec,0.5,6,0,0,1,0.1666666666666666,147,-4.128731527194539,0.1726706141401691,INE733E01010
Fund holdout,2023-11,icici:LARGE & MIDCAP,ICICI Prudential,Popularity,0.25,2,0,1,1,0.5,111,-2.3371009315471625,0.5037507284917893,INE585B01010
Fund holdout,2023-11,icici:LARGE & MIDCAP,ICICI Prudential,Co-holding,0.25,3,0,1,1,0.3333333333333333,111,-2.9355906611758376,0.376670169700192,INE585B01010
Fund holdout,2023-11,icici:LARGE & MIDCAP,ICICI Prudential,Category popularity,0.25,12,0,0,0,0.0833333333333333,111,-3.614497349830751,0.2325142433902316,INE585B01010
Fund holdout,2023-11,icici:LARGE & MIDCAP,ICICI Prudential,Binary factors,0.25,1,1,1,1,1.0,111,-1.3521707381804466,0.7128862794417037,INE585B01010
Fund holdout,2023-11,icici:LARGE & MIDCAP,ICICI Prudential,Rank factors,0.25,5,0,1,1,0.2,111,-3.760634346979414,0.2014841849975832,INE585B01010
Fund holdout,2023-11,icici:LARGE & MIDCAP,ICICI Prudential,Log holdings zero,0.5,1,1,1,1,1.0,111,-0.1787442708723885,0.9620462629536636,INE585B01010
Fund holdout,2023-11,icici:LARGE & MIDCAP,ICICI Prudential,Log holdings minimum,0.25,13,0,0,0,0.0769230769230769,111,-4.099511298388426,0.1295286104660552,INE585B01010
Fund holdout,2023-11,icici:LARGE & MIDCAP,ICICI Prudential,Word2Vec,0.5,3,0,1,1,0.3333333333333333,111,-1.7341266478762822,0.6317835168796542,INE585B01010
Fund holdout,2023-11,icici:MIDCAP,ICICI Prudential,Popularity,0.25,46,0,0,0,0.0217391304347826,115,-6.507670870614545,-0.3714992532167886,INE326A01037
Fund holdout,2023-11,icici:MIDCAP,ICICI Prudential,Co-holding,0.25,32,0,0,0,0.03125,115,-4.584013392667379,0.0339138119034337,INE326A01037
Fund holdout,2023-11,icici:MIDCAP,ICICI Prudential,Category popularity,0.25,23,0,0,0,0.0434782608695652,115,-4.631281721743606,0.0239519562229961,INE326A01037
Fund holdout,2023-11,icici:MIDCAP,ICICI Prudential,Binary factors,0.25,9,0,0,1,0.1111111111111111,115,-3.746564258831025,0.2104071970944311,INE326A01037
Fund holdout,2023-11,icici:MIDCAP,ICICI Prudential,Rank factors,0.25,38,0,0,0,0.0263157894736842,115,-4.9855360679049125,-0.050707561885539,INE326A01037
Fund holdout,2023-11,icici:MIDCAP,ICICI Prudential,Log holdings zero,0.5,61,0,0,0,0.0163934426229508,115,-6.254076534917102,-0.3180539501361481,INE326A01037
Fund holdout,2023-11,icici:MIDCAP,ICICI Prudential,Log holdings minimum,0.25,59,0,0,0,0.0169491525423728,115,-9.664680923945028,-1.036842817239375,INE326A01037
Fund holdout,2023-11,icici:MIDCAP,ICICI Prudential,Word2Vec,0.5,28,0,0,0,0.0357142857142857,115,-4.367162870954665,0.0796153131781245,INE326A01037
Fund holdout,2023-11,icici:MNCFUND,ICICI Prudential,Popularity,0.25,5,0,1,1,0.2,142,-2.913136003851733,0.4121796483225626,INE044A01036
Fund holdout,2023-11,icici:MNCFUND,ICICI Prudential,Co-holding,0.25,3,0,1,1,0.3333333333333333,142,-3.1997705762262405,0.354341759904954,INE044A01036
Fund holdout,2023-11,icici:MNCFUND,ICICI Prudential,Category popularity,0.25,4,0,1,1,0.25,142,-2.8308378851087603,0.4287859821970959,INE044A01036
Fund holdout,2023-11,icici:MNCFUND,ICICI Prudential,Binary factors,0.25,5,0,1,1,0.2,142,-3.5294956489579907,0.2878089554104918,INE044A01036
Fund holdout,2023-11,icici:MNCFUND,ICICI Prudential,Rank factors,0.25,5,0,1,1,0.2,142,-3.814015644019957,0.2303977520422128,INE044A01036
Fund holdout,2023-11,icici:MNCFUND,ICICI Prudential,Log holdings zero,0.5,20,0,0,0,0.05,142,-4.584706531906281,0.0748856893877589,INE044A01036
Fund holdout,2023-11,icici:MNCFUND,ICICI Prudential,Log holdings minimum,0.25,13,0,0,0,0.0769230769230769,142,-4.1061455028569664,0.17145101006724,INE044A01036
Fund holdout,2023-11,icici:MNCFUND,ICICI Prudential,Word2Vec,0.5,4,0,1,1,0.25,142,-3.054369523093051,0.3836811721651483,INE044A01036
Fund holdout,2023-11,icici:MULTICAP,ICICI Prudential,Popularity,0.25,2,0,1,1,0.5,103,-1.8772825760033849,0.5949531071242926,INE002A01018
Fund holdout,2023-11,icici:MULTICAP,ICICI Prudential,Co-holding,0.25,1,1,1,1,1.0,103,-2.372012712072646,0.4882089722836842,INE002A01018
Fund holdout,2023-11,icici:MULTICAP,ICICI Prudential,Category popularity,0.25,2,0,1,1,0.5,103,-2.027094646642059,0.562629303290425,INE002A01018
Fund holdout,2023-11,icici:MULTICAP,ICICI Prudential,Binary factors,0.25,1,1,1,1,1.0,103,-2.307163340154598,0.5022010249113005,INE002A01018
Fund holdout,2023-11,icici:MULTICAP,ICICI Prudential,Rank factors,0.25,1,1,1,1,1.0,103,-3.368464185815402,0.2732122645423371,INE002A01018
Fund holdout,2023-11,icici:MULTICAP,ICICI Prudential,Log holdings zero,0.5,1,1,1,1,1.0,103,-2.1188251935054274,0.5428373052909029,INE002A01018
Fund holdout,2023-11,icici:MULTICAP,ICICI Prudential,Log holdings minimum,0.25,2,0,1,1,0.5,103,-2.1538599617094665,0.5352781215084178,INE002A01018
Fund holdout,2023-11,icici:MULTICAP,ICICI Prudential,Word2Vec,0.5,1,1,1,1,1.0,103,-0.2323660658363611,0.94986415248303,INE002A01018
Fund holdout,2023-11,kotak:EME,Kotak,Popularity,0.25,64,0,0,0,0.015625,106,-7.33226666078105,-0.5722874283999062,INE262H01013
Fund holdout,2023-11,kotak:EME,Kotak,Co-holding,0.25,9,0,0,1,0.1111111111111111,106,-3.635194655366565,0.2204905903121444,INE262H01013
Fund holdout,2023-11,kotak:EME,Kotak,Category popularity,0.25,2,0,1,1,0.5,106,-2.502661403684124,0.4633442502028347,INE262H01013
Fund holdout,2023-11,kotak:EME,Kotak,Binary factors,0.25,4,0,1,1,0.25,106,-3.165674668766579,0.3211716493170298,INE262H01013
Fund holdout,2023-11,kotak:EME,Kotak,Rank factors,0.25,3,0,1,1,0.3333333333333333,106,-3.3871137267753024,0.2736875815421753,INE262H01013
Fund holdout,2023-11,kotak:EME,Kotak,Log holdings zero,0.5,25,0,0,0,0.04,106,-4.772275260197618,-0.023338176802387,INE262H01013
Fund holdout,2023-11,kotak:EME,Kotak,Log holdings minimum,0.25,8,0,0,1,0.125,106,-3.5650181044268177,0.2355388303606422,INE262H01013
Fund holdout,2023-11,kotak:EME,Kotak,Word2Vec,0.5,2,0,1,1,0.5,106,-2.7670147238273,0.4066579046093131,INE262H01013
Fund holdout,2023-11,mirae:MAFF,Mirae Asset,Popularity,0.25,1,1,1,1,1.0,143,-1.4554516818869985,0.7067303552054227,INE090A01021
Fund holdout,2023-11,mirae:MAFF,Mirae Asset,Co-holding,0.25,1,1,1,1,1.0,143,-2.706022010418961,0.4547437584647406,INE090A01021
Fund holdout,2023-11,mirae:MAFF,Mirae Asset,Category popularity,0.25,1,1,1,1,1.0,143,-0.7727337071016258,0.8442962122186852,INE090A01021
Fund holdout,2023-11,mirae:MAFF,Mirae Asset,Binary factors,0.25,7,0,0,1,0.1428571428571428,143,-3.82125247699836,0.2300277841262504,INE090A01021
Fund holdout,2023-11,mirae:MAFF,Mirae Asset,Rank factors,0.25,1,1,1,1,1.0,143,-2.5145872158217086,0.4933173606746543,INE090A01021
Fund holdout,2023-11,mirae:MAFF,Mirae Asset,Log holdings zero,0.5,2,0,1,1,0.5,143,-3.548228008594005,0.285041488714068,INE090A01021
Fund holdout,2023-11,mirae:MAFF,Mirae Asset,Log holdings minimum,0.25,1,1,1,1,1.0,143,-0.9518246701251628,0.8082098592566024,INE090A01021
Fund holdout,2023-11,mirae:MAFF,Mirae Asset,Word2Vec,0.5,1,1,1,1,1.0,143,-0.0155957993871851,0.9968574878826364,INE090A01021
Fund holdout,2023-11,sbi:SBLUECHIP,SBI,Popularity,0.25,1,1,1,1,1.0,123,-0.8886523029846067,0.8153328639638467,INE090A01021
Fund holdout,2023-11,sbi:SBLUECHIP,SBI,Co-holding,0.25,1,1,1,1,1.0,123,-2.329538925630609,0.5159082126540173,INE090A01021
Fund holdout,2023-11,sbi:SBLUECHIP,SBI,Category popularity,0.25,1,1,1,1,1.0,123,-1.237758416636682,0.7427865756525258,INE090A01021
Fund holdout,2023-11,sbi:SBLUECHIP,SBI,Binary factors,0.25,14,0,0,0,0.0714285714285714,123,-4.164193744877094,0.1346562314828802,INE090A01021
Fund holdout,2023-11,sbi:SBLUECHIP,SBI,Rank factors,0.25,1,1,1,1,1.0,123,-2.653515242505528,0.4485840428072769,INE090A01021
Fund holdout,2023-11,sbi:SBLUECHIP,SBI,Log holdings zero,0.5,1,1,1,1,1.0,123,-1.6659504874767332,0.6538057637761044,INE090A01021
Fund holdout,2023-11,sbi:SBLUECHIP,SBI,Log holdings minimum,0.25,1,1,1,1,1.0,123,-0.6929605590679264,0.8559987506932706,INE090A01021
Fund holdout,2023-11,sbi:SBLUECHIP,SBI,Word2Vec,0.5,1,1,1,1,1.0,123,-0.0002326388351079,0.9999516562920436,INE090A01021
Fund holdout,2023-11,sbi:SMAAF,SBI,Popularity,0.25,66,0,0,0,0.0151515151515151,141,-6.597448354412137,-0.3331518401689886,INE129A01019
Fund holdout,2023-11,sbi:SMAAF,SBI,Co-holding,0.25,60,0,0,0,0.0166666666666666,141,-5.310238300259281,-0.073044240959019,INE129A01019
Fund holdout,2023-11,sbi:SMAAF,SBI,Category popularity,0.25,35,0,0,0,0.0285714285714285,141,-5.156443051781545,-0.0419667080246048,INE129A01019
Fund holdout,2023-11,sbi:SMAAF,SBI,Binary factors,0.25,5,0,1,1,0.2,141,-3.458720156473396,0.3010935601870367,INE129A01019
Fund holdout,2023-11,sbi:SMAAF,SBI,Rank factors,0.25,115,0,0,0,0.008695652173913,141,-5.371745529006611,-0.0854730574928175,INE129A01019
Fund holdout,2023-11,sbi:SMAAF,SBI,Log holdings zero,0.5,9,0,0,1,0.1111111111111111,141,-3.896036784354268,0.2127246278548896,INE129A01019
Fund holdout,2023-11,sbi:SMAAF,SBI,Log holdings minimum,0.25,81,0,0,0,0.0123456790123456,141,-7.1688253894452565,-0.4486104697428426,INE129A01019
Fund holdout,2023-11,sbi:SMAAF,SBI,Word2Vec,0.5,120,0,0,0,0.0083333333333333,141,-5.540993325068923,-0.1196730994854344,INE129A01019
Fund holdout,2023-11,uti:193,UTI,Popularity,0.25,1,1,1,1,1.0,129,-1.7029031444849458,0.6495948808730572,INE009A01021
Fund holdout,2023-11,uti:193,UTI,Co-holding,0.25,1,1,1,1,1.0,129,-2.554270917185021,0.4744095646793755,INE009A01021
Fund holdout,2023-11,uti:193,UTI,Category popularity,0.25,1,1,1,1,1.0,129,-1.5233814984029763,0.6865349170606371,INE009A01021
Fund holdout,2023-11,uti:193,UTI,Binary factors,0.25,2,0,1,1,0.5,129,-3.011145214892052,0.3803988787325298,INE009A01021
Fund holdout,2023-11,uti:193,UTI,Rank factors,0.25,3,0,1,1,0.3333333333333333,129,-3.1451580721591856,0.3528231523224204,INE009A01021
Fund holdout,2023-11,uti:193,UTI,Log holdings zero,0.5,3,0,1,1,0.3333333333333333,129,-3.0333727236283456,0.3758251407182097,INE009A01021
Fund holdout,2023-11,uti:193,UTI,Log holdings minimum,0.25,1,1,1,1,1.0,129,-1.520840265509234,0.6870578246715279,INE009A01021
Fund holdout,2023-11,uti:193,UTI,Word2Vec,0.5,1,1,1,1,1.0,129,-0.4985234672043237,0.8974191952848015,INE009A01021
Fund holdout,2023-11,uti:753,UTI,Popularity,0.25,1,1,1,1,1.0,140,-1.6576638445286171,0.6645520450965103,INE090A01021
Fund holdout,2023-11,uti:753,UTI,Co-holding,0.25,1,1,1,1,1.0,140,-2.7879061536983625,0.4358340982052922,INE090A01021
Fund holdout,2023-11,uti:753,UTI,Category popularity,0.25,1,1,1,1,1.0,140,-1.0993318516535575,0.7775371510848645,INE090A01021
Fund holdout,2023-11,uti:753,UTI,Binary factors,0.25,2,0,1,1,0.5,140,-2.699314185682608,0.4537617344928598,INE090A01021
Fund holdout,2023-11,uti:753,UTI,Rank factors,0.25,1,1,1,1,1.0,140,-2.237398297209227,0.5472358973258474,INE090A01021
Fund holdout,2023-11,uti:753,UTI,Log holdings zero,0.5,1,1,1,1,1.0,140,-2.573089405015057,0.4793048171105012,INE090A01021
Fund holdout,2023-11,uti:753,UTI,Log holdings minimum,0.25,1,1,1,1,1.0,140,-1.1894743120789038,0.759295754254345,INE090A01021
Fund holdout,2023-11,uti:753,UTI,Word2Vec,0.5,1,1,1,1,1.0,140,-0.721148771894077,0.8540669861917501,INE090A01021
Fund holdout,2023-12,absl:ABSLMCF,Aditya Birla SL,Popularity,0.25,1,1,1,1,1.0,132,-1.0676829368695628,0.7813380608517451,INE090A01021
Fund holdout,2023-12,absl:ABSLMCF,Aditya Birla SL,Co-holding,0.25,1,1,1,1,1.0,132,-2.466208797630079,0.4949193441122115,INE090A01021
Fund holdout,2023-12,absl:ABSLMCF,Aditya Birla SL,Category popularity,0.25,1,1,1,1,1.0,132,-1.5499764479640952,0.682564135810144,INE090A01021
Fund holdout,2023-12,absl:ABSLMCF,Aditya Birla SL,Binary factors,0.25,50,0,0,0,0.02,132,-5.23620531202158,-0.0723771709436895,INE090A01021
Fund holdout,2023-12,absl:ABSLMCF,Aditya Birla SL,Rank factors,0.25,1,1,1,1,1.0,132,-2.5699229879937207,0.4736786319129532,INE090A01021
Fund holdout,2023-12,absl:ABSLMCF,Aditya Birla SL,Log holdings zero,0.5,1,1,1,1,1.0,132,-2.604276275765419,0.4666430633364786,INE090A01021
Fund holdout,2023-12,absl:ABSLMCF,Aditya Birla SL,Log holdings minimum,0.5,1,1,1,1,1.0,132,-2.471614594576601,0.4938122344992828,INE090A01021
Fund holdout,2023-12,absl:ABSLMCF,Aditya Birla SL,Word2Vec,0.5,1,1,1,1,1.0,132,-0.0002025014668483,0.9999585276097496,INE090A01021
Fund holdout,2023-12,absl:BSLDAAF,Aditya Birla SL,Popularity,0.25,1,1,1,1,1.0,98,-0.4301156512904569,0.9061900322540192,INE090A01021
Fund holdout,2023-12,absl:BSLDAAF,Aditya Birla SL,Co-holding,0.25,1,1,1,1,1.0,98,-1.5420251504693494,0.663678061481809,INE090A01021
Fund holdout,2023-12,absl:BSLDAAF,Aditya Birla SL,Category popularity,0.25,1,1,1,1,1.0,98,-0.8431773080592357,0.8160996098703588,INE090A01021
Fund holdout,2023-12,absl:BSLDAAF,Aditya Birla SL,Binary factors,0.25,13,0,0,0,0.0769230769230769,98,-3.912826944231781,0.1465965762168679,INE090A01021
Fund holdout,2023-12,absl:BSLDAAF,Aditya Birla SL,Rank factors,0.25,1,1,1,1,1.0,98,-1.459495223684356,0.6816781731879281,INE090A01021
Fund holdout,2023-12,absl:BSLDAAF,Aditya Birla SL,Log holdings zero,0.5,1,1,1,1,1.0,98,-0.17191450765457,0.962504748735008,INE090A01021
Fund holdout,2023-12,absl:BSLDAAF,Aditya Birla SL,Log holdings minimum,0.5,1,1,1,1,1.0,98,-0.3844995445439148,0.9161390901172974,INE090A01021
Fund holdout,2023-12,absl:BSLDAAF,Aditya Birla SL,Word2Vec,0.5,1,1,1,1,1.0,98,-4.889842765720687e-05,0.9999893350546356,INE090A01021
Fund holdout,2023-12,absl:BSLR96,Aditya Birla SL,Popularity,0.25,1,1,1,1,1.0,135,-0.7880803486223265,0.8393402236942151,INE040A01034
Fund holdout,2023-12,absl:BSLR96,Aditya Birla SL,Co-holding,0.25,1,1,1,1,1.0,135,-2.209930935192858,0.5494786663314346,INE040A01034
Fund holdout,2023-12,absl:BSLR96,Aditya Birla SL,Category popularity,0.25,1,1,1,1,1.0,135,-0.7525580732146793,0.8465818721261824,INE040A01034
Fund holdout,2023-12,absl:BSLR96,Aditya Birla SL,Binary factors,0.25,4,0,1,1,0.25,135,-3.163496809815431,0.3550826502684698,INE040A01034
Fund holdout,2023-12,absl:BSLR96,Aditya Birla SL,Rank factors,0.25,1,1,1,1,1.0,135,-2.074338048179029,0.5771209275988032,INE040A01034
Fund holdout,2023-12,absl:BSLR96,Aditya Birla SL,Log holdings zero,0.5,1,1,1,1,1.0,135,-1.806410769626745,0.6317411661489416,INE040A01034
Fund holdout,2023-12,absl:BSLR96,Aditya Birla SL,Log holdings minimum,0.5,1,1,1,1,1.0,135,-2.0716972187256983,0.5776592928428745,INE040A01034
Fund holdout,2023-12,absl:BSLR96,Aditya Birla SL,Word2Vec,0.5,1,1,1,1,1.0,135,-0.00074232402069,0.9998486682083636,INE040A01034
Fund holdout,2023-12,absl:MNC,Aditya Birla SL,Popularity,0.25,12,0,0,0,0.0833333333333333,148,-3.755751879697332,0.2484305901081247,INE585B01010
Fund holdout,2023-12,absl:MNC,Aditya Birla SL,Co-holding,0.25,6,0,0,1,0.1666666666666666,148,-3.5776606744415997,0.2840687010186278,INE585B01010
Fund holdout,2023-12,absl:MNC,Aditya Birla SL,Category popularity,0.25,6,0,0,1,0.1666666666666666,148,-3.005486236765597,0.3985674267741811,INE585B01010
Fund holdout,2023-12,absl:MNC,Aditya Birla SL,Binary factors,0.25,7,0,0,1,0.1428571428571428,148,-3.5423872973376698,0.2911273119343814,INE585B01010
Fund holdout,2023-12,absl:MNC,Aditya Birla SL,Rank factors,0.25,7,0,0,1,0.1428571428571428,148,-3.892307686968977,0.2211041929509383,INE585B01010
Fund holdout,2023-12,absl:MNC,Aditya Birla SL,Log holdings zero,0.5,11,0,0,0,0.0909090909090909,148,-3.7941167041869086,0.2407533447985756,INE585B01010
Fund holdout,2023-12,absl:MNC,Aditya Birla SL,Log holdings minimum,0.5,4,0,1,1,0.25,148,-3.129426569060835,0.3737655321366573,INE585B01010
Fund holdout,2023-12,absl:MNC,Aditya Birla SL,Word2Vec,0.5,48,0,0,0,0.0208333333333333,148,-6.297188140672619,-0.2601402133212376,INE585B01010
Fund holdout,2023-12,axis:AXISMLC,Axis,Popularity,0.25,25,0,0,0,0.04,127,-5.011343131625676,-0.0345065213592497,INE121A01024
Fund holdout,2023-12,axis:AXISMLC,Axis,Co-holding,0.25,9,0,0,1,0.1111111111111111,127,-3.680960243130612,0.2401283894628381,INE121A01024
Fund holdout,2023-12,axis:AXISMLC,Axis,Category popularity,0.25,37,0,0,0,0.027027027027027,127,-5.7837461297922745,-0.19395597786884,INE121A01024
Fund holdout,2023-12,axis:AXISMLC,Axis,Binary factors,0.25,5,0,1,1,0.2,127,-3.4083854247925007,0.2963968228394236,INE121A01024
Fund holdout,2023-12,axis:AXISMLC,Axis,Rank factors,0.25,1,1,1,1,1.0,127,-3.1728887072758,0.3450111131865091,INE121A01024
Fund holdout,2023-12,axis:AXISMLC,Axis,Log holdings zero,0.5,49,0,0,0,0.0204081632653061,127,-4.959546219038804,-0.0238139300818267,INE121A01024
Fund holdout,2023-12,axis:AXISMLC,Axis,Log holdings minimum,0.5,1,1,1,1,1.0,127,-1.881354043565716,0.6116264690055344,INE121A01024
Fund holdout,2023-12,axis:AXISMLC,Axis,Word2Vec,0.5,2,0,1,1,0.5,127,-1.212654291060133,0.7496681549624747,INE121A01024
Fund holdout,2023-12,hdfc:HDFCEQ,HDFC,Popularity,0.25,1,1,1,1,1.0,144,-1.1178357364541682,0.7750749034074306,INE090A01021
Fund holdout,2023-12,hdfc:HDFCEQ,HDFC,Co-holding,0.25,1,1,1,1,1.0,144,-2.383621198818818,0.5203801319815824,INE090A01021
Fund holdout,2023-12,hdfc:HDFCEQ,HDFC,Category popularity,0.25,1,1,1,1,1.0,144,-1.189628078940835,0.7606292214151529,INE090A01021
Fund holdout,2023-12,hdfc:HDFCEQ,HDFC,Binary factors,0.25,8,0,0,1,0.125,144,-3.693995100881394,0.2567135064819141,INE090A01021
Fund holdout,2023-12,hdfc:HDFCEQ,HDFC,Rank factors,0.25,1,1,1,1,1.0,144,-2.41680121080884,0.5137038224323178,INE090A01021
Fund holdout,2023-12,hdfc:HDFCEQ,HDFC,Log holdings zero,0.5,35,0,0,0,0.0285714285714285,144,-4.982575751933997,-0.0025679943266851,INE090A01021
Fund holdout,2023-12,hdfc:HDFCEQ,HDFC,Log holdings minimum,0.5,2,0,1,1,0.5,144,-2.075762812016355,0.5823257963848565,INE090A01021
Fund holdout,2023-12,hdfc:HDFCEQ,HDFC,Word2Vec,0.5,1,1,1,1,1.0,144,-0.1996019334573304,0.9598371364424576,INE090A01021
Fund holdout,2023-12,hdfc:HDFCMNCFND,HDFC,Popularity,0.25,61,0,0,0,0.0163934426229508,157,-7.0194317292890265,-0.3882694788817691,INE079A01024
Fund holdout,2023-12,hdfc:HDFCMNCFND,HDFC,Co-holding,0.25,40,0,0,0,0.025,157,-4.967637221385663,0.0175245799697707,INE079A01024
Fund holdout,2023-12,hdfc:HDFCMNCFND,HDFC,Category popularity,0.25,63,0,0,0,0.0158730158730158,157,-7.101242042201895,-0.4044495294691699,INE079A01024
Fund holdout,2023-12,hdfc:HDFCMNCFND,HDFC,Binary factors,0.25,10,0,0,1,0.1,157,-4.168028528449485,0.1756673451198318,INE079A01024
Fund holdout,2023-12,hdfc:HDFCMNCFND,HDFC,Rank factors,0.25,32,0,0,0,0.03125,157,-5.05325448666759,0.0005916086353147,INE079A01024
Fund holdout,2023-12,hdfc:HDFCMNCFND,HDFC,Log holdings zero,0.5,38,0,0,0,0.0263157894736842,157,-5.018088238590567,0.0075466202053268,INE079A01024
Fund holdout,2023-12,hdfc:HDFCMNCFND,HDFC,Log holdings minimum,0.5,16,0,0,0,0.0625,157,-4.175904485058033,0.1741096762659526,INE079A01024
Fund holdout,2023-12,hdfc:HDFCMNCFND,HDFC,Word2Vec,0.5,51,0,0,0,0.0196078431372549,157,-6.0478721491551575,-0.1961190934898664,INE079A01024
Fund holdout,2023-12,icici:BHACON,ICICI Prudential,Popularity,0.25,5,0,1,1,0.2,151,-2.587787172716066,0.4842250667925972,INE397D01024
Fund holdout,2023-12,icici:BHACON,ICICI Prudential,Co-holding,0.25,5,0,1,1,0.2,151,-3.2161408179348183,0.3589871558815637,INE397D01024
Fund holdout,2023-12,icici:BHACON,ICICI Prudential,Category popularity,0.25,4,0,1,1,0.25,151,-2.3162442829183707,0.5383466024911276,INE397D01024
Fund holdout,2023-12,icici:BHACON,ICICI Prudential,Binary factors,0.25,1,1,1,1,1.0,151,-1.9056455354789108,0.6201835262414515,INE397D01024
Fund holdout,2023-12,icici:BHACON,ICICI Prudential,Rank factors,0.25,4,0,1,1,0.25,151,-3.3016736802234545,0.3419394995676726,INE397D01024
Fund holdout,2023-12,icici:BHACON,ICICI Prudential,Log holdings zero,0.5,7,0,0,1,0.1428571428571428,151,-3.876967702311879,0.2272769651267726,INE397D01024
Fund holdout,2023-12,icici:BHACON,ICICI Prudential,Log holdings minimum,0.5,2,0,1,1,0.5,151,-2.978420270202124,0.4063675204345612,INE397D01024
Fund holdout,2023-12,icici:BHACON,ICICI Prudential,Word2Vec,0.5,1,1,1,1,1.0,151,-0.9679741167387306,0.8070719297663849,INE397D01024
Fund holdout,2023-12,icici:HOUSING,ICICI Prudential,Popularity,0.25,6,0,0,1,0.1666666666666666,158,-3.1279488138987013,0.3821451659686722,INE733E01010
Fund holdout,2023-12,icici:HOUSING,ICICI Prudential,Co-holding,0.25,6,0,0,1,0.1666666666666666,158,-3.3349394409128643,0.3412588960490333,INE733E01010
Fund holdout,2023-12,icici:HOUSING,ICICI Prudential,Category popularity,0.25,13,0,0,0,0.0769230769230769,158,-3.6246860265171534,0.2840260769682926,INE733E01010
Fund holdout,2023-12,icici:HOUSING,ICICI Prudential,Binary factors,0.25,7,0,0,1,0.1428571428571428,158,-3.855263701059602,0.2384807246266135,INE733E01010
Fund holdout,2023-12,icici:HOUSING,ICICI Prudential,Rank factors,0.25,6,0,0,1,0.1666666666666666,158,-3.984369972484486,0.212978729981055,INE733E01010
Fund holdout,2023-12,icici:HOUSING,ICICI Prudential,Log holdings zero,0.5,5,0,1,1,0.2,158,-3.789346548936434,0.2515011522320495,INE733E01010
Fund holdout,2023-12,icici:HOUSING,ICICI Prudential,Log holdings minimum,0.5,6,0,0,1,0.1666666666666666,158,-3.4630897015358144,0.3159457394985028,INE733E01010
Fund holdout,2023-12,icici:HOUSING,ICICI Prudential,Word2Vec,0.5,3,0,1,1,0.3333333333333333,158,-3.4400794520485327,0.3204908886437868,INE733E01010
Fund holdout,2023-12,icici:LARGE & MIDCAP,ICICI Prudential,Popularity,0.25,2,0,1,1,0.5,120,-2.2478088480916227,0.5304829817240782,INE585B01010
Fund holdout,2023-12,icici:LARGE & MIDCAP,ICICI Prudential,Co-holding,0.25,3,0,1,1,0.3333333333333333,120,-3.064678737285387,0.3598571231154791,INE585B01010
Fund holdout,2023-12,icici:LARGE & MIDCAP,ICICI Prudential,Category popularity,0.25,11,0,0,0,0.0909090909090909,120,-3.5970341200851443,0.248659984529836,INE585B01010
Fund holdout,2023-12,icici:LARGE & MIDCAP,ICICI Prudential,Binary factors,0.25,1,1,1,1,1.0,120,-1.4404328327395897,0.699125782324056,INE585B01010
Fund holdout,2023-12,icici:LARGE & MIDCAP,ICICI Prudential,Rank factors,0.25,4,0,1,1,0.25,120,-3.717324877959356,0.2235339343271238,INE585B01010
Fund holdout,2023-12,icici:LARGE & MIDCAP,ICICI Prudential,Log holdings zero,0.5,1,1,1,1,1.0,120,-0.5675615355195163,0.881449083149812,INE585B01010
Fund holdout,2023-12,icici:LARGE & MIDCAP,ICICI Prudential,Log holdings minimum,0.5,2,0,1,1,0.5,120,-1.8740231458593917,0.6085584588872036,INE585B01010
Fund holdout,2023-12,icici:LARGE & MIDCAP,ICICI Prudential,Word2Vec,0.5,4,0,1,1,0.25,120,-1.8065924125170856,0.6226432316586594,INE585B01010
Fund holdout,2023-12,icici:MIDCAP,ICICI Prudential,Popularity,0.25,44,0,0,0,0.0227272727272727,123,-6.554931011342424,-0.3621529283316775,INE326A01037
Fund holdout,2023-12,icici:MIDCAP,ICICI Prudential,Co-holding,0.25,27,0,0,0,0.037037037037037,123,-4.461001274766908,0.0729778941684644,INE326A01037
Fund holdout,2023-12,icici:MIDCAP,ICICI Prudential,Category popularity,0.25,26,0,0,0,0.0384615384615384,123,-4.734776952479769,0.0160857101840308,INE326A01037
Fund holdout,2023-12,icici:MIDCAP,ICICI Prudential,Binary factors,0.25,8,0,0,1,0.125,123,-3.487583661041006,0.2752597565911208,INE326A01037
Fund holdout,2023-12,icici:MIDCAP,ICICI Prudential,Rank factors,0.25,51,0,0,0,0.0196078431372549,123,-5.210608537090049,-0.0827948707477972,INE326A01037
Fund holdout,2023-12,icici:MIDCAP,ICICI Prudential,Log holdings zero,0.5,55,0,0,0,0.0181818181818181,123,-6.067412161288675,-0.2608436654167034,INE326A01037
Fund holdout,2023-12,icici:MIDCAP,ICICI Prudential,Log holdings minimum,0.5,30,0,0,0,0.0333333333333333,123,-5.442767794131275,-0.131038919582302,INE326A01037
Fund holdout,2023-12,icici:MIDCAP,ICICI Prudential,Word2Vec,0.5,17,0,0,0,0.0588235294117647,123,-4.215085813461862,0.1240805625503401,INE326A01037
Fund holdout,2023-12,icici:MNCFUND,ICICI Prudential,Popularity,0.25,5,0,1,1,0.2,151,-2.966034662388722,0.4088361106300932,INE044A01036
Fund holdout,2023-12,icici:MNCFUND,ICICI Prudential,Co-holding,0.25,4,0,1,1,0.25,151,-3.1990934982771075,0.362384877398435,INE044A01036
Fund holdout,2023-12,icici:MNCFUND,ICICI Prudential,Category popularity,0.25,4,0,1,1,0.25,151,-3.010972143101478,0.3998795680065342,INE044A01036
Fund holdout,2023-12,icici:MNCFUND,ICICI Prudential,Binary factors,0.25,3,0,1,1,0.3333333333333333,151,-2.869234216034981,0.4281295224991014,INE044A01036
Fund holdout,2023-12,icici:MNCFUND,ICICI Prudential,Rank factors,0.25,14,0,0,0,0.0714285714285714,151,-4.380480164951588,0.1269212985073582,INE044A01036
Fund holdout,2023-12,icici:MNCFUND,ICICI Prudential,Log holdings zero,0.5,38,0,0,0,0.0263157894736842,151,-5.366254209804964,-0.0695544965280581,INE044A01036
Fund holdout,2023-12,icici:MNCFUND,ICICI Prudential,Log holdings minimum,0.5,26,0,0,0,0.0384615384615384,151,-4.422283627652053,0.1185894007340414,INE044A01036
Fund holdout,2023-12,icici:MNCFUND,ICICI Prudential,Word2Vec,0.5,4,0,1,1,0.25,151,-2.1233347163649974,0.5767956371927352,INE044A01036
Fund holdout,2023-12,icici:MULTICAP,ICICI Prudential,Popularity,0.25,1,1,1,1,1.0,110,-1.6571681022365752,0.6474470749209892,INE002A01018
Fund holdout,2023-12,icici:MULTICAP,ICICI Prudential,Co-holding,0.25,1,1,1,1,1.0,110,-2.286478126273648,0.5135650086077557,INE002A01018
Fund holdout,2023-12,icici:MULTICAP,ICICI Prudential,Category popularity,0.25,1,1,1,1,1.0,110,-1.875003891338217,0.6011037712265552,INE002A01018
Fund holdout,2023-12,icici:MULTICAP,ICICI Prudential,Binary factors,0.25,1,1,1,1,1.0,110,-2.1523276639393085,0.542104743250754,INE002A01018
Fund holdout,2023-12,icici:MULTICAP,ICICI Prudential,Rank factors,0.25,1,1,1,1,1.0,110,-2.946587392745631,0.3731305816764347,INE002A01018
Fund holdout,2023-12,icici:MULTICAP,ICICI Prudential,Log holdings zero,0.5,1,1,1,1,1.0,110,-2.362399528108371,0.4974131696622642,INE002A01018
Fund holdout,2023-12,icici:MULTICAP,ICICI Prudential,Log holdings minimum,0.5,1,1,1,1,1.0,110,-1.9388214289690928,0.5875269593553036,INE002A01018
Fund holdout,2023-12,icici:MULTICAP,ICICI Prudential,Word2Vec,0.5,1,1,1,1,1.0,110,-0.2057299053649544,0.956232153023732,INE002A01018
Fund holdout,2023-12,kotak:EME,Kotak,Popularity,0.25,75,0,0,0,0.0133333333333333,116,-7.755700372958827,-0.6315458550611286,INE262H01013
Fund holdout,2023-12,kotak:EME,Kotak,Co-holding,0.25,14,0,0,0,0.0714285714285714,116,-3.9960030777567375,0.1593715660990339,INE262H01013
Fund holdout,2023-12,kotak:EME,Kotak,Category popularity,0.25,2,0,1,1,0.5,116,-2.611206871043552,0.4506874244378621,INE262H01013
Fund holdout,2023-12,kotak:EME,Kotak,Binary factors,0.25,3,0,1,1,0.3333333333333333,116,-2.5572727465680334,0.4620334013326365,INE262H01013
Fund holdout,2023-12,kotak:EME,Kotak,Rank factors,0.25,3,0,1,1,0.3333333333333333,116,-3.626310862682628,0.237142724362903,INE262H01013
Fund holdout,2023-12,kotak:EME,Kotak,Log holdings zero,0.5,26,0,0,0,0.0384615384615384,116,-4.538618480710294,0.0452230212857363,INE262H01013
Fund holdout,2023-12,kotak:EME,Kotak,Log holdings minimum,0.5,3,0,1,1,0.3333333333333333,116,-3.337942107306071,0.2978060848511662,INE262H01013
Fund holdout,2023-12,kotak:EME,Kotak,Word2Vec,0.5,24,0,0,0,0.0416666666666666,116,-4.977373913451988,-0.0470767805698326,INE262H01013
Fund holdout,2023-12,mirae:MAFF,Mirae Asset,Popularity,0.25,1,1,1,1,1.0,154,-1.458211010445158,0.7104973730055737,INE090A01021
Fund holdout,2023-12,mirae:MAFF,Mirae Asset,Co-holding,0.25,1,1,1,1,1.0,154,-2.6885115566611746,0.4662424348855533,INE090A01021
Fund holdout,2023-12,mirae:MAFF,Mirae Asset,Category popularity,0.25,1,1,1,1,1.0,154,-0.7855477348003728,0.8440430560287682,INE090A01021
Fund holdout,2023-12,mirae:MAFF,Mirae Asset,Binary factors,0.25,12,0,0,0,0.0833333333333333,154,-4.089930540128314,0.1880148846013593,INE090A01021
Fund holdout,2023-12,mirae:MAFF,Mirae Asset,Rank factors,0.25,1,1,1,1,1.0,154,-2.929312677625449,0.4184355286127236,INE090A01021
Fund holdout,2023-12,mirae:MAFF,Mirae Asset,Log holdings zero,0.5,1,1,1,1,1.0,154,-2.174902535972658,0.5682106409080605,INE090A01021
Fund holdout,2023-12,mirae:MAFF,Mirae Asset,Log holdings minimum,0.5,1,1,1,1,1.0,154,-2.6294954046070824,0.4779590732406199,INE090A01021
Fund holdout,2023-12,mirae:MAFF,Mirae Asset,Word2Vec,0.5,1,1,1,1,1.0,154,-0.0224030114629414,0.99555226875627,INE090A01021
Fund holdout,2023-12,sbi:SBLUECHIP,SBI,Popularity,0.25,1,1,1,1,1.0,133,-0.9180676391861872,0.8122695097803747,INE090A01021
Fund holdout,2023-12,sbi:SBLUECHIP,SBI,Co-holding,0.25,1,1,1,1,1.0,133,-2.357973770789641,0.5178311999889759,INE090A01021
Fund holdout,2023-12,sbi:SBLUECHIP,SBI,Category popularity,0.25,1,1,1,1,1.0,133,-1.3584188947637674,0.7222245571539141,INE090A01021
Fund holdout,2023-12,sbi:SBLUECHIP,SBI,Binary factors,0.25,4,0,1,1,0.25,133,-3.30164271353123,0.3248656431341978,INE090A01021
Fund holdout,2023-12,sbi:SBLUECHIP,SBI,Rank factors,0.25,1,1,1,1,1.0,133,-3.115735706389379,0.3628807218673293,INE090A01021
Fund holdout,2023-12,sbi:SBLUECHIP,SBI,Log holdings zero,0.5,1,1,1,1,1.0,133,-1.4747674893666507,0.6984330871479291,INE090A01021
Fund holdout,2023-12,sbi:SBLUECHIP,SBI,Log holdings minimum,0.5,1,1,1,1,1.0,133,-1.9218306837155732,0.6070156478962072,INE090A01021
Fund holdout,2023-12,sbi:SBLUECHIP,SBI,Word2Vec,0.5,1,1,1,1,1.0,133,-0.0004596181100211,0.9999060152766254,INE090A01021
Fund holdout,2023-12,sbi:SMAAF,SBI,Popularity,0.25,1,1,1,1,1.0,149,-1.4227345532556974,0.715677494067978,INE040A01034
Fund holdout,2023-12,sbi:SMAAF,SBI,Co-holding,0.25,1,1,1,1,1.0,149,-2.909400402302022,0.4185788127172335,INE040A01034
Fund holdout,2023-12,sbi:SMAAF,SBI,Category popularity,0.25,1,1,1,1,1.0,149,-1.7555005582605163,0.6491767795000696,INE040A01034
Fund holdout,2023-12,sbi:SMAAF,SBI,Binary factors,0.25,4,0,1,1,0.25,149,-3.700021879875398,0.2605792201488649,INE040A01034
Fund holdout,2023-12,sbi:SMAAF,SBI,Rank factors,0.25,5,0,1,1,0.2,149,-4.309550102709734,0.1387697150967978,INE040A01034
Fund holdout,2023-12,sbi:SMAAF,SBI,Log holdings zero,0.5,1,1,1,1,1.0,149,-3.148713026164133,0.3707540341863827,INE040A01034
Fund holdout,2023-12,sbi:SMAAF,SBI,Log holdings minimum,0.5,87,0,0,0,0.0114942528735632,149,-5.716544732076251,-0.1424072886801592,INE040A01034
Fund holdout,2023-12,sbi:SMAAF,SBI,Word2Vec,0.5,22,0,0,0,0.0454545454545454,149,-4.310828805558903,0.1385141762138866,INE040A01034
Fund holdout,2023-12,uti:193,UTI,Popularity,0.25,1,1,1,1,1.0,137,-1.35163399986844,0.7252765772377594,INE090A01021
Fund holdout,2023-12,uti:193,UTI,Co-holding,0.25,1,1,1,1,1.0,137,-2.562777230217841,0.4791082996350281,INE090A01021
Fund holdout,2023-12,uti:193,UTI,Category popularity,0.25,1,1,1,1,1.0,137,-1.3790040742936274,0.7197135324134382,INE090A01021
Fund holdout,2023-12,uti:193,UTI,Binary factors,0.25,6,0,0,1,0.1666666666666666,137,-3.517242406391876,0.285110560504895,INE090A01021
Fund holdout,2023-12,uti:193,UTI,Rank factors,0.25,1,1,1,1,1.0,137,-2.5294900515326564,0.4858740125894094,INE090A01021
Fund holdout,2023-12,uti:193,UTI,Log holdings zero,0.5,1,1,1,1,1.0,137,-1.9615816403254265,0.6013029989551727,INE090A01021
Fund holdout,2023-12,uti:193,UTI,Log holdings minimum,0.5,1,1,1,1,1.0,137,-1.4271571857049956,0.7099262767030385,INE090A01021
Fund holdout,2023-12,uti:193,UTI,Word2Vec,0.5,1,1,1,1,1.0,137,-0.0275140731081506,0.9944076870372176,INE090A01021
Fund holdout,2023-12,uti:753,UTI,Popularity,0.25,1,1,1,1,1.0,150,-1.6290653121422558,0.6748784901464111,INE090A01021
Fund holdout,2023-12,uti:753,UTI,Co-holding,0.25,1,1,1,1,1.0,150,-2.72656933651442,0.4558435853978476,INE090A01021
Fund holdout,2023-12,uti:753,UTI,Category popularity,0.25,1,1,1,1,1.0,150,-1.0212459739338495,0.7961843331249582,INE090A01021
Fund holdout,2023-12,uti:753,UTI,Binary factors,0.25,1,1,1,1,1.0,150,-2.317018283133635,0.5375799380442546,INE090A01021
Fund holdout,2023-12,uti:753,UTI,Rank factors,0.25,2,0,1,1,0.5,150,-2.7155063298722477,0.4580514903825123,INE090A01021
Fund holdout,2023-12,uti:753,UTI,Log holdings zero,0.5,1,1,1,1,1.0,150,-2.377170076799225,0.5255751142774034,INE090A01021
Fund holdout,2023-12,uti:753,UTI,Log holdings minimum,0.5,1,1,1,1,1.0,150,-2.572798549672418,0.4865324657127212,INE090A01021
Fund holdout,2023-12,uti:753,UTI,Word2Vec,0.5,1,1,1,1,1.0,150,-0.2089524997311151,0.9582982022305012,INE090A01021
Fund holdout,2024-01,absl:ABSLMCF,Aditya Birla SL,Popularity,0.25,1,1,1,1,1.0,134,-1.7778812293117312,0.6370070680283275,INE002A01018
Fund holdout,2024-01,absl:ABSLMCF,Aditya Birla SL,Co-holding,0.25,1,1,1,1,1.0,134,-2.870194355493272,0.4139877021861682,INE002A01018
Fund holdout,2024-01,absl:ABSLMCF,Aditya Birla SL,Category popularity,0.25,1,1,1,1,1.0,134,-1.9978549076262773,0.592094680669976,INE002A01018
Fund holdout,2024-01,absl:ABSLMCF,Aditya Birla SL,Binary factors,0.25,23,0,0,0,0.0434782608695652,134,-4.398216594446892,0.1020088908397996,INE002A01018
Fund holdout,2024-01,absl:ABSLMCF,Aditya Birla SL,Rank factors,0.25,1,1,1,1,1.0,134,-2.353857356458356,0.5194090757149821,INE002A01018
Fund holdout,2024-01,absl:ABSLMCF,Aditya Birla SL,Log holdings zero,0.25,1,1,1,1,1.0,134,-1.010316826874261,0.7937219533222816,INE002A01018
Fund holdout,2024-01,absl:ABSLMCF,Aditya Birla SL,Log holdings minimum,0.25,1,1,1,1,1.0,134,-1.4205820008019687,0.7099574386209597,INE002A01018
Fund holdout,2024-01,absl:ABSLMCF,Aditya Birla SL,Word2Vec,0.5,1,1,1,1,1.0,134,-0.0302978430611222,0.9938140395973292,INE002A01018
Fund holdout,2024-01,absl:BSLDAAF,Aditya Birla SL,Popularity,0.25,1,1,1,1,1.0,94,-0.689467211094339,0.8482451075406877,INE002A01018
Fund holdout,2024-01,absl:BSLDAAF,Aditya Birla SL,Co-holding,0.25,1,1,1,1,1.0,94,-1.691931548728067,0.6275981133051831,INE002A01018
Fund holdout,2024-01,absl:BSLDAAF,Aditya Birla SL,Category popularity,0.25,1,1,1,1,1.0,94,-1.110619852172224,0.7555474814211117,INE002A01018
Fund holdout,2024-01,absl:BSLDAAF,Aditya Birla SL,Binary factors,0.25,4,0,1,1,0.25,94,-2.9856169825861016,0.3428520213486185,INE002A01018
Fund holdout,2024-01,absl:BSLDAAF,Aditya Birla SL,Rank factors,0.25,1,1,1,1,1.0,94,-2.192123683184705,0.5175035325157933,INE002A01018
Fund holdout,2024-01,absl:BSLDAAF,Aditya Birla SL,Log holdings zero,0.25,1,1,1,1,1.0,94,-0.3436116677763055,0.924369497414688,INE002A01018
Fund holdout,2024-01,absl:BSLDAAF,Aditya Birla SL,Log holdings minimum,0.25,1,1,1,1,1.0,94,-0.0043048688224054,0.9990524786462888,INE002A01018
Fund holdout,2024-01,absl:BSLDAAF,Aditya Birla SL,Word2Vec,0.5,1,1,1,1,1.0,94,-0.0007358834330783,0.9998380286843922,INE002A01018
Fund holdout,2024-01,absl:BSLR96,Aditya Birla SL,Popularity,0.25,1,1,1,1,1.0,127,-0.7183322824109943,0.8517125227431831,INE040A01034
Fund holdout,2024-01,absl:BSLR96,Aditya Birla SL,Co-holding,0.25,1,1,1,1,1.0,127,-2.1760923885360275,0.5507827526688509,INE040A01034
Fund holdout,2024-01,absl:BSLR96,Aditya Birla SL,Category popularity,0.25,1,1,1,1,1.0,127,-0.719825522545527,0.8514042687249379,INE040A01034
Fund holdout,2024-01,absl:BSLR96,Aditya Birla SL,Binary factors,0.25,3,0,1,1,0.3333333333333333,127,-3.243142710324933,0.3305083696311415,INE040A01034
Fund holdout,2024-01,absl:BSLR96,Aditya Birla SL,Rank factors,0.25,1,1,1,1,1.0,127,-2.3469505874097742,0.5155119846691255,INE040A01034
Fund holdout,2024-01,absl:BSLR96,Aditya Birla SL,Log holdings zero,0.25,1,1,1,1,1.0,127,-0.2973602834069266,0.9386150290854444,INE040A01034
Fund holdout,2024-01,absl:BSLR96,Aditya Birla SL,Log holdings minimum,0.25,1,1,1,1,1.0,127,-0.7782445700305374,0.8393446503736329,INE040A01034
Fund holdout,2024-01,absl:BSLR96,Aditya Birla SL,Word2Vec,0.5,1,1,1,1,1.0,127,-7.915068700725669e-05,0.9999836606874188,INE040A01034
Fund holdout,2024-01,absl:MNC,Aditya Birla SL,Popularity,0.25,11,0,0,0,0.0909090909090909,145,-3.787103016385643,0.2390384512425856,INE585B01010
Fund holdout,2024-01,absl:MNC,Aditya Birla SL,Co-holding,0.25,8,0,0,1,0.125,145,-3.606868239300141,0.2752539263742409,INE585B01010
Fund holdout,2024-01,absl:MNC,Aditya Birla SL,Category popularity,0.25,6,0,0,1,0.1666666666666666,145,-3.287538461218144,0.3394184556839166,INE585B01010
Fund holdout,2024-01,absl:MNC,Aditya Birla SL,Binary factors,0.25,2,0,1,1,0.5,145,-2.835475504345447,0.4302537264197031,INE585B01010
Fund holdout,2024-01,absl:MNC,Aditya Birla SL,Rank factors,0.25,11,0,0,0,0.0909090909090909,145,-4.197933218801197,0.1564882840689375,INE585B01010
Fund holdout,2024-01,absl:MNC,Aditya Birla SL,Log holdings zero,0.25,3,0,1,1,0.3333333333333333,145,-2.2385710825082024,0.550192717077243,INE585B01010
Fund holdout,2024-01,absl:MNC,Aditya Birla SL,Log holdings minimum,0.25,2,0,1,1,0.5,145,-2.49006095476014,0.4996595993200494,INE585B01010
Fund holdout,2024-01,absl:MNC,Aditya Birla SL,Word2Vec,0.5,31,0,0,0,0.032258064516129,145,-4.767314777033479,0.0420796000400933,INE585B01010
Fund holdout,2024-01,axis:AXISMLC,Axis,Popularity,0.25,73,0,0,0,0.0136986301369863,120,-6.761521183948702,-0.4123306205473542,INE262H01013
Fund holdout,2024-01,axis:AXISMLC,Axis,Co-holding,0.25,31,0,0,0,0.032258064516129,120,-4.54446136884772,0.0507636121358821,INE262H01013
Fund holdout,2024-01,axis:AXISMLC,Axis,Category popularity,0.25,61,0,0,0,0.0163934426229508,120,-6.559187735481737,-0.3700676863559762,INE262H01013
Fund holdout,2024-01,axis:AXISMLC,Axis,Binary factors,0.25,1,1,1,1,1.0,120,-2.595982342674408,0.4577573221743325,INE262H01013
Fund holdout,2024-01,axis:AXISMLC,Axis,Rank factors,0.25,6,0,0,1,0.1666666666666666,120,-3.947148983412096,0.1755288164490119,INE262H01013
Fund holdout,2024-01,axis:AXISMLC,Axis,Log holdings zero,0.25,25,0,0,0,0.04,120,-4.59057471082733,0.0411315658667404,INE262H01013
Fund holdout,2024-01,axis:AXISMLC,Axis,Log holdings minimum,0.25,5,0,1,1,0.2,120,-2.773076897065712,0.4207662287362491,INE262H01013
Fund holdout,2024-01,axis:AXISMLC,Axis,Word2Vec,0.5,5,0,1,1,0.2,120,-2.9910311650866213,0.3752404545457217,INE262H01013
Fund holdout,2024-01,hdfc:HDFCEQ,HDFC,Popularity,0.25,1,1,1,1,1.0,138,-1.0382344765669167,0.7892873915352723,INE040A01034
Fund holdout,2024-01,hdfc:HDFCEQ,HDFC,Co-holding,0.25,1,1,1,1,1.0,138,-2.440571558319002,0.5046791348148061,INE040A01034
Fund holdout,2024-01,hdfc:HDFCEQ,HDFC,Category popularity,0.25,1,1,1,1,1.0,138,-1.1630008646835712,0.7639657019919677,INE040A01034
Fund holdout,2024-01,hdfc:HDFCEQ,HDFC,Binary factors,0.25,2,0,1,1,0.5,138,-3.1260139021929376,0.3655666823874522,INE040A01034
Fund holdout,2024-01,hdfc:HDFCEQ,HDFC,Rank factors,0.25,1,1,1,1,1.0,138,-2.453030357823032,0.5021505863981575,INE040A01034
Fund holdout,2024-01,hdfc:HDFCEQ,HDFC,Log holdings zero,0.25,1,1,1,1,1.0,138,-0.3723863820681927,0.9244231359164712,INE040A01034
Fund holdout,2024-01,hdfc:HDFCEQ,HDFC,Log holdings minimum,0.25,1,1,1,1,1.0,138,-0.8945420230807564,0.8184501793005984,INE040A01034
Fund holdout,2024-01,hdfc:HDFCEQ,HDFC,Word2Vec,0.5,1,1,1,1,1.0,138,-0.2473758163061834,0.949794381999982,INE040A01034
Fund holdout,2024-01,hdfc:HDFCMNCFND,HDFC,Popularity,0.25,71,0,0,0,0.0140845070422535,153,-7.327161138704573,-0.4565652639395658,INE239A01024
Fund holdout,2024-01,hdfc:HDFCMNCFND,HDFC,Co-holding,0.25,103,0,0,0,0.0097087378640776,153,-6.051553911288771,-0.2029874944990253,INE239A01024
Fund holdout,2024-01,hdfc:HDFCMNCFND,HDFC,Category popularity,0.25,53,0,0,0,0.0188679245283018,153,-6.68311480784892,-0.328535390413688,INE239A01024
Fund holdout,2024-01,hdfc:HDFCMNCFND,HDFC,Binary factors,0.25,121,0,0,0,0.0082644628099173,153,-6.731589371853779,-0.3381716417226876,INE239A01024
Fund holdout,2024-01,hdfc:HDFCMNCFND,HDFC,Rank factors,0.25,50,0,0,0,0.02,153,-5.413494084724456,-0.0761476772634517,INE239A01024
Fund holdout,2024-01,hdfc:HDFCMNCFND,HDFC,Log holdings zero,0.25,65,0,0,0,0.0153846153846153,153,-7.238249935206655,-0.4388906191298536,INE239A01024
Fund holdout,2024-01,hdfc:HDFCMNCFND,HDFC,Log holdings minimum,0.25,53,0,0,0,0.0188679245283018,153,-8.025194099597343,-0.5953271315543742,INE239A01024
Fund holdout,2024-01,hdfc:HDFCMNCFND,HDFC,Word2Vec,0.5,22,0,0,0,0.0454545454545454,153,-4.638727519291892,0.0778680520904065,INE239A01024
Fund holdout,2024-01,icici:BHACON,ICICI Prudential,Popularity,0.25,8,0,0,1,0.125,145,-3.864584484195571,0.2234697124230876,INE030A01027
Fund holdout,2024-01,icici:BHACON,ICICI Prudential,Co-holding,0.25,5,0,1,1,0.2,145,-3.28646312968907,0.3396345274258923,INE030A01027
Fund holdout,2024-01,icici:BHACON,ICICI Prudential,Category popularity,0.25,11,0,0,0,0.0909090909090909,145,-3.92835938492124,0.2106551026757215,INE030A01027
Fund holdout,2024-01,icici:BHACON,ICICI Prudential,Binary factors,0.25,55,0,0,0,0.0181818181818181,145,-5.198968654673287,-0.044654772337614,INE030A01027
Fund holdout,2024-01,icici:BHACON,ICICI Prudential,Rank factors,0.25,4,0,1,1,0.25,145,-3.268453225840176,0.3432533474755529,INE030A01027
Fund holdout,2024-01,icici:BHACON,ICICI Prudential,Log holdings zero,0.25,4,0,1,1,0.25,145,-2.493603416253572,0.4989477948159755,INE030A01027
Fund holdout,2024-01,icici:BHACON,ICICI Prudential,Log holdings minimum,0.25,1,1,1,1,1.0,145,-0.0936462801329636,0.9811831845986166,INE030A01027
Fund holdout,2024-01,icici:BHACON,ICICI Prudential,Word2Vec,0.5,5,0,1,1,0.2,145,-3.4658638661962518,0.303586640238758,INE030A01027
Fund holdout,2024-01,icici:HOUSING,ICICI Prudential,Popularity,0.25,1,1,1,1,1.0,152,-1.7654042932228506,0.6485974764134186,INE090A01021
Fund holdout,2024-01,icici:HOUSING,ICICI Prudential,Co-holding,0.25,3,0,1,1,0.3333333333333333,152,-3.0606562873872734,0.3907784481164963,INE090A01021
Fund holdout,2024-01,icici:HOUSING,ICICI Prudential,Category popularity,0.25,1,1,1,1,1.0,152,-1.8533668363781608,0.6310885920380209,INE090A01021
Fund holdout,2024-01,icici:HOUSING,ICICI Prudential,Binary factors,0.25,11,0,0,0,0.0909090909090909,152,-3.836674125254688,0.2363126254028833,INE090A01021
Fund holdout,2024-01,icici:HOUSING,ICICI Prudential,Rank factors,0.25,1,1,1,1,1.0,152,-2.6478296002008683,0.4729513193608275,INE090A01021
Fund holdout,2024-01,icici:HOUSING,ICICI Prudential,Log holdings zero,0.25,14,0,0,0,0.0714285714285714,152,-5.118651530404359,-0.0188641049811668,INE090A01021
Fund holdout,2024-01,icici:HOUSING,ICICI Prudential,Log holdings minimum,0.25,2,0,1,1,0.5,152,-2.348949272206108,0.5324432453241492,INE090A01021
Fund holdout,2024-01,icici:HOUSING,ICICI Prudential,Word2Vec,0.5,1,1,1,1,1.0,152,-0.761739236679638,0.8483763231392847,INE090A01021
Fund holdout,2024-01,icici:LARGE & MIDCAP,ICICI Prudential,Popularity,0.25,1,1,1,1,1.0,112,-2.224322425777668,0.528595325240132,INE585B01010
Fund holdout,2024-01,icici:LARGE & MIDCAP,ICICI Prudential,Co-holding,0.25,3,0,1,1,0.3333333333333333,112,-3.08686874528051,0.3457943236864117,INE585B01010
Fund holdout,2024-01,icici:LARGE & MIDCAP,ICICI Prudential,Category popularity,0.25,5,0,1,1,0.2,112,-3.0280916347212585,0.3582510630356189,INE585B01010
Fund holdout,2024-01,icici:LARGE & MIDCAP,ICICI Prudential,Binary factors,0.25,1,1,1,1,1.0,112,-1.964165106734589,0.583730936403619,INE585B01010
Fund holdout,2024-01,icici:LARGE & MIDCAP,ICICI Prudential,Rank factors,0.25,4,0,1,1,0.25,112,-3.736305013474885,0.2081581207522096,INE585B01010
Fund holdout,2024-01,icici:LARGE & MIDCAP,ICICI Prudential,Log holdings zero,0.25,3,0,1,1,0.3333333333333333,112,-1.948891676196938,0.5869678621620561,INE585B01010
Fund holdout,2024-01,icici:LARGE & MIDCAP,ICICI Prudential,Log holdings minimum,0.25,2,0,1,1,0.5,112,-1.9402696628704827,0.5887951410407068,INE585B01010
Fund holdout,2024-01,icici:LARGE & MIDCAP,ICICI Prudential,Word2Vec,0.5,5,0,1,1,0.2,112,-2.33649877473119,0.5048215887164369,INE585B01010
Fund holdout,2024-01,icici:MIDCAP,ICICI Prudential,Popularity,0.25,43,0,0,0,0.0232558139534883,117,-6.571599626318898,-0.3799579176013414,INE326A01037
Fund holdout,2024-01,icici:MIDCAP,ICICI Prudential,Co-holding,0.25,15,0,0,0,0.0666666666666666,117,-4.115113572293949,0.1358749956140119,INE326A01037
Fund holdout,2024-01,icici:MIDCAP,ICICI Prudential,Category popularity,0.25,13,0,0,0,0.0769230769230769,117,-3.794266385975865,0.2032490963316729,INE326A01037
Fund holdout,2024-01,icici:MIDCAP,ICICI Prudential,Binary factors,0.25,1,1,1,1,1.0,117,-1.5880573702801302,0.6665268022497013,INE326A01037
Fund holdout,2024-01,icici:MIDCAP,ICICI Prudential,Rank factors,0.25,18,0,0,0,0.0555555555555555,117,-4.501469920960405,0.0547447483873608,INE326A01037
Fund holdout,2024-01,icici:MIDCAP,ICICI Prudential,Log holdings zero,0.25,47,0,0,0,0.0212765957446808,117,-6.895970498470694,-0.4480719505184469,INE326A01037
Fund holdout,2024-01,icici:MIDCAP,ICICI Prudential,Log holdings minimum,0.25,32,0,0,0,0.03125,117,-8.779050434873241,-0.8434963852797781,INE326A01037
Fund holdout,2024-01,icici:MIDCAP,ICICI Prudential,Word2Vec,0.5,19,0,0,0,0.0526315789473684,117,-4.164346568870981,0.125536650721298,INE326A01037
Fund holdout,2024-01,icici:MNCFUND,ICICI Prudential,Popularity,0.25,5,0,1,1,0.2,146,-3.027744167390104,0.3924592374122378,INE044A01036
Fund holdout,2024-01,icici:MNCFUND,ICICI Prudential,Co-holding,0.25,4,0,1,1,0.25,146,-3.312939256625897,0.3352325919556125,INE044A01036
Fund holdout,2024-01,icici:MNCFUND,ICICI Prudential,Category popularity,0.25,4,0,1,1,0.25,146,-3.106198006926165,0.3767168553401214,INE044A01036
Fund holdout,2024-01,icici:MNCFUND,ICICI Prudential,Binary factors,0.25,1,1,1,1,1.0,146,-2.683394773800388,0.4615556608919217,INE044A01036
Fund holdout,2024-01,icici:MNCFUND,ICICI Prudential,Rank factors,0.25,33,0,0,0,0.0303030303030303,146,-4.751778531131777,0.0465181359954712,INE044A01036
Fund holdout,2024-01,icici:MNCFUND,ICICI Prudential,Log holdings zero,0.25,35,0,0,0,0.0285714285714285,146,-8.694412133003189,-0.7446024120625359,INE044A01036
Fund holdout,2024-01,icici:MNCFUND,ICICI Prudential,Log holdings minimum,0.25,40,0,0,0,0.025,146,-6.195270086129514,-0.243129836761841,INE044A01036
Fund holdout,2024-01,icici:MNCFUND,ICICI Prudential,Word2Vec,0.5,4,0,1,1,0.25,146,-2.6658987847579283,0.4650663691742023,INE044A01036
Fund holdout,2024-01,icici:MULTICAP,ICICI Prudential,Popularity,0.25,1,1,1,1,1.0,107,-1.4911987658283363,0.680878795552961,INE002A01018
Fund holdout,2024-01,icici:MULTICAP,ICICI Prudential,Co-holding,0.25,1,1,1,1,1.0,107,-2.346314121727919,0.4978814322442209,INE002A01018
Fund holdout,2024-01,icici:MULTICAP,ICICI Prudential,Category popularity,0.25,1,1,1,1,1.0,107,-1.775147011325271,0.6201129820476966,INE002A01018
Fund holdout,2024-01,icici:MULTICAP,ICICI Prudential,Binary factors,0.25,3,0,1,1,0.3333333333333333,107,-3.711369679160045,0.2057552693159103,INE002A01018
Fund holdout,2024-01,icici:MULTICAP,ICICI Prudential,Rank factors,0.25,2,0,1,1,0.5,107,-3.0158454989482286,0.3545996213885469,INE002A01018
Fund holdout,2024-01,icici:MULTICAP,ICICI Prudential,Log holdings zero,0.25,1,1,1,1,1.0,107,-0.3908187716358773,0.9163635593168732,INE002A01018
Fund holdout,2024-01,icici:MULTICAP,ICICI Prudential,Log holdings minimum,0.25,1,1,1,1,1.0,107,-0.1422800658840506,0.9695516204585236,INE002A01018
Fund holdout,2024-01,icici:MULTICAP,ICICI Prudential,Word2Vec,0.5,1,1,1,1,1.0,107,-0.0192536015974127,0.9958796689800794,INE002A01018
Fund holdout,2024-01,kotak:EME,Kotak,Popularity,0.25,76,0,0,0,0.0131578947368421,114,-7.706624597157837,-0.6271751872581004,INE262H01013
Fund holdout,2024-01,kotak:EME,Kotak,Co-holding,0.25,13,0,0,0,0.0769230769230769,114,-3.981599151136077,0.1593259457939768,INE262H01013
Fund holdout,2024-01,kotak:EME,Kotak,Category popularity,0.25,2,0,1,1,0.5,114,-2.606746597262198,0.4496120410356014,INE262H01013
Fund holdout,2024-01,kotak:EME,Kotak,Binary factors,0.25,6,0,0,1,0.1666666666666666,114,-3.322317174266482,0.2985266114867504,INE262H01013
Fund holdout,2024-01,kotak:EME,Kotak,Rank factors,0.25,8,0,0,1,0.125,114,-3.779535840212396,0.201989553141802,INE262H01013
Fund holdout,2024-01,kotak:EME,Kotak,Log holdings zero,0.25,25,0,0,0,0.04,114,-5.699005813316891,-0.2032869558598782,INE262H01013
Fund holdout,2024-01,kotak:EME,Kotak,Log holdings minimum,0.25,2,0,1,1,0.5,114,-2.061984915243092,0.5646329144121747,INE262H01013
Fund holdout,2024-01,kotak:EME,Kotak,Word2Vec,0.5,27,0,0,0,0.037037037037037,114,-4.516480435841446,0.0463912175444276,INE262H01013
Fund holdout,2024-01,mirae:MAFF,Mirae Asset,Popularity,0.25,1,1,1,1,1.0,148,-1.4069349681612593,0.7184560328670018,INE040A01034
Fund holdout,2024-01,mirae:MAFF,Mirae Asset,Co-holding,0.25,1,1,1,1,1.0,148,-2.68942835747634,0.4618142656064223,INE040A01034
Fund holdout,2024-01,mirae:MAFF,Mirae Asset,Category popularity,0.25,1,1,1,1,1.0,148,-0.974435818110326,0.8050041173503444,INE040A01034
Fund holdout,2024-01,mirae:MAFF,Mirae Asset,Binary factors,0.25,10,0,0,1,0.1,148,-4.011984851677109,0.1971554074777955,INE040A01034
Fund holdout,2024-01,mirae:MAFF,Mirae Asset,Rank factors,0.25,1,1,1,1,1.0,148,-3.2379035771955182,0.3520580275937347,INE040A01034
Fund holdout,2024-01,mirae:MAFF,Mirae Asset,Log holdings zero,0.25,2,0,1,1,0.5,148,-2.084718088310847,0.5828237877234405,INE040A01034
Fund holdout,2024-01,mirae:MAFF,Mirae Asset,Log holdings minimum,0.25,1,1,1,1,1.0,148,-2.214962641009606,0.5567603456354274,INE040A01034
Fund holdout,2024-01,mirae:MAFF,Mirae Asset,Word2Vec,0.5,1,1,1,1,1.0,148,-0.0468633763005268,0.9906220961341656,INE040A01034
Fund holdout,2024-01,sbi:SBLUECHIP,SBI,Popularity,0.25,1,1,1,1,1.0,129,-0.9666421577529044,0.8010947589488547,INE090A01021
Fund holdout,2024-01,sbi:SBLUECHIP,SBI,Co-holding,0.25,1,1,1,1,1.0,129,-2.31664935710905,0.523304777149451,INE090A01021
Fund holdout,2024-01,sbi:SBLUECHIP,SBI,Category popularity,0.25,1,1,1,1,1.0,129,-1.4350149493988216,0.7047180364182579,INE090A01021
Fund holdout,2024-01,sbi:SBLUECHIP,SBI,Binary factors,0.25,3,0,1,1,0.3333333333333333,129,-3.3368723767835275,0.3133742418146241,INE090A01021
Fund holdout,2024-01,sbi:SBLUECHIP,SBI,Rank factors,0.25,2,0,1,1,0.5,129,-3.474019949018909,0.2851534874265963,INE090A01021
Fund holdout,2024-01,sbi:SBLUECHIP,SBI,Log holdings zero,0.25,1,1,1,1,1.0,129,-0.4565957010856003,0.9060466406736593,INE090A01021
Fund holdout,2024-01,sbi:SBLUECHIP,SBI,Log holdings minimum,0.25,1,1,1,1,1.0,129,-1.0870442283946034,0.7763197140245612,INE090A01021
Fund holdout,2024-01,sbi:SBLUECHIP,SBI,Word2Vec,0.5,1,1,1,1,1.0,129,-0.0005440511912766,0.9998880509892134,INE090A01021
Fund holdout,2024-01,sbi:SMAAF,SBI,Popularity,0.25,104,0,0,0,0.0096153846153846,144,-7.940272072835755,-0.5977002744777513,INE075A01022
Fund holdout,2024-01,sbi:SMAAF,SBI,Co-holding,0.25,66,0,0,0,0.0151515151515151,144,-5.406680970674185,-0.08790424202363,INE075A01022
Fund holdout,2024-01,sbi:SMAAF,SBI,Category popularity,0.25,61,0,0,0,0.0163934426229508,144,-7.164332300592128,-0.4415697066936805,INE075A01022
Fund holdout,2024-01,sbi:SMAAF,SBI,Binary factors,0.25,57,0,0,0,0.0175438596491228,144,-5.851910700018406,-0.1774910539431453,INE075A01022
Fund holdout,2024-01,sbi:SMAAF,SBI,Rank factors,0.25,63,0,0,0,0.0158730158730158,144,-5.033797236946936,-0.012874515301489,INE075A01022
Fund holdout,2024-01,sbi:SMAAF,SBI,Log holdings zero,0.25,26,0,0,0,0.0384615384615384,144,-5.292637950742599,-0.0649570983268403,INE075A01022
Fund holdout,2024-01,sbi:SMAAF,SBI,Log holdings minimum,0.25,96,0,0,0,0.0104166666666666,144,-9.006536259752357,-0.8122484119314399,INE075A01022
Fund holdout,2024-01,sbi:SMAAF,SBI,Word2Vec,0.5,73,0,0,0,0.0136986301369863,144,-6.586548603781624,-0.3253110744308152,INE075A01022
Fund holdout,2024-01,uti:193,UTI,Popularity,0.25,1,1,1,1,1.0,134,-1.4511677900070232,0.7037126877809341,INE090A01021
Fund holdout,2024-01,uti:193,UTI,Co-holding,0.25,1,1,1,1,1.0,134,-2.570795928333581,0.4751163710255801,INE090A01021
Fund holdout,2024-01,uti:193,UTI,Category popularity,0.25,1,1,1,1,1.0,134,-1.426966188779165,0.7086539684712704,INE090A01021
Fund holdout,2024-01,uti:193,UTI,Binary factors,0.25,2,0,1,1,0.5,134,-2.681348886751911,0.4525445918466372,INE090A01021
Fund holdout,2024-01,uti:193,UTI,Rank factors,0.25,3,0,1,1,0.3333333333333333,134,-2.683560993377303,0.4520929424020362,INE090A01021
Fund holdout,2024-01,uti:193,UTI,Log holdings zero,0.25,1,1,1,1,1.0,134,-0.53839645050095,0.8900747120176642,INE090A01021
Fund holdout,2024-01,uti:193,UTI,Log holdings minimum,0.25,1,1,1,1,1.0,134,-0.5036168828754679,0.8971757134889313,INE090A01021
Fund holdout,2024-01,uti:193,UTI,Word2Vec,0.5,1,1,1,1,1.0,134,-0.1661382154232491,0.9660792875616484,INE090A01021
Fund holdout,2024-01,uti:753,UTI,Popularity,0.25,1,1,1,1,1.0,146,-1.5727534648660288,0.6844146048736682,INE040A01034
Fund holdout,2024-01,uti:753,UTI,Co-holding,0.25,1,1,1,1,1.0,146,-2.721115968365301,0.4539866055012731,INE040A01034
Fund holdout,2024-01,uti:753,UTI,Category popularity,0.25,1,1,1,1,1.0,146,-1.249561201143333,0.7492656832703632,INE040A01034
Fund holdout,2024-01,uti:753,UTI,Binary factors,0.25,2,0,1,1,0.5,146,-3.170755335192035,0.3637629179276739,INE040A01034
Fund holdout,2024-01,uti:753,UTI,Rank factors,0.25,2,0,1,1,0.5,146,-2.6527756910016422,0.4676996215057812,INE040A01034
Fund holdout,2024-01,uti:753,UTI,Log holdings zero,0.25,1,1,1,1,1.0,146,-1.8390946043872685,0.6309711532254039,INE040A01034
Fund holdout,2024-01,uti:753,UTI,Log holdings minimum,0.25,1,1,1,1,1.0,146,-1.8276919109641463,0.6332591936524818,INE040A01034
Fund holdout,2024-01,uti:753,UTI,Word2Vec,0.5,1,1,1,1,1.0,146,-1.3750838240226386,0.724078578346685,INE040A01034
Fund holdout,2024-02,absl:ABSLMCF,Aditya Birla SL,Popularity,0.25,1,1,1,1,1.0,126,-1.7134437706601844,0.6457105264692389,INE002A01018
Fund holdout,2024-02,absl:ABSLMCF,Aditya Birla SL,Co-holding,0.25,1,1,1,1,1.0,126,-2.6510930836135955,0.4518323921930562,INE002A01018
Fund holdout,2024-02,absl:ABSLMCF,Aditya Birla SL,Category popularity,0.25,2,0,1,1,0.5,126,-2.095907161440061,0.5666284137763996,INE002A01018
Fund holdout,2024-02,absl:ABSLMCF,Aditya Birla SL,Binary factors,0.25,15,0,0,0,0.0666666666666666,126,-3.849094514145052,0.2041211434319992,INE002A01018
Fund holdout,2024-02,absl:ABSLMCF,Aditya Birla SL,Rank factors,0.25,1,1,1,1,1.0,126,-2.5195567340549614,0.4790302173176771,INE002A01018
Fund holdout,2024-02,absl:ABSLMCF,Aditya Birla SL,Log holdings zero,0.25,1,1,1,1,1.0,126,-0.998684936289453,0.7935015047708482,INE002A01018
Fund holdout,2024-02,absl:ABSLMCF,Aditya Birla SL,Log holdings minimum,0.25,1,1,1,1,1.0,126,-0.3308460455015396,0.931590827030576,INE002A01018
Fund holdout,2024-02,absl:ABSLMCF,Aditya Birla SL,Word2Vec,0.5,1,1,1,1,1.0,126,-0.1049125487689686,0.9783071891201852,INE002A01018
Fund holdout,2024-02,absl:BSLDAAF,Aditya Birla SL,Popularity,0.25,1,1,1,1,1.0,96,-0.403251102417677,0.9116519850147548,INE040A01034
Fund holdout,2024-02,absl:BSLDAAF,Aditya Birla SL,Co-holding,0.25,1,1,1,1,1.0,96,-1.617910832062155,0.6455329952507731,INE040A01034
Fund holdout,2024-02,absl:BSLDAAF,Aditya Birla SL,Category popularity,0.25,1,1,1,1,1.0,96,-0.7884349473346575,0.8272623134211181,INE040A01034
Fund holdout,2024-02,absl:BSLDAAF,Aditya Birla SL,Binary factors,0.25,7,0,0,1,0.1428571428571428,96,-3.4175208288740944,0.2512576417236338,INE040A01034
Fund holdout,2024-02,absl:BSLDAAF,Aditya Birla SL,Rank factors,0.25,1,1,1,1,1.0,96,-1.7595284439799157,0.6145060871409826,INE040A01034
Fund holdout,2024-02,absl:BSLDAAF,Aditya Birla SL,Log holdings zero,0.25,2,0,1,1,0.5,96,-1.4352664459209254,0.6855484319526985,INE040A01034
Fund holdout,2024-02,absl:BSLDAAF,Aditya Birla SL,Log holdings minimum,0.25,1,1,1,1,1.0,96,-0.0062424279834889,0.9986323506179572,INE040A01034
Fund holdout,2024-02,absl:BSLDAAF,Aditya Birla SL,Word2Vec,0.5,1,1,1,1,1.0,96,-6.858823063282671e-06,0.9999984973050312,INE040A01034
Fund holdout,2024-02,absl:BSLR96,Aditya Birla SL,Popularity,0.25,1,1,1,1,1.0,124,-0.8759376731635697,0.8182808076163446,INE090A01021
Fund holdout,2024-02,absl:BSLR96,Aditya Birla SL,Co-holding,0.25,1,1,1,1,1.0,124,-2.163724137594631,0.551120799035099,INE090A01021
Fund holdout,2024-02,absl:BSLR96,Aditya Birla SL,Category popularity,0.25,1,1,1,1,1.0,124,-0.8259048463325573,0.828660455807027,INE090A01021
Fund holdout,2024-02,absl:BSLR96,Aditya Birla SL,Binary factors,0.25,14,0,0,0,0.0714285714285714,124,-3.888145285035776,0.1933779734404914,INE090A01021
Fund holdout,2024-02,absl:BSLR96,Aditya Birla SL,Rank factors,0.25,1,1,1,1,1.0,124,-2.7758028661510665,0.424140928621739,INE090A01021
Fund holdout,2024-02,absl:BSLR96,Aditya Birla SL,Log holdings zero,0.25,1,1,1,1,1.0,124,-0.169085844793849,0.9649219983329697,INE090A01021
Fund holdout,2024-02,absl:BSLR96,Aditya Birla SL,Log holdings minimum,0.25,1,1,1,1,1.0,124,-1.0868831149060745,0.7745187495557326,INE090A01021
Fund holdout,2024-02,absl:BSLR96,Aditya Birla SL,Word2Vec,0.5,1,1,1,1,1.0,124,-6.456370705443248e-05,0.9999866058224658,INE090A01021
Fund holdout,2024-02,absl:MNC,Aditya Birla SL,Popularity,0.25,122,0,0,0,0.0081967213114754,143,-8.984096109089009,-0.8102714830745179,INE462A01022
Fund holdout,2024-02,absl:MNC,Aditya Birla SL,Co-holding,0.25,68,0,0,0,0.0147058823529411,143,-5.546290890993335,-0.1175628705311437,INE462A01022
Fund holdout,2024-02,absl:MNC,Aditya Birla SL,Category popularity,0.25,92,0,0,0,0.0108695652173913,143,-8.443318548461766,-0.701306242186265,INE462A01022
Fund holdout,2024-02,absl:MNC,Aditya Birla SL,Binary factors,0.25,35,0,0,0,0.0285714285714285,143,-4.930067472928492,0.006604510068996,INE462A01022
Fund holdout,2024-02,absl:MNC,Aditya Birla SL,Rank factors,0.25,79,0,0,0,0.0126582278481012,143,-5.463381505046192,-0.1008568496652837,INE462A01022
Fund holdout,2024-02,absl:MNC,Aditya Birla SL,Log holdings zero,0.25,126,0,0,0,0.0079365079365079,143,-9.812402019722487,-0.977172922136917,INE462A01022
Fund holdout,2024-02,absl:MNC,Aditya Birla SL,Log holdings minimum,0.25,112,0,0,0,0.0089285714285714,143,-8.813865328833666,-0.7759704333867246,INE462A01022
Fund holdout,2024-02,absl:MNC,Aditya Birla SL,Word2Vec,0.5,116,0,0,0,0.0086206896551724,143,-6.435118932704743,-0.2966593581165027,INE462A01022
Fund holdout,2024-02,axis:AXISMLC,Axis,Popularity,0.25,59,0,0,0,0.0169491525423728,116,-6.252649528466762,-0.3153530862136648,INE849A01020
Fund holdout,2024-02,axis:AXISMLC,Axis,Co-holding,0.25,45,0,0,0,0.0222222222222222,116,-4.814971035408377,-0.0129125233422207,INE849A01020
Fund holdout,2024-02,axis:AXISMLC,Axis,Category popularity,0.25,34,0,0,0,0.0294117647058823,116,-4.954974654211967,-0.0423647085696152,INE849A01020
Fund holdout,2024-02,axis:AXISMLC,Axis,Binary factors,0.25,17,0,0,0,0.0588235294117647,116,-4.061059975263282,0.1456857213183329,INE849A01020
Fund holdout,2024-02,axis:AXISMLC,Axis,Rank factors,0.25,12,0,0,0,0.0833333333333333,116,-4.237452177519115,0.1085785675325793,INE849A01020
Fund holdout,2024-02,axis:AXISMLC,Axis,Log holdings zero,0.25,9,0,0,1,0.1111111111111111,116,-3.692778359009621,0.2231601356973197,INE849A01020
Fund holdout,2024-02,axis:AXISMLC,Axis,Log holdings minimum,0.25,24,0,0,0,0.0416666666666666,116,-4.805213981790245,-0.0108599581807586,INE849A01020
Fund holdout,2024-02,axis:AXISMLC,Axis,Word2Vec,0.5,12,0,0,0,0.0833333333333333,116,-3.869337427354349,0.1860178787406602,INE849A01020
Fund holdout,2024-02,hdfc:HDFCEQ,HDFC,Popularity,0.25,1,1,1,1,1.0,139,-1.0880573131321825,0.7794988223918206,INE040A01034
Fund holdout,2024-02,hdfc:HDFCEQ,HDFC,Co-holding,0.25,1,1,1,1,1.0,139,-2.471251350485374,0.4991864616219623,INE040A01034
Fund holdout,2024-02,hdfc:HDFCEQ,HDFC,Category popularity,0.25,1,1,1,1,1.0,139,-1.1970346901885112,0.7574139196173544,INE040A01034
Fund holdout,2024-02,hdfc:HDFCEQ,HDFC,Binary factors,0.25,1,1,1,1,1.0,139,-2.7863810973989622,0.4353235754898122,INE040A01034
Fund holdout,2024-02,hdfc:HDFCEQ,HDFC,Rank factors,0.25,1,1,1,1,1.0,139,-2.916169145257614,0.4090212685737217,INE040A01034
Fund holdout,2024-02,hdfc:HDFCEQ,HDFC,Log holdings zero,0.25,4,0,1,1,0.25,139,-2.841640106795132,0.4241250140737403,INE040A01034
Fund holdout,2024-02,hdfc:HDFCEQ,HDFC,Log holdings minimum,0.25,2,0,1,1,0.5,139,-2.6374260060768826,0.4655101958551517,INE040A01034
Fund holdout,2024-02,hdfc:HDFCEQ,HDFC,Word2Vec,0.5,1,1,1,1,1.0,139,-0.0784732169139896,0.9840969436707102,INE040A01034
Fund holdout,2024-02,hdfc:HDFCMNCFND,HDFC,Popularity,0.25,74,0,0,0,0.0135135135135135,152,-7.446514740189139,-0.4822236932766004,INE239A01024
Fund holdout,2024-02,hdfc:HDFCMNCFND,HDFC,Co-holding,0.25,88,0,0,0,0.0113636363636363,152,-5.901614925570069,-0.1747124361500416,INE239A01024
Fund holdout,2024-02,hdfc:HDFCMNCFND,HDFC,Category popularity,0.25,62,0,0,0,0.0161290322580645,152,-7.278349704268022,-0.4487505572767838,INE239A01024
Fund holdout,2024-02,hdfc:HDFCMNCFND,HDFC,Binary factors,0.25,73,0,0,0,0.0136986301369863,152,-5.620606979463823,-0.1187779956433014,INE239A01024
Fund holdout,2024-02,hdfc:HDFCMNCFND,HDFC,Rank factors,0.25,55,0,0,0,0.0181818181818181,152,-5.491882350629854,-0.0931554458434338,INE239A01024
Fund holdout,2024-02,hdfc:HDFCMNCFND,HDFC,Log holdings zero,0.25,85,0,0,0,0.0117647058823529,152,-7.756108847283047,-0.5438481896811758,INE239A01024
Fund holdout,2024-02,hdfc:HDFCMNCFND,HDFC,Log holdings minimum,0.25,73,0,0,0,0.0136986301369863,152,-8.190263146839941,-0.6302663076589816,INE239A01024
Fund holdout,2024-02,hdfc:HDFCMNCFND,HDFC,Word2Vec,0.5,17,0,0,0,0.0588235294117647,152,-4.139432132705548,0.1760488499817551,INE239A01024
Fund holdout,2024-02,icici:BHACON,ICICI Prudential,Popularity,0.25,9,0,0,1,0.1111111111111111,143,-4.113730534404734,0.1710942330690502,INE030A01027
Fund holdout,2024-02,icici:BHACON,ICICI Prudential,Co-holding,0.25,6,0,0,1,0.1666666666666666,143,-3.399567004867091,0.3149962857714823,INE030A01027
Fund holdout,2024-02,icici:BHACON,ICICI Prudential,Category popularity,0.25,12,0,0,0,0.0833333333333333,143,-4.138729576685082,0.1660569925058617,INE030A01027
Fund holdout,2024-02,icici:BHACON,ICICI Prudential,Binary factors,0.25,21,0,0,0,0.0476190476190476,143,-4.509360935765387,0.0913757589204985,INE030A01027
Fund holdout,2024-02,icici:BHACON,ICICI Prudential,Rank factors,0.25,4,0,1,1,0.25,143,-3.783664384143495,0.2376016849140526,INE030A01027
Fund holdout,2024-02,icici:BHACON,ICICI Prudential,Log holdings zero,0.25,2,0,1,1,0.5,143,-2.2367897076988346,0.5492928200773248,INE030A01027
Fund holdout,2024-02,icici:BHACON,ICICI Prudential,Log holdings minimum,0.25,2,0,1,1,0.5,143,-1.4774532891019607,0.7022970898396661,INE030A01027
Fund holdout,2024-02,icici:BHACON,ICICI Prudential,Word2Vec,0.5,9,0,0,1,0.1111111111111111,143,-2.9005381729931177,0.4155492687988471,INE030A01027
Fund holdout,2024-02,icici:HOUSING,ICICI Prudential,Popularity,0.25,1,1,1,1,1.0,153,-1.787620173523809,0.6446392537870754,INE090A01021
Fund holdout,2024-02,icici:HOUSING,ICICI Prudential,Co-holding,0.25,1,1,1,1,1.0,153,-3.0567434676608207,0.3923504244706576,INE090A01021
Fund holdout,2024-02,icici:HOUSING,ICICI Prudential,Category popularity,0.25,1,1,1,1,1.0,153,-1.8908489630693808,0.6241184181940983,INE090A01021
Fund holdout,2024-02,icici:HOUSING,ICICI Prudential,Binary factors,0.25,12,0,0,0,0.0833333333333333,153,-4.178159710738409,0.1694242576833378,INE090A01021
Fund holdout,2024-02,icici:HOUSING,ICICI Prudential,Rank factors,0.25,1,1,1,1,1.0,153,-2.839463345987609,0.4355435072734899,INE090A01021
Fund holdout,2024-02,icici:HOUSING,ICICI Prudential,Log holdings zero,0.25,1,1,1,1,1.0,153,-0.5661812675674156,0.8874489107280952,INE090A01021
Fund holdout,2024-02,icici:HOUSING,ICICI Prudential,Log holdings minimum,0.25,1,1,1,1,1.0,153,-1.1280193709275288,0.7757611984176338,INE090A01021
Fund holdout,2024-02,icici:HOUSING,ICICI Prudential,Word2Vec,0.5,1,1,1,1,1.0,153,-0.6220042910507502,0.8763518602613869,INE090A01021
Fund holdout,2024-02,icici:LARGE & MIDCAP,ICICI Prudential,Popularity,0.25,1,1,1,1,1.0,109,-2.100622805473801,0.5522346971046479,INE585B01010
Fund holdout,2024-02,icici:LARGE & MIDCAP,ICICI Prudential,Co-holding,0.25,2,0,1,1,0.5,109,-2.995909267146131,0.3613969071672013,INE585B01010
Fund holdout,2024-02,icici:LARGE & MIDCAP,ICICI Prudential,Category popularity,0.25,4,0,1,1,0.25,109,-3.033554316842612,0.3533725502784104,INE585B01010
Fund holdout,2024-02,icici:LARGE & MIDCAP,ICICI Prudential,Binary factors,0.25,4,0,1,1,0.25,109,-3.1551612595292307,0.3274510143489887,INE585B01010
Fund holdout,2024-02,icici:LARGE & MIDCAP,ICICI Prudential,Rank factors,0.25,1,1,1,1,1.0,109,-3.104099908055104,0.3383351680625829,INE585B01010
Fund holdout,2024-02,icici:LARGE & MIDCAP,ICICI Prudential,Log holdings zero,0.25,2,0,1,1,0.5,109,-1.744731761690942,0.6280958467608003,INE585B01010
Fund holdout,2024-02,icici:LARGE & MIDCAP,ICICI Prudential,Log holdings minimum,0.25,1,1,1,1,1.0,109,-1.0680615207988051,0.7723337625750097,INE585B01010
Fund holdout,2024-02,icici:LARGE & MIDCAP,ICICI Prudential,Word2Vec,0.5,1,1,1,1,1.0,109,-1.0704635439111565,0.7718217512783311,INE585B01010
Fund holdout,2024-02,icici:MIDCAP,ICICI Prudential,Popularity,0.25,46,0,0,0,0.0217391304347826,117,-6.60502575567156,-0.3869770080021379,INE326A01037
Fund holdout,2024-02,icici:MIDCAP,ICICI Prudential,Co-holding,0.25,15,0,0,0,0.0666666666666666,117,-4.111401280682589,0.1366545327880395,INE326A01037
Fund holdout,2024-02,icici:MIDCAP,ICICI Prudential,Category popularity,0.25,14,0,0,0,0.0714285714285714,117,-3.824340670625152,0.1969338535326792,INE326A01037
Fund holdout,2024-02,icici:MIDCAP,ICICI Prudential,Binary factors,0.25,1,1,1,1,1.0,117,-1.363944452395495,0.7135878548179445,INE326A01037
Fund holdout,2024-02,icici:MIDCAP,ICICI Prudential,Rank factors,0.25,7,0,0,1,0.1428571428571428,117,-3.889152253980842,0.1833241903319918,INE326A01037
Fund holdout,2024-02,icici:MIDCAP,ICICI Prudential,Log holdings zero,0.25,51,0,0,0,0.0196078431372549,117,-6.519872090527769,-0.3690957490834823,INE326A01037
Fund holdout,2024-02,icici:MIDCAP,ICICI Prudential,Log holdings minimum,0.25,10,0,0,1,0.1,117,-4.726367178711005,0.0075189937572643,INE326A01037
Fund holdout,2024-02,icici:MIDCAP,ICICI Prudential,Word2Vec,0.5,34,0,0,0,0.0294117647058823,117,-4.7759592365935415,-0.0028947497476004,INE326A01037
Fund holdout,2024-02,icici:MNCFUND,ICICI Prudential,Popularity,0.25,11,0,0,0,0.0909090909090909,146,-4.122257178247434,0.1728365637265405,INE030A01027
Fund holdout,2024-02,icici:MNCFUND,ICICI Prudential,Co-holding,0.25,8,0,0,1,0.125,146,-3.6791710841780314,0.261745285401992,INE030A01027
Fund holdout,2024-02,icici:MNCFUND,ICICI Prudential,Category popularity,0.25,13,0,0,0,0.0769230769230769,146,-4.149892602708114,0.1672912977056829,INE030A01027
Fund holdout,2024-02,icici:MNCFUND,ICICI Prudential,Binary factors,0.25,6,0,0,1,0.1666666666666666,146,-3.661770726936189,0.2652368044087383,INE030A01027
Fund holdout,2024-02,icici:MNCFUND,ICICI Prudential,Rank factors,0.25,60,0,0,0,0.0166666666666666,146,-5.224847133335734,-0.048406812563529,INE030A01027
Fund holdout,2024-02,icici:MNCFUND,ICICI Prudential,Log holdings zero,0.25,13,0,0,0,0.0769230769230769,146,-4.84023286149296,0.0287690765139543,INE030A01027
Fund holdout,2024-02,icici:MNCFUND,ICICI Prudential,Log holdings minimum,0.25,64,0,0,0,0.015625,146,-6.503903315548799,-0.305059530023523,INE030A01027
Fund holdout,2024-02,icici:MNCFUND,ICICI Prudential,Word2Vec,0.5,2,0,1,1,0.5,146,-2.696822922005108,0.45886119697773,INE030A01027
Fund holdout,2024-02,icici:MULTICAP,ICICI Prudential,Popularity,0.25,1,1,1,1,1.0,107,-1.5041070214314551,0.6781163884414656,INE397D01024
Fund holdout,2024-02,icici:MULTICAP,ICICI Prudential,Co-holding,0.25,1,1,1,1,1.0,107,-2.5334930878306685,0.4578245474890351,INE397D01024
Fund holdout,2024-02,icici:MULTICAP,ICICI Prudential,Category popularity,0.25,1,1,1,1,1.0,107,-2.0817268853794904,0.5545039291773655,INE397D01024
Fund holdout,2024-02,icici:MULTICAP,ICICI Prudential,Binary factors,0.25,5,0,1,1,0.2,107,-3.428669898654901,0.2662539074043089,INE397D01024
Fund holdout,2024-02,icici:MULTICAP,ICICI Prudential,Rank factors,0.25,2,0,1,1,0.5,107,-3.334283044610672,0.286452989670736,INE397D01024
Fund holdout,2024-02,icici:MULTICAP,ICICI Prudential,Log holdings zero,0.25,12,0,0,0,0.0833333333333333,107,-4.607053865212154,0.0140760493439572,INE397D01024
Fund holdout,2024-02,icici:MULTICAP,ICICI Prudential,Log holdings minimum,0.25,1,1,1,1,1.0,107,-1.3600449974128614,0.7089461126025867,INE397D01024
Fund holdout,2024-02,icici:MULTICAP,ICICI Prudential,Word2Vec,0.5,2,0,1,1,0.5,107,-1.040807613818238,0.7772639121419711,INE397D01024
Fund holdout,2024-02,kotak:EME,Kotak,Popularity,0.25,75,0,0,0,0.0133333333333333,117,-7.68068031399161,-0.6128516973871934,INE262H01013
Fund holdout,2024-02,kotak:EME,Kotak,Co-holding,0.25,12,0,0,0,0.0833333333333333,117,-3.9646062713305152,0.1674797423167016,INE262H01013
Fund holdout,2024-02,kotak:EME,Kotak,Category popularity,0.25,1,1,1,1,1.0,117,-2.5828681946206213,0.4576283373970647,INE262H01013
Fund holdout,2024-02,kotak:EME,Kotak,Binary factors,0.25,9,0,0,1,0.1111111111111111,117,-3.5133214593538105,0.2622441961471495,INE262H01013
Fund holdout,2024-02,kotak:EME,Kotak,Rank factors,0.25,4,0,1,1,0.25,117,-3.565120483053353,0.2513670160170747,INE262H01013
Fund holdout,2024-02,kotak:EME,Kotak,Log holdings zero,0.25,27,0,0,0,0.037037037037037,117,-6.807016981873699,-0.4293927678982989,INE262H01013
Fund holdout,2024-02,kotak:EME,Kotak,Log holdings minimum,0.25,1,1,1,1,1.0,117,-0.9599952739466512,0.7984123874745829,INE262H01013
Fund holdout,2024-02,kotak:EME,Kotak,Word2Vec,0.5,17,0,0,0,0.0588235294117647,117,-4.330888304480375,0.0905648630693489,INE262H01013
Fund holdout,2024-02,mirae:MAFF,Mirae Asset,Popularity,0.25,2,0,1,1,0.5,149,-2.080905370337618,0.5841471424533109,INE009A01021
Fund holdout,2024-02,mirae:MAFF,Mirae Asset,Co-holding,0.25,1,1,1,1,1.0,149,-2.915029568262128,0.4174538674008904,INE009A01021
Fund holdout,2024-02,mirae:MAFF,Mirae Asset,Category popularity,0.25,1,1,1,1,1.0,149,-1.5377579801072283,0.6926909510839205,INE009A01021
Fund holdout,2024-02,mirae:MAFF,Mirae Asset,Binary factors,0.25,8,0,0,1,0.125,149,-3.764224406479437,0.2477488413480859,INE009A01021
Fund holdout,2024-02,mirae:MAFF,Mirae Asset,Rank factors,0.25,2,0,1,1,0.5,149,-3.4250839297769917,0.315523444824445,INE009A01021
Fund holdout,2024-02,mirae:MAFF,Mirae Asset,Log holdings zero,0.25,6,0,0,1,0.1666666666666666,149,-3.431745207025596,0.3141922400429928,INE009A01021
Fund holdout,2024-02,mirae:MAFF,Mirae Asset,Log holdings minimum,0.25,1,1,1,1,1.0,149,-2.0188298555580277,0.5965524543779883,INE009A01021
Fund holdout,2024-02,mirae:MAFF,Mirae Asset,Word2Vec,0.5,1,1,1,1,1.0,149,-0.4659301319871325,0.9068874637136822,INE009A01021
Fund holdout,2024-02,sbi:SBLUECHIP,SBI,Popularity,0.25,1,1,1,1,1.0,127,-1.0208232159905857,0.789268416398659,INE090A01021
Fund holdout,2024-02,sbi:SBLUECHIP,SBI,Co-holding,0.25,1,1,1,1,1.0,127,-2.4615016764435054,0.4918648614285829,INE090A01021
Fund holdout,2024-02,sbi:SBLUECHIP,SBI,Category popularity,0.25,1,1,1,1,1.0,127,-1.4891571416289562,0.6925888461674536,INE090A01021
Fund holdout,2024-02,sbi:SBLUECHIP,SBI,Binary factors,0.25,7,0,0,1,0.1428571428571428,127,-3.514785812670546,0.2744322731680295,INE090A01021
Fund holdout,2024-02,sbi:SBLUECHIP,SBI,Rank factors,0.25,2,0,1,1,0.5,127,-3.026970159243315,0.3751335146190189,INE090A01021
Fund holdout,2024-02,sbi:SBLUECHIP,SBI,Log holdings zero,0.25,1,1,1,1,1.0,127,-1.1386147978245562,0.7649523485565963,INE090A01021
Fund holdout,2024-02,sbi:SBLUECHIP,SBI,Log holdings minimum,0.25,1,1,1,1,1.0,127,-1.2121683375859966,0.7497684717886961,INE090A01021
Fund holdout,2024-02,sbi:SBLUECHIP,SBI,Word2Vec,0.5,1,1,1,1,1.0,127,-0.0023594516545237,0.9995129313520696,INE090A01021
Fund holdout,2024-02,sbi:SMAAF,SBI,Popularity,0.25,84,0,0,0,0.0119047619047619,145,-7.345606935860461,-0.4759895377259462,INE075A01022
Fund holdout,2024-02,sbi:SMAAF,SBI,Co-holding,0.25,51,0,0,0,0.0196078431372549,145,-5.170606359399462,-0.0389557945056131,INE075A01022
Fund holdout,2024-02,sbi:SMAAF,SBI,Category popularity,0.25,48,0,0,0,0.0208333333333333,145,-6.06472034026704,-0.2186145882333847,INE075A01022
Fund holdout,2024-02,sbi:SMAAF,SBI,Binary factors,0.25,55,0,0,0,0.0181818181818181,145,-5.777996986694683,-0.1610018308683702,INE075A01022
Fund holdout,2024-02,sbi:SMAAF,SBI,Rank factors,0.25,59,0,0,0,0.0169491525423728,145,-5.040938927894494,-0.0129010690137287,INE075A01022
Fund holdout,2024-02,sbi:SMAAF,SBI,Log holdings zero,0.25,25,0,0,0,0.04,145,-5.062449837586922,-0.0172233636764054,INE075A01022
Fund holdout,2024-02,sbi:SMAAF,SBI,Log holdings minimum,0.25,124,0,0,0,0.0080645161290322,145,-10.494567721406456,-1.1087259766286244,INE075A01022
Fund holdout,2024-02,sbi:SMAAF,SBI,Word2Vec,0.5,29,0,0,0,0.0344827586206896,145,-5.072521726814928,-0.0192471587494984,INE075A01022
Fund holdout,2024-02,uti:193,UTI,Popularity,0.25,1,1,1,1,1.0,134,-1.4562477475411306,0.7026755045038986,INE090A01021
Fund holdout,2024-02,uti:193,UTI,Co-holding,0.25,1,1,1,1,1.0,134,-2.53203333090142,0.4830305942373213,INE090A01021
Fund holdout,2024-02,uti:193,UTI,Category popularity,0.25,1,1,1,1,1.0,134,-1.4907438083401274,0.6956323870872485,INE090A01021
Fund holdout,2024-02,uti:193,UTI,Binary factors,0.25,6,0,0,1,0.1666666666666666,134,-3.520830157091153,0.2811463214606485,INE090A01021
Fund holdout,2024-02,uti:193,UTI,Rank factors,0.25,2,0,1,1,0.5,134,-2.433049863598983,0.5032402114043484,INE090A01021
Fund holdout,2024-02,uti:193,UTI,Log holdings zero,0.25,1,1,1,1,1.0,134,-0.7768895300469456,0.841381188079134,INE090A01021
Fund holdout,2024-02,uti:193,UTI,Log holdings minimum,0.25,1,1,1,1,1.0,134,-0.3426783044799606,0.9300348074913772,INE090A01021
Fund holdout,2024-02,uti:193,UTI,Word2Vec,0.5,1,1,1,1,1.0,134,-0.1248227878286378,0.9745147263024224,INE090A01021
Fund holdout,2024-02,uti:753,UTI,Popularity,0.25,1,1,1,1,1.0,146,-1.6087817666116706,0.6771852417877648,INE040A01034
Fund holdout,2024-02,uti:753,UTI,Co-holding,0.25,1,1,1,1,1.0,146,-2.8115347839197,0.4358433565617322,INE040A01034
Fund holdout,2024-02,uti:753,UTI,Category popularity,0.25,1,1,1,1,1.0,146,-1.3610470756280684,0.7268951626921321,INE040A01034
Fund holdout,2024-02,uti:753,UTI,Binary factors,0.25,5,0,1,1,0.2,146,-3.3671766139796477,0.3243494381534052,INE040A01034
Fund holdout,2024-02,uti:753,UTI,Rank factors,0.25,2,0,1,1,0.5,146,-2.521640352518489,0.494012962111746,INE040A01034
Fund holdout,2024-02,uti:753,UTI,Log holdings zero,0.25,2,0,1,1,0.5,146,-1.5372196101080018,0.6915447532692585,INE040A01034
Fund holdout,2024-02,uti:753,UTI,Log holdings minimum,0.25,2,0,1,1,0.5,146,-1.9108483158713687,0.6165732047253065,INE040A01034
Fund holdout,2024-02,uti:753,UTI,Word2Vec,0.5,1,1,1,1,1.0,146,-1.3909207190139394,0.720900780379583,INE040A01034
Fund holdout,2024-03,absl:ABSLMCF,Aditya Birla SL,Popularity,0.25,1,1,1,1,1.0,125,-1.814205221556751,0.6242569724621101,INE002A01018
Fund holdout,2024-03,absl:ABSLMCF,Aditya Birla SL,Co-holding,0.25,1,1,1,1,1.0,125,-2.6770703934496294,0.4455475474248335,INE002A01018
Fund holdout,2024-03,absl:ABSLMCF,Aditya Birla SL,Category popularity,0.25,2,0,1,1,0.5,125,-2.1298889125910927,0.5588752039586569,INE002A01018
Fund holdout,2024-03,absl:ABSLMCF,Aditya Birla SL,Binary factors,0.25,1,1,1,1,1.0,125,-2.626591668595496,0.4560022791594653,INE002A01018
Fund holdout,2024-03,absl:ABSLMCF,Aditya Birla SL,Rank factors,0.25,1,1,1,1,1.0,125,-2.832682088704084,0.413318553262288,INE002A01018
Fund holdout,2024-03,absl:ABSLMCF,Aditya Birla SL,Log holdings zero,0.25,1,1,1,1,1.0,125,-0.9837368753711432,0.7962566376391313,INE002A01018
Fund holdout,2024-03,absl:ABSLMCF,Aditya Birla SL,Log holdings minimum,0.25,1,1,1,1,1.0,125,-1.3779281228578304,0.7146150399854271,INE002A01018
Fund holdout,2024-03,absl:ABSLMCF,Aditya Birla SL,Word2Vec,1.0,1,1,1,1,1.0,125,-0.1835113744841159,0.9619926573813224,INE002A01018
Fund holdout,2024-03,absl:BSLDAAF,Aditya Birla SL,Popularity,0.25,1,1,1,1,1.0,91,-0.8338085050736126,0.8151552927177166,INE002A01018
Fund holdout,2024-03,absl:BSLDAAF,Aditya Birla SL,Co-holding,0.25,1,1,1,1,1.0,91,-1.8134657844596225,0.5979777730076266,INE002A01018
Fund holdout,2024-03,absl:BSLDAAF,Aditya Birla SL,Category popularity,0.25,1,1,1,1,1.0,91,-1.2294360414759709,0.7274497155808551,INE002A01018
Fund holdout,2024-03,absl:BSLDAAF,Aditya Birla SL,Binary factors,0.25,5,0,1,1,0.2,91,-2.958531357315308,0.3441313450261285,INE002A01018
Fund holdout,2024-03,absl:BSLDAAF,Aditya Birla SL,Rank factors,0.25,1,1,1,1,1.0,91,-1.71234390739923,0.6203952029706528,INE002A01018
Fund holdout,2024-03,absl:BSLDAAF,Aditya Birla SL,Log holdings zero,0.25,1,1,1,1,1.0,91,-0.001374465805771,0.9996952984672244,INE002A01018
Fund holdout,2024-03,absl:BSLDAAF,Aditya Birla SL,Log holdings minimum,0.25,1,1,1,1,1.0,91,-0.0032151980298333,0.9992872316184558,INE002A01018
Fund holdout,2024-03,absl:BSLDAAF,Aditya Birla SL,Word2Vec,1.0,1,1,1,1,1.0,91,-0.0173670052416863,0.9961499565179106,INE002A01018
Fund holdout,2024-03,absl:BSLR96,Aditya Birla SL,Popularity,0.25,1,1,1,1,1.0,118,-1.3403511408432394,0.7190442784732676,INE002A01018
Fund holdout,2024-03,absl:BSLR96,Aditya Birla SL,Co-holding,0.25,1,1,1,1,1.0,118,-2.336085564912009,0.5103248802212199,INE002A01018
Fund holdout,2024-03,absl:BSLR96,Aditya Birla SL,Category popularity,0.25,1,1,1,1,1.0,118,-1.489486827272806,0.6877834221876207,INE002A01018
Fund holdout,2024-03,absl:BSLR96,Aditya Birla SL,Binary factors,0.25,7,0,0,1,0.1428571428571428,118,-3.400004812387976,0.2873130210805353,INE002A01018
Fund holdout,2024-03,absl:BSLR96,Aditya Birla SL,Rank factors,0.25,1,1,1,1,1.0,118,-3.3970164064568613,0.2879394313688593,INE002A01018
Fund holdout,2024-03,absl:BSLR96,Aditya Birla SL,Log holdings zero,0.25,1,1,1,1,1.0,118,-1.0440972247121376,0.7811431048370587,INE002A01018
Fund holdout,2024-03,absl:BSLR96,Aditya Birla SL,Log holdings minimum,0.25,1,1,1,1,1.0,118,-1.0900079960166824,0.77151958642859,INE002A01018
Fund holdout,2024-03,absl:BSLR96,Aditya Birla SL,Word2Vec,1.0,1,1,1,1,1.0,118,-0.0705661115403222,0.9852083889221191,INE002A01018
Fund holdout,2024-03,absl:MNC,Aditya Birla SL,Popularity,0.25,30,0,0,0,0.0333333333333333,140,-5.103291505786151,-0.0327116107060398,INE298A01020
Fund holdout,2024-03,absl:MNC,Aditya Birla SL,Co-holding,0.25,20,0,0,0,0.05,140,-4.189037088977509,0.1522986224556494,INE298A01020
Fund holdout,2024-03,absl:MNC,Aditya Birla SL,Category popularity,0.25,18,0,0,0,0.0555555555555555,140,-4.491000370140599,0.0911927683004542,INE298A01020
Fund holdout,2024-03,absl:MNC,Aditya Birla SL,Binary factors,0.25,4,0,1,1,0.25,140,-3.161699523725765,0.3601925729672054,INE298A01020
Fund holdout,2024-03,absl:MNC,Aditya Birla SL,Rank factors,0.25,15,0,0,0,0.0666666666666666,140,-4.412335268189307,0.107111585411012,INE298A01020
Fund holdout,2024-03,absl:MNC,Aditya Birla SL,Log holdings zero,0.25,49,0,0,0,0.0204081632653061,140,-7.786888153034849,-0.5757692457487016,INE298A01020
Fund holdout,2024-03,absl:MNC,Aditya Birla SL,Log holdings minimum,0.25,10,0,0,1,0.1,140,-3.3970416437705286,0.3125683015371212,INE298A01020
Fund holdout,2024-03,absl:MNC,Aditya Birla SL,Word2Vec,1.0,54,0,0,0,0.0185185185185185,140,-4.879431822709565,0.0125890533105166,INE298A01020
Fund holdout,2024-03,axis:AXISMLC,Axis,Popularity,0.25,49,0,0,0,0.0204081632653061,108,-6.099829448430109,-0.3027890831194502,INE211B01039
Fund holdout,2024-03,axis:AXISMLC,Axis,Co-holding,0.25,52,0,0,0,0.0192307692307692,108,-4.969226512637091,-0.0613172232016243,INE211B01039
Fund holdout,2024-03,axis:AXISMLC,Axis,Category popularity,0.25,93,0,0,0,0.010752688172043,108,-9.182342270491954,-0.9611458596669402,INE211B01039
Fund holdout,2024-03,axis:AXISMLC,Axis,Binary factors,0.25,28,0,0,0,0.0357142857142857,108,-4.5992273846689695,0.0177064329113582,INE211B01039
Fund holdout,2024-03,axis:AXISMLC,Axis,Rank factors,0.25,4,0,1,1,0.25,108,-3.93220597763475,0.1601674991817938,INE211B01039
Fund holdout,2024-03,axis:AXISMLC,Axis,Log holdings zero,0.25,8,0,0,1,0.125,108,-3.882277720265985,0.1708310741537049,INE211B01039
Fund holdout,2024-03,axis:AXISMLC,Axis,Log holdings minimum,0.25,3,0,1,1,0.3333333333333333,108,-3.3791231754098368,0.2782937915464396,INE211B01039
Fund holdout,2024-03,axis:AXISMLC,Axis,Word2Vec,1.0,45,0,0,0,0.0222222222222222,108,-5.194398188858076,-0.1094089287301953,INE211B01039
Fund holdout,2024-03,hdfc:HDFCEQ,HDFC,Popularity,0.25,1,1,1,1,1.0,135,-1.1299072443068034,0.7696546482424571,INE040A01034
Fund holdout,2024-03,hdfc:HDFCEQ,HDFC,Co-holding,0.25,1,1,1,1,1.0,135,-2.52070379297024,0.486123834682979,INE040A01034
Fund holdout,2024-03,hdfc:HDFCEQ,HDFC,Category popularity,0.25,1,1,1,1,1.0,135,-1.2134685648136934,0.7526196554477229,INE040A01034
Fund holdout,2024-03,hdfc:HDFCEQ,HDFC,Binary factors,0.25,2,0,1,1,0.5,135,-3.007850316476433,0.3868130833979565,INE040A01034
Fund holdout,2024-03,hdfc:HDFCEQ,HDFC,Rank factors,0.25,1,1,1,1,1.0,135,-2.6975857467784534,0.4500642943314957,INE040A01034
Fund holdout,2024-03,hdfc:HDFCEQ,HDFC,Log holdings zero,0.25,7,0,0,1,0.1428571428571428,135,-4.148979022319402,0.1541801000513554,INE040A01034
Fund holdout,2024-03,hdfc:HDFCEQ,HDFC,Log holdings minimum,0.25,1,1,1,1,1.0,135,-0.6215090648624706,0.8732978083930448,INE040A01034
Fund holdout,2024-03,hdfc:HDFCEQ,HDFC,Word2Vec,1.0,1,1,1,1,1.0,135,-0.5942235611012752,0.8788602906175129,INE040A01034
Fund holdout,2024-03,hdfc:HDFCMNCFND,HDFC,Popularity,0.25,79,0,0,0,0.0126582278481012,149,-7.570918710416549,-0.5129895981140189,INE239A01024
Fund holdout,2024-03,hdfc:HDFCMNCFND,HDFC,Co-holding,0.25,102,0,0,0,0.0098039215686274,149,-6.089012556980565,-0.2168421051492659,INE239A01024
Fund holdout,2024-03,hdfc:HDFCMNCFND,HDFC,Category popularity,0.25,66,0,0,0,0.0151515151515151,149,-7.234954184054873,-0.4458496837703138,INE239A01024
Fund holdout,2024-03,hdfc:HDFCMNCFND,HDFC,Binary factors,0.25,107,0,0,0,0.0093457943925233,149,-6.020608478091945,-0.2031720785929565,INE239A01024
Fund holdout,2024-03,hdfc:HDFCMNCFND,HDFC,Rank factors,0.25,52,0,0,0,0.0192307692307692,149,-5.38456651350431,-0.0760640071430454,INE239A01024
Fund holdout,2024-03,hdfc:HDFCMNCFND,HDFC,Log holdings zero,0.25,57,0,0,0,0.0175438596491228,149,-7.539908052411925,-0.5067923577543894,INE239A01024
Fund holdout,2024-03,hdfc:HDFCMNCFND,HDFC,Log holdings minimum,0.25,39,0,0,0,0.0256410256410256,149,-7.337693247928138,-0.466381291743644,INE239A01024
Fund holdout,2024-03,hdfc:HDFCMNCFND,HDFC,Word2Vec,1.0,35,0,0,0,0.0285714285714285,149,-4.674808134027253,0.065775720160534,INE239A01024
Fund holdout,2024-03,icici:BHACON,ICICI Prudential,Popularity,0.25,10,0,0,1,0.1,140,-4.156580232492164,0.158866652618424,INE030A01027
Fund holdout,2024-03,icici:BHACON,ICICI Prudential,Co-holding,0.25,8,0,0,1,0.125,140,-3.4999059610096444,0.2917524859757838,INE030A01027
Fund holdout,2024-03,icici:BHACON,ICICI Prudential,Category popularity,0.25,12,0,0,0,0.0833333333333333,140,-3.965678291200231,0.1974979263865355,INE030A01027
Fund holdout,2024-03,icici:BHACON,ICICI Prudential,Binary factors,0.25,2,0,1,1,0.5,140,-3.1526534681844387,0.3620231496799068,INE030A01027
Fund holdout,2024-03,icici:BHACON,ICICI Prudential,Rank factors,0.25,9,0,0,1,0.1111111111111111,140,-4.0265197443654985,0.1851859361690923,INE030A01027
Fund holdout,2024-03,icici:BHACON,ICICI Prudential,Log holdings zero,0.25,11,0,0,0,0.0909090909090909,140,-4.72432012580404,0.0439777463077777,INE030A01027
Fund holdout,2024-03,icici:BHACON,ICICI Prudential,Log holdings minimum,0.25,2,0,1,1,0.5,140,-2.4036882902179286,0.5135851434291507,INE030A01027
Fund holdout,2024-03,icici:BHACON,ICICI Prudential,Word2Vec,1.0,18,0,0,0,0.0555555555555555,140,-5.66213811094496,-0.1458008545983011,INE030A01027
Fund holdout,2024-03,icici:HOUSING,ICICI Prudential,Popularity,0.25,6,0,0,1,0.1666666666666666,148,-3.0086509462161466,0.3979341317934646,INE733E01010
Fund holdout,2024-03,icici:HOUSING,ICICI Prudential,Co-holding,0.25,6,0,0,1,0.1666666666666666,148,-3.437673486020116,0.3120817572492848,INE733E01010
Fund holdout,2024-03,icici:HOUSING,ICICI Prudential,Category popularity,0.25,9,0,0,1,0.1111111111111111,148,-3.430106365593604,0.3135960256077134,INE733E01010
Fund holdout,2024-03,icici:HOUSING,ICICI Prudential,Binary factors,0.25,8,0,0,1,0.125,148,-4.066481518795451,0.1862499937925585,INE733E01010
Fund holdout,2024-03,icici:HOUSING,ICICI Prudential,Rank factors,0.25,7,0,0,1,0.1428571428571428,148,-3.979294697464869,0.2036970856017903,INE733E01010
Fund holdout,2024-03,icici:HOUSING,ICICI Prudential,Log holdings zero,0.25,9,0,0,1,0.1111111111111111,148,-3.847875933536428,0.2299955009439607,INE733E01010
Fund holdout,2024-03,icici:HOUSING,ICICI Prudential,Log holdings minimum,0.25,4,0,1,1,0.25,148,-2.661735793420912,0.4673558681116466,INE733E01010
Fund holdout,2024-03,icici:HOUSING,ICICI Prudential,Word2Vec,1.0,5,0,1,1,0.2,148,-2.6251932251462264,0.4746684588668036,INE733E01010
Fund holdout,2024-03,icici:LARGE & MIDCAP,ICICI Prudential,Popularity,0.25,1,1,1,1,1.0,103,-2.067044780480036,0.5540095686868628,INE585B01010
Fund holdout,2024-03,icici:LARGE & MIDCAP,ICICI Prudential,Co-holding,0.25,3,0,1,1,0.3333333333333333,103,-2.994680101059689,0.3538607956009979,INE585B01010
Fund holdout,2024-03,icici:LARGE & MIDCAP,ICICI Prudential,Category popularity,0.25,6,0,0,1,0.1666666666666666,103,-3.0252943457615764,0.3472553943402908,INE585B01010
Fund holdout,2024-03,icici:LARGE & MIDCAP,ICICI Prudential,Binary factors,0.25,4,0,1,1,0.25,103,-3.200655905656821,0.309418972762979,INE585B01010
Fund holdout,2024-03,icici:LARGE & MIDCAP,ICICI Prudential,Rank factors,0.25,1,1,1,1,1.0,103,-2.849342686006095,0.3852191372478758,INE585B01010
Fund holdout,2024-03,icici:LARGE & MIDCAP,ICICI Prudential,Log holdings zero,0.25,2,0,1,1,0.5,103,-1.421890953011066,0.693209472091658,INE585B01010
Fund holdout,2024-03,icici:LARGE & MIDCAP,ICICI Prudential,Log holdings minimum,0.25,1,1,1,1,1.0,103,-0.4899738857517004,0.8942820848865082,INE585B01010
Fund holdout,2024-03,icici:LARGE & MIDCAP,ICICI Prudential,Word2Vec,1.0,1,1,1,1,1.0,103,-1.2606165742387958,0.728006410420057,INE585B01010
Fund holdout,2024-03,icici:MIDCAP,ICICI Prudential,Popularity,0.25,46,0,0,0,0.0217391304347826,116,-6.4745891728237766,-0.362041933050367,INE326A01037
Fund holdout,2024-03,icici:MIDCAP,ICICI Prudential,Co-holding,0.25,12,0,0,0,0.0833333333333333,116,-3.912284032112864,0.1769833168554424,INE326A01037
Fund holdout,2024-03,icici:MIDCAP,ICICI Prudential,Category popularity,0.25,12,0,0,0,0.0833333333333333,116,-3.7740276009549385,0.2060679509108965,INE326A01037
Fund holdout,2024-03,icici:MIDCAP,ICICI Prudential,Binary factors,0.25,1,1,1,1,1.0,116,-1.9676659368776,0.5860674021586957,INE326A01037
Fund holdout,2024-03,icici:MIDCAP,ICICI Prudential,Rank factors,0.25,11,0,0,0,0.0909090909090909,116,-4.109855057091987,0.1354208310213113,INE326A01037
Fund holdout,2024-03,icici:MIDCAP,ICICI Prudential,Log holdings zero,0.25,83,0,0,0,0.0120481927710843,116,-8.75839252342386,-0.8424795094474489,INE326A01037
Fund holdout,2024-03,icici:MIDCAP,ICICI Prudential,Log holdings minimum,0.25,55,0,0,0,0.0181818181818181,116,-7.582802556800685,-0.5951738058925609,INE326A01037
Fund holdout,2024-03,icici:MIDCAP,ICICI Prudential,Word2Vec,1.0,78,0,0,0,0.0128205128205128,116,-4.946757945961732,-0.0406361817257134,INE326A01037
Fund holdout,2024-03,icici:MNCFUND,ICICI Prudential,Popularity,0.25,11,0,0,0,0.0909090909090909,140,-4.108580797415812,0.1685799080447459,INE030A01027
Fund holdout,2024-03,icici:MNCFUND,ICICI Prudential,Co-holding,0.25,11,0,0,0,0.0909090909090909,140,-3.915422136228355,0.2076678558702918,INE030A01027
Fund holdout,2024-03,icici:MNCFUND,ICICI Prudential,Category popularity,0.25,12,0,0,0,0.0833333333333333,140,-3.908112904373354,0.2091469656944992,INE030A01027
Fund holdout,2024-03,icici:MNCFUND,ICICI Prudential,Binary factors,0.25,1,1,1,1,1.0,140,-2.9320046717068813,0.4066740526809073,INE030A01027
Fund holdout,2024-03,icici:MNCFUND,ICICI Prudential,Rank factors,0.25,44,0,0,0,0.0227272727272727,140,-5.032143462893544,-0.0183139597211998,INE030A01027
Fund holdout,2024-03,icici:MNCFUND,ICICI Prudential,Log holdings zero,0.25,35,0,0,0,0.0285714285714285,140,-5.37270952891889,-0.0872315455965291,INE030A01027
Fund holdout,2024-03,icici:MNCFUND,ICICI Prudential,Log holdings minimum,0.25,15,0,0,0,0.0666666666666666,140,-4.502520100655104,0.088861614095164,INE030A01027
Fund holdout,2024-03,icici:MNCFUND,ICICI Prudential,Word2Vec,1.0,19,0,0,0,0.0526315789473684,140,-4.467894167842182,0.0958685825990969,INE030A01027
Fund holdout,2024-03,icici:MULTICAP,ICICI Prudential,Popularity,0.25,1,1,1,1,1.0,108,-1.7488226626471146,0.6264900367345647,INE002A01018
Fund holdout,2024-03,icici:MULTICAP,ICICI Prudential,Co-holding,0.25,1,1,1,1,1.0,108,-2.6322798780230783,0.4378030537089766,INE002A01018
Fund holdout,2024-03,icici:MULTICAP,ICICI Prudential,Category popularity,0.25,2,0,1,1,0.5,108,-2.2087006348757887,0.5282702411071935,INE002A01018
Fund holdout,2024-03,icici:MULTICAP,ICICI Prudential,Binary factors,0.25,3,0,1,1,0.3333333333333333,108,-2.9133536563742286,0.3777718916768551,INE002A01018
Fund holdout,2024-03,icici:MULTICAP,ICICI Prudential,Rank factors,0.25,4,0,1,1,0.25,108,-3.522588479475423,0.247652765674616,INE002A01018
Fund holdout,2024-03,icici:MULTICAP,ICICI Prudential,Log holdings zero,0.25,1,1,1,1,1.0,108,-0.7662734586809199,0.8363408837749369,INE002A01018
Fund holdout,2024-03,icici:MULTICAP,ICICI Prudential,Log holdings minimum,0.25,1,1,1,1,1.0,108,-0.9440770034801168,0.7983659667608309,INE002A01018
Fund holdout,2024-03,icici:MULTICAP,ICICI Prudential,Word2Vec,1.0,1,1,1,1,1.0,108,-0.2637062000401631,0.9436781697803605,INE002A01018
Fund holdout,2024-03,kotak:EME,Kotak,Popularity,0.25,26,0,0,0,0.0384615384615384,114,-4.743468578592227,-0.0015350138464311,INE298A01020
Fund holdout,2024-03,kotak:EME,Kotak,Co-holding,0.25,11,0,0,0,0.0909090909090909,114,-3.8725109868654624,0.182358799138117,INE298A01020
Fund holdout,2024-03,kotak:EME,Kotak,Category popularity,0.25,11,0,0,0,0.0909090909090909,114,-3.360089671557687,0.2905513339085886,INE298A01020
Fund holdout,2024-03,kotak:EME,Kotak,Binary factors,0.25,23,0,0,0,0.0434782608695652,114,-4.334905959057411,0.0847288165201601,INE298A01020
Fund holdout,2024-03,kotak:EME,Kotak,Rank factors,0.25,2,0,1,1,0.5,114,-3.2764853079863494,0.3082035426330094,INE298A01020
Fund holdout,2024-03,kotak:EME,Kotak,Log holdings zero,0.25,24,0,0,0,0.0416666666666666,114,-5.107101226061206,-0.0783123388320945,INE298A01020
Fund holdout,2024-03,kotak:EME,Kotak,Log holdings minimum,0.25,12,0,0,0,0.0833333333333333,114,-3.935545750416202,0.1690496516778564,INE298A01020
Fund holdout,2024-03,kotak:EME,Kotak,Word2Vec,1.0,47,0,0,0,0.0212765957446808,114,-4.706585880017436,0.0062523918074205,INE298A01020
Fund holdout,2024-03,mirae:MAFF,Mirae Asset,Popularity,0.25,1,1,1,1,1.0,147,-1.6172349632843428,0.6759329105919757,INE090A01021
Fund holdout,2024-03,mirae:MAFF,Mirae Asset,Co-holding,0.25,1,1,1,1,1.0,147,-2.787606344569209,0.4414098785835768,INE090A01021
Fund holdout,2024-03,mirae:MAFF,Mirae Asset,Category popularity,0.25,1,1,1,1,1.0,147,-0.982863442324641,0.8030504519931673,INE090A01021
Fund holdout,2024-03,mirae:MAFF,Mirae Asset,Binary factors,0.25,10,0,0,1,0.1,147,-3.7535033837926544,0.2478601166285876,INE090A01021
Fund holdout,2024-03,mirae:MAFF,Mirae Asset,Rank factors,0.25,1,1,1,1,1.0,147,-2.1161022002964263,0.575968182417159,INE090A01021
Fund holdout,2024-03,mirae:MAFF,Mirae Asset,Log holdings zero,0.25,1,1,1,1,1.0,147,-1.478461953919174,0.7037407222299533,INE090A01021
Fund holdout,2024-03,mirae:MAFF,Mirae Asset,Log holdings minimum,0.25,1,1,1,1,1.0,147,-0.4730054015284493,0.9052175551310736,INE090A01021
Fund holdout,2024-03,mirae:MAFF,Mirae Asset,Word2Vec,1.0,1,1,1,1,1.0,147,-0.6070152660279113,0.8783641987999016,INE090A01021
Fund holdout,2024-03,sbi:SBLUECHIP,SBI,Popularity,0.25,1,1,1,1,1.0,125,-1.0248882961212151,0.7877336991995376,INE090A01021
Fund holdout,2024-03,sbi:SBLUECHIP,SBI,Co-holding,0.25,1,1,1,1,1.0,125,-2.4234706975356106,0.4980709975798583,INE090A01021
Fund holdout,2024-03,sbi:SBLUECHIP,SBI,Category popularity,0.25,1,1,1,1,1.0,125,-1.4611658661254747,0.6973755340633966,INE090A01021
Fund holdout,2024-03,sbi:SBLUECHIP,SBI,Binary factors,0.25,3,0,1,1,0.3333333333333333,125,-3.0581078994306745,0.3666302428103367,INE090A01021
Fund holdout,2024-03,sbi:SBLUECHIP,SBI,Rank factors,0.25,1,1,1,1,1.0,125,-3.050316871708288,0.3682438553770172,INE090A01021
Fund holdout,2024-03,sbi:SBLUECHIP,SBI,Log holdings zero,0.25,1,1,1,1,1.0,125,-2.2199434161206573,0.5402238676062101,INE090A01021
Fund holdout,2024-03,sbi:SBLUECHIP,SBI,Log holdings minimum,0.25,3,0,1,1,0.3333333333333333,125,-3.003018006712052,0.378040001106077,INE090A01021
Fund holdout,2024-03,sbi:SBLUECHIP,SBI,Word2Vec,1.0,1,1,1,1,1.0,125,-0.1117000048121941,0.9768656282732356,INE090A01021
Fund holdout,2024-03,sbi:SMAAF,SBI,Popularity,0.25,90,0,0,0,0.0111111111111111,143,-7.523615052498279,-0.5159884326469966,INE075A01022
Fund holdout,2024-03,sbi:SMAAF,SBI,Co-holding,0.25,60,0,0,0,0.0166666666666666,143,-5.323564286313303,-0.0726840517742553,INE075A01022
Fund holdout,2024-03,sbi:SMAAF,SBI,Category popularity,0.25,50,0,0,0,0.02,143,-6.197281264955129,-0.2487357003216468,INE075A01022
Fund holdout,2024-03,sbi:SMAAF,SBI,Binary factors,0.25,65,0,0,0,0.0153846153846153,143,-5.613922209186328,-0.1311904013590534,INE075A01022
Fund holdout,2024-03,sbi:SMAAF,SBI,Rank factors,0.25,112,0,0,0,0.0089285714285714,143,-5.308987255208626,-0.0697468187575702,INE075A01022
Fund holdout,2024-03,sbi:SMAAF,SBI,Log holdings zero,0.25,89,0,0,0,0.0112359550561797,143,-7.142563938186588,-0.4392076460819061,INE075A01022
Fund holdout,2024-03,sbi:SMAAF,SBI,Log holdings minimum,0.25,77,0,0,0,0.0129870129870129,143,-9.114819125422128,-0.8366118233576014,INE075A01022
Fund holdout,2024-03,sbi:SMAAF,SBI,Word2Vec,1.0,68,0,0,0,0.0147058823529411,143,-5.333249790075351,-0.0746356550348112,INE075A01022
Fund holdout,2024-03,uti:193,UTI,Popularity,0.25,1,1,1,1,1.0,129,-1.4749173899230783,0.6965073407773223,INE090A01021
Fund holdout,2024-03,uti:193,UTI,Co-holding,0.25,1,1,1,1,1.0,129,-2.550500478166981,0.4751854051242982,INE090A01021
Fund holdout,2024-03,uti:193,UTI,Category popularity,0.25,2,0,1,1,0.5,129,-1.7837185485848313,0.6329655550111466,INE090A01021
Fund holdout,2024-03,uti:193,UTI,Binary factors,0.25,12,0,0,0,0.0833333333333333,129,-3.6631993145739754,0.2462261894540908,INE090A01021
Fund holdout,2024-03,uti:193,UTI,Rank factors,0.25,1,1,1,1,1.0,129,-2.2298371393209617,0.5411680629236455,INE090A01021
Fund holdout,2024-03,uti:193,UTI,Log holdings zero,0.25,1,1,1,1,1.0,129,-0.2052987872471243,0.9577558205615366,INE090A01021
Fund holdout,2024-03,uti:193,UTI,Log holdings minimum,0.25,1,1,1,1,1.0,129,-0.1573862117254894,0.9676147557497824,INE090A01021
Fund holdout,2024-03,uti:193,UTI,Word2Vec,1.0,1,1,1,1,1.0,129,-0.8615059315082547,0.8227285623751537,INE090A01021
Fund holdout,2024-03,uti:753,UTI,Popularity,0.25,1,1,1,1,1.0,143,-1.6080329726864022,0.6759856307244121,INE040A01034
Fund holdout,2024-03,uti:753,UTI,Co-holding,0.25,1,1,1,1,1.0,143,-2.791782785864823,0.4374631901948912,INE040A01034
Fund holdout,2024-03,uti:753,UTI,Category popularity,0.25,1,1,1,1,1.0,143,-1.3985951475819451,0.7181867957231013,INE040A01034
Fund holdout,2024-03,uti:753,UTI,Binary factors,0.25,4,0,1,1,0.25,143,-3.363325162295788,0.3222989207059563,INE040A01034
Fund holdout,2024-03,uti:753,UTI,Rank factors,0.25,1,1,1,1,1.0,143,-2.5650486672328365,0.4831495123597081,INE040A01034
Fund holdout,2024-03,uti:753,UTI,Log holdings zero,0.25,1,1,1,1,1.0,143,-0.7816631947464447,0.8424969441959926,INE040A01034
Fund holdout,2024-03,uti:753,UTI,Log holdings minimum,0.25,1,1,1,1,1.0,143,-1.2768691195388984,0.742714266782914,INE040A01034
Fund holdout,2024-03,uti:753,UTI,Word2Vec,1.0,1,1,1,1,1.0,143,-1.6810551143783377,0.6612718632921821,INE040A01034
Fund holdout,2024-04,absl:ABSLMCF,Aditya Birla SL,Popularity,0.25,1,1,1,1,1.0,131,-1.0612627076471777,0.7823138967941647,INE040A01034
Fund holdout,2024-04,absl:ABSLMCF,Aditya Birla SL,Co-holding,0.25,1,1,1,1,1.0,131,-2.57446814362632,0.4719253451805161,INE040A01034
Fund holdout,2024-04,absl:ABSLMCF,Aditya Birla SL,Category popularity,0.25,1,1,1,1,1.0,131,-1.300234862463677,0.7332959516785431,INE040A01034
Fund holdout,2024-04,absl:ABSLMCF,Aditya Birla SL,Binary factors,0.25,33,0,0,0,0.0303030303030303,131,-4.936703834571479,-0.0126162096204018,INE040A01034
Fund holdout,2024-04,absl:ABSLMCF,Aditya Birla SL,Rank factors,0.25,1,1,1,1,1.0,131,-3.287320345931749,0.3257051708887079,INE040A01034
Fund holdout,2024-04,absl:ABSLMCF,Aditya Birla SL,Log holdings zero,0.25,2,0,1,1,0.5,131,-2.602691442387095,0.4661361848881808,INE040A01034
Fund holdout,2024-04,absl:ABSLMCF,Aditya Birla SL,Log holdings minimum,0.25,1,1,1,1,1.0,131,-2.023036779744664,0.585034892820236,INE040A01034
Fund holdout,2024-04,absl:ABSLMCF,Aditya Birla SL,Word2Vec,1.0,1,1,1,1,1.0,131,-0.2338521019538042,0.952032279628786,INE040A01034
Fund holdout,2024-04,absl:BSLDAAF,Aditya Birla SL,Popularity,0.25,1,1,1,1,1.0,98,-0.815011161493203,0.8222427606554107,INE002A01018
Fund holdout,2024-04,absl:BSLDAAF,Aditya Birla SL,Co-holding,0.25,1,1,1,1,1.0,98,-1.8604341250120549,0.5942317729260111,INE002A01018
Fund holdout,2024-04,absl:BSLDAAF,Aditya Birla SL,Category popularity,0.25,1,1,1,1,1.0,98,-1.2036774136153363,0.7374730749531189,INE002A01018
Fund holdout,2024-04,absl:BSLDAAF,Aditya Birla SL,Binary factors,0.25,2,0,1,1,0.5,98,-3.034249024547353,0.3382179832980746,INE002A01018
Fund holdout,2024-04,absl:BSLDAAF,Aditya Birla SL,Rank factors,0.25,1,1,1,1,1.0,98,-1.7204540498758347,0.6247619949586455,INE002A01018
Fund holdout,2024-04,absl:BSLDAAF,Aditya Birla SL,Log holdings zero,0.25,1,1,1,1,1.0,98,-0.0055461381467001,0.9987903647795756,INE002A01018
Fund holdout,2024-04,absl:BSLDAAF,Aditya Birla SL,Log holdings minimum,0.25,1,1,1,1,1.0,98,-0.0086200710672486,0.9981199275442304,INE002A01018
Fund holdout,2024-04,absl:BSLDAAF,Aditya Birla SL,Word2Vec,1.0,1,1,1,1,1.0,98,-0.0407489905380451,0.991112479918863,INE002A01018
Fund holdout,2024-04,absl:BSLR96,Aditya Birla SL,Popularity,0.25,1,1,1,1,1.0,125,-1.3466545110424697,0.7210921691690071,INE002A01018
Fund holdout,2024-04,absl:BSLR96,Aditya Birla SL,Co-holding,0.25,1,1,1,1,1.0,125,-2.3280349564731684,0.5178368508890852,INE002A01018
Fund holdout,2024-04,absl:BSLR96,Aditya Birla SL,Category popularity,0.25,1,1,1,1,1.0,125,-1.4198964236844525,0.7059229161695313,INE002A01018
Fund holdout,2024-04,absl:BSLR96,Aditya Birla SL,Binary factors,0.25,12,0,0,0,0.0833333333333333,125,-3.771079868353315,0.2189654455925412,INE002A01018
Fund holdout,2024-04,absl:BSLR96,Aditya Birla SL,Rank factors,0.25,1,1,1,1,1.0,125,-3.1334509859919373,0.3510258122243163,INE002A01018
Fund holdout,2024-04,absl:BSLR96,Aditya Birla SL,Log holdings zero,0.25,1,1,1,1,1.0,125,-0.1515312198375209,0.9686161198128386,INE002A01018
Fund holdout,2024-04,absl:BSLR96,Aditya Birla SL,Log holdings minimum,0.25,1,1,1,1,1.0,125,-1.431756161423534,0.7034666263788625,INE002A01018
Fund holdout,2024-04,absl:BSLR96,Aditya Birla SL,Word2Vec,1.0,1,1,1,1,1.0,125,-0.0883225882517226,0.9817073634694936,INE002A01018
Fund holdout,2024-04,absl:MNC,Aditya Birla SL,Popularity,0.25,41,0,0,0,0.024390243902439,147,-5.925638445495164,-0.1873997579276172,INE513A01022
Fund holdout,2024-04,absl:MNC,Aditya Birla SL,Co-holding,0.25,58,0,0,0,0.0172413793103448,147,-5.356426787417382,-0.0733391733631032,INE513A01022
Fund holdout,2024-04,absl:MNC,Aditya Birla SL,Category popularity,0.25,14,0,0,0,0.0714285714285714,147,-4.106190312202305,0.1771875001215473,INE513A01022
Fund holdout,2024-04,absl:MNC,Aditya Birla SL,Binary factors,0.25,39,0,0,0,0.0256410256410256,147,-4.928910331029966,0.0123280406415592,INE513A01022
Fund holdout,2024-04,absl:MNC,Aditya Birla SL,Rank factors,0.25,46,0,0,0,0.0217391304347826,147,-5.200906594416115,-0.0421755036216684,INE513A01022
Fund holdout,2024-04,absl:MNC,Aditya Birla SL,Log holdings zero,0.25,90,0,0,0,0.0111111111111111,147,-8.4342728784747,-0.6900885307658109,INE513A01022
Fund holdout,2024-04,absl:MNC,Aditya Birla SL,Log holdings minimum,0.25,113,0,0,0,0.0088495575221238,147,-9.669237260028629,-0.9375549297360616,INE513A01022
Fund holdout,2024-04,absl:MNC,Aditya Birla SL,Word2Vec,1.0,2,0,1,1,0.5,147,-2.428090026844467,0.5134509915478549,INE513A01022
Fund holdout,2024-04,axis:AXISMLC,Axis,Popularity,0.25,54,0,0,0,0.0185185185185185,113,-6.541228754386276,-0.3836877796431761,INE211B01039
Fund holdout,2024-04,axis:AXISMLC,Axis,Co-holding,0.25,65,0,0,0,0.0153846153846153,113,-5.214977604152065,-0.1031414819638247,INE211B01039
Fund holdout,2024-04,axis:AXISMLC,Axis,Category popularity,0.25,99,0,0,0,0.0101010101010101,113,-9.651359017355968,-1.0415839333411898,INE211B01039
Fund holdout,2024-04,axis:AXISMLC,Axis,Binary factors,0.25,38,0,0,0,0.0263157894736842,113,-4.933480273492776,-0.0435954194332572,INE211B01039
Fund holdout,2024-04,axis:AXISMLC,Axis,Rank factors,0.25,10,0,0,1,0.1,113,-4.235479843057295,0.1040549230397249,INE211B01039
Fund holdout,2024-04,axis:AXISMLC,Axis,Log holdings zero,0.25,5,0,1,1,0.2,113,-3.274618897745992,0.3073090206849282,INE211B01039
Fund holdout,2024-04,axis:AXISMLC,Axis,Log holdings minimum,0.25,4,0,1,1,0.25,113,-3.2664015350824607,0.3090472666208772,INE211B01039
Fund holdout,2024-04,axis:AXISMLC,Axis,Word2Vec,1.0,4,0,1,1,0.25,113,-2.7664572642736287,0.4148021337866111,INE211B01039
Fund holdout,2024-04,hdfc:HDFCEQ,HDFC,Popularity,0.25,1,1,1,1,1.0,143,-1.119380821744901,0.7744477401287739,INE040A01034
Fund holdout,2024-04,hdfc:HDFCEQ,HDFC,Co-holding,0.25,1,1,1,1,1.0,143,-2.5050652080548894,0.495236019926802,INE040A01034
Fund holdout,2024-04,hdfc:HDFCEQ,HDFC,Category popularity,0.25,1,1,1,1,1.0,143,-1.2062963518049603,0.7569344918739103,INE040A01034
Fund holdout,2024-04,hdfc:HDFCEQ,HDFC,Binary factors,0.25,3,0,1,1,0.3333333333333333,143,-3.2697328185312813,0.3411575291729325,INE040A01034
Fund holdout,2024-04,hdfc:HDFCEQ,HDFC,Rank factors,0.25,1,1,1,1,1.0,143,-2.751377256498478,0.4456047969500131,INE040A01034
Fund holdout,2024-04,hdfc:HDFCEQ,HDFC,Log holdings zero,0.25,4,0,1,1,0.25,143,-2.508509551945105,0.4945419937892086,INE040A01034
Fund holdout,2024-04,hdfc:HDFCEQ,HDFC,Log holdings minimum,0.25,4,0,1,1,0.25,143,-2.8100894710028337,0.4337744418052298,INE040A01034
Fund holdout,2024-04,hdfc:HDFCEQ,HDFC,Word2Vec,1.0,1,1,1,1,1.0,143,-0.1827842294759012,0.9631694636657748,INE040A01034
Fund holdout,2024-04,hdfc:HDFCMNCFND,HDFC,Popularity,0.25,10,0,0,1,0.1,157,-3.493062671215132,0.3091588491365865,INE585B01010
Fund holdout,2024-04,hdfc:HDFCMNCFND,HDFC,Co-holding,0.25,2,0,1,1,0.5,157,-3.4130283183685317,0.3249876588756113,INE585B01010
Fund holdout,2024-04,hdfc:HDFCMNCFND,HDFC,Category popularity,0.25,6,0,0,1,0.1666666666666666,157,-2.894707273659689,0.4274987045531339,INE585B01010
Fund holdout,2024-04,hdfc:HDFCMNCFND,HDFC,Binary factors,0.25,1,1,1,1,1.0,157,-1.4304263172752192,0.7170971562019062,INE585B01010
Fund holdout,2024-04,hdfc:HDFCMNCFND,HDFC,Rank factors,0.25,9,0,0,1,0.1111111111111111,157,-3.939320671619608,0.2209000860969335,INE585B01010
Fund holdout,2024-04,hdfc:HDFCMNCFND,HDFC,Log holdings zero,0.25,10,0,0,1,0.1,157,-4.6150433269271325,0.0872589061936995,INE585B01010
Fund holdout,2024-04,hdfc:HDFCMNCFND,HDFC,Log holdings minimum,0.25,20,0,0,0,0.05,157,-6.196456435078262,-0.2255053796086974,INE585B01010
Fund holdout,2024-04,hdfc:HDFCMNCFND,HDFC,Word2Vec,1.0,10,0,0,1,0.1,157,-3.8533734318444672,0.237898318201122,INE585B01010
Fund holdout,2024-04,icici:BHACON,ICICI Prudential,Popularity,0.25,8,0,0,1,0.125,144,-3.3773892235710967,0.320419295457389,INE154A01025
Fund holdout,2024-04,icici:BHACON,ICICI Prudential,Co-holding,0.25,6,0,0,1,0.1666666666666666,144,-3.2875497649519403,0.3384963243523821,INE154A01025
Fund holdout,2024-04,icici:BHACON,ICICI Prudential,Category popularity,0.25,16,0,0,0,0.0625,144,-4.246415227679579,0.1455583999419331,INE154A01025
Fund holdout,2024-04,icici:BHACON,ICICI Prudential,Binary factors,0.25,2,0,1,1,0.5,144,-2.856356511285137,0.4252587895950082,INE154A01025
Fund holdout,2024-04,icici:BHACON,ICICI Prudential,Rank factors,0.25,5,0,1,1,0.2,144,-3.6187081207087575,0.271862361304903,INE154A01025
Fund holdout,2024-04,icici:BHACON,ICICI Prudential,Log holdings zero,0.25,8,0,0,1,0.125,144,-3.2480581297322866,0.3464426259213008,INE154A01025
Fund holdout,2024-04,icici:BHACON,ICICI Prudential,Log holdings minimum,0.25,13,0,0,0,0.0769230769230769,144,-7.608497682017514,-0.5309423560572453,INE154A01025
Fund holdout,2024-04,icici:BHACON,ICICI Prudential,Word2Vec,1.0,1,1,1,1,1.0,144,-1.661650590555043,0.6656513051110378,INE154A01025
Fund holdout,2024-04,icici:HOUSING,ICICI Prudential,Popularity,0.25,7,0,0,1,0.1428571428571428,155,-3.032550094905765,0.3987121797977274,INE733E01010
Fund holdout,2024-04,icici:HOUSING,ICICI Prudential,Co-holding,0.25,6,0,0,1,0.1666666666666666,155,-3.4247953331879595,0.320938597521999,INE733E01010
Fund holdout,2024-04,icici:HOUSING,ICICI Prudential,Category popularity,0.25,5,0,1,1,0.2,155,-3.2631482221665387,0.3529896555379377,INE733E01010
Fund holdout,2024-04,icici:HOUSING,ICICI Prudential,Binary factors,0.25,5,0,1,1,0.2,155,-3.773780190813453,0.2517425948977608,INE733E01010
Fund holdout,2024-04,icici:HOUSING,ICICI Prudential,Rank factors,0.25,6,0,0,1,0.1666666666666666,155,-3.827008063917545,0.2411886812636458,INE733E01010
Fund holdout,2024-04,icici:HOUSING,ICICI Prudential,Log holdings zero,0.25,3,0,1,1,0.3333333333333333,155,-2.632858771814201,0.4779621565150805,INE733E01010
Fund holdout,2024-04,icici:HOUSING,ICICI Prudential,Log holdings minimum,0.25,4,0,1,1,0.25,155,-2.400715750434622,0.5239909992158092,INE733E01010
Fund holdout,2024-04,icici:HOUSING,ICICI Prudential,Word2Vec,1.0,19,0,0,0,0.0526315789473684,155,-4.686756918440686,0.070719439708154,INE733E01010
Fund holdout,2024-04,icici:LARGE & MIDCAP,ICICI Prudential,Popularity,0.25,1,1,1,1,1.0,108,-1.948936631910456,0.5837501049479343,INE585B01010
Fund holdout,2024-04,icici:LARGE & MIDCAP,ICICI Prudential,Co-holding,0.25,2,0,1,1,0.5,108,-2.983875740479369,0.36270992936008,INE585B01010
Fund holdout,2024-04,icici:LARGE & MIDCAP,ICICI Prudential,Category popularity,0.25,6,0,0,1,0.1666666666666666,108,-3.0148431336282524,0.3560959769425389,INE585B01010
Fund holdout,2024-04,icici:LARGE & MIDCAP,ICICI Prudential,Binary factors,0.25,13,0,0,0,0.0769230769230769,108,-3.80492075617792,0.1873528161416112,INE585B01010
Fund holdout,2024-04,icici:LARGE & MIDCAP,ICICI Prudential,Rank factors,0.25,1,1,1,1,1.0,108,-2.899583926653112,0.3807128023547419,INE585B01010
Fund holdout,2024-04,icici:LARGE & MIDCAP,ICICI Prudential,Log holdings zero,0.25,3,0,1,1,0.3333333333333333,108,-2.03336193424851,0.5657187217502643,INE585B01010
Fund holdout,2024-04,icici:LARGE & MIDCAP,ICICI Prudential,Log holdings minimum,0.25,1,1,1,1,1.0,108,-0.107159973117513,0.9771129923705,INE585B01010
Fund holdout,2024-04,icici:LARGE & MIDCAP,ICICI Prudential,Word2Vec,1.0,4,0,1,1,0.25,108,-2.671905934503579,0.4293398017072083,INE585B01010
Fund holdout,2024-04,icici:MIDCAP,ICICI Prudential,Popularity,0.25,47,0,0,0,0.0212765957446808,122,-6.513672970783709,-0.3558793581732489,INE094A01015
Fund holdout,2024-04,icici:MIDCAP,ICICI Prudential,Co-holding,0.25,11,0,0,0,0.0909090909090909,122,-3.832703964500896,0.202188348299855,INE094A01015
Fund holdout,2024-04,icici:MIDCAP,ICICI Prudential,Category popularity,0.25,30,0,0,0,0.0333333333333333,122,-4.651394499845903,0.03177058207409,INE094A01015
Fund holdout,2024-04,icici:MIDCAP,ICICI Prudential,Binary factors,0.25,1,1,1,1,1.0,122,-1.3162334390610368,0.7260142229176849,INE094A01015
Fund holdout,2024-04,icici:MIDCAP,ICICI Prudential,Rank factors,0.25,12,0,0,0,0.0833333333333333,122,-4.187147646231983,0.1284077219390128,INE094A01015
Fund holdout,2024-04,icici:MIDCAP,ICICI Prudential,Log holdings zero,0.25,82,0,0,0,0.0121951219512195,122,-8.868680288590049,-0.8460952202349235,INE094A01015
Fund holdout,2024-04,icici:MIDCAP,ICICI Prudential,Log holdings minimum,0.25,37,0,0,0,0.027027027027027,122,-6.581520964373889,-0.370002525611194,INE094A01015
Fund holdout,2024-04,icici:MIDCAP,ICICI Prudential,Word2Vec,1.0,30,0,0,0,0.0333333333333333,122,-4.633864753707201,0.0354195557100237,INE094A01015
Fund holdout,2024-04,icici:MNCFUND,ICICI Prudential,Popularity,0.25,11,0,0,0,0.0909090909090909,148,-4.084152449161177,0.1827138361515272,INE030A01027
Fund holdout,2024-04,icici:MNCFUND,ICICI Prudential,Co-holding,0.25,7,0,0,1,0.1428571428571428,148,-3.697440904701161,0.2600992909360462,INE030A01027
Fund holdout,2024-04,icici:MNCFUND,ICICI Prudential,Category popularity,0.25,8,0,0,1,0.125,148,-3.671461206077121,0.2652981292484463,INE030A01027
Fund holdout,2024-04,icici:MNCFUND,ICICI Prudential,Binary factors,0.25,4,0,1,1,0.25,148,-3.4653108849479146,0.3065511939244291,INE030A01027
Fund holdout,2024-04,icici:MNCFUND,ICICI Prudential,Rank factors,0.25,13,0,0,0,0.0769230769230769,148,-4.416921107125759,0.1161229771416645,INE030A01027
Fund holdout,2024-04,icici:MNCFUND,ICICI Prudential,Log holdings zero,0.25,18,0,0,0,0.0555555555555555,148,-4.833889194433038,0.0326828380272217,INE030A01027
Fund holdout,2024-04,icici:MNCFUND,ICICI Prudential,Log holdings minimum,0.25,14,0,0,0,0.0714285714285714,148,-4.608118936720091,0.0778620790409093,INE030A01027
Fund holdout,2024-04,icici:MNCFUND,ICICI Prudential,Word2Vec,1.0,2,0,1,1,0.5,148,-2.420725913933282,0.5155847337840049,INE030A01027
Fund holdout,2024-04,icici:MULTICAP,ICICI Prudential,Popularity,0.25,1,1,1,1,1.0,113,-1.63054207392738,0.6550860355748195,INE009A01021
Fund holdout,2024-04,icici:MULTICAP,ICICI Prudential,Co-holding,0.25,1,1,1,1,1.0,113,-2.497794097004084,0.4716333432351146,INE009A01021
Fund holdout,2024-04,icici:MULTICAP,ICICI Prudential,Category popularity,0.25,4,0,1,1,0.25,113,-2.738276747876033,0.4207632517397541,INE009A01021
Fund holdout,2024-04,icici:MULTICAP,ICICI Prudential,Binary factors,0.25,9,0,0,1,0.1111111111111111,113,-3.609009826633772,0.2365742001643511,INE009A01021
Fund holdout,2024-04,icici:MULTICAP,ICICI Prudential,Rank factors,0.25,1,1,1,1,1.0,113,-2.943537243758403,0.3773438193272301,INE009A01021
Fund holdout,2024-04,icici:MULTICAP,ICICI Prudential,Log holdings zero,0.25,15,0,0,0,0.0666666666666666,113,-4.289296570857475,0.0926708923944796,INE009A01021
Fund holdout,2024-04,icici:MULTICAP,ICICI Prudential,Log holdings minimum,0.25,5,0,1,1,0.2,113,-3.1546646019423,0.3326833501039954,INE009A01021
Fund holdout,2024-04,icici:MULTICAP,ICICI Prudential,Word2Vec,1.0,1,1,1,1,1.0,113,-0.3889637736313878,0.917721204913259,INE009A01021
Fund holdout,2024-04,kotak:EME,Kotak,Popularity,0.25,97,0,0,0,0.0103092783505154,122,-8.641431945290673,-0.7987914425904619,INE343H01029
Fund holdout,2024-04,kotak:EME,Kotak,Co-holding,0.25,19,0,0,0,0.0526315789473684,122,-4.116612423606181,0.1430902601645959,INE343H01029
Fund holdout,2024-04,kotak:EME,Kotak,Category popularity,0.25,46,0,0,0,0.0217391304347826,122,-5.658828405988452,-0.1779358069616154,INE343H01029
Fund holdout,2024-04,kotak:EME,Kotak,Binary factors,0.25,21,0,0,0,0.0476190476190476,122,-4.474218338772402,0.0686513865967394,INE343H01029
Fund holdout,2024-04,kotak:EME,Kotak,Rank factors,0.25,2,0,1,1,0.5,122,-3.606682741277885,0.2492366899116809,INE343H01029
Fund holdout,2024-04,kotak:EME,Kotak,Log holdings zero,0.25,46,0,0,0,0.0217391304347826,122,-6.569469221584901,-0.3674938474274878,INE343H01029
Fund holdout,2024-04,kotak:EME,Kotak,Log holdings minimum,0.25,1,1,1,1,1.0,122,-1.216011398344353,0.7468763381714386,INE343H01029
Fund holdout,2024-04,kotak:EME,Kotak,Word2Vec,1.0,7,0,0,1,0.1428571428571428,122,-3.3852384025208817,0.2953323120363543,INE343H01029
Fund holdout,2024-04,mirae:MAFF,Mirae Asset,Popularity,0.25,2,0,1,1,0.5,155,-2.142889880692433,0.5751121844748619,INE009A01021
Fund holdout,2024-04,mirae:MAFF,Mirae Asset,Co-holding,0.25,1,1,1,1,1.0,155,-3.043188752504196,0.3966027685639329,INE009A01021
Fund holdout,2024-04,mirae:MAFF,Mirae Asset,Category popularity,0.25,1,1,1,1,1.0,155,-1.4817895539220505,0.7061938029076568,INE009A01021
Fund holdout,2024-04,mirae:MAFF,Mirae Asset,Binary factors,0.25,27,0,0,0,0.037037037037037,155,-4.519969139630674,0.1037897788018162,INE009A01021
Fund holdout,2024-04,mirae:MAFF,Mirae Asset,Rank factors,0.25,4,0,1,1,0.25,155,-4.03407554959217,0.2001317644116492,INE009A01021
Fund holdout,2024-04,mirae:MAFF,Mirae Asset,Log holdings zero,0.25,2,0,1,1,0.5,155,-2.721442030725412,0.4603980494137301,INE009A01021
Fund holdout,2024-04,mirae:MAFF,Mirae Asset,Log holdings minimum,0.25,11,0,0,0,0.0909090909090909,155,-3.810460106677772,0.2444697763242742,INE009A01021
Fund holdout,2024-04,mirae:MAFF,Mirae Asset,Word2Vec,1.0,2,0,1,1,0.5,155,-2.208691312239159,0.5620652114314868,INE009A01021
Fund holdout,2024-04,sbi:SBLUECHIP,SBI,Popularity,0.25,1,1,1,1,1.0,133,-1.1770322623110123,0.7593152898801299,INE090A01021
Fund holdout,2024-04,sbi:SBLUECHIP,SBI,Co-holding,0.25,1,1,1,1,1.0,133,-2.435191413419864,0.5020413983601705,INE090A01021
Fund holdout,2024-04,sbi:SBLUECHIP,SBI,Category popularity,0.25,1,1,1,1,1.0,133,-1.5924275950876012,0.674373433606642,INE090A01021
Fund holdout,2024-04,sbi:SBLUECHIP,SBI,Binary factors,0.25,2,0,1,1,0.5,133,-3.2914441518664224,0.3269510896733728,INE090A01021
Fund holdout,2024-04,sbi:SBLUECHIP,SBI,Rank factors,0.25,1,1,1,1,1.0,133,-2.747602885296573,0.4381581328334187,INE090A01021
Fund holdout,2024-04,sbi:SBLUECHIP,SBI,Log holdings zero,0.25,1,1,1,1,1.0,133,-0.3864596831804263,0.9209750320380596,INE090A01021
Fund holdout,2024-04,sbi:SBLUECHIP,SBI,Log holdings minimum,0.25,11,0,0,0,0.0909090909090909,133,-7.443877841588332,-0.5221567308212003,INE090A01021
Fund holdout,2024-04,sbi:SBLUECHIP,SBI,Word2Vec,1.0,1,1,1,1,1.0,133,-0.1092691944245931,0.9776561567365384,INE090A01021
Fund holdout,2024-04,sbi:SMAAF,SBI,Popularity,0.25,3,0,1,1,0.3333333333333333,149,-2.5070569972883483,0.4989840330001985,INE062A01020
Fund holdout,2024-04,sbi:SMAAF,SBI,Co-holding,0.25,1,1,1,1,1.0,149,-3.0539234944733424,0.3896969895850379,INE062A01020
Fund holdout,2024-04,sbi:SMAAF,SBI,Category popularity,0.25,5,0,1,1,0.2,149,-2.87849024406035,0.4247559689758741,INE062A01020
Fund holdout,2024-04,sbi:SMAAF,SBI,Binary factors,0.25,6,0,0,1,0.1666666666666666,149,-3.57573091307869,0.2854178093737395,INE062A01020
Fund holdout,2024-04,sbi:SMAAF,SBI,Rank factors,0.25,12,0,0,0,0.0833333333333333,149,-4.533217153307646,0.0940715834777272,INE062A01020
Fund holdout,2024-04,sbi:SMAAF,SBI,Log holdings zero,0.25,1,1,1,1,1.0,149,-1.4502981554899377,0.7101691211660766,INE062A01020
Fund holdout,2024-04,sbi:SMAAF,SBI,Log holdings minimum,0.25,22,0,0,0,0.0454545454545454,149,-6.101179093535607,-0.219273493459845,INE062A01020
Fund holdout,2024-04,sbi:SMAAF,SBI,Word2Vec,1.0,23,0,0,0,0.0434782608695652,149,-4.439143302644958,0.1128715155535199,INE062A01020
Fund holdout,2024-04,uti:193,UTI,Popularity,0.25,1,1,1,1,1.0,134,-1.5053332758049611,0.6926536315417975,INE090A01021
Fund holdout,2024-04,uti:193,UTI,Co-holding,0.25,1,1,1,1,1.0,134,-2.5868333260614365,0.4718419891791146,INE090A01021
Fund holdout,2024-04,uti:193,UTI,Category popularity,0.25,2,0,1,1,0.5,134,-1.834233235845785,0.625501586257646,INE090A01021
Fund holdout,2024-04,uti:193,UTI,Binary factors,0.25,11,0,0,0,0.0909090909090909,134,-3.767088876125192,0.2308672741474827,INE090A01021
Fund holdout,2024-04,uti:193,UTI,Rank factors,0.25,1,1,1,1,1.0,134,-2.087424040394322,0.5738072036543043,INE090A01021
Fund holdout,2024-04,uti:193,UTI,Log holdings zero,0.25,1,1,1,1,1.0,134,-1.6474232478967783,0.6636428884600738,INE090A01021
Fund holdout,2024-04,uti:193,UTI,Log holdings minimum,0.25,1,1,1,1,1.0,134,-0.5953218860370573,0.878452152305385,INE090A01021
Fund holdout,2024-04,uti:193,UTI,Word2Vec,1.0,1,1,1,1,1.0,134,-0.2686830949837819,0.9451425310018358,INE090A01021
Fund holdout,2024-04,uti:753,UTI,Popularity,0.25,1,1,1,1,1.0,150,-1.5224994661609583,0.6961464212023508,INE040A01034
Fund holdout,2024-04,uti:753,UTI,Co-holding,0.25,1,1,1,1,1.0,150,-2.769105800399762,0.447354349724387,INE040A01034
Fund holdout,2024-04,uti:753,UTI,Category popularity,0.25,1,1,1,1,1.0,150,-1.0004342912560116,0.8003378349179063,INE040A01034
Fund holdout,2024-04,uti:753,UTI,Binary factors,0.25,3,0,1,1,0.3333333333333333,150,-3.271136545695277,0.3471613171388726,INE040A01034
Fund holdout,2024-04,uti:753,UTI,Rank factors,0.25,1,1,1,1,1.0,150,-2.781551166989628,0.4448705595741582,INE040A01034
Fund holdout,2024-04,uti:753,UTI,Log holdings zero,0.25,1,1,1,1,1.0,150,-0.85453026743515,0.82945670213875,INE040A01034
Fund holdout,2024-04,uti:753,UTI,Log holdings minimum,0.25,16,0,0,0,0.0625,150,-4.541009859473373,0.0937257267908153,INE040A01034
Fund holdout,2024-04,uti:753,UTI,Word2Vec,1.0,1,1,1,1,1.0,150,-0.857639909213753,0.8288360938533561,INE040A01034
Fund holdout,2024-05,absl:ABSLMCF,Aditya Birla SL,Popularity,0.25,1,1,1,1,1.0,125,-0.9862757075992904,0.7957308159203533,INE040A01034
Fund holdout,2024-05,absl:ABSLMCF,Aditya Birla SL,Co-holding,0.25,1,1,1,1,1.0,125,-2.4868048814336103,0.4849537505773081,INE040A01034
Fund holdout,2024-05,absl:ABSLMCF,Aditya Birla SL,Category popularity,0.25,1,1,1,1,1.0,125,-1.2491711058276476,0.7412821175689402,INE040A01034
Fund holdout,2024-05,absl:ABSLMCF,Aditya Birla SL,Binary factors,0.25,30,0,0,0,0.0333333333333333,125,-4.647760092297292,0.0373947624012289,INE040A01034
Fund holdout,2024-05,absl:ABSLMCF,Aditya Birla SL,Rank factors,0.25,1,1,1,1,1.0,125,-2.767625690216148,0.4267924909613497,INE040A01034
Fund holdout,2024-05,absl:ABSLMCF,Aditya Birla SL,Log holdings zero,0.5,1,1,1,1,1.0,125,-1.5669778897038578,0.6754606318148317,INE040A01034
Fund holdout,2024-05,absl:ABSLMCF,Aditya Birla SL,Log holdings minimum,0.5,1,1,1,1,1.0,125,-2.4739382474244387,0.4876185803106719,INE040A01034
Fund holdout,2024-05,absl:ABSLMCF,Aditya Birla SL,Word2Vec,1.0,1,1,1,1,1.0,125,-0.1641401244552698,0.9660046688376596,INE040A01034
Fund holdout,2024-05,absl:BSLDAAF,Aditya Birla SL,Popularity,0.25,1,1,1,1,1.0,97,-0.7602649446918299,0.8338113711960552,INE002A01018
Fund holdout,2024-05,absl:BSLDAAF,Aditya Birla SL,Co-holding,0.25,1,1,1,1,1.0,97,-1.7904331410422023,0.6086237689210384,INE002A01018
Fund holdout,2024-05,absl:BSLDAAF,Aditya Birla SL,Category popularity,0.25,1,1,1,1,1.0,97,-1.0887324255685265,0.7620106645677744,INE002A01018
Fund holdout,2024-05,absl:BSLDAAF,Aditya Birla SL,Binary factors,0.25,6,0,0,1,0.1666666666666666,97,-3.34650097934823,0.2684781628667965,INE002A01018
Fund holdout,2024-05,absl:BSLDAAF,Aditya Birla SL,Rank factors,0.25,1,1,1,1,1.0,97,-1.4354638499083523,0.6862175869353031,INE002A01018
Fund holdout,2024-05,absl:BSLDAAF,Aditya Birla SL,Log holdings zero,0.5,1,1,1,1,1.0,97,-0.4841423302374554,0.8941698541148402,INE002A01018
Fund holdout,2024-05,absl:BSLDAAF,Aditya Birla SL,Log holdings minimum,0.5,1,1,1,1,1.0,97,-0.6008860905339235,0.8686504801379816,INE002A01018
Fund holdout,2024-05,absl:BSLDAAF,Aditya Birla SL,Word2Vec,1.0,1,1,1,1,1.0,97,-0.0839727983802047,0.9816441303560391,INE002A01018
Fund holdout,2024-05,absl:BSLR96,Aditya Birla SL,Popularity,0.25,1,1,1,1,1.0,122,-1.3150254688369074,0.7262656727370926,INE002A01018
Fund holdout,2024-05,absl:BSLR96,Aditya Birla SL,Co-holding,0.25,1,1,1,1,1.0,122,-2.3243455381469644,0.5161666619476635,INE002A01018
Fund holdout,2024-05,absl:BSLR96,Aditya Birla SL,Category popularity,0.25,1,1,1,1,1.0,122,-1.3091172339240431,0.7274955247418713,INE002A01018
Fund holdout,2024-05,absl:BSLR96,Aditya Birla SL,Binary factors,0.25,4,0,1,1,0.25,122,-3.343377073092335,0.3040461226210186,INE002A01018
Fund holdout,2024-05,absl:BSLR96,Aditya Birla SL,Rank factors,0.25,1,1,1,1,1.0,122,-2.690957259855268,0.4398531491019555,INE002A01018
Fund holdout,2024-05,absl:BSLR96,Aditya Birla SL,Log holdings zero,0.5,1,1,1,1,1.0,122,-1.4925184110453364,0.689318927384464,INE002A01018
Fund holdout,2024-05,absl:BSLR96,Aditya Birla SL,Log holdings minimum,0.5,1,1,1,1,1.0,122,-2.123074215899841,0.5580630900384149,INE002A01018
Fund holdout,2024-05,absl:BSLR96,Aditya Birla SL,Word2Vec,1.0,1,1,1,1,1.0,122,-0.1152489708798754,0.9760098946680874,INE002A01018
Fund holdout,2024-05,absl:MNC,Aditya Birla SL,Popularity,0.25,27,0,0,0,0.037037037037037,146,-4.8795452605075695,0.0208807333924553,INE298A01020
Fund holdout,2024-05,absl:MNC,Aditya Birla SL,Co-holding,0.25,17,0,0,0,0.0588235294117647,146,-4.002818621055217,0.196802852853766,INE298A01020
Fund holdout,2024-05,absl:MNC,Aditya Birla SL,Category popularity,0.25,12,0,0,0,0.0833333333333333,146,-3.9144560125993486,0.2145335076110988,INE298A01020
Fund holdout,2024-05,absl:MNC,Aditya Birla SL,Binary factors,0.25,18,0,0,0,0.0555555555555555,146,-4.150471387178377,0.1671751600338727,INE298A01020
Fund holdout,2024-05,absl:MNC,Aditya Birla SL,Rank factors,0.25,13,0,0,0,0.0769230769230769,146,-4.2449438047522525,0.1482185238575023,INE298A01020
Fund holdout,2024-05,absl:MNC,Aditya Birla SL,Log holdings zero,0.5,23,0,0,0,0.0434782608695652,146,-4.597090347834419,0.0775575407959112,INE298A01020
Fund holdout,2024-05,absl:MNC,Aditya Birla SL,Log holdings minimum,0.5,26,0,0,0,0.0384615384615384,146,-4.53789891030531,0.0894347698836314,INE298A01020
Fund holdout,2024-05,absl:MNC,Aditya Birla SL,Word2Vec,1.0,17,0,0,0,0.0588235294117647,146,-4.324901824110173,0.1321743162329224,INE298A01020
Fund holdout,2024-05,axis:AXISMLC,Axis,Popularity,0.25,90,0,0,0,0.0111111111111111,109,-7.6914044530369665,-0.6394871252613896,INE472A01039
Fund holdout,2024-05,axis:AXISMLC,Axis,Co-holding,0.25,76,0,0,0,0.0131578947368421,109,-5.704416354548005,-0.2159440096430223,INE472A01039
Fund holdout,2024-05,axis:AXISMLC,Axis,Category popularity,0.25,81,0,0,0,0.0123456790123456,109,-7.178083311015529,-0.5300684347468998,INE472A01039
Fund holdout,2024-05,axis:AXISMLC,Axis,Binary factors,0.25,64,0,0,0,0.015625,109,-5.878477506307623,-0.2530465985213619,INE472A01039
Fund holdout,2024-05,axis:AXISMLC,Axis,Rank factors,0.25,18,0,0,0,0.0555555555555555,109,-4.488067681428089,0.0433308733234388,INE472A01039
Fund holdout,2024-05,axis:AXISMLC,Axis,Log holdings zero,0.5,59,0,0,0,0.0169491525423728,109,-5.115134802718367,-0.090333723085114,INE472A01039
Fund holdout,2024-05,axis:AXISMLC,Axis,Log holdings minimum,0.5,4,0,1,1,0.25,109,-3.357176980700017,0.284389675424194,INE472A01039
Fund holdout,2024-05,axis:AXISMLC,Axis,Word2Vec,1.0,34,0,0,0,0.0294117647058823,109,-5.492702184360076,-0.1708153652741182,INE472A01039
Fund holdout,2024-05,hdfc:HDFCEQ,HDFC,Popularity,0.25,1,1,1,1,1.0,139,-1.3014878944280426,0.7362458669221685,INE090A01021
Fund holdout,2024-05,hdfc:HDFCEQ,HDFC,Co-holding,0.25,1,1,1,1,1.0,139,-2.452502071931093,0.5029861125692285,INE090A01021
Fund holdout,2024-05,hdfc:HDFCEQ,HDFC,Category popularity,0.25,1,1,1,1,1.0,139,-1.2858194277114432,0.7394211733335369,INE090A01021
Fund holdout,2024-05,hdfc:HDFCEQ,HDFC,Binary factors,0.25,1,1,1,1,1.0,139,-2.897638120854264,0.4127766890409229,INE090A01021
Fund holdout,2024-05,hdfc:HDFCEQ,HDFC,Rank factors,0.25,1,1,1,1,1.0,139,-2.61910640266942,0.4692227706211186,INE090A01021
Fund holdout,2024-05,hdfc:HDFCEQ,HDFC,Log holdings zero,0.5,1,1,1,1,1.0,139,-1.9536012744615965,0.6040912768137519,INE090A01021
Fund holdout,2024-05,hdfc:HDFCEQ,HDFC,Log holdings minimum,0.5,1,1,1,1,1.0,139,-1.339886184635744,0.7284642288533381,INE090A01021
Fund holdout,2024-05,hdfc:HDFCEQ,HDFC,Word2Vec,1.0,1,1,1,1,1.0,139,-0.792702626932904,0.8393541768230658,INE090A01021
Fund holdout,2024-05,hdfc:HDFCMNCFND,HDFC,Popularity,0.25,16,0,0,0,0.0625,155,-4.403032443476143,0.1269757473536724,INE030A01027
Fund holdout,2024-05,hdfc:HDFCMNCFND,HDFC,Co-holding,0.25,16,0,0,0,0.0625,155,-3.98513407416422,0.2098357798958416,INE030A01027
Fund holdout,2024-05,hdfc:HDFCMNCFND,HDFC,Category popularity,0.25,14,0,0,0,0.0714285714285714,155,-4.070046367067485,0.192999544414044,INE030A01027
Fund holdout,2024-05,hdfc:HDFCMNCFND,HDFC,Binary factors,0.25,21,0,0,0,0.0476190476190476,155,-4.332888304467204,0.1408837835359933,INE030A01027
Fund holdout,2024-05,hdfc:HDFCMNCFND,HDFC,Rank factors,0.25,23,0,0,0,0.0434782608695652,155,-4.976038380317206,0.013361304082017,INE030A01027
Fund holdout,2024-05,hdfc:HDFCMNCFND,HDFC,Log holdings zero,0.5,16,0,0,0,0.0625,155,-4.492201337445203,0.1092955217328093,INE030A01027
Fund holdout,2024-05,hdfc:HDFCMNCFND,HDFC,Log holdings minimum,0.5,90,0,0,0,0.0111111111111111,155,-6.128424464764105,-0.2151314479132438,INE030A01027
Fund holdout,2024-05,hdfc:HDFCMNCFND,HDFC,Word2Vec,1.0,28,0,0,0,0.0357142857142857,155,-4.730710437403985,0.0620044260132253,INE030A01027
Fund holdout,2024-05,icici:BHACON,ICICI Prudential,Popularity,0.25,8,0,0,1,0.125,137,-3.464748570755212,0.2957800806571156,INE154A01025
Fund holdout,2024-05,icici:BHACON,ICICI Prudential,Co-holding,0.25,6,0,0,1,0.1666666666666666,137,-3.3584439281649177,0.3173867990962529,INE154A01025
Fund holdout,2024-05,icici:BHACON,ICICI Prudential,Category popularity,0.25,15,0,0,0,0.0666666666666666,137,-4.334154933062107,0.1190707853541956,INE154A01025
Fund holdout,2024-05,icici:BHACON,ICICI Prudential,Binary factors,0.25,1,1,1,1,1.0,137,-2.500192889661804,0.4918287433724198,INE154A01025
Fund holdout,2024-05,icici:BHACON,ICICI Prudential,Rank factors,0.25,10,0,0,1,0.1,137,-4.455255559843094,0.094456741396169,INE154A01025
Fund holdout,2024-05,icici:BHACON,ICICI Prudential,Log holdings zero,0.5,5,0,1,1,0.2,137,-2.99129833896738,0.392010175636222,INE154A01025
Fund holdout,2024-05,icici:BHACON,ICICI Prudential,Log holdings minimum,0.5,5,0,1,1,0.2,137,-3.1690841827400424,0.355874701443761,INE154A01025
Fund holdout,2024-05,icici:BHACON,ICICI Prudential,Word2Vec,1.0,3,0,1,1,0.3333333333333333,137,-2.3476419452363158,0.5228351530974353,INE154A01025
Fund holdout,2024-05,icici:HOUSING,ICICI Prudential,Popularity,0.25,7,0,0,1,0.1428571428571428,152,-3.0916689275642035,0.3846054031867363,INE733E01010
Fund holdout,2024-05,icici:HOUSING,ICICI Prudential,Co-holding,0.25,6,0,0,1,0.1666666666666666,152,-3.3703572242336257,0.3291326873223715,INE733E01010
Fund holdout,2024-05,icici:HOUSING,ICICI Prudential,Category popularity,0.25,6,0,0,1,0.1666666666666666,152,-3.426903889919529,0.3178771119854847,INE733E01010
Fund holdout,2024-05,icici:HOUSING,ICICI Prudential,Binary factors,0.25,13,0,0,0,0.0769230769230769,152,-3.979033574853316,0.2079760738053847,INE733E01010
Fund holdout,2024-05,icici:HOUSING,ICICI Prudential,Rank factors,0.25,7,0,0,1,0.1428571428571428,152,-4.001036114890839,0.2035964831789308,INE733E01010
Fund holdout,2024-05,icici:HOUSING,ICICI Prudential,Log holdings zero,0.5,5,0,1,1,0.2,152,-3.059384469721213,0.3910316025577262,INE733E01010
Fund holdout,2024-05,icici:HOUSING,ICICI Prudential,Log holdings minimum,0.5,4,0,1,1,0.25,152,-2.927443766962403,0.4172943096844841,INE733E01010
Fund holdout,2024-05,icici:HOUSING,ICICI Prudential,Word2Vec,1.0,6,0,0,1,0.1666666666666666,152,-3.2381219415251934,0.3554540303877033,INE733E01010
Fund holdout,2024-05,icici:LARGE & MIDCAP,ICICI Prudential,Popularity,0.25,1,1,1,1,1.0,103,-0.8682782748325444,0.8126582423616084,INE040A01034
Fund holdout,2024-05,icici:LARGE & MIDCAP,ICICI Prudential,Co-holding,0.25,1,1,1,1,1.0,103,-2.4056262214446096,0.4809564426412113,INE040A01034
Fund holdout,2024-05,icici:LARGE & MIDCAP,ICICI Prudential,Category popularity,0.25,1,1,1,1,1.0,103,-1.453400753834023,0.6864108435412122,INE040A01034
Fund holdout,2024-05,icici:LARGE & MIDCAP,ICICI Prudential,Binary factors,0.25,3,0,1,1,0.3333333333333333,103,-3.2114488081303945,0.307090270804141,INE040A01034
Fund holdout,2024-05,icici:LARGE & MIDCAP,ICICI Prudential,Rank factors,0.25,1,1,1,1,1.0,103,-2.4044299191707794,0.4812145596264479,INE040A01034
Fund holdout,2024-05,icici:LARGE & MIDCAP,ICICI Prudential,Log holdings zero,0.5,1,1,1,1,1.0,103,-1.36202644135951,0.7061259795732362,INE040A01034
Fund holdout,2024-05,icici:LARGE & MIDCAP,ICICI Prudential,Log holdings minimum,0.5,1,1,1,1,1.0,103,-1.930531868539358,0.5834639148390037,INE040A01034
Fund holdout,2024-05,icici:LARGE & MIDCAP,ICICI Prudential,Word2Vec,1.0,1,1,1,1,1.0,103,-2.3681455486099434,0.4890433605451173,INE040A01034
Fund holdout,2024-05,icici:MIDCAP,ICICI Prudential,Popularity,0.25,48,0,0,0,0.0208333333333333,120,-6.44677895221694,-0.3465880044464935,INE094A01015
Fund holdout,2024-05,icici:MIDCAP,ICICI Prudential,Co-holding,0.25,11,0,0,0,0.0909090909090909,120,-3.752700929822716,0.2161446679296005,INE094A01015
Fund holdout,2024-05,icici:MIDCAP,ICICI Prudential,Category popularity,0.25,28,0,0,0,0.0357142857142857,120,-4.609740841915589,0.0371281895440229,INE094A01015
Fund holdout,2024-05,icici:MIDCAP,ICICI Prudential,Binary factors,0.25,1,1,1,1,1.0,120,-1.107459632439971,0.7686764402028152,INE094A01015
Fund holdout,2024-05,icici:MIDCAP,ICICI Prudential,Rank factors,0.25,8,0,0,1,0.125,120,-4.212601167645078,0.1200817893845379,INE094A01015
Fund holdout,2024-05,icici:MIDCAP,ICICI Prudential,Log holdings zero,0.5,59,0,0,0,0.0169491525423728,120,-5.198904301186478,-0.0859348862637112,INE094A01015
Fund holdout,2024-05,icici:MIDCAP,ICICI Prudential,Log holdings minimum,0.5,47,0,0,0,0.0212765957446808,120,-5.31042445879668,-0.1092289541393034,INE094A01015
Fund holdout,2024-05,icici:MIDCAP,ICICI Prudential,Word2Vec,1.0,43,0,0,0,0.0232558139534883,120,-5.236127645300335,-0.0937100107158792,INE094A01015
Fund holdout,2024-05,icici:MNCFUND,ICICI Prudential,Popularity,0.25,12,0,0,0,0.0833333333333333,145,-4.131177525397238,0.1699018393963902,INE030A01027
Fund holdout,2024-05,icici:MNCFUND,ICICI Prudential,Co-holding,0.25,12,0,0,0,0.0833333333333333,145,-3.935132202217821,0.2092942066247934,INE030A01027
Fund holdout,2024-05,icici:MNCFUND,ICICI Prudential,Category popularity,0.25,10,0,0,1,0.1,145,-3.7707193236084144,0.2423305085687748,INE030A01027
Fund holdout,2024-05,icici:MNCFUND,ICICI Prudential,Binary factors,0.25,3,0,1,1,0.3333333333333333,145,-3.439161656667526,0.3089520487397437,INE030A01027
Fund holdout,2024-05,icici:MNCFUND,ICICI Prudential,Rank factors,0.25,16,0,0,0,0.0625,145,-4.522553339116675,0.0912607398367661,INE030A01027
Fund holdout,2024-05,icici:MNCFUND,ICICI Prudential,Log holdings zero,0.5,75,0,0,0,0.0133333333333333,145,-5.306870574711992,-0.0663360447591165,INE030A01027
Fund holdout,2024-05,icici:MNCFUND,ICICI Prudential,Log holdings minimum,0.5,20,0,0,0,0.05,145,-4.44780435360167,0.1062804273233319,INE030A01027
Fund holdout,2024-05,icici:MNCFUND,ICICI Prudential,Word2Vec,1.0,19,0,0,0,0.0526315789473684,145,-4.214991329863187,0.1530607125039589,INE030A01027
Fund holdout,2024-05,icici:MULTICAP,ICICI Prudential,Popularity,0.25,2,0,1,1,0.5,105,-2.138674992491328,0.5404612777977491,INE044A01036
Fund holdout,2024-05,icici:MULTICAP,ICICI Prudential,Co-holding,0.25,1,1,1,1,1.0,105,-2.694517045420671,0.4210270731400903,INE044A01036
Fund holdout,2024-05,icici:MULTICAP,ICICI Prudential,Category popularity,0.25,6,0,0,1,0.1666666666666666,105,-3.069193909438871,0.3405199704086461,INE044A01036
Fund holdout,2024-05,icici:MULTICAP,ICICI Prudential,Binary factors,0.25,1,1,1,1,1.0,105,-1.828158764005768,0.6071821359750325,INE044A01036
Fund holdout,2024-05,icici:MULTICAP,ICICI Prudential,Rank factors,0.25,1,1,1,1,1.0,105,-2.600737378295955,0.4411775815391449,INE044A01036
Fund holdout,2024-05,icici:MULTICAP,ICICI Prudential,Log holdings zero,0.5,5,0,1,1,0.2,105,-3.739051216722341,0.1965872213338078,INE044A01036
Fund holdout,2024-05,icici:MULTICAP,ICICI Prudential,Log holdings minimum,0.5,1,1,1,1,1.0,105,-2.074216610528495,0.5543114993538162,INE044A01036
Fund holdout,2024-05,icici:MULTICAP,ICICI Prudential,Word2Vec,1.0,2,0,1,1,0.5,105,-2.1472105537377333,0.5386272352610275,INE044A01036
Fund holdout,2024-05,kotak:EME,Kotak,Popularity,0.25,17,0,0,0,0.0588235294117647,123,-4.127387229172502,0.14230484030301,INE263A01024
Fund holdout,2024-05,kotak:EME,Kotak,Co-holding,0.25,3,0,1,1,0.3333333333333333,123,-3.4087072953069346,0.2916507258286173,INE263A01024
Fund holdout,2024-05,kotak:EME,Kotak,Category popularity,0.25,6,0,0,1,0.1666666666666666,123,-3.3219165476167207,0.3096863498365211,INE263A01024
Fund holdout,2024-05,kotak:EME,Kotak,Binary factors,0.25,5,0,1,1,0.2,123,-3.4074755064555013,0.2919066987424684,INE263A01024
Fund holdout,2024-05,kotak:EME,Kotak,Rank factors,0.25,4,0,1,1,0.25,123,-3.85916338337363,0.1980433212070971,INE263A01024
Fund holdout,2024-05,kotak:EME,Kotak,Log holdings zero,0.5,7,0,0,1,0.1428571428571428,123,-3.847713269199391,0.2004227217721348,INE263A01024
Fund holdout,2024-05,kotak:EME,Kotak,Log holdings minimum,0.5,7,0,0,1,0.1428571428571428,123,-3.520523418552873,0.2684146826955015,INE263A01024
Fund holdout,2024-05,kotak:EME,Kotak,Word2Vec,1.0,3,0,1,1,0.3333333333333333,123,-2.8125385245876284,0.4155380764979098,INE263A01024
Fund holdout,2024-05,mirae:MAFF,Mirae Asset,Popularity,0.25,1,1,1,1,1.0,154,-2.0963286734455657,0.5838101251059942,INE009A01021
Fund holdout,2024-05,mirae:MAFF,Mirae Asset,Co-holding,0.25,1,1,1,1,1.0,154,-3.0469016618763685,0.3950902654084256,INE009A01021
Fund holdout,2024-05,mirae:MAFF,Mirae Asset,Category popularity,0.25,1,1,1,1,1.0,154,-1.1554978076095264,0.7705958545141303,INE009A01021
Fund holdout,2024-05,mirae:MAFF,Mirae Asset,Binary factors,0.25,23,0,0,0,0.0434782608695652,154,-4.358241311678495,0.1347464120289531,INE009A01021
Fund holdout,2024-05,mirae:MAFF,Mirae Asset,Rank factors,0.25,4,0,1,1,0.25,154,-3.931223905367272,0.2195233476123061,INE009A01021
Fund holdout,2024-05,mirae:MAFF,Mirae Asset,Log holdings zero,0.5,16,0,0,0,0.0625,154,-4.4431020092783005,0.117898785239862,INE009A01021
Fund holdout,2024-05,mirae:MAFF,Mirae Asset,Log holdings minimum,0.5,12,0,0,0,0.0833333333333333,154,-4.326380852398392,0.1410717562985886,INE009A01021
Fund holdout,2024-05,mirae:MAFF,Mirae Asset,Word2Vec,1.0,1,1,1,1,1.0,154,-1.2229027231574578,0.7572137719597636,INE009A01021
Fund holdout,2024-05,sbi:SBLUECHIP,SBI,Popularity,0.25,1,1,1,1,1.0,129,-1.2063497977909634,0.7517702953496175,INE090A01021
Fund holdout,2024-05,sbi:SBLUECHIP,SBI,Co-holding,0.25,1,1,1,1,1.0,129,-2.458197843176853,0.4941784499807801,INE090A01021
Fund holdout,2024-05,sbi:SBLUECHIP,SBI,Category popularity,0.25,1,1,1,1,1.0,129,-1.6448401241757988,0.661542465569338,INE090A01021
Fund holdout,2024-05,sbi:SBLUECHIP,SBI,Binary factors,0.25,7,0,0,1,0.1428571428571428,129,-3.464883892192003,0.2870334070750804,INE090A01021
Fund holdout,2024-05,sbi:SBLUECHIP,SBI,Rank factors,0.25,1,1,1,1,1.0,129,-2.569448437970774,0.4712864974654784,INE090A01021
Fund holdout,2024-05,sbi:SBLUECHIP,SBI,Log holdings zero,0.5,1,1,1,1,1.0,129,-1.7059265837900377,0.6489727500059526,INE090A01021
Fund holdout,2024-05,sbi:SBLUECHIP,SBI,Log holdings minimum,0.5,1,1,1,1,1.0,129,-1.928778674894104,0.6031166402301809,INE090A01021
Fund holdout,2024-05,sbi:SBLUECHIP,SBI,Word2Vec,1.0,1,1,1,1,1.0,129,-0.116047616159344,0.9761209679502872,INE090A01021
Fund holdout,2024-05,sbi:SMAAF,SBI,Popularity,0.25,3,0,1,1,0.3333333333333333,145,-2.623543370014307,0.4728383100643288,INE062A01020
Fund holdout,2024-05,sbi:SMAAF,SBI,Co-holding,0.25,1,1,1,1,1.0,145,-3.14301563422591,0.3684581500843531,INE062A01020
Fund holdout,2024-05,sbi:SMAAF,SBI,Category popularity,0.25,5,0,1,1,0.2,145,-2.9167739002353787,0.413918033152257,INE062A01020
Fund holdout,2024-05,sbi:SMAAF,SBI,Binary factors,0.25,3,0,1,1,0.3333333333333333,145,-3.0677034093194537,0.3835910120786591,INE062A01020
Fund holdout,2024-05,sbi:SMAAF,SBI,Rank factors,0.25,45,0,0,0,0.0222222222222222,145,-4.904388138054414,0.0145367640927828,INE062A01020
Fund holdout,2024-05,sbi:SMAAF,SBI,Log holdings zero,0.5,1,1,1,1,1.0,145,-2.89951813281958,0.4173853207969054,INE062A01020
Fund holdout,2024-05,sbi:SMAAF,SBI,Log holdings minimum,0.5,35,0,0,0,0.0285714285714285,145,-4.875137827716909,0.0204141752325796,INE062A01020
Fund holdout,2024-05,sbi:SMAAF,SBI,Word2Vec,1.0,40,0,0,0,0.025,145,-4.900105644138792,0.0153972670124225,INE062A01020
Fund holdout,2024-05,uti:193,UTI,Popularity,0.25,1,1,1,1,1.0,133,-1.4150410180157105,0.7106462174960804,INE090A01021
Fund holdout,2024-05,uti:193,UTI,Co-holding,0.25,1,1,1,1,1.0,133,-2.527209929803787,0.4832250492670367,INE090A01021
Fund holdout,2024-05,uti:193,UTI,Category popularity,0.25,2,0,1,1,0.5,133,-1.7647244388583392,0.6391414206658013,INE090A01021
Fund holdout,2024-05,uti:193,UTI,Binary factors,0.25,6,0,0,1,0.1666666666666666,133,-3.604037640775492,0.2630306045069619,INE090A01021
Fund holdout,2024-05,uti:193,UTI,Rank factors,0.25,1,1,1,1,1.0,133,-2.407686083155804,0.5076658087126602,INE090A01021
Fund holdout,2024-05,uti:193,UTI,Log holdings zero,0.5,1,1,1,1,1.0,133,-1.944208821404732,0.6024396683286103,INE090A01021
Fund holdout,2024-05,uti:193,UTI,Log holdings minimum,0.5,1,1,1,1,1.0,133,-1.6638455965976022,0.6597695679852993,INE090A01021
Fund holdout,2024-05,uti:193,UTI,Word2Vec,1.0,1,1,1,1,1.0,133,-0.1470715330128946,0.9699261690409468,INE090A01021
Fund holdout,2024-05,uti:753,UTI,Popularity,0.25,1,1,1,1,1.0,146,-1.4654073112838866,0.7059544577815097,INE040A01034
Fund holdout,2024-05,uti:753,UTI,Co-holding,0.25,1,1,1,1,1.0,146,-2.7905366591738305,0.4400567960122704,INE040A01034
Fund holdout,2024-05,uti:753,UTI,Category popularity,0.25,1,1,1,1,1.0,146,-0.8925228760038202,0.8209082410084223,INE040A01034
Fund holdout,2024-05,uti:753,UTI,Binary factors,0.25,4,0,1,1,0.25,146,-3.3817443325698173,0.3214263104477164,INE040A01034
Fund holdout,2024-05,uti:753,UTI,Rank factors,0.25,1,1,1,1,1.0,146,-2.6645271791555856,0.4653415926632248,INE040A01034
Fund holdout,2024-05,uti:753,UTI,Log holdings zero,0.5,1,1,1,1,1.0,146,-2.44730708231915,0.5089285194263116,INE040A01034
Fund holdout,2024-05,uti:753,UTI,Log holdings minimum,0.5,1,1,1,1,1.0,146,-2.6467617733931705,0.4689063615366406,INE040A01034
Fund holdout,2024-05,uti:753,UTI,Word2Vec,1.0,1,1,1,1,1.0,146,-0.9420744336163064,0.8109653299053183,INE040A01034
Fund holdout,2024-06,absl:ABSLMCF,Aditya Birla SL,Popularity,0.25,1,1,1,1,1.0,130,-1.1346836082152834,0.7668874006409793,INE040A01034
Fund holdout,2024-06,absl:ABSLMCF,Aditya Birla SL,Co-holding,0.25,1,1,1,1,1.0,130,-2.53729409351969,0.478731148316329,INE040A01034
Fund holdout,2024-06,absl:ABSLMCF,Aditya Birla SL,Category popularity,0.25,1,1,1,1,1.0,130,-1.3561573856111124,0.7213872034363966,INE040A01034
Fund holdout,2024-06,absl:ABSLMCF,Aditya Birla SL,Binary factors,0.25,22,0,0,0,0.0454545454545454,130,-4.57804870203378,0.0594727682707427,INE040A01034
Fund holdout,2024-06,absl:ABSLMCF,Aditya Birla SL,Rank factors,0.25,1,1,1,1,1.0,130,-2.5287392022935027,0.48048868928769,INE040A01034
Fund holdout,2024-06,absl:ABSLMCF,Aditya Birla SL,Log holdings zero,0.25,1,1,1,1,1.0,130,-2.070657856460853,0.5745982123933304,INE040A01034
Fund holdout,2024-06,absl:ABSLMCF,Aditya Birla SL,Log holdings minimum,0.5,1,1,1,1,1.0,130,-2.427720976510288,0.5012421583820403,INE040A01034
Fund holdout,2024-06,absl:ABSLMCF,Aditya Birla SL,Word2Vec,1.0,1,1,1,1,1.0,130,-0.0522144049524637,0.9892729254443025,INE040A01034
Fund holdout,2024-06,absl:BSLDAAF,Aditya Birla SL,Popularity,0.25,1,1,1,1,1.0,104,-0.7841367812882432,0.8311647752489546,INE002A01018
Fund holdout,2024-06,absl:BSLDAAF,Aditya Birla SL,Co-holding,0.25,1,1,1,1,1.0,104,-1.8638648162707985,0.5986847669055206,INE002A01018
Fund holdout,2024-06,absl:BSLDAAF,Aditya Birla SL,Category popularity,0.25,1,1,1,1,1.0,104,-1.1648439165967748,0.7491933943776945,INE002A01018
Fund holdout,2024-06,absl:BSLDAAF,Aditya Birla SL,Binary factors,0.25,3,0,1,1,0.3333333333333333,104,-2.900874575234297,0.3754025795351132,INE002A01018
Fund holdout,2024-06,absl:BSLDAAF,Aditya Birla SL,Rank factors,0.25,1,1,1,1,1.0,104,-1.5413206758228362,0.6681328705325414,INE002A01018
Fund holdout,2024-06,absl:BSLDAAF,Aditya Birla SL,Log holdings zero,0.25,1,1,1,1,1.0,104,-0.0851774858120544,0.981660138506472,INE002A01018
Fund holdout,2024-06,absl:BSLDAAF,Aditya Birla SL,Log holdings minimum,0.5,1,1,1,1,1.0,104,-0.5223383360292146,0.8875335114178736,INE002A01018
Fund holdout,2024-06,absl:BSLDAAF,Aditya Birla SL,Word2Vec,1.0,1,1,1,1,1.0,104,-0.0104224002784221,0.997755916651988,INE002A01018
Fund holdout,2024-06,absl:BSLR96,Aditya Birla SL,Popularity,0.25,1,1,1,1,1.0,128,-1.3939632317710533,0.7127051654774783,INE002A01018
Fund holdout,2024-06,absl:BSLR96,Aditya Birla SL,Co-holding,0.25,1,1,1,1,1.0,128,-2.429244276507575,0.4993344755963748,INE002A01018
Fund holdout,2024-06,absl:BSLR96,Aditya Birla SL,Category popularity,0.25,1,1,1,1,1.0,128,-1.3745635296763457,0.7167034303355866,INE002A01018
Fund holdout,2024-06,absl:BSLR96,Aditya Birla SL,Binary factors,0.25,9,0,0,1,0.1111111111111111,128,-3.553121607629599,0.2677041538567651,INE002A01018
Fund holdout,2024-06,absl:BSLR96,Aditya Birla SL,Rank factors,0.25,1,1,1,1,1.0,128,-3.122039820349692,0.3565498048176612,INE002A01018
Fund holdout,2024-06,absl:BSLR96,Aditya Birla SL,Log holdings zero,0.25,1,1,1,1,1.0,128,-0.2836326728043801,0.9415435070730056,INE002A01018
Fund holdout,2024-06,absl:BSLR96,Aditya Birla SL,Log holdings minimum,0.5,1,1,1,1,1.0,128,-2.186009703572375,0.5494649487601402,INE002A01018
Fund holdout,2024-06,absl:BSLR96,Aditya Birla SL,Word2Vec,1.0,1,1,1,1,1.0,128,-0.0305223383585584,0.9937093676876818,INE002A01018
Fund holdout,2024-06,absl:MNC,Aditya Birla SL,Popularity,0.25,9,0,0,1,0.1111111111111111,152,-3.356852490821744,0.3318207953209285,INE585B01010
Fund holdout,2024-06,absl:MNC,Aditya Birla SL,Co-holding,0.25,6,0,0,1,0.1666666666666666,152,-3.58408162310513,0.2865909911206669,INE585B01010
Fund holdout,2024-06,absl:MNC,Aditya Birla SL,Category popularity,0.25,2,0,1,1,0.5,152,-2.2663872620293883,0.5488771572840643,INE585B01010
Fund holdout,2024-06,absl:MNC,Aditya Birla SL,Binary factors,0.25,2,0,1,1,0.5,152,-3.211423465590208,0.3607683438599687,INE585B01010
Fund holdout,2024-06,absl:MNC,Aditya Birla SL,Rank factors,0.25,6,0,0,1,0.1666666666666666,152,-3.725818756464566,0.2583783111472266,INE585B01010
Fund holdout,2024-06,absl:MNC,Aditya Birla SL,Log holdings zero,0.25,20,0,0,0,0.05,152,-6.391075010934562,-0.2721391331691107,INE585B01010
Fund holdout,2024-06,absl:MNC,Aditya Birla SL,Log holdings minimum,0.5,10,0,0,1,0.1,152,-3.8675315335862863,0.2301704792663346,INE585B01010
Fund holdout,2024-06,absl:MNC,Aditya Birla SL,Word2Vec,1.0,77,0,0,0,0.0129870129870129,152,-5.045238310771631,-0.0042512535552412,INE585B01010
Fund holdout,2024-06,axis:AXISMLC,Axis,Popularity,0.25,1,1,1,1,1.0,108,-1.0633896545277892,0.7728834150637579,INE040A01034
Fund holdout,2024-06,axis:AXISMLC,Axis,Co-holding,0.25,1,1,1,1,1.0,108,-2.3060336322643744,0.5074820588314122,INE040A01034
Fund holdout,2024-06,axis:AXISMLC,Axis,Category popularity,0.25,1,1,1,1,1.0,108,-1.346047775716663,0.7125138723325767,INE040A01034
Fund holdout,2024-06,axis:AXISMLC,Axis,Binary factors,0.25,34,0,0,0,0.0294117647058823,108,-4.853817657730592,-0.0366684362906724,INE040A01034
Fund holdout,2024-06,axis:AXISMLC,Axis,Rank factors,0.25,1,1,1,1,1.0,108,-2.577805056682994,0.4494376745039907,INE040A01034
Fund holdout,2024-06,axis:AXISMLC,Axis,Log holdings zero,0.25,1,1,1,1,1.0,108,-0.0045722739201625,0.9990234630986686,INE040A01034
Fund holdout,2024-06,axis:AXISMLC,Axis,Log holdings minimum,0.5,1,1,1,1,1.0,108,-1.1191515086434207,0.760973912443969,INE040A01034
Fund holdout,2024-06,axis:AXISMLC,Axis,Word2Vec,1.0,1,1,1,1,1.0,108,-0.7093927682102708,0.8484893451724158,INE040A01034
Fund holdout,2024-06,hdfc:HDFCEQ,HDFC,Popularity,0.25,1,1,1,1,1.0,145,-1.3597220221650836,0.7267842539826643,INE090A01021
Fund holdout,2024-06,hdfc:HDFCEQ,HDFC,Co-holding,0.25,1,1,1,1,1.0,145,-2.39197335131814,0.5193688320254126,INE090A01021
Fund holdout,2024-06,hdfc:HDFCEQ,HDFC,Category popularity,0.25,1,1,1,1,1.0,145,-1.3027512434038968,0.7382316774756233,INE090A01021
Fund holdout,2024-06,hdfc:HDFCEQ,HDFC,Binary factors,0.25,2,0,1,1,0.5,145,-3.205733645710273,0.3558559063778496,INE090A01021
Fund holdout,2024-06,hdfc:HDFCEQ,HDFC,Rank factors,0.25,1,1,1,1,1.0,145,-2.810090765130255,0.4353544090217918,INE090A01021
Fund holdout,2024-06,hdfc:HDFCEQ,HDFC,Log holdings zero,0.25,1,1,1,1,1.0,145,-0.0314790122631158,0.9936747646363324,INE090A01021
Fund holdout,2024-06,hdfc:HDFCEQ,HDFC,Log holdings minimum,0.5,1,1,1,1,1.0,145,-1.3654144217112556,0.7256404516736015,INE090A01021
Fund holdout,2024-06,hdfc:HDFCEQ,HDFC,Word2Vec,1.0,1,1,1,1,1.0,145,-0.7228731182989634,0.8547494891805536,INE090A01021
Fund holdout,2024-06,hdfc:HDFCMNCFND,HDFC,Popularity,0.25,24,0,0,0,0.0416666666666666,162,-4.761445156570716,0.0641071258745551,INE298A01020
Fund holdout,2024-06,hdfc:HDFCMNCFND,HDFC,Co-holding,0.25,24,0,0,0,0.0416666666666666,162,-4.193915061050543,0.1756588406971208,INE298A01020
Fund holdout,2024-06,hdfc:HDFCMNCFND,HDFC,Category popularity,0.25,14,0,0,0,0.0714285714285714,162,-3.983428199966065,0.2170313960680774,INE298A01020
Fund holdout,2024-06,hdfc:HDFCMNCFND,HDFC,Binary factors,0.25,1,1,1,1,1.0,162,-2.6510424688528254,0.4789204382246386,INE298A01020
Fund holdout,2024-06,hdfc:HDFCMNCFND,HDFC,Rank factors,0.25,19,0,0,0,0.0526315789473684,162,-4.886024584164673,0.0396202327751114,INE298A01020
Fund holdout,2024-06,hdfc:HDFCMNCFND,HDFC,Log holdings zero,0.25,27,0,0,0,0.037037037037037,162,-6.378544886307945,-0.2537442961296958,INE298A01020
Fund holdout,2024-06,hdfc:HDFCMNCFND,HDFC,Log holdings minimum,0.5,17,0,0,0,0.0588235294117647,162,-4.68477449124988,0.0791772415576489,INE298A01020
Fund holdout,2024-06,hdfc:HDFCMNCFND,HDFC,Word2Vec,1.0,26,0,0,0,0.0384615384615384,162,-4.316598502593696,0.1515446159317731,INE298A01020
Fund holdout,2024-06,icici:BHACON,ICICI Prudential,Popularity,0.25,8,0,0,1,0.125,148,-3.1352256623361967,0.3726050664694678,INE585B01010
Fund holdout,2024-06,icici:BHACON,ICICI Prudential,Co-holding,0.25,6,0,0,1,0.1666666666666666,148,-3.4863222233398776,0.3023465819846331,INE585B01010
Fund holdout,2024-06,icici:BHACON,ICICI Prudential,Category popularity,0.25,2,0,1,1,0.5,148,-2.0137501969474645,0.5970252839728536,INE585B01010
Fund holdout,2024-06,icici:BHACON,ICICI Prudential,Binary factors,0.25,19,0,0,0,0.0526315789473684,148,-4.224376757540409,0.1546533294735491,INE585B01010
Fund holdout,2024-06,icici:BHACON,ICICI Prudential,Rank factors,0.25,5,0,1,1,0.2,148,-3.4796588878626,0.3036799925167934,INE585B01010
Fund holdout,2024-06,icici:BHACON,ICICI Prudential,Log holdings zero,0.25,17,0,0,0,0.0588235294117647,148,-6.737798096337973,-0.3483113638602297,INE585B01010
Fund holdout,2024-06,icici:BHACON,ICICI Prudential,Log holdings minimum,0.5,5,0,1,1,0.2,148,-3.2481949988009395,0.3499985950458214,INE585B01010
Fund holdout,2024-06,icici:BHACON,ICICI Prudential,Word2Vec,1.0,2,0,1,1,0.5,148,-2.553506634091436,0.4890137752407253,INE585B01010
Fund holdout,2024-06,icici:HOUSING,ICICI Prudential,Popularity,0.25,1,1,1,1,1.0,161,-2.026400351600888,0.6012125377061812,INE090A01021
Fund holdout,2024-06,icici:HOUSING,ICICI Prudential,Co-holding,0.25,2,0,1,1,0.5,161,-3.110897438111705,0.3877878604685267,INE090A01021
Fund holdout,2024-06,icici:HOUSING,ICICI Prudential,Category popularity,0.25,4,0,1,1,0.25,161,-2.448906189084809,0.5180650833537241,INE090A01021
Fund holdout,2024-06,icici:HOUSING,ICICI Prudential,Binary factors,0.25,31,0,0,0,0.032258064516129,161,-4.863765907619333,0.0428303755679941,INE090A01021
Fund holdout,2024-06,icici:HOUSING,ICICI Prudential,Rank factors,0.25,1,1,1,1,1.0,161,-3.042416252969226,0.401264683060009,INE090A01021
Fund holdout,2024-06,icici:HOUSING,ICICI Prudential,Log holdings zero,0.25,2,0,1,1,0.5,161,-2.371768881195289,0.5332453961863471,INE090A01021
Fund holdout,2024-06,icici:HOUSING,ICICI Prudential,Log holdings minimum,0.5,2,0,1,1,0.5,161,-2.320541077281412,0.5433268225469187,INE090A01021
Fund holdout,2024-06,icici:HOUSING,ICICI Prudential,Word2Vec,1.0,1,1,1,1,1.0,161,-1.659505087414857,0.6734160542604385,INE090A01021
Fund holdout,2024-06,icici:LARGE & MIDCAP,ICICI Prudential,Popularity,0.25,1,1,1,1,1.0,110,-0.9244370114305732,0.8033313747764737,INE040A01034
Fund holdout,2024-06,icici:LARGE & MIDCAP,ICICI Prudential,Co-holding,0.25,1,1,1,1,1.0,110,-2.337943466991568,0.5026160551577088,INE040A01034
Fund holdout,2024-06,icici:LARGE & MIDCAP,ICICI Prudential,Category popularity,0.25,1,1,1,1,1.0,110,-1.43145702786026,0.6954657999897971,INE040A01034
Fund holdout,2024-06,icici:LARGE & MIDCAP,ICICI Prudential,Binary factors,0.25,5,0,1,1,0.2,110,-3.2584931029658284,0.3067744465694614,INE040A01034
Fund holdout,2024-06,icici:LARGE & MIDCAP,ICICI Prudential,Rank factors,0.25,1,1,1,1,1.0,110,-2.3601177711745884,0.4978986002472717,INE040A01034
Fund holdout,2024-06,icici:LARGE & MIDCAP,ICICI Prudential,Log holdings zero,0.25,1,1,1,1,1.0,110,-0.0064269702641244,0.99863269926391,INE040A01034
Fund holdout,2024-06,icici:LARGE & MIDCAP,ICICI Prudential,Log holdings minimum,0.5,1,1,1,1,1.0,110,-1.680407925457093,0.6425029370006088,INE040A01034
Fund holdout,2024-06,icici:LARGE & MIDCAP,ICICI Prudential,Word2Vec,1.0,1,1,1,1,1.0,110,-0.9140931900903082,0.8055319629154097,INE040A01034
Fund holdout,2024-06,icici:MIDCAP,ICICI Prudential,Popularity,0.25,47,0,0,0,0.0212765957446808,127,-6.355661035506312,-0.312018079002953,INE749A01030
Fund holdout,2024-06,icici:MIDCAP,ICICI Prudential,Co-holding,0.25,59,0,0,0,0.0169491525423728,127,-4.95935036440419,-0.0237734992249836,INE749A01030
Fund holdout,2024-06,icici:MIDCAP,ICICI Prudential,Category popularity,0.25,66,0,0,0,0.0151515151515151,127,-7.070726690045225,-0.459631216517357,INE749A01030
Fund holdout,2024-06,icici:MIDCAP,ICICI Prudential,Binary factors,0.25,31,0,0,0,0.032258064516129,127,-4.9421402508210015,-0.0202207641063714,INE749A01030
Fund holdout,2024-06,icici:MIDCAP,ICICI Prudential,Rank factors,0.25,86,0,0,0,0.0116279069767441,127,-5.433869748271389,-0.1217299520617594,INE749A01030
Fund holdout,2024-06,icici:MIDCAP,ICICI Prudential,Log holdings zero,0.25,13,0,0,0,0.0769230769230769,127,-5.49233768237143,-0.1337996622229298,INE749A01030
Fund holdout,2024-06,icici:MIDCAP,ICICI Prudential,Log holdings minimum,0.5,35,0,0,0,0.0285714285714285,127,-4.681181857033366,0.0336496560756064,INE749A01030
Fund holdout,2024-06,icici:MIDCAP,ICICI Prudential,Word2Vec,1.0,99,0,0,0,0.0101010101010101,127,-5.08773487713777,-0.0502762974122099,INE749A01030
Fund holdout,2024-06,icici:MNCFUND,ICICI Prudential,Popularity,0.25,10,0,0,1,0.1,153,-3.828045017464298,0.2390235050540714,INE030A01027
Fund holdout,2024-06,icici:MNCFUND,ICICI Prudential,Co-holding,0.25,8,0,0,1,0.125,153,-3.811665628963953,0.242279561237707,INE030A01027
Fund holdout,2024-06,icici:MNCFUND,ICICI Prudential,Category popularity,0.25,6,0,0,1,0.1666666666666666,153,-3.4225342922520667,0.3196349213062741,INE030A01027
Fund holdout,2024-06,icici:MNCFUND,ICICI Prudential,Binary factors,0.25,3,0,1,1,0.3333333333333333,153,-3.5687899638405725,0.2905607782845426,INE030A01027
Fund holdout,2024-06,icici:MNCFUND,ICICI Prudential,Rank factors,0.25,16,0,0,0,0.0625,153,-4.522931018258819,0.1008872211652573,INE030A01027
Fund holdout,2024-06,icici:MNCFUND,ICICI Prudential,Log holdings zero,0.25,85,0,0,0,0.0117647058823529,153,-6.621642118896482,-0.3163152437956331,INE030A01027
Fund holdout,2024-06,icici:MNCFUND,ICICI Prudential,Log holdings minimum,0.5,65,0,0,0,0.0153846153846153,153,-5.302210794899185,-0.0540256887677728,INE030A01027
Fund holdout,2024-06,icici:MNCFUND,ICICI Prudential,Word2Vec,1.0,1,1,1,1,1.0,153,-3.535130927620168,0.2972518530470929,INE030A01027
Fund holdout,2024-06,icici:MULTICAP,ICICI Prudential,Popularity,0.25,2,0,1,1,0.5,114,-2.212775741296074,0.532794969339561,INE044A01036
Fund holdout,2024-06,icici:MULTICAP,ICICI Prudential,Co-holding,0.25,1,1,1,1,1.0,114,-2.722480467809751,0.425176014587684,INE044A01036
Fund holdout,2024-06,icici:MULTICAP,ICICI Prudential,Category popularity,0.25,6,0,0,1,0.1666666666666666,114,-3.1479761871856384,0.3353369328827938,INE044A01036
Fund holdout,2024-06,icici:MULTICAP,ICICI Prudential,Binary factors,0.25,1,1,1,1,1.0,114,-1.70527681137881,0.6399481926360424,INE044A01036
Fund holdout,2024-06,icici:MULTICAP,ICICI Prudential,Rank factors,0.25,1,1,1,1,1.0,114,-2.8357856807283226,0.4012527744293287,INE044A01036
Fund holdout,2024-06,icici:MULTICAP,ICICI Prudential,Log holdings zero,0.25,8,0,0,1,0.125,114,-4.272815323525688,0.0978386209779466,INE044A01036
Fund holdout,2024-06,icici:MULTICAP,ICICI Prudential,Log holdings minimum,0.5,1,1,1,1,1.0,114,-1.8026133692881547,0.6193965711256851,INE044A01036
Fund holdout,2024-06,icici:MULTICAP,ICICI Prudential,Word2Vec,1.0,2,0,1,1,0.5,114,-2.222670919091809,0.5307057034645026,INE044A01036
Fund holdout,2024-06,kotak:EME,Kotak,Popularity,0.25,79,0,0,0,0.0126582278481012,132,-7.840154718266413,-0.6056671645843792,INE262H01021
Fund holdout,2024-06,kotak:EME,Kotak,Co-holding,0.25,51,0,0,0,0.0196078431372549,132,-5.042215907167579,-0.0326480547662209,INE262H01021
Fund holdout,2024-06,kotak:EME,Kotak,Category popularity,0.25,11,0,0,0,0.0909090909090909,132,-3.6316679626291535,0.2562327900646242,INE262H01021
Fund holdout,2024-06,kotak:EME,Kotak,Binary factors,0.25,4,0,1,1,0.25,132,-3.0617237308199226,0.3729576215948242,INE262H01021
Fund holdout,2024-06,kotak:EME,Kotak,Rank factors,0.25,39,0,0,0,0.0256410256410256,132,-4.844771076726777,0.0077887341044237,INE262H01021
Fund holdout,2024-06,kotak:EME,Kotak,Log holdings zero,0.25,48,0,0,0,0.0208333333333333,132,-6.756511596946742,-0.3837365725800088,INE262H01021
Fund holdout,2024-06,kotak:EME,Kotak,Log holdings minimum,0.5,22,0,0,0,0.0454545454545454,132,-4.437683042441029,0.0911605441306876,INE262H01021
Fund holdout,2024-06,kotak:EME,Kotak,Word2Vec,1.0,32,0,0,0,0.03125,132,-4.620103473623486,0.0538007588937247,INE262H01021
Fund holdout,2024-06,mirae:MAFF,Mirae Asset,Popularity,0.25,1,1,1,1,1.0,161,-2.0685304272596667,0.5929215077796723,INE009A01021
Fund holdout,2024-06,mirae:MAFF,Mirae Asset,Co-holding,0.25,1,1,1,1,1.0,161,-3.0383034767628145,0.4020740609230959,INE009A01021
Fund holdout,2024-06,mirae:MAFF,Mirae Asset,Category popularity,0.25,1,1,1,1,1.0,161,-1.1458039820052743,0.7745103716010253,INE009A01021
Fund holdout,2024-06,mirae:MAFF,Mirae Asset,Binary factors,0.25,13,0,0,0,0.0769230769230769,161,-3.8726314642490185,0.2378816590675205,INE009A01021
Fund holdout,2024-06,mirae:MAFF,Mirae Asset,Rank factors,0.25,1,1,1,1,1.0,161,-4.124246358726995,0.1883648569385984,INE009A01021
Fund holdout,2024-06,mirae:MAFF,Mirae Asset,Log holdings zero,0.25,2,0,1,1,0.5,161,-2.833575850825204,0.4423636366451879,INE009A01021
Fund holdout,2024-06,mirae:MAFF,Mirae Asset,Log holdings minimum,0.5,11,0,0,0,0.0909090909090909,161,-4.333532202022314,0.1471782423212909,INE009A01021
Fund holdout,2024-06,mirae:MAFF,Mirae Asset,Word2Vec,1.0,1,1,1,1,1.0,161,-0.6461513806919452,0.8728399996771521,INE009A01021
Fund holdout,2024-06,sbi:SBLUECHIP,SBI,Popularity,0.25,1,1,1,1,1.0,135,-1.2228343765159444,0.7507103206754041,INE090A01021
Fund holdout,2024-06,sbi:SBLUECHIP,SBI,Co-holding,0.25,1,1,1,1,1.0,135,-2.445157925457468,0.5015247797727098,INE090A01021
Fund holdout,2024-06,sbi:SBLUECHIP,SBI,Category popularity,0.25,1,1,1,1,1.0,135,-1.6307647027478431,0.6675487558992589,INE090A01021
Fund holdout,2024-06,sbi:SBLUECHIP,SBI,Binary factors,0.25,8,0,0,1,0.125,135,-3.762855187653421,0.2328961459624271,INE090A01021
Fund holdout,2024-06,sbi:SBLUECHIP,SBI,Rank factors,0.25,1,1,1,1,1.0,135,-2.7085695661291616,0.4478251089959487,INE090A01021
Fund holdout,2024-06,sbi:SBLUECHIP,SBI,Log holdings zero,0.25,1,1,1,1,1.0,135,-0.1973382288574949,0.9597701988632904,INE090A01021
Fund holdout,2024-06,sbi:SBLUECHIP,SBI,Log holdings minimum,0.5,1,1,1,1,1.0,135,-1.8828523068694916,0.6161576278772933,INE090A01021
Fund holdout,2024-06,sbi:SBLUECHIP,SBI,Word2Vec,1.0,1,1,1,1,1.0,135,-0.1989883811726631,0.9594337952182956,INE090A01021
Fund holdout,2024-06,sbi:SMAAF,SBI,Popularity,0.25,28,0,0,0,0.0357142857142857,149,-5.110819158552049,-0.0213577137068015,INE129A01019
Fund holdout,2024-06,sbi:SMAAF,SBI,Co-holding,0.25,28,0,0,0,0.0357142857142857,149,-4.5101465760750585,0.0986820600540199,INE129A01019
Fund holdout,2024-06,sbi:SMAAF,SBI,Category popularity,0.25,38,0,0,0,0.0263157894736842,149,-5.547527008801984,-0.1086304028104112,INE129A01019
Fund holdout,2024-06,sbi:SMAAF,SBI,Binary factors,0.25,47,0,0,0,0.0212765957446808,149,-5.572543319866152,-0.1136297192568016,INE129A01019
Fund holdout,2024-06,sbi:SMAAF,SBI,Rank factors,0.25,65,0,0,0,0.0153846153846153,149,-5.078132498225199,-0.0148255372348011,INE129A01019
Fund holdout,2024-06,sbi:SMAAF,SBI,Log holdings zero,0.25,3,0,1,1,0.3333333333333333,149,-3.034527813744666,0.3935730664937032,INE129A01019
Fund holdout,2024-06,sbi:SMAAF,SBI,Log holdings minimum,0.5,16,0,0,0,0.0625,149,-4.320586143200597,0.1365642476884544,INE129A01019
Fund holdout,2024-06,sbi:SMAAF,SBI,Word2Vec,1.0,14,0,0,0,0.0714285714285714,149,-4.438649958818676,0.1129701065047649,INE129A01019
Fund holdout,2024-06,uti:193,UTI,Popularity,0.25,1,1,1,1,1.0,140,-1.5288129593665405,0.6906265511296766,INE090A01021
Fund holdout,2024-06,uti:193,UTI,Co-holding,0.25,1,1,1,1,1.0,140,-2.5246664699518164,0.4891037727859854,INE090A01021
Fund holdout,2024-06,uti:193,UTI,Category popularity,0.25,2,0,1,1,0.5,140,-1.8445110571435244,0.6267412938045851,INE090A01021
Fund holdout,2024-06,uti:193,UTI,Binary factors,0.25,5,0,1,1,0.2,140,-3.195685172821734,0.3533151734733698,INE090A01021
Fund holdout,2024-06,uti:193,UTI,Rank factors,0.25,1,1,1,1,1.0,140,-2.084026929552394,0.5782724140424595,INE090A01021
Fund holdout,2024-06,uti:193,UTI,Log holdings zero,0.25,1,1,1,1,1.0,140,-0.4801306580503066,0.9028398623393744,INE090A01021
Fund holdout,2024-06,uti:193,UTI,Log holdings minimum,0.5,1,1,1,1,1.0,140,-1.278243768381813,0.7413322011051398,INE090A01021
Fund holdout,2024-06,uti:193,UTI,Word2Vec,1.0,1,1,1,1,1.0,140,-0.5706178456512419,0.8845287058730684,INE090A01021
Fund holdout,2024-06,uti:753,UTI,Popularity,0.25,1,1,1,1,1.0,153,-1.5311610609828603,0.695620722308997,INE040A01034
Fund holdout,2024-06,uti:753,UTI,Co-holding,0.25,1,1,1,1,1.0,153,-2.807379080482141,0.4419215336017797,INE040A01034
Fund holdout,2024-06,uti:753,UTI,Category popularity,0.25,1,1,1,1,1.0,153,-0.9039014791340456,0.8203135605172434,INE040A01034
Fund holdout,2024-06,uti:753,UTI,Binary factors,0.25,3,0,1,1,0.3333333333333333,153,-3.4456078027541377,0.3150481416138048,INE040A01034
Fund holdout,2024-06,uti:753,UTI,Rank factors,0.25,1,1,1,1,1.0,153,-2.657395957926026,0.4717366560423722,INE040A01034
Fund holdout,2024-06,uti:753,UTI,Log holdings zero,0.25,1,1,1,1,1.0,153,-1.10933068220222,0.779476320046674,INE040A01034
Fund holdout,2024-06,uti:753,UTI,Log holdings minimum,0.5,1,1,1,1,1.0,153,-2.6149965862837607,0.4801652207726828,INE040A01034
Fund holdout,2024-06,uti:753,UTI,Word2Vec,1.0,1,1,1,1,1.0,153,-0.9559049885728924,0.8099757906746425,INE040A01034
Fund holdout,2024-07,absl:ABSLMCF,Aditya Birla SL,Popularity,0.25,1,1,1,1,1.0,131,-1.5865486934619106,0.6745672865564851,INE009A01021
Fund holdout,2024-07,absl:ABSLMCF,Aditya Birla SL,Co-holding,0.25,1,1,1,1,1.0,131,-2.647869192364487,0.4568693292139725,INE009A01021
Fund holdout,2024-07,absl:ABSLMCF,Aditya Birla SL,Category popularity,0.25,2,0,1,1,0.5,131,-2.671707763364309,0.4519795638528098,INE009A01021
Fund holdout,2024-07,absl:ABSLMCF,Aditya Birla SL,Binary factors,0.25,15,0,0,0,0.0666666666666666,131,-4.06205626279843,0.166791415094722,INE009A01021
Fund holdout,2024-07,absl:ABSLMCF,Aditya Birla SL,Rank factors,0.25,1,1,1,1,1.0,131,-2.723188910185537,0.441419756032062,INE009A01021
Fund holdout,2024-07,absl:ABSLMCF,Aditya Birla SL,Log holdings zero,0.5,1,1,1,1,1.0,131,-2.495382270655223,0.4881474317399105,INE009A01021
Fund holdout,2024-07,absl:ABSLMCF,Aditya Birla SL,Log holdings minimum,0.25,4,0,1,1,0.25,131,-2.6283356381596503,0.4608760499495365,INE009A01021
Fund holdout,2024-07,absl:ABSLMCF,Aditya Birla SL,Word2Vec,1.0,1,1,1,1,1.0,131,-0.2074639519126364,0.957445014394533,INE009A01021
Fund holdout,2024-07,absl:BSLDAAF,Aditya Birla SL,Popularity,0.25,1,1,1,1,1.0,102,-0.7088430509894721,0.8467357367045557,INE002A01018
Fund holdout,2024-07,absl:BSLDAAF,Aditya Birla SL,Co-holding,0.25,1,1,1,1,1.0,102,-1.8449298686056028,0.6010938997724644,INE002A01018
Fund holdout,2024-07,absl:BSLDAAF,Aditya Birla SL,Category popularity,0.25,1,1,1,1,1.0,102,-1.120476471988603,0.7577333927736251,INE002A01018
Fund holdout,2024-07,absl:BSLDAAF,Aditya Birla SL,Binary factors,0.25,4,0,1,1,0.25,102,-2.7369222183691706,0.408229555315886,INE002A01018
Fund holdout,2024-07,absl:BSLDAAF,Aditya Birla SL,Rank factors,0.25,1,1,1,1,1.0,102,-1.7200667379931955,0.6280914921158753,INE002A01018
Fund holdout,2024-07,absl:BSLDAAF,Aditya Birla SL,Log holdings zero,0.5,1,1,1,1,1.0,102,-1.53130801609305,0.6689044286498967,INE002A01018
Fund holdout,2024-07,absl:BSLDAAF,Aditya Birla SL,Log holdings minimum,0.25,1,1,1,1,1.0,102,-0.0081136592526487,0.9982456849844946,INE002A01018
Fund holdout,2024-07,absl:BSLDAAF,Aditya Birla SL,Word2Vec,1.0,1,1,1,1,1.0,102,-0.0265721465950488,0.994254637234034,INE002A01018
Fund holdout,2024-07,absl:BSLR96,Aditya Birla SL,Popularity,0.25,1,1,1,1,1.0,130,-1.3267104296321222,0.7274368690892477,INE009A01021
Fund holdout,2024-07,absl:BSLR96,Aditya Birla SL,Co-holding,0.25,1,1,1,1,1.0,130,-2.4355701666990983,0.4996295986213023,INE009A01021
Fund holdout,2024-07,absl:BSLR96,Aditya Birla SL,Category popularity,0.25,1,1,1,1,1.0,130,-1.1889585904810378,0.7557369952728827,INE009A01021
Fund holdout,2024-07,absl:BSLR96,Aditya Birla SL,Binary factors,0.25,1,1,1,1,1.0,130,-3.1818227749486967,0.3463173589555405,INE009A01021
Fund holdout,2024-07,absl:BSLR96,Aditya Birla SL,Rank factors,0.25,1,1,1,1,1.0,130,-3.177085923834353,0.3472905110025487,INE009A01021
Fund holdout,2024-07,absl:BSLR96,Aditya Birla SL,Log holdings zero,0.5,1,1,1,1,1.0,130,-2.324916593323956,0.5223625806888017,INE009A01021
Fund holdout,2024-07,absl:BSLR96,Aditya Birla SL,Log holdings minimum,0.25,1,1,1,1,1.0,130,-1.5707119940809022,0.6773084998024226,INE009A01021
Fund holdout,2024-07,absl:BSLR96,Aditya Birla SL,Word2Vec,1.0,1,1,1,1,1.0,130,-0.0800366682451292,0.9835570412372452,INE009A01021
Fund holdout,2024-07,absl:MNC,Aditya Birla SL,Popularity,0.25,27,0,0,0,0.037037037037037,154,-4.842946463853423,0.0385165702109727,INE298A01020
Fund holdout,2024-07,absl:MNC,Aditya Birla SL,Co-holding,0.25,23,0,0,0,0.0434782608695652,154,-4.393657330487731,0.127715172784759,INE298A01020
Fund holdout,2024-07,absl:MNC,Aditya Birla SL,Category popularity,0.25,14,0,0,0,0.0714285714285714,154,-4.016129985395509,0.2026667109253636,INE298A01020
Fund holdout,2024-07,absl:MNC,Aditya Birla SL,Binary factors,0.25,62,0,0,0,0.0161290322580645,154,-5.368864598875664,-0.0658953980037428,INE298A01020
Fund holdout,2024-07,absl:MNC,Aditya Birla SL,Rank factors,0.25,20,0,0,0,0.05,154,-4.585261145370845,0.0896755424750951,INE298A01020
Fund holdout,2024-07,absl:MNC,Aditya Birla SL,Log holdings zero,0.5,59,0,0,0,0.0169491525423728,154,-5.5421663463896245,-0.1003014687360577,INE298A01020
Fund holdout,2024-07,absl:MNC,Aditya Birla SL,Log holdings minimum,0.25,18,0,0,0,0.0555555555555555,154,-5.237100488505012,-0.0397359081750094,INE298A01020
Fund holdout,2024-07,absl:MNC,Aditya Birla SL,Word2Vec,1.0,9,0,0,1,0.1111111111111111,154,-4.55668702913672,0.0953484400561509,INE298A01020
Fund holdout,2024-07,axis:AXISMLC,Axis,Popularity,0.25,1,1,1,1,1.0,105,-1.0044067602197408,0.7841823555317259,INE040A01034
Fund holdout,2024-07,axis:AXISMLC,Axis,Co-holding,0.25,1,1,1,1,1.0,105,-2.303083933007425,0.5051346037081145,INE040A01034
Fund holdout,2024-07,axis:AXISMLC,Axis,Category popularity,0.25,1,1,1,1,1.0,105,-1.2376671392482113,0.7340615204840927,INE040A01034
Fund holdout,2024-07,axis:AXISMLC,Axis,Binary factors,0.25,22,0,0,0,0.0454545454545454,105,-4.553987284255158,0.0214812887047868,INE040A01034
Fund holdout,2024-07,axis:AXISMLC,Axis,Rank factors,0.25,1,1,1,1,1.0,105,-2.303590140399464,0.5050258345407919,INE040A01034
Fund holdout,2024-07,axis:AXISMLC,Axis,Log holdings zero,0.5,1,1,1,1,1.0,105,-0.848814747601482,0.8176145296182525,INE040A01034
Fund holdout,2024-07,axis:AXISMLC,Axis,Log holdings minimum,0.25,1,1,1,1,1.0,105,-0.0896090499295283,0.9807456352896312,INE040A01034
Fund holdout,2024-07,axis:AXISMLC,Axis,Word2Vec,1.0,1,1,1,1,1.0,105,-1.1863778784098606,0.7450820829683895,INE040A01034
Fund holdout,2024-07,hdfc:HDFCEQ,HDFC,Popularity,0.25,1,1,1,1,1.0,144,-1.2385772554845715,0.7507799225394964,INE040A01034
Fund holdout,2024-07,hdfc:HDFCEQ,HDFC,Co-holding,0.25,1,1,1,1,1.0,144,-2.485480302582668,0.4998845725663947,INE040A01034
Fund holdout,2024-07,hdfc:HDFCEQ,HDFC,Category popularity,0.25,1,1,1,1,1.0,144,-1.1858731323398306,0.7613847722527115,INE040A01034
Fund holdout,2024-07,hdfc:HDFCEQ,HDFC,Binary factors,0.25,5,0,1,1,0.2,144,-3.380910997155034,0.3197106624823358,INE040A01034
Fund holdout,2024-07,hdfc:HDFCEQ,HDFC,Rank factors,0.25,1,1,1,1,1.0,144,-2.740756992219319,0.4485191239572025,INE040A01034
Fund holdout,2024-07,hdfc:HDFCEQ,HDFC,Log holdings zero,0.5,8,0,0,1,0.125,144,-3.681121593195732,0.2593038467843879,INE040A01034
Fund holdout,2024-07,hdfc:HDFCEQ,HDFC,Log holdings minimum,0.25,1,1,1,1,1.0,144,-0.9313572413674898,0.8125971369091575,INE040A01034
Fund holdout,2024-07,hdfc:HDFCEQ,HDFC,Word2Vec,1.0,1,1,1,1,1.0,144,-1.305530274267669,0.7373079841089704,INE040A01034
Fund holdout,2024-07,hdfc:HDFCMNCFND,HDFC,Popularity,0.25,39,0,0,0,0.0256410256410256,159,-5.555004870256493,-0.095898570705547,INE854D01024
Fund holdout,2024-07,hdfc:HDFCMNCFND,HDFC,Co-holding,0.25,18,0,0,0,0.0555555555555555,159,-4.158150183263,0.179674734937447,INE854D01024
Fund holdout,2024-07,hdfc:HDFCMNCFND,HDFC,Category popularity,0.25,38,0,0,0,0.0263157894736842,159,-5.7184238040224535,-0.1281380700621104,INE854D01024
Fund holdout,2024-07,hdfc:HDFCMNCFND,HDFC,Binary factors,0.25,13,0,0,0,0.0769230769230769,159,-4.074715920151598,0.1961347546543036,INE854D01024
Fund holdout,2024-07,hdfc:HDFCMNCFND,HDFC,Rank factors,0.25,28,0,0,0,0.0357142857142857,159,-5.081960027401401,-0.0025756701370387,INE854D01024
Fund holdout,2024-07,hdfc:HDFCMNCFND,HDFC,Log holdings zero,0.5,42,0,0,0,0.0238095238095238,159,-5.168259740510332,-0.0196009895485067,INE854D01024
Fund holdout,2024-07,hdfc:HDFCMNCFND,HDFC,Log holdings minimum,0.25,50,0,0,0,0.02,159,-7.395592430134025,-0.4590120734368348,INE854D01024
Fund holdout,2024-07,hdfc:HDFCMNCFND,HDFC,Word2Vec,1.0,34,0,0,0,0.0294117647058823,159,-4.501508670691417,0.1119365268888469,INE854D01024
Fund holdout,2024-07,icici:BHACON,ICICI Prudential,Popularity,0.25,97,0,0,0,0.0103092783505154,149,-8.096771643517052,-0.6180772431344517,INE239A01024
Fund holdout,2024-07,icici:BHACON,ICICI Prudential,Co-holding,0.25,34,0,0,0,0.0294117647058823,149,-4.88155072618278,0.0244598107731999,INE239A01024
Fund holdout,2024-07,icici:BHACON,ICICI Prudential,Category popularity,0.25,75,0,0,0,0.0133333333333333,149,-7.144027588633509,-0.4276787063333001,INE239A01024
Fund holdout,2024-07,icici:BHACON,ICICI Prudential,Binary factors,0.25,33,0,0,0,0.0303030303030303,149,-4.76554318347908,0.0476430217053127,INE239A01024
Fund holdout,2024-07,icici:BHACON,ICICI Prudential,Rank factors,0.25,43,0,0,0,0.0232558139534883,149,-5.217873535483759,-0.0427517036472036,INE239A01024
Fund holdout,2024-07,icici:BHACON,ICICI Prudential,Log holdings zero,0.5,83,0,0,0,0.0120481927710843,149,-5.854359651465497,-0.1699485353209358,INE239A01024
Fund holdout,2024-07,icici:BHACON,ICICI Prudential,Log holdings minimum,0.25,48,0,0,0,0.0208333333333333,149,-7.196123710638424,-0.4380897137302053,INE239A01024
Fund holdout,2024-07,icici:BHACON,ICICI Prudential,Word2Vec,1.0,78,0,0,0,0.0128205128205128,149,-8.77692634161977,-0.7540009034852011,INE239A01024
Fund holdout,2024-07,icici:HOUSING,ICICI Prudential,Popularity,0.25,1,1,1,1,1.0,162,-1.844078285558485,0.637534473246637,INE040A01034
Fund holdout,2024-07,icici:HOUSING,ICICI Prudential,Co-holding,0.25,2,0,1,1,0.5,162,-3.122189253104951,0.386313487278204,INE040A01034
Fund holdout,2024-07,icici:HOUSING,ICICI Prudential,Category popularity,0.25,2,0,1,1,0.5,162,-2.1826421056072274,0.5709875623401769,INE040A01034
Fund holdout,2024-07,icici:HOUSING,ICICI Prudential,Binary factors,0.25,17,0,0,0,0.0588235294117647,162,-4.223974736964135,0.169750416770988,INE040A01034
Fund holdout,2024-07,icici:HOUSING,ICICI Prudential,Rank factors,0.25,1,1,1,1,1.0,162,-2.836085886052204,0.4425489564862145,INE040A01034
Fund holdout,2024-07,icici:HOUSING,ICICI Prudential,Log holdings zero,0.5,3,0,1,1,0.3333333333333333,162,-3.3214256746952837,0.3471522786322685,INE040A01034
Fund holdout,2024-07,icici:HOUSING,ICICI Prudential,Log holdings minimum,0.25,2,0,1,1,0.5,162,-1.790265272866843,0.6481117693105914,INE040A01034
Fund holdout,2024-07,icici:HOUSING,ICICI Prudential,Word2Vec,1.0,1,1,1,1,1.0,162,-1.7890942283490832,0.6483419456926385,INE040A01034
Fund holdout,2024-07,icici:LARGE & MIDCAP,ICICI Prudential,Popularity,0.25,1,1,1,1,1.0,113,-0.9485530128512564,0.7993494400656923,INE040A01034
Fund holdout,2024-07,icici:LARGE & MIDCAP,ICICI Prudential,Co-holding,0.25,1,1,1,1,1.0,113,-2.4029706048156223,0.4916916705449924,INE040A01034
Fund holdout,2024-07,icici:LARGE & MIDCAP,ICICI Prudential,Category popularity,0.25,1,1,1,1,1.0,113,-1.4023658734550626,0.7033529028644316,INE040A01034
Fund holdout,2024-07,icici:LARGE & MIDCAP,ICICI Prudential,Binary factors,0.25,7,0,0,1,0.1428571428571428,113,-3.4085225322708843,0.2789839414530396,INE040A01034
Fund holdout,2024-07,icici:LARGE & MIDCAP,ICICI Prudential,Rank factors,0.25,1,1,1,1,1.0,113,-2.4071407642687994,0.4908095429064114,INE040A01034
Fund holdout,2024-07,icici:LARGE & MIDCAP,ICICI Prudential,Log holdings zero,0.5,1,1,1,1,1.0,113,-0.3855454877867217,0.918444286237608,INE040A01034
Fund holdout,2024-07,icici:LARGE & MIDCAP,ICICI Prudential,Log holdings minimum,0.25,1,1,1,1,1.0,113,-0.3270914386772663,0.9308092648158576,INE040A01034
Fund holdout,2024-07,icici:LARGE & MIDCAP,ICICI Prudential,Word2Vec,1.0,1,1,1,1,1.0,113,-0.8660163977048363,0.8168086835869699,INE040A01034
Fund holdout,2024-07,icici:MIDCAP,ICICI Prudential,Popularity,0.25,79,0,0,0,0.0126582278481012,131,-7.745653794226486,-0.588787751700794,INE211B01039
Fund holdout,2024-07,icici:MIDCAP,ICICI Prudential,Co-holding,0.25,79,0,0,0,0.0126582278481012,131,-5.490895607386738,-0.1262919720716673,INE211B01039
Fund holdout,2024-07,icici:MIDCAP,ICICI Prudential,Category popularity,0.25,18,0,0,0,0.0555555555555555,131,-4.043023511101813,0.1706954112685876,INE211B01039
Fund holdout,2024-07,icici:MIDCAP,ICICI Prudential,Binary factors,0.25,43,0,0,0,0.0232558139534883,131,-5.112161092688776,-0.048605985312617,INE211B01039
Fund holdout,2024-07,icici:MIDCAP,ICICI Prudential,Rank factors,0.25,130,0,0,0,0.0076923076923076,131,-6.427402962622853,-0.3183882695444402,INE211B01039
Fund holdout,2024-07,icici:MIDCAP,ICICI Prudential,Log holdings zero,0.5,67,0,0,0,0.0149253731343283,131,-6.518535512094018,-0.337081369213958,INE211B01039
Fund holdout,2024-07,icici:MIDCAP,ICICI Prudential,Log holdings minimum,0.25,73,0,0,0,0.0136986301369863,131,-10.014704203938075,-1.0542151506930644,INE211B01039
Fund holdout,2024-07,icici:MIDCAP,ICICI Prudential,Word2Vec,1.0,61,0,0,0,0.0163934426229508,131,-4.852658171493541,0.0046232286025318,INE211B01039
Fund holdout,2024-07,icici:MNCFUND,ICICI Prudential,Popularity,0.25,11,0,0,0,0.0909090909090909,154,-3.9231843244204967,0.221119467643875,INE030A01027
Fund holdout,2024-07,icici:MNCFUND,ICICI Prudential,Co-holding,0.25,8,0,0,1,0.125,154,-3.830925223475893,0.2394359197185669,INE030A01027
Fund holdout,2024-07,icici:MNCFUND,ICICI Prudential,Category popularity,0.25,8,0,0,1,0.125,154,-3.529960859420532,0.2991871994727467,INE030A01027
Fund holdout,2024-07,icici:MNCFUND,ICICI Prudential,Binary factors,0.25,2,0,1,1,0.5,154,-2.9429690721533497,0.4157242871923939,INE030A01027
Fund holdout,2024-07,icici:MNCFUND,ICICI Prudential,Rank factors,0.25,17,0,0,0,0.0588235294117647,154,-4.63630312649685,0.079542038121382,INE030A01027
Fund holdout,2024-07,icici:MNCFUND,ICICI Prudential,Log holdings zero,0.5,52,0,0,0,0.0192307692307692,154,-5.090328846478555,-0.0105969319702052,INE030A01027
Fund holdout,2024-07,icici:MNCFUND,ICICI Prudential,Log holdings minimum,0.25,48,0,0,0,0.0208333333333333,154,-5.663845944733785,-0.1244588527634262,INE030A01027
Fund holdout,2024-07,icici:MNCFUND,ICICI Prudential,Word2Vec,1.0,6,0,0,1,0.1666666666666666,154,-4.276278720114524,0.151018669886749,INE030A01027
Fund holdout,2024-07,icici:MULTICAP,ICICI Prudential,Popularity,0.25,1,1,1,1,1.0,111,-1.166197358353223,0.7523750122616781,INE040A01034
Fund holdout,2024-07,icici:MULTICAP,ICICI Prudential,Co-holding,0.25,1,1,1,1,1.0,111,-2.4201213569122824,0.4861225528954239,INE040A01034
Fund holdout,2024-07,icici:MULTICAP,ICICI Prudential,Category popularity,0.25,1,1,1,1,1.0,111,-1.3894803220187413,0.7049641338680542,INE040A01034
Fund holdout,2024-07,icici:MULTICAP,ICICI Prudential,Binary factors,0.25,23,0,0,0,0.0434782608695652,111,-4.445301095719009,0.0561051939999653,INE040A01034
Fund holdout,2024-07,icici:MULTICAP,ICICI Prudential,Rank factors,0.25,1,1,1,1,1.0,111,-2.4068862185711937,0.4889328413478476,INE040A01034
Fund holdout,2024-07,icici:MULTICAP,ICICI Prudential,Log holdings zero,0.5,1,1,1,1,1.0,111,-0.2410753561414527,0.9488111667541116,INE040A01034
Fund holdout,2024-07,icici:MULTICAP,ICICI Prudential,Log holdings minimum,0.25,1,1,1,1,1.0,111,-0.5388519788441286,0.8855826471409027,INE040A01034
Fund holdout,2024-07,icici:MULTICAP,ICICI Prudential,Word2Vec,1.0,1,1,1,1,1.0,111,-0.4006702384882015,0.914923522865072,INE040A01034
Fund holdout,2024-07,kotak:EME,Kotak,Popularity,0.25,60,0,0,0,0.0166666666666666,131,-6.863320810495255,-0.4078036960335098,INE356A01018
Fund holdout,2024-07,kotak:EME,Kotak,Co-holding,0.25,11,0,0,0,0.0909090909090909,131,-3.805878049703196,0.2193386652082871,INE356A01018
Fund holdout,2024-07,kotak:EME,Kotak,Category popularity,0.25,4,0,1,1,0.25,131,-2.7285541041363013,0.4403192479715511,INE356A01018
Fund holdout,2024-07,kotak:EME,Kotak,Binary factors,0.25,1,1,1,1,1.0,131,-1.6051791809622582,0.6707458027753703,INE356A01018
Fund holdout,2024-07,kotak:EME,Kotak,Rank factors,0.25,30,0,0,0,0.0333333333333333,131,-4.5788785923111455,0.0607808692131945,INE356A01018
Fund holdout,2024-07,kotak:EME,Kotak,Log holdings zero,0.5,65,0,0,0,0.0153846153846153,131,-5.574172272980268,-0.1433736736055137,INE356A01018
Fund holdout,2024-07,kotak:EME,Kotak,Log holdings minimum,0.25,22,0,0,0,0.0454545454545454,131,-4.859840634107703,0.0031499625708206,INE356A01018
Fund holdout,2024-07,kotak:EME,Kotak,Word2Vec,1.0,8,0,0,1,0.125,131,-4.143479858654058,0.1500898150449904,INE356A01018
Fund holdout,2024-07,kotak:SPO,Kotak,Popularity,0.25,32,0,0,0,0.03125,162,-5.435986786691611,-0.0684783989340054,INE158A01026
Fund holdout,2024-07,kotak:SPO,Kotak,Co-holding,0.25,52,0,0,0,0.0192307692307692,162,-5.20030419988945,-0.0221534605402058,INE158A01026
Fund holdout,2024-07,kotak:SPO,Kotak,Category popularity,0.25,23,0,0,0,0.0434782608695652,162,-4.705321647051871,0.075138565049511,INE158A01026
Fund holdout,2024-07,kotak:SPO,Kotak,Binary factors,0.25,47,0,0,0,0.0212765957446808,162,-5.1939551911609865,-0.0209055217671361,INE158A01026
Fund holdout,2024-07,kotak:SPO,Kotak,Rank factors,0.25,91,0,0,0,0.0109890109890109,162,-5.573787721750824,-0.0955640649301301,INE158A01026
Fund holdout,2024-07,kotak:SPO,Kotak,Log holdings zero,0.5,18,0,0,0,0.0555555555555555,162,-4.728305164041016,0.0706210059754979,INE158A01026
Fund holdout,2024-07,kotak:SPO,Kotak,Log holdings minimum,0.25,40,0,0,0,0.025,162,-6.256768408833471,-0.2298083410243048,INE158A01026
Fund holdout,2024-07,kotak:SPO,Kotak,Word2Vec,1.0,47,0,0,0,0.0212765957446808,162,-4.911976021974129,0.0345193096476732,INE158A01026
Fund holdout,2024-07,mirae:MAFF,Mirae Asset,Popularity,0.25,1,1,1,1,1.0,161,-1.616009409850058,0.6819758291652904,INE040A01034
Fund holdout,2024-07,mirae:MAFF,Mirae Asset,Co-holding,0.25,1,1,1,1,1.0,161,-2.824916172442874,0.4440678266210937,INE040A01034
Fund holdout,2024-07,mirae:MAFF,Mirae Asset,Category popularity,0.25,1,1,1,1,1.0,161,-0.7857535327333984,0.8453668560313836,INE040A01034
Fund holdout,2024-07,mirae:MAFF,Mirae Asset,Binary factors,0.25,12,0,0,0,0.0833333333333333,161,-3.888169578318837,0.2348238205343601,INE040A01034
Fund holdout,2024-07,mirae:MAFF,Mirae Asset,Rank factors,0.25,1,1,1,1,1.0,161,-2.453324120872684,0.5171956520960352,INE040A01034
Fund holdout,2024-07,mirae:MAFF,Mirae Asset,Log holdings zero,0.5,1,1,1,1,1.0,161,-3.002196594220684,0.4091797506003316,INE040A01034
Fund holdout,2024-07,mirae:MAFF,Mirae Asset,Log holdings minimum,0.25,1,1,1,1,1.0,161,-1.2408855450747938,0.7557987013146142,INE040A01034
Fund holdout,2024-07,mirae:MAFF,Mirae Asset,Word2Vec,1.0,1,1,1,1,1.0,161,-0.9280519063905786,0.8173631067848669,INE040A01034
Fund holdout,2024-07,sbi:SBLUECHIP,SBI,Popularity,0.25,1,1,1,1,1.0,137,-1.3174628222829767,0.7322219654619447,INE090A01021
Fund holdout,2024-07,sbi:SBLUECHIP,SBI,Co-holding,0.25,1,1,1,1,1.0,137,-2.512122791024245,0.4894039572721702,INE090A01021
Fund holdout,2024-07,sbi:SBLUECHIP,SBI,Category popularity,0.25,1,1,1,1,1.0,137,-1.777679271548278,0.638681674106478,INE090A01021
Fund holdout,2024-07,sbi:SBLUECHIP,SBI,Binary factors,0.25,9,0,0,1,0.1111111111111111,137,-3.636621860709074,0.260846349704707,INE090A01021
Fund holdout,2024-07,sbi:SBLUECHIP,SBI,Rank factors,0.25,1,1,1,1,1.0,137,-2.748413724239586,0.4413771586366514,INE090A01021
Fund holdout,2024-07,sbi:SBLUECHIP,SBI,Log holdings zero,0.5,1,1,1,1,1.0,137,-2.322094463369972,0.5280277508435423,INE090A01021
Fund holdout,2024-07,sbi:SBLUECHIP,SBI,Log holdings minimum,0.25,1,1,1,1,1.0,137,-1.231498523411754,0.7496944516701618,INE090A01021
Fund holdout,2024-07,sbi:SBLUECHIP,SBI,Word2Vec,1.0,1,1,1,1,1.0,137,-0.3341974256881457,0.9320734306237388,INE090A01021
Fund holdout,2024-07,sbi:SMAAF,SBI,Popularity,0.25,23,0,0,0,0.0434782608695652,154,-4.444017536351714,0.1177170231416889,INE213A01029
Fund holdout,2024-07,sbi:SMAAF,SBI,Co-holding,0.25,5,0,1,1,0.2,154,-3.516545662219668,0.3018505553269264,INE213A01029
Fund holdout,2024-07,sbi:SMAAF,SBI,Category popularity,0.25,8,0,0,1,0.125,154,-3.43248618944646,0.318539112756061,INE213A01029
Fund holdout,2024-07,sbi:SMAAF,SBI,Binary factors,0.25,4,0,1,1,0.25,154,-3.0253776658805087,0.3993634833032189,INE213A01029
Fund holdout,2024-07,sbi:SMAAF,SBI,Rank factors,0.25,1,1,1,1,1.0,154,-3.8844234441016887,0.2288147714075504,INE213A01029
Fund holdout,2024-07,sbi:SMAAF,SBI,Log holdings zero,0.5,2,0,1,1,0.5,154,-3.3467529379362864,0.3355599700635312,INE213A01029
Fund holdout,2024-07,sbi:SMAAF,SBI,Log holdings minimum,0.25,4,0,1,1,0.25,154,-4.128651250094894,0.1803275559677675,INE213A01029
Fund holdout,2024-07,sbi:SMAAF,SBI,Word2Vec,1.0,8,0,0,1,0.125,154,-4.180988803622992,0.1699368380755603,INE213A01029
Fund holdout,2024-07,uti:193,UTI,Popularity,0.25,1,1,1,1,1.0,139,-1.7879966365903712,0.6376520251560085,INE009A01021
Fund holdout,2024-07,uti:193,UTI,Co-holding,0.25,1,1,1,1,1.0,139,-2.527783935218152,0.487729802715891,INE009A01021
Fund holdout,2024-07,uti:193,UTI,Category popularity,0.25,1,1,1,1,1.0,139,-1.5374420774428792,0.6884283718431876,INE009A01021
Fund holdout,2024-07,uti:193,UTI,Binary factors,0.25,6,0,0,1,0.1666666666666666,139,-3.308375076296413,0.3295384429769588,INE009A01021
Fund holdout,2024-07,uti:193,UTI,Rank factors,0.25,2,0,1,1,0.5,139,-2.8073437293291232,0.4310753755369428,INE009A01021
Fund holdout,2024-07,uti:193,UTI,Log holdings zero,0.5,1,1,1,1,1.0,139,-2.8055545539483626,0.4314379623911863,INE009A01021
Fund holdout,2024-07,uti:193,UTI,Log holdings minimum,0.25,2,0,1,1,0.5,139,-1.6221484918308882,0.6712621215932311,INE009A01021
Fund holdout,2024-07,uti:193,UTI,Word2Vec,1.0,1,1,1,1,1.0,139,-0.5443040452281664,0.8896936020730317,INE009A01021
Fund holdout,2024-07,uti:753,UTI,Popularity,0.25,1,1,1,1,1.0,153,-1.5873004037284382,0.6844607907835845,INE040A01034
Fund holdout,2024-07,uti:753,UTI,Co-holding,0.25,1,1,1,1,1.0,153,-2.832857493416012,0.436856683715546,INE040A01034
Fund holdout,2024-07,uti:753,UTI,Category popularity,0.25,1,1,1,1,1.0,153,-0.926411320548322,0.8158388325182055,INE040A01034
Fund holdout,2024-07,uti:753,UTI,Binary factors,0.25,3,0,1,1,0.3333333333333333,153,-3.461679051682587,0.3118533404494559,INE040A01034
Fund holdout,2024-07,uti:753,UTI,Rank factors,0.25,1,1,1,1,1.0,153,-2.8035290186498774,0.4426868868160378,INE040A01034
Fund holdout,2024-07,uti:753,UTI,Log holdings zero,0.5,3,0,1,1,0.3333333333333333,153,-3.833986579963448,0.2378423827358965,INE040A01034
Fund holdout,2024-07,uti:753,UTI,Log holdings minimum,0.25,1,1,1,1,1.0,153,-0.9703650573922022,0.8071012757625675,INE040A01034
Fund holdout,2024-07,uti:753,UTI,Word2Vec,1.0,1,1,1,1,1.0,153,-1.137373132572514,0.7739017655429714,INE040A01034
Fund holdout,2024-08,absl:ABSLMCF,Aditya Birla SL,Popularity,0.25,1,1,1,1,1.0,135,-1.611666396280203,0.6714421782517821,INE009A01021
Fund holdout,2024-08,absl:ABSLMCF,Aditya Birla SL,Co-holding,0.25,1,1,1,1,1.0,135,-2.6159838575835765,0.4666998331913299,INE009A01021
Fund holdout,2024-08,absl:ABSLMCF,Aditya Birla SL,Category popularity,0.25,2,0,1,1,0.5,135,-2.726816871065595,0.4441051736690551,INE009A01021
Fund holdout,2024-08,absl:ABSLMCF,Aditya Birla SL,Binary factors,0.25,5,0,1,1,0.2,135,-3.442058691998788,0.2982944182599796,INE009A01021
Fund holdout,2024-08,absl:ABSLMCF,Aditya Birla SL,Rank factors,0.25,1,1,1,1,1.0,135,-2.5340277353882743,0.4834075867621488,INE009A01021
Fund holdout,2024-08,absl:ABSLMCF,Aditya Birla SL,Log holdings zero,0.25,1,1,1,1,1.0,135,-1.087542054858602,0.7782913080345693,INE009A01021
Fund holdout,2024-08,absl:ABSLMCF,Aditya Birla SL,Log holdings minimum,0.5,1,1,1,1,1.0,135,-3.090962159236252,0.3698697221157008,INE009A01021
Fund holdout,2024-08,absl:ABSLMCF,Aditya Birla SL,Word2Vec,1.0,1,1,1,1,1.0,135,-0.2045067893855758,0.9583088005009416,INE009A01021
Fund holdout,2024-08,absl:BSLDAAF,Aditya Birla SL,Popularity,0.25,1,1,1,1,1.0,100,-0.7774258207318958,0.8311841279835155,INE002A01018
Fund holdout,2024-08,absl:BSLDAAF,Aditya Birla SL,Co-holding,0.25,1,1,1,1,1.0,100,-1.8432770637474665,0.5997374712978234,INE002A01018
Fund holdout,2024-08,absl:BSLDAAF,Aditya Birla SL,Category popularity,0.25,1,1,1,1,1.0,100,-1.1703157096360144,0.7458691726101954,INE002A01018
Fund holdout,2024-08,absl:BSLDAAF,Aditya Birla SL,Binary factors,0.25,10,0,0,1,0.1,100,-3.5887429192667506,0.2207143765965415,INE002A01018
Fund holdout,2024-08,absl:BSLDAAF,Aditya Birla SL,Rank factors,0.25,1,1,1,1,1.0,100,-1.580284211992709,0.656845643446369,INE002A01018
Fund holdout,2024-08,absl:BSLDAAF,Aditya Birla SL,Log holdings zero,0.25,1,1,1,1,1.0,100,-0.3275408743292303,0.9288754028405244,INE002A01018
Fund holdout,2024-08,absl:BSLDAAF,Aditya Birla SL,Log holdings minimum,0.5,1,1,1,1,1.0,100,-0.8180046364761058,0.8223725501035759,INE002A01018
Fund holdout,2024-08,absl:BSLDAAF,Aditya Birla SL,Word2Vec,1.0,1,1,1,1,1.0,100,-0.0475792071501004,0.9896683064406898,INE002A01018
Fund holdout,2024-08,absl:BSLR96,Aditya Birla SL,Popularity,0.25,1,1,1,1,1.0,133,-1.3473294232351556,0.7244921808425002,INE009A01021
Fund holdout,2024-08,absl:BSLR96,Aditya Birla SL,Co-holding,0.25,1,1,1,1,1.0,133,-2.398617377561712,0.5095202173359132,INE009A01021
Fund holdout,2024-08,absl:BSLR96,Aditya Birla SL,Category popularity,0.25,1,1,1,1,1.0,133,-1.148639068060081,0.7651212545477803,INE009A01021
Fund holdout,2024-08,absl:BSLR96,Aditya Birla SL,Binary factors,0.25,2,0,1,1,0.5,133,-3.1911483956062865,0.3474600050146801,INE009A01021
Fund holdout,2024-08,absl:BSLR96,Aditya Birla SL,Rank factors,0.25,1,1,1,1,1.0,133,-2.7995046931211816,0.427545023940009,INE009A01021
Fund holdout,2024-08,absl:BSLR96,Aditya Birla SL,Log holdings zero,0.25,1,1,1,1,1.0,133,-1.2926840811176188,0.7356662996394965,INE009A01021
Fund holdout,2024-08,absl:BSLR96,Aditya Birla SL,Log holdings minimum,0.5,1,1,1,1,1.0,133,-2.757460808266857,0.4361423415858377,INE009A01021
Fund holdout,2024-08,absl:BSLR96,Aditya Birla SL,Word2Vec,1.0,1,1,1,1,1.0,133,-0.0641687715331489,0.9868784886619164,INE009A01021
Fund holdout,2024-08,absl:MNC,Aditya Birla SL,Popularity,0.25,26,0,0,0,0.0384615384615384,156,-4.8382738924867965,0.0418986431413083,INE298A01020
Fund holdout,2024-08,absl:MNC,Aditya Birla SL,Co-holding,0.25,18,0,0,0,0.0555555555555555,156,-4.157913652832653,0.1766272846466153,INE298A01020
Fund holdout,2024-08,absl:MNC,Aditya Birla SL,Category popularity,0.25,14,0,0,0,0.0714285714285714,156,-4.019655862135043,0.2040058456390729,INE298A01020
Fund holdout,2024-08,absl:MNC,Aditya Birla SL,Binary factors,0.25,34,0,0,0,0.0294117647058823,156,-4.792690788502302,0.0509252577455774,INE298A01020
Fund holdout,2024-08,absl:MNC,Aditya Birla SL,Rank factors,0.25,16,0,0,0,0.0625,156,-4.388914182596406,0.1308833011682486,INE298A01020
Fund holdout,2024-08,absl:MNC,Aditya Birla SL,Log holdings zero,0.25,51,0,0,0,0.0196078431372549,156,-7.356472861913066,-0.4567688368444895,INE298A01020
Fund holdout,2024-08,absl:MNC,Aditya Birla SL,Log holdings minimum,0.5,27,0,0,0,0.037037037037037,156,-4.748318887886091,0.0597120232597843,INE298A01020
Fund holdout,2024-08,absl:MNC,Aditya Birla SL,Word2Vec,1.0,67,0,0,0,0.0149253731343283,156,-5.574580062167968,-0.1039087162416394,INE298A01020
Fund holdout,2024-08,axis:AXISMLC,Axis,Popularity,0.25,1,1,1,1,1.0,105,-1.0053365482557162,0.7839825712692872,INE040A01034
Fund holdout,2024-08,axis:AXISMLC,Axis,Co-holding,0.25,1,1,1,1,1.0,105,-2.2653681849304417,0.5132386151820642,INE040A01034
Fund holdout,2024-08,axis:AXISMLC,Axis,Category popularity,0.25,1,1,1,1,1.0,105,-1.249560669144392,0.7315059486696963,INE040A01034
Fund holdout,2024-08,axis:AXISMLC,Axis,Binary factors,0.25,22,0,0,0,0.0454545454545454,105,-4.476793012406871,0.038068080606801,INE040A01034
Fund holdout,2024-08,axis:AXISMLC,Axis,Rank factors,0.25,1,1,1,1,1.0,105,-2.5445155305601714,0.4532580127215637,INE040A01034
Fund holdout,2024-08,axis:AXISMLC,Axis,Log holdings zero,0.25,1,1,1,1,1.0,105,-0.0571477611080819,0.9877206171070736,INE040A01034
Fund holdout,2024-08,axis:AXISMLC,Axis,Log holdings minimum,0.5,1,1,1,1,1.0,105,-1.4321421209829528,0.6922745332511312,INE040A01034
Fund holdout,2024-08,axis:AXISMLC,Axis,Word2Vec,1.0,1,1,1,1,1.0,105,-0.0148086099848718,0.9968180627098874,INE040A01034
Fund holdout,2024-08,hdfc:HDFCEQ,HDFC,Popularity,0.25,1,1,1,1,1.0,148,-1.2761627451859745,0.7446250678831552,INE040A01034
Fund holdout,2024-08,hdfc:HDFCEQ,HDFC,Co-holding,0.25,1,1,1,1,1.0,148,-2.5152924134245684,0.4966608829826749,INE040A01034
Fund holdout,2024-08,hdfc:HDFCEQ,HDFC,Category popularity,0.25,1,1,1,1,1.0,148,-1.2604554993844133,0.7477682695206014,INE040A01034
Fund holdout,2024-08,hdfc:HDFCEQ,HDFC,Binary factors,0.25,8,0,0,1,0.125,148,-3.665270927424405,0.2665368756361503,INE040A01034
Fund holdout,2024-08,hdfc:HDFCEQ,HDFC,Rank factors,0.25,1,1,1,1,1.0,148,-2.8248640904963422,0.4347120082676549,INE040A01034
Fund holdout,2024-08,hdfc:HDFCEQ,HDFC,Log holdings zero,0.25,3,0,1,1,0.3333333333333333,148,-2.338994671892288,0.5319401010494884,INE040A01034
Fund holdout,2024-08,hdfc:HDFCEQ,HDFC,Log holdings minimum,0.5,1,1,1,1,1.0,148,-1.967583012134332,0.6062638718662507,INE040A01034
Fund holdout,2024-08,hdfc:HDFCEQ,HDFC,Word2Vec,1.0,1,1,1,1,1.0,148,-1.4208464016835751,0.7156721940464352,INE040A01034
Fund holdout,2024-08,hdfc:HDFCMNCFND,HDFC,Popularity,0.25,34,0,0,0,0.0294117647058823,163,-5.45275471792756,-0.0704794116256304,INE854D01024
Fund holdout,2024-08,hdfc:HDFCMNCFND,HDFC,Co-holding,0.25,19,0,0,0,0.0526315789473684,163,-4.217238581446614,0.1720758939496727,INE854D01024
Fund holdout,2024-08,hdfc:HDFCMNCFND,HDFC,Category popularity,0.25,37,0,0,0,0.027027027027027,163,-5.627074698532475,-0.104701737757231,INE854D01024
Fund holdout,2024-08,hdfc:HDFCMNCFND,HDFC,Binary factors,0.25,5,0,1,1,0.2,163,-3.764841543723618,0.2608900328234919,INE854D01024
Fund holdout,2024-08,hdfc:HDFCMNCFND,HDFC,Rank factors,0.25,46,0,0,0,0.0217391304347826,163,-5.297978706394065,-0.0400939381666096,INE854D01024
Fund holdout,2024-08,hdfc:HDFCMNCFND,HDFC,Log holdings zero,0.25,28,0,0,0,0.0357142857142857,163,-5.883310440202398,-0.1550056850590322,INE854D01024
Fund holdout,2024-08,hdfc:HDFCMNCFND,HDFC,Log holdings minimum,0.5,55,0,0,0,0.0181818181818181,163,-5.555618906349524,-0.0906736073295486,INE854D01024
Fund holdout,2024-08,hdfc:HDFCMNCFND,HDFC,Word2Vec,1.0,1,1,1,1,1.0,163,-3.066245801029224,0.3980376578844437,INE854D01024
Fund holdout,2024-08,icici:BHACON,ICICI Prudential,Popularity,0.25,8,0,0,1,0.125,150,-3.2058782831188037,0.3601852669468668,INE585B01010
Fund holdout,2024-08,icici:BHACON,ICICI Prudential,Co-holding,0.25,5,0,1,1,0.2,150,-3.3341503700647728,0.3345853021884847,INE585B01010
Fund holdout,2024-08,icici:BHACON,ICICI Prudential,Category popularity,0.25,4,0,1,1,0.25,150,-2.307289487526573,0.5395215672062343,INE585B01010
Fund holdout,2024-08,icici:BHACON,ICICI Prudential,Binary factors,0.25,1,1,1,1,1.0,150,-1.4537603972633288,0.7098650546416316,INE585B01010
Fund holdout,2024-08,icici:BHACON,ICICI Prudential,Rank factors,0.25,11,0,0,0,0.0909090909090909,150,-4.36330720600984,0.1291908211418071,INE585B01010
Fund holdout,2024-08,icici:BHACON,ICICI Prudential,Log holdings zero,0.25,18,0,0,0,0.0555555555555555,150,-4.911922357040401,0.0197006828998633,INE585B01010
Fund holdout,2024-08,icici:BHACON,ICICI Prudential,Log holdings minimum,0.5,64,0,0,0,0.015625,150,-5.764868177663011,-0.1505263982105074,INE585B01010
Fund holdout,2024-08,icici:BHACON,ICICI Prudential,Word2Vec,1.0,3,0,1,1,0.3333333333333333,150,-2.220349142885828,0.5568727291922566,INE585B01010
Fund holdout,2024-08,icici:HOUSING,ICICI Prudential,Popularity,0.25,7,0,0,1,0.1428571428571428,164,-3.206711241786337,0.3712166216175891,INE733E01010
Fund holdout,2024-08,icici:HOUSING,ICICI Prudential,Co-holding,0.25,6,0,0,1,0.1666666666666666,164,-3.392355230367679,0.334814886158697,INE733E01010
Fund holdout,2024-08,icici:HOUSING,ICICI Prudential,Category popularity,0.25,7,0,0,1,0.1428571428571428,164,-3.476769106047156,0.3182627123176477,INE733E01010
Fund holdout,2024-08,icici:HOUSING,ICICI Prudential,Binary factors,0.25,9,0,0,1,0.1111111111111111,164,-3.2262357943365245,0.3673881777109675,INE733E01010
Fund holdout,2024-08,icici:HOUSING,ICICI Prudential,Rank factors,0.25,16,0,0,0,0.0625,164,-4.655189854677788,0.0871937685897642,INE733E01010
Fund holdout,2024-08,icici:HOUSING,ICICI Prudential,Log holdings zero,0.25,9,0,0,1,0.1111111111111111,164,-6.634044136715955,-0.3008270374536645,INE733E01010
Fund holdout,2024-08,icici:HOUSING,ICICI Prudential,Log holdings minimum,0.5,8,0,0,1,0.125,164,-3.581909814970881,0.2976463470830425,INE733E01010
Fund holdout,2024-08,icici:HOUSING,ICICI Prudential,Word2Vec,1.0,7,0,0,1,0.1428571428571428,164,-3.8635171415308793,0.2424277780194321,INE733E01010
Fund holdout,2024-08,icici:LARGE & MIDCAP,ICICI Prudential,Popularity,0.25,1,1,1,1,1.0,115,-1.1474265427195682,0.7581785130580214,INE090A01021
Fund holdout,2024-08,icici:LARGE & MIDCAP,ICICI Prudential,Co-holding,0.25,1,1,1,1,1.0,115,-2.4293365776834257,0.4880144727125068,INE090A01021
Fund holdout,2024-08,icici:LARGE & MIDCAP,ICICI Prudential,Category popularity,0.25,1,1,1,1,1.0,115,-1.4758046852012008,0.6889724351630979,INE090A01021
Fund holdout,2024-08,icici:LARGE & MIDCAP,ICICI Prudential,Binary factors,0.25,3,0,1,1,0.3333333333333333,115,-3.125339145933798,0.341331116782091,INE090A01021
Fund holdout,2024-08,icici:LARGE & MIDCAP,ICICI Prudential,Rank factors,0.25,1,1,1,1,1.0,115,-2.523144521014631,0.4682443388531709,INE090A01021
Fund holdout,2024-08,icici:LARGE & MIDCAP,ICICI Prudential,Log holdings zero,0.25,2,0,1,1,0.5,115,-2.027506214838671,0.5727006920248503,INE090A01021
Fund holdout,2024-08,icici:LARGE & MIDCAP,ICICI Prudential,Log holdings minimum,0.5,1,1,1,1,1.0,115,-1.7108467169945851,0.6394370518457265,INE090A01021
Fund holdout,2024-08,icici:LARGE & MIDCAP,ICICI Prudential,Word2Vec,1.0,1,1,1,1,1.0,115,-0.250780656264487,0.9471476831532692,INE090A01021
Fund holdout,2024-08,icici:MIDCAP,ICICI Prudential,Popularity,0.25,83,0,0,0,0.0120481927710843,133,-7.806016769741147,-0.5962084843172739,INE211B01039
Fund holdout,2024-08,icici:MIDCAP,ICICI Prudential,Co-holding,0.25,101,0,0,0,0.0099009900990099,133,-5.877403622865209,-0.2018372244523925,INE211B01039
Fund holdout,2024-08,icici:MIDCAP,ICICI Prudential,Category popularity,0.25,19,0,0,0,0.0526315789473684,133,-4.036242906727857,0.1746513795027289,INE211B01039
Fund holdout,2024-08,icici:MIDCAP,ICICI Prudential,Binary factors,0.25,42,0,0,0,0.0238095238095238,133,-5.058166174136508,-0.0343159642624075,INE211B01039
Fund holdout,2024-08,icici:MIDCAP,ICICI Prudential,Rank factors,0.25,124,0,0,0,0.0080645161290322,133,-6.161570855368376,-0.2599449842569559,INE211B01039
Fund holdout,2024-08,icici:MIDCAP,ICICI Prudential,Log holdings zero,0.25,72,0,0,0,0.0138888888888888,133,-11.557911305628435,-1.363412305049715,INE211B01039
Fund holdout,2024-08,icici:MIDCAP,ICICI Prudential,Log holdings minimum,0.5,52,0,0,0,0.0192307692307692,133,-5.606305057775931,-0.1464018029760823,INE211B01039
Fund holdout,2024-08,icici:MIDCAP,ICICI Prudential,Word2Vec,1.0,24,0,0,0,0.0416666666666666,133,-4.454757075880726,0.0890717699125541,INE211B01039
Fund holdout,2024-08,icici:MNCFUND,ICICI Prudential,Popularity,0.25,7,0,0,1,0.1428571428571428,157,-3.2471674144924094,0.3577908314786284,INE585B01010
Fund holdout,2024-08,icici:MNCFUND,ICICI Prudential,Co-holding,0.25,2,0,1,1,0.5,157,-3.3278764132135863,0.3418285935202194,INE585B01010
Fund holdout,2024-08,icici:MNCFUND,ICICI Prudential,Category popularity,0.25,4,0,1,1,0.25,157,-2.41840244715001,0.5216999844841573,INE585B01010
Fund holdout,2024-08,icici:MNCFUND,ICICI Prudential,Binary factors,0.25,1,1,1,1,1.0,157,-1.4337773311083968,0.7164344087876818,INE585B01010
Fund holdout,2024-08,icici:MNCFUND,ICICI Prudential,Rank factors,0.25,8,0,0,1,0.125,157,-4.257709311366864,0.1579307107927351,INE585B01010
Fund holdout,2024-08,icici:MNCFUND,ICICI Prudential,Log holdings zero,0.25,42,0,0,0,0.0238095238095238,157,-5.345462877765472,-0.0571999628877302,INE585B01010
Fund holdout,2024-08,icici:MNCFUND,ICICI Prudential,Log holdings minimum,0.5,25,0,0,0,0.04,157,-4.695298931996126,0.0713863382532522,INE585B01010
Fund holdout,2024-08,icici:MNCFUND,ICICI Prudential,Word2Vec,1.0,3,0,1,1,0.3333333333333333,157,-3.612107554706875,0.2856147240930963,INE585B01010
Fund holdout,2024-08,icici:MULTICAP,ICICI Prudential,Popularity,0.25,1,1,1,1,1.0,116,-1.3597523061599297,0.7139525597507477,INE090A01021
Fund holdout,2024-08,icici:MULTICAP,ICICI Prudential,Co-holding,0.25,1,1,1,1,1.0,116,-2.4850610054750497,0.4772243913401652,INE090A01021
Fund holdout,2024-08,icici:MULTICAP,ICICI Prudential,Category popularity,0.25,1,1,1,1,1.0,116,-1.477697807056062,0.6891406815377709,INE090A01021
Fund holdout,2024-08,icici:MULTICAP,ICICI Prudential,Binary factors,0.25,30,0,0,0,0.0333333333333333,116,-4.720568261107151,0.0069467347145311,INE090A01021
Fund holdout,2024-08,icici:MULTICAP,ICICI Prudential,Rank factors,0.25,1,1,1,1,1.0,116,-1.905728731436085,0.5990969656994054,INE090A01021
Fund holdout,2024-08,icici:MULTICAP,ICICI Prudential,Log holdings zero,0.25,1,1,1,1,1.0,116,-0.2440432504466096,0.9486612769221888,INE090A01021
Fund holdout,2024-08,icici:MULTICAP,ICICI Prudential,Log holdings minimum,0.5,1,1,1,1,1.0,116,-1.0984476533756005,0.7689225176729119,INE090A01021
Fund holdout,2024-08,icici:MULTICAP,ICICI Prudential,Word2Vec,1.0,1,1,1,1,1.0,116,-0.026043923181346,0.9945212098362892,INE090A01021
Fund holdout,2024-08,icici:TECH,ICICI Prudential,Popularity,0.25,21,0,0,0,0.0476190476190476,164,-4.442055109330994,0.1289859896926463,INE467B01029
Fund holdout,2024-08,icici:TECH,ICICI Prudential,Co-holding,0.25,11,0,0,0,0.0909090909090909,164,-3.774693531127662,0.2598446283742979,INE467B01029
Fund holdout,2024-08,icici:TECH,ICICI Prudential,Category popularity,0.25,49,0,0,0,0.0204081632653061,164,-6.054945761245179,-0.1872753623918841,INE467B01029
Fund holdout,2024-08,icici:TECH,ICICI Prudential,Binary factors,0.25,57,0,0,0,0.0175438596491228,164,-5.330037218029378,-0.0451327095449789,INE467B01029
Fund holdout,2024-08,icici:TECH,ICICI Prudential,Rank factors,0.25,10,0,0,1,0.1,164,-4.2190925670304535,0.1727052802772165,INE467B01029
Fund holdout,2024-08,icici:TECH,ICICI Prudential,Log holdings zero,0.25,4,0,1,1,0.25,164,-3.0494314742974504,0.4020565994316725,INE467B01029
Fund holdout,2024-08,icici:TECH,ICICI Prudential,Log holdings minimum,0.5,1,1,1,1,1.0,164,-1.5974289354115196,0.6867704364380687,INE467B01029
Fund holdout,2024-08,icici:TECH,ICICI Prudential,Word2Vec,1.0,8,0,0,1,0.125,164,-3.4718059719477257,0.3192359013549826,INE467B01029
Fund holdout,2024-08,kotak:EME,Kotak,Popularity,0.25,61,0,0,0,0.0163934426229508,135,-7.058251591104785,-0.4389105422044765,INE356A01018
Fund holdout,2024-08,kotak:EME,Kotak,Co-holding,0.25,3,0,1,1,0.3333333333333333,135,-3.600447259781153,0.2660049798622416,INE356A01018
Fund holdout,2024-08,kotak:EME,Kotak,Category popularity,0.25,4,0,1,1,0.25,135,-2.7595259503449467,0.4374370295269313,INE356A01018
Fund holdout,2024-08,kotak:EME,Kotak,Binary factors,0.25,1,1,1,1,1.0,135,-1.0134310106801925,0.7933997469143179,INE356A01018
Fund holdout,2024-08,kotak:EME,Kotak,Rank factors,0.25,12,0,0,0,0.0833333333333333,135,-4.346216490152355,0.1139708402765661,INE356A01018
Fund holdout,2024-08,kotak:EME,Kotak,Log holdings zero,0.25,39,0,0,0,0.0256410256410256,135,-6.185686893983114,-0.2610276026070648,INE356A01018
Fund holdout,2024-08,kotak:EME,Kotak,Log holdings minimum,0.5,13,0,0,0,0.0769230769230769,135,-3.9874943167095287,0.1871007238499842,INE356A01018
Fund holdout,2024-08,kotak:EME,Kotak,Word2Vec,1.0,10,0,0,1,0.1,135,-3.7691620585381056,0.2316104135275374,INE356A01018
Fund holdout,2024-08,kotak:SPO,Kotak,Popularity,0.25,12,0,0,0,0.0833333333333333,163,-3.814673103080111,0.2511071503907018,INE154A01025
Fund holdout,2024-08,kotak:SPO,Kotak,Co-holding,0.25,3,0,1,1,0.3333333333333333,163,-3.488997641390019,0.3150434348277577,INE154A01025
Fund holdout,2024-08,kotak:SPO,Kotak,Category popularity,0.25,28,0,0,0,0.0357142857142857,163,-5.157988668941353,-0.0126112325108556,INE154A01025
Fund holdout,2024-08,kotak:SPO,Kotak,Binary factors,0.25,1,1,1,1,1.0,163,-2.3258033631961688,0.5434005847346417,INE154A01025
Fund holdout,2024-08,kotak:SPO,Kotak,Rank factors,0.25,4,0,1,1,0.25,163,-3.644715409894871,0.2844730765718328,INE154A01025
Fund holdout,2024-08,kotak:SPO,Kotak,Log holdings zero,0.25,9,0,0,1,0.1111111111111111,163,-4.475202984171576,0.1214325776197701,INE154A01025
Fund holdout,2024-08,kotak:SPO,Kotak,Log holdings minimum,0.5,7,0,0,1,0.1428571428571428,163,-3.7027345200584896,0.2730828222648138,INE154A01025
Fund holdout,2024-08,kotak:SPO,Kotak,Word2Vec,1.0,18,0,0,0,0.0555555555555555,163,-4.098813710687893,0.1953249474152243,INE154A01025
Fund holdout,2024-08,mirae:MAFF,Mirae Asset,Popularity,0.25,1,1,1,1,1.0,164,-2.163692676416609,0.5757354222824764,INE009A01021
Fund holdout,2024-08,mirae:MAFF,Mirae Asset,Co-holding,0.25,1,1,1,1,1.0,164,-3.0816530179691,0.3957384842167615,INE009A01021
Fund holdout,2024-08,mirae:MAFF,Mirae Asset,Category popularity,0.25,1,1,1,1,1.0,164,-1.4797236024512372,0.7098505179708119,INE009A01021
Fund holdout,2024-08,mirae:MAFF,Mirae Asset,Binary factors,0.25,8,0,0,1,0.125,164,-3.529926067773314,0.3078395056555788,INE009A01021
Fund holdout,2024-08,mirae:MAFF,Mirae Asset,Rank factors,0.25,1,1,1,1,1.0,164,-3.9470630352216007,0.2260458011827633,INE009A01021
Fund holdout,2024-08,mirae:MAFF,Mirae Asset,Log holdings zero,0.25,4,0,1,1,0.25,164,-3.093330019766964,0.393448816053267,INE009A01021
Fund holdout,2024-08,mirae:MAFF,Mirae Asset,Log holdings minimum,0.5,8,0,0,1,0.125,164,-4.052309302006288,0.2054087377862639,INE009A01021
Fund holdout,2024-08,mirae:MAFF,Mirae Asset,Word2Vec,1.0,1,1,1,1,1.0,164,-0.3566578584061046,0.9300652549525168,INE009A01021
Fund holdout,2024-08,sbi:SBLUECHIP,SBI,Popularity,0.25,1,1,1,1,1.0,145,-1.3269147871679756,0.7333763757828455,INE090A01021
Fund holdout,2024-08,sbi:SBLUECHIP,SBI,Co-holding,0.25,1,1,1,1,1.0,145,-2.5565621138314847,0.4862971888490002,INE090A01021
Fund holdout,2024-08,sbi:SBLUECHIP,SBI,Category popularity,0.25,1,1,1,1,1.0,145,-1.778152057276536,0.6427070144179179,INE090A01021
Fund holdout,2024-08,sbi:SBLUECHIP,SBI,Binary factors,0.25,5,0,1,1,0.2,145,-3.560262059256029,0.2846187392125994,INE090A01021
Fund holdout,2024-08,sbi:SBLUECHIP,SBI,Rank factors,0.25,1,1,1,1,1.0,145,-2.6592472873572435,0.4656641433938068,INE090A01021
Fund holdout,2024-08,sbi:SBLUECHIP,SBI,Log holdings zero,0.25,1,1,1,1,1.0,145,-0.9602734841950368,0.8070474463984523,INE090A01021
Fund holdout,2024-08,sbi:SBLUECHIP,SBI,Log holdings minimum,0.5,1,1,1,1,1.0,145,-2.710036932795171,0.4554587259319466,INE090A01021
Fund holdout,2024-08,sbi:SBLUECHIP,SBI,Word2Vec,1.0,1,1,1,1,1.0,145,-0.1740815857223285,0.965020916381663,INE090A01021
Fund holdout,2024-08,sbi:SMAAF,SBI,Popularity,0.25,156,0,0,0,0.0064102564102564,158,-9.531770172470926,-0.8827834559723422,INE342J01019
Fund holdout,2024-08,sbi:SMAAF,SBI,Co-holding,0.25,156,0,0,0,0.0064102564102564,158,-8.627510903505831,-0.7041676940822525,INE342J01019
Fund holdout,2024-08,sbi:SMAAF,SBI,Category popularity,0.25,156,0,0,0,0.0064102564102564,158,-14.414611502356443,-1.847277218169637,INE342J01019
Fund holdout,2024-08,sbi:SMAAF,SBI,Binary factors,0.25,147,0,0,0,0.0068027210884353,158,-7.680392057222399,-0.5170860017674037,INE342J01019
Fund holdout,2024-08,sbi:SMAAF,SBI,Rank factors,0.25,96,0,0,0,0.0104166666666666,158,-5.30922771948889,-0.0487166531893148,INE342J01019
Fund holdout,2024-08,sbi:SMAAF,SBI,Log holdings zero,0.25,63,0,0,0,0.0158730158730158,158,-6.57066079839394,-0.2978839420354127,INE342J01019
Fund holdout,2024-08,sbi:SMAAF,SBI,Log holdings minimum,0.5,100,0,0,0,0.01,158,-6.144096737743992,-0.2136259561868185,INE342J01019
Fund holdout,2024-08,sbi:SMAAF,SBI,Word2Vec,1.0,139,0,0,0,0.0071942446043165,158,-7.988197521882133,-0.5778859398726042,INE342J01019
Fund holdout,2024-08,uti:193,UTI,Popularity,0.25,1,1,1,1,1.0,143,-1.8709096922922333,0.6230166705431894,INE009A01021
Fund holdout,2024-08,uti:193,UTI,Co-holding,0.25,1,1,1,1,1.0,143,-2.5612212917039194,0.4839207183542663,INE009A01021
Fund holdout,2024-08,uti:193,UTI,Category popularity,0.25,1,1,1,1,1.0,143,-1.6222433015582125,0.6731222872328255,INE009A01021
Fund holdout,2024-08,uti:193,UTI,Binary factors,0.25,9,0,0,1,0.1111111111111111,143,-3.658104962695845,0.2629015745543764,INE009A01021
Fund holdout,2024-08,uti:193,UTI,Rank factors,0.25,1,1,1,1,1.0,143,-2.7570419970831272,0.4444633667810915,INE009A01021
Fund holdout,2024-08,uti:193,UTI,Log holdings zero,0.25,1,1,1,1,1.0,143,-0.9935089143978652,0.7998105948471261,INE009A01021
Fund holdout,2024-08,uti:193,UTI,Log holdings minimum,0.5,1,1,1,1,1.0,143,-2.5385326344726766,0.4884924224718814,INE009A01021
Fund holdout,2024-08,uti:193,UTI,Word2Vec,1.0,1,1,1,1,1.0,143,-0.2563877867947806,0.9483385425303243,INE009A01021
Fund holdout,2024-08,uti:753,UTI,Popularity,0.25,1,1,1,1,1.0,157,-1.6114037132705017,0.6813043164226671,INE040A01034
Fund holdout,2024-08,uti:753,UTI,Co-holding,0.25,1,1,1,1,1.0,157,-2.903815468629715,0.4256973295170564,INE040A01034
Fund holdout,2024-08,uti:753,UTI,Category popularity,0.25,1,1,1,1,1.0,157,-0.9364732602178432,0.8147888183704841,INE040A01034
Fund holdout,2024-08,uti:753,UTI,Binary factors,0.25,4,0,1,1,0.25,157,-3.614121408694297,0.2852164337280806,INE040A01034
Fund holdout,2024-08,uti:753,UTI,Rank factors,0.25,1,1,1,1,1.0,157,-2.764215164257287,0.4533068069330404,INE040A01034
Fund holdout,2024-08,uti:753,UTI,Log holdings zero,0.25,1,1,1,1,1.0,157,-1.2538587713627791,0.7520178370211958,INE040A01034
Fund holdout,2024-08,uti:753,UTI,Log holdings minimum,0.5,1,1,1,1,1.0,157,-2.675492873786324,0.4708538752296639,INE040A01034
Fund holdout,2024-08,uti:753,UTI,Word2Vec,1.0,1,1,1,1,1.0,157,-0.4116940179803805,0.918577135323424,INE040A01034
Fund holdout,2024-09,absl:ABSLMCF,Aditya Birla SL,Popularity,0.25,1,1,1,1,1.0,152,-1.6215413563252952,0.6772332961349675,INE009A01021
Fund holdout,2024-09,absl:ABSLMCF,Aditya Birla SL,Co-holding,0.25,1,1,1,1,1.0,152,-2.6649340027546717,0.4695466996683748,INE009A01021
Fund holdout,2024-09,absl:ABSLMCF,Aditya Birla SL,Category popularity,0.25,2,0,1,1,0.5,152,-2.8290902532075077,0.4368715096888999,INE009A01021
Fund holdout,2024-09,absl:ABSLMCF,Aditya Birla SL,Binary factors,0.25,10,0,0,1,0.1,152,-3.695226423366551,0.2644676942388576,INE009A01021
Fund holdout,2024-09,absl:ABSLMCF,Aditya Birla SL,Rank factors,0.25,1,1,1,1,1.0,152,-2.978103802093374,0.4072104641549656,INE009A01021
Fund holdout,2024-09,absl:ABSLMCF,Aditya Birla SL,Log holdings zero,0.5,1,1,1,1,1.0,152,-2.805397444538036,0.4415875471366774,INE009A01021
Fund holdout,2024-09,absl:ABSLMCF,Aditya Birla SL,Log holdings minimum,0.25,2,0,1,1,0.5,152,-2.928386920337298,0.4171065756468251,INE009A01021
Fund holdout,2024-09,absl:ABSLMCF,Aditya Birla SL,Word2Vec,1.0,1,1,1,1,1.0,152,-0.3148583404591303,0.93732766152526,INE009A01021
Fund holdout,2024-09,absl:BSLDAAF,Aditya Birla SL,Popularity,0.25,1,1,1,1,1.0,123,-0.9418241525186452,0.8042834432419086,INE002A01018
Fund holdout,2024-09,absl:BSLDAAF,Aditya Birla SL,Co-holding,0.25,1,1,1,1,1.0,123,-1.9602214112114305,0.5926545480280695,INE002A01018
Fund holdout,2024-09,absl:BSLDAAF,Aditya Birla SL,Category popularity,0.25,1,1,1,1,1.0,123,-1.402694581708909,0.708511877741568,INE002A01018
Fund holdout,2024-09,absl:BSLDAAF,Aditya Birla SL,Binary factors,0.25,3,0,1,1,0.3333333333333333,123,-2.9752752634129926,0.381720432200122,INE002A01018
Fund holdout,2024-09,absl:BSLDAAF,Aditya Birla SL,Rank factors,0.25,1,1,1,1,1.0,123,-2.271147506115723,0.5280422904870281,INE002A01018
Fund holdout,2024-09,absl:BSLDAAF,Aditya Birla SL,Log holdings zero,0.5,1,1,1,1,1.0,123,-1.9297388201492665,0.5989890083918195,INE002A01018
Fund holdout,2024-09,absl:BSLDAAF,Aditya Birla SL,Log holdings minimum,0.25,1,1,1,1,1.0,123,-0.1312354161170965,0.9727285144488318,INE002A01018
Fund holdout,2024-09,absl:BSLDAAF,Aditya Birla SL,Word2Vec,1.0,1,1,1,1,1.0,123,-0.1294083578958256,0.9731081878125988,INE002A01018
Fund holdout,2024-09,absl:BSLR96,Aditya Birla SL,Popularity,0.25,1,1,1,1,1.0,152,-0.8883568557051511,0.8231731722084213,INE040A01034
Fund holdout,2024-09,absl:BSLR96,Aditya Birla SL,Co-holding,0.25,1,1,1,1,1.0,152,-2.2554182968250718,0.5510605223459526,INE040A01034
Fund holdout,2024-09,absl:BSLR96,Aditya Birla SL,Category popularity,0.25,1,1,1,1,1.0,152,-0.9888164843423884,0.8031767514694356,INE040A01034
Fund holdout,2024-09,absl:BSLR96,Aditya Birla SL,Binary factors,0.25,15,0,0,0,0.0666666666666666,152,-4.0363034563450535,0.1965765428543402,INE040A01034
Fund holdout,2024-09,absl:BSLR96,Aditya Birla SL,Rank factors,0.25,1,1,1,1,1.0,152,-2.609721470505979,0.4805367166521768,INE040A01034
Fund holdout,2024-09,absl:BSLR96,Aditya Birla SL,Log holdings zero,0.5,1,1,1,1,1.0,152,-1.3296851767828777,0.7353270701272786,INE040A01034
Fund holdout,2024-09,absl:BSLR96,Aditya Birla SL,Log holdings minimum,0.25,1,1,1,1,1.0,152,-0.3275359498224368,0.9348041920058912,INE040A01034
Fund holdout,2024-09,absl:BSLR96,Aditya Birla SL,Word2Vec,1.0,1,1,1,1,1.0,152,-0.0211590510103132,0.9957883052905986,INE040A01034
Fund holdout,2024-09,absl:MNC,Aditya Birla SL,Popularity,0.25,27,0,0,0,0.037037037037037,173,-4.893658929863989,0.0503819083148725,INE298A01020
Fund holdout,2024-09,absl:MNC,Aditya Birla SL,Co-holding,0.25,18,0,0,0,0.0555555555555555,173,-4.174970001139741,0.1898440201603577,INE298A01020
Fund holdout,2024-09,absl:MNC,Aditya Birla SL,Category popularity,0.25,17,0,0,0,0.0588235294117647,173,-4.370901704832692,0.1518233298694863,INE298A01020
Fund holdout,2024-09,absl:MNC,Aditya Birla SL,Binary factors,0.25,27,0,0,0,0.037037037037037,173,-4.610243995629388,0.105378783426152,INE298A01020
Fund holdout,2024-09,absl:MNC,Aditya Birla SL,Rank factors,0.25,23,0,0,0,0.0434782608695652,173,-4.760772230738509,0.0761686693953757,INE298A01020
Fund holdout,2024-09,absl:MNC,Aditya Birla SL,Log holdings zero,0.5,37,0,0,0,0.027027027027027,173,-5.292931280121047,-0.0270971830455628,INE298A01020
Fund holdout,2024-09,absl:MNC,Aditya Birla SL,Log holdings minimum,0.25,27,0,0,0,0.037037037037037,173,-6.100007331322563,-0.1837108806021381,INE298A01020
Fund holdout,2024-09,absl:MNC,Aditya Birla SL,Word2Vec,1.0,106,0,0,0,0.0094339622641509,173,-6.324799210385583,-0.2273319090149361,INE298A01020
Fund holdout,2024-09,axis:AXISMLC,Axis,Popularity,0.25,1,1,1,1,1.0,118,-0.9462309422570528,0.8016572008544719,INE040A01034
Fund holdout,2024-09,axis:AXISMLC,Axis,Co-holding,0.25,1,1,1,1,1.0,118,-2.313019674230412,0.5151598027736995,INE040A01034
Fund holdout,2024-09,axis:AXISMLC,Axis,Category popularity,0.25,1,1,1,1,1.0,118,-1.221441813782702,0.7439692811554257,INE040A01034
Fund holdout,2024-09,axis:AXISMLC,Axis,Binary factors,0.25,18,0,0,0,0.0555555555555555,118,-4.419034636919942,0.0737105919226654,INE040A01034
Fund holdout,2024-09,axis:AXISMLC,Axis,Rank factors,0.25,1,1,1,1,1.0,118,-2.5161879030252274,0.4725729950537131,INE040A01034
Fund holdout,2024-09,axis:AXISMLC,Axis,Log holdings zero,0.5,1,1,1,1,1.0,118,-2.451752047215892,0.486079621645395,INE040A01034
Fund holdout,2024-09,axis:AXISMLC,Axis,Log holdings minimum,0.25,1,1,1,1,1.0,118,-0.4091294667401755,0.9142409320788,INE040A01034
Fund holdout,2024-09,axis:AXISMLC,Axis,Word2Vec,1.0,1,1,1,1,1.0,118,-0.8700064181602185,0.8176348917095599,INE040A01034
Fund holdout,2024-09,hdfc:HDFCEQ,HDFC,Popularity,0.25,1,1,1,1,1.0,168,-1.4285032661489154,0.7212112981490397,INE090A01021
Fund holdout,2024-09,hdfc:HDFCEQ,HDFC,Co-holding,0.25,1,1,1,1,1.0,168,-2.57675976039288,0.4971159495362081,INE090A01021
Fund holdout,2024-09,hdfc:HDFCEQ,HDFC,Category popularity,0.25,1,1,1,1,1.0,168,-1.3281011883271336,0.7408059085376698,INE090A01021
Fund holdout,2024-09,hdfc:HDFCEQ,HDFC,Binary factors,0.25,9,0,0,1,0.1111111111111111,168,-4.03368130533721,0.2127810965199298,INE090A01021
Fund holdout,2024-09,hdfc:HDFCEQ,HDFC,Rank factors,0.25,1,1,1,1,1.0,168,-2.7012268932376813,0.4728247692419828,INE090A01021
Fund holdout,2024-09,hdfc:HDFCEQ,HDFC,Log holdings zero,0.5,1,1,1,1,1.0,168,-0.4708210814340017,0.9081138971065066,INE090A01021
Fund holdout,2024-09,hdfc:HDFCEQ,HDFC,Log holdings minimum,0.25,2,0,1,1,0.5,168,-1.1137744710553594,0.7826342114167105,INE090A01021
Fund holdout,2024-09,hdfc:HDFCEQ,HDFC,Word2Vec,1.0,1,1,1,1,1.0,168,-0.1507880260401144,0.9705719972571556,INE090A01021
Fund holdout,2024-09,hdfc:HDFCMNCFND,HDFC,Popularity,0.25,27,0,0,0,0.037037037037037,181,-5.041132883060534,0.0302710855193032,INE854D01024
Fund holdout,2024-09,hdfc:HDFCMNCFND,HDFC,Co-holding,0.25,11,0,0,0,0.0909090909090909,181,-3.9356841070353226,0.2429188507053952,INE854D01024
Fund holdout,2024-09,hdfc:HDFCMNCFND,HDFC,Category popularity,0.25,25,0,0,0,0.04,181,-4.796313718057524,0.077365305931582,INE854D01024
Fund holdout,2024-09,hdfc:HDFCMNCFND,HDFC,Binary factors,0.25,4,0,1,1,0.25,181,-3.459843153451952,0.334453182786663,INE854D01024
Fund holdout,2024-09,hdfc:HDFCMNCFND,HDFC,Rank factors,0.25,22,0,0,0,0.0454545454545454,181,-5.055122787302716,0.0275799414909347,INE854D01024
Fund holdout,2024-09,hdfc:HDFCMNCFND,HDFC,Log holdings zero,0.5,21,0,0,0,0.0476190476190476,181,-4.832227711598154,0.0704567719217271,INE854D01024
Fund holdout,2024-09,hdfc:HDFCMNCFND,HDFC,Log holdings minimum,0.25,27,0,0,0,0.037037037037037,181,-6.870678293035144,-0.3216662915669961,INE854D01024
Fund holdout,2024-09,hdfc:HDFCMNCFND,HDFC,Word2Vec,1.0,2,0,1,1,0.5,181,-3.0601859764587047,0.4113325528410364,INE854D01024
Fund holdout,2024-09,icici:BHACON,ICICI Prudential,Popularity,0.25,8,0,0,1,0.125,168,-3.2996865951064684,0.3560285340860744,INE585B01010
Fund holdout,2024-09,icici:BHACON,ICICI Prudential,Co-holding,0.25,5,0,1,1,0.2,168,-3.334859844406842,0.3491640733986536,INE585B01010
Fund holdout,2024-09,icici:BHACON,ICICI Prudential,Category popularity,0.25,4,0,1,1,0.25,168,-2.404291110758935,0.5307751732011705,INE585B01010
Fund holdout,2024-09,icici:BHACON,ICICI Prudential,Binary factors,0.25,1,1,1,1,1.0,168,-1.6878299588882193,0.6706007369152533,INE585B01010
Fund holdout,2024-09,icici:BHACON,ICICI Prudential,Rank factors,0.25,4,0,1,1,0.25,168,-3.587643580160268,0.2998304448310958,INE585B01010
Fund holdout,2024-09,icici:BHACON,ICICI Prudential,Log holdings zero,0.5,34,0,0,0,0.0294117647058823,168,-4.778234011979006,0.0674731455595667,INE585B01010
Fund holdout,2024-09,icici:BHACON,ICICI Prudential,Log holdings minimum,0.25,10,0,0,1,0.1,168,-3.448836877235127,0.3269201557430188,INE585B01010
Fund holdout,2024-09,icici:BHACON,ICICI Prudential,Word2Vec,1.0,1,1,1,1,1.0,168,-1.8120128810686005,0.6463650235730913,INE585B01010
Fund holdout,2024-09,icici:HOUSING,ICICI Prudential,Popularity,0.25,1,1,1,1,1.0,183,-1.91938336429007,0.6315599450738195,INE090A01021
Fund holdout,2024-09,icici:HOUSING,ICICI Prudential,Co-holding,0.25,2,0,1,1,0.5,183,-3.1466715937837684,0.3959727501977383,INE090A01021
Fund holdout,2024-09,icici:HOUSING,ICICI Prudential,Category popularity,0.25,2,0,1,1,0.5,183,-2.294044602350548,0.5596409060230821,INE090A01021
Fund holdout,2024-09,icici:HOUSING,ICICI Prudential,Binary factors,0.25,14,0,0,0,0.0714285714285714,183,-4.083450686969537,0.2161509663016779,INE090A01021
Fund holdout,2024-09,icici:HOUSING,ICICI Prudential,Rank factors,0.25,4,0,1,1,0.25,183,-3.5053085417797734,0.3271296939971967,INE090A01021
Fund holdout,2024-09,icici:HOUSING,ICICI Prudential,Log holdings zero,0.5,3,0,1,1,0.3333333333333333,183,-2.9868150281269394,0.4266584187966725,INE090A01021
Fund holdout,2024-09,icici:HOUSING,ICICI Prudential,Log holdings minimum,0.25,2,0,1,1,0.5,183,-1.7162690234368032,0.6705492685683223,INE090A01021
Fund holdout,2024-09,icici:HOUSING,ICICI Prudential,Word2Vec,1.0,1,1,1,1,1.0,183,-0.8125183643225373,0.8440309964391856,INE090A01021
Fund holdout,2024-09,icici:LARGE & MIDCAP,ICICI Prudential,Popularity,0.25,1,1,1,1,1.0,132,-2.191283232075982,0.5512242219083748,INE585B01010
Fund holdout,2024-09,icici:LARGE & MIDCAP,ICICI Prudential,Co-holding,0.25,4,0,1,1,0.25,132,-3.0576124628488257,0.3737996110992683,INE585B01010
Fund holdout,2024-09,icici:LARGE & MIDCAP,ICICI Prudential,Category popularity,0.25,3,0,1,1,0.3333333333333333,132,-2.938930719138781,0.3981056848642225,INE585B01010
Fund holdout,2024-09,icici:LARGE & MIDCAP,ICICI Prudential,Binary factors,0.25,1,1,1,1,1.0,132,-3.099860147901248,0.3651472664573533,INE585B01010
Fund holdout,2024-09,icici:LARGE & MIDCAP,ICICI Prudential,Rank factors,0.25,1,1,1,1,1.0,132,-3.140969355980362,0.3567280824046569,INE585B01010
Fund holdout,2024-09,icici:LARGE & MIDCAP,ICICI Prudential,Log holdings zero,0.5,5,0,1,1,0.2,132,-3.6702870253426663,0.2483235888875555,INE585B01010
Fund holdout,2024-09,icici:LARGE & MIDCAP,ICICI Prudential,Log holdings minimum,0.25,5,0,1,1,0.2,132,-3.291013274160994,0.3259990213943027,INE585B01010
Fund holdout,2024-09,icici:LARGE & MIDCAP,ICICI Prudential,Word2Vec,1.0,5,0,1,1,0.2,132,-3.316445891595454,0.3207904100605485,INE585B01010
Fund holdout,2024-09,icici:MIDCAP,ICICI Prudential,Popularity,0.25,48,0,0,0,0.0208333333333333,147,-6.323447184023895,-0.2671140375238698,INE749A01030
Fund holdout,2024-09,icici:MIDCAP,ICICI Prudential,Co-holding,0.25,68,0,0,0,0.0147058823529411,147,-5.2385420100618845,-0.0497170173063694,INE749A01030
Fund holdout,2024-09,icici:MIDCAP,ICICI Prudential,Category popularity,0.25,72,0,0,0,0.0138888888888888,147,-7.002188942386262,-0.403122639295302,INE749A01030
Fund holdout,2024-09,icici:MIDCAP,ICICI Prudential,Binary factors,0.25,32,0,0,0,0.03125,147,-4.660338696524413,0.0661453460224767,INE749A01030
Fund holdout,2024-09,icici:MIDCAP,ICICI Prudential,Rank factors,0.25,54,0,0,0,0.0185185185185185,147,-5.247102845252416,-0.0514324668273611,INE749A01030
Fund holdout,2024-09,icici:MIDCAP,ICICI Prudential,Log holdings zero,0.5,39,0,0,0,0.0256410256410256,147,-5.401571009902007,-0.0823853275190029,INE749A01030
Fund holdout,2024-09,icici:MIDCAP,ICICI Prudential,Log holdings minimum,0.25,60,0,0,0,0.0166666666666666,147,-9.014627969847911,-0.8063820747184454,INE749A01030
Fund holdout,2024-09,icici:MIDCAP,ICICI Prudential,Word2Vec,1.0,104,0,0,0,0.0096153846153846,147,-6.898475533510643,-0.38234019066542,INE749A01030
Fund holdout,2024-09,icici:MNCFUND,ICICI Prudential,Popularity,0.25,6,0,0,1,0.1666666666666666,175,-3.266047917967118,0.3676315079739866,INE585B01010
Fund holdout,2024-09,icici:MNCFUND,ICICI Prudential,Co-holding,0.25,4,0,1,1,0.25,175,-3.4791251452845744,0.3263757369907818,INE585B01010
Fund holdout,2024-09,icici:MNCFUND,ICICI Prudential,Category popularity,0.25,3,0,1,1,0.3333333333333333,175,-2.4479170988475527,0.5260370688723908,INE585B01010
Fund holdout,2024-09,icici:MNCFUND,ICICI Prudential,Binary factors,0.25,1,1,1,1,1.0,175,-2.7518802466302583,0.4671840690932354,INE585B01010
Fund holdout,2024-09,icici:MNCFUND,ICICI Prudential,Rank factors,0.25,10,0,0,1,0.1,175,-4.376259980276306,0.1526735081818293,INE585B01010
Fund holdout,2024-09,icici:MNCFUND,ICICI Prudential,Log holdings zero,0.5,20,0,0,0,0.05,175,-4.531936078988466,0.1225316785884726,INE585B01010
Fund holdout,2024-09,icici:MNCFUND,ICICI Prudential,Log holdings minimum,0.25,18,0,0,0,0.0555555555555555,175,-4.806768060159554,0.0693190222347174,INE585B01010
Fund holdout,2024-09,icici:MNCFUND,ICICI Prudential,Word2Vec,1.0,1,1,1,1,1.0,175,-2.498407799016356,0.5162611167954363,INE585B01010
Fund holdout,2024-09,icici:MULTICAP,ICICI Prudential,Popularity,0.25,1,1,1,1,1.0,126,-1.121714157816406,0.7680627020099678,INE040A01034
Fund holdout,2024-09,icici:MULTICAP,ICICI Prudential,Co-holding,0.25,1,1,1,1,1.0,126,-2.4794689235171794,0.4873191903984567,INE040A01034
Fund holdout,2024-09,icici:MULTICAP,ICICI Prudential,Category popularity,0.25,1,1,1,1,1.0,126,-1.313447353273251,0.7284179502883499,INE040A01034
Fund holdout,2024-09,icici:MULTICAP,ICICI Prudential,Binary factors,0.25,13,0,0,0,0.0769230769230769,126,-4.078048257059049,0.1567802837966444,INE040A01034
Fund holdout,2024-09,icici:MULTICAP,ICICI Prudential,Rank factors,0.25,1,1,1,1,1.0,126,-3.120729511670338,0.3547254747113219,INE040A01034
Fund holdout,2024-09,icici:MULTICAP,ICICI Prudential,Log holdings zero,0.5,1,1,1,1,1.0,126,-0.630164478210891,0.8697006315316074,INE040A01034
Fund holdout,2024-09,icici:MULTICAP,ICICI Prudential,Log holdings minimum,0.25,1,1,1,1,1.0,126,-0.0290876136338908,0.99398554215955,INE040A01034
Fund holdout,2024-09,icici:MULTICAP,ICICI Prudential,Word2Vec,1.0,1,1,1,1,1.0,126,-0.0274826636080511,0.9943173983368198,INE040A01034
Fund holdout,2024-09,icici:TECH,ICICI Prudential,Popularity,0.25,21,0,0,0,0.0476190476190476,178,-4.498023785606236,0.1319545206876321,INE467B01029
Fund holdout,2024-09,icici:TECH,ICICI Prudential,Co-holding,0.25,9,0,0,1,0.1111111111111111,178,-3.696920308633402,0.2865544705307085,INE467B01029
Fund holdout,2024-09,icici:TECH,ICICI Prudential,Category popularity,0.25,44,0,0,0,0.0227272727272727,178,-5.920503252239579,-0.1425608952550427,INE467B01029
Fund holdout,2024-09,icici:TECH,ICICI Prudential,Binary factors,0.25,20,0,0,0,0.05,178,-4.321560126644237,0.1660091386100755,INE467B01029
Fund holdout,2024-09,icici:TECH,ICICI Prudential,Rank factors,0.25,9,0,0,1,0.1111111111111111,178,-4.161530696784647,0.1968922174392886,INE467B01029
Fund holdout,2024-09,icici:TECH,ICICI Prudential,Log holdings zero,0.5,20,0,0,0,0.05,178,-5.277948231703926,-0.0185582204425385,INE467B01029
Fund holdout,2024-09,icici:TECH,ICICI Prudential,Log holdings minimum,0.25,3,0,1,1,0.3333333333333333,178,-2.869549936860283,0.4462235041256146,INE467B01029
Fund holdout,2024-09,icici:TECH,ICICI Prudential,Word2Vec,1.0,2,0,1,1,0.5,178,-2.5751282773114568,0.5030420988606707,INE467B01029
Fund holdout,2024-09,kotak:EME,Kotak,Popularity,0.25,150,0,0,0,0.0066666666666666,150,-10.581641940724614,-1.1118363879311586,INE881D01027
Fund holdout,2024-09,kotak:EME,Kotak,Co-holding,0.25,28,0,0,0,0.0357142857142857,150,-4.4123194943627695,0.1194091696193588,INE881D01027
Fund holdout,2024-09,kotak:EME,Kotak,Category popularity,0.25,39,0,0,0,0.0256410256410256,150,-4.968985490863641,0.0083122799381722,INE881D01027
Fund holdout,2024-09,kotak:EME,Kotak,Binary factors,0.25,39,0,0,0,0.0256410256410256,150,-4.920529789174896,0.0179828504037253,INE881D01027
Fund holdout,2024-09,kotak:EME,Kotak,Rank factors,0.25,30,0,0,0,0.0333333333333333,150,-4.85854633287368,0.0303532291407784,INE881D01027
Fund holdout,2024-09,kotak:EME,Kotak,Log holdings zero,0.5,84,0,0,0,0.0119047619047619,150,-5.700614431625661,-0.1377029252842185,INE881D01027
Fund holdout,2024-09,kotak:EME,Kotak,Log holdings minimum,0.25,29,0,0,0,0.0344827586206896,150,-4.942497603689471,0.0135986130315785,INE881D01027
Fund holdout,2024-09,kotak:EME,Kotak,Word2Vec,1.0,7,0,0,1,0.1428571428571428,150,-3.5873964941800063,0.2840435825758801,INE881D01027
Fund holdout,2024-09,kotak:SPO,Kotak,Popularity,0.25,30,0,0,0,0.0333333333333333,181,-5.230126749101574,-0.0060843966333949,INE158A01026
Fund holdout,2024-09,kotak:SPO,Kotak,Co-holding,0.25,65,0,0,0,0.0153846153846153,181,-5.443660283007749,-0.0471604100699516,INE158A01026
Fund holdout,2024-09,kotak:SPO,Kotak,Category popularity,0.25,13,0,0,0,0.0769230769230769,181,-3.871856460869754,0.2551969468131132,INE158A01026
Fund holdout,2024-09,kotak:SPO,Kotak,Binary factors,0.25,113,0,0,0,0.0088495575221238,181,-6.413074338802596,-0.2336400887086824,INE158A01026
Fund holdout,2024-09,kotak:SPO,Kotak,Rank factors,0.25,31,0,0,0,0.032258064516129,181,-5.148160347809803,0.0096829301148539,INE158A01026
Fund holdout,2024-09,kotak:SPO,Kotak,Log holdings zero,0.5,12,0,0,0,0.0833333333333333,181,-4.366658893134868,0.1600151222801422,INE158A01026
Fund holdout,2024-09,kotak:SPO,Kotak,Log holdings minimum,0.25,69,0,0,0,0.0144927536231884,181,-7.087532894432913,-0.3633811564776654,INE158A01026
Fund holdout,2024-09,kotak:SPO,Kotak,Word2Vec,1.0,13,0,0,0,0.0769230769230769,181,-3.903065529599929,0.2491934676262499,INE158A01026
Fund holdout,2024-09,mirae:MAFF,Mirae Asset,Popularity,0.25,1,1,1,1,1.0,184,-2.2726105467814506,0.5642112094160432,INE009A01021
Fund holdout,2024-09,mirae:MAFF,Mirae Asset,Co-holding,0.25,1,1,1,1,1.0,184,-3.1485375418063946,0.3962461498758752,INE009A01021
Fund holdout,2024-09,mirae:MAFF,Mirae Asset,Category popularity,0.25,1,1,1,1,1.0,184,-1.597941505765016,0.6935836642985489,INE009A01021
Fund holdout,2024-09,mirae:MAFF,Mirae Asset,Binary factors,0.25,14,0,0,0,0.0714285714285714,184,-4.14983035502071,0.2042413276202311,INE009A01021
Fund holdout,2024-09,mirae:MAFF,Mirae Asset,Rank factors,0.25,1,1,1,1,1.0,184,-3.8869095911679583,0.2546582025489646,INE009A01021
Fund holdout,2024-09,mirae:MAFF,Mirae Asset,Log holdings zero,0.5,1,1,1,1,1.0,184,-3.2024811388205414,0.3859020920539857,INE009A01021
Fund holdout,2024-09,mirae:MAFF,Mirae Asset,Log holdings minimum,0.25,3,0,1,1,0.3333333333333333,184,-3.114832959256121,0.4027092366935979,INE009A01021
Fund holdout,2024-09,mirae:MAFF,Mirae Asset,Word2Vec,1.0,1,1,1,1,1.0,184,-0.9481315092045888,0.8181892254720122,INE009A01021
Fund holdout,2024-09,sbi:SBLUECHIP,SBI,Popularity,0.25,1,1,1,1,1.0,162,-1.306907025222106,0.7431189624515658,INE090A01021
Fund holdout,2024-09,sbi:SBLUECHIP,SBI,Co-holding,0.25,1,1,1,1,1.0,162,-2.5704423391394804,0.4947629155759128,INE090A01021
Fund holdout,2024-09,sbi:SBLUECHIP,SBI,Category popularity,0.25,1,1,1,1,1.0,162,-1.743831408350342,0.6572386460234585,INE090A01021
Fund holdout,2024-09,sbi:SBLUECHIP,SBI,Binary factors,0.25,4,0,1,1,0.25,162,-3.353769690313502,0.3407948529469342,INE090A01021
Fund holdout,2024-09,sbi:SBLUECHIP,SBI,Rank factors,0.25,1,1,1,1,1.0,162,-3.0366683326613053,0.4031231779078241,INE090A01021
Fund holdout,2024-09,sbi:SBLUECHIP,SBI,Log holdings zero,0.5,1,1,1,1,1.0,162,-2.184719808979203,0.5705791762900521,INE090A01021
Fund holdout,2024-09,sbi:SBLUECHIP,SBI,Log holdings minimum,0.25,1,1,1,1,1.0,162,-0.8875429039566756,0.825547695714319,INE090A01021
Fund holdout,2024-09,sbi:SBLUECHIP,SBI,Word2Vec,1.0,1,1,1,1,1.0,162,-0.1285633854191115,0.9747300341953644,INE090A01021
Fund holdout,2024-09,sbi:SMAAF,SBI,Popularity,0.25,46,0,0,0,0.0217391304347826,177,-5.580565474670904,-0.0781306111668411,INE716A01013
Fund holdout,2024-09,sbi:SMAAF,SBI,Co-holding,0.25,54,0,0,0,0.0185185185185185,177,-5.283741685762861,-0.0207860975334521,INE716A01013
Fund holdout,2024-09,sbi:SMAAF,SBI,Category popularity,0.25,63,0,0,0,0.0158730158730158,177,-6.955780117052122,-0.34381354412508,INE716A01013
Fund holdout,2024-09,sbi:SMAAF,SBI,Binary factors,0.25,18,0,0,0,0.0555555555555555,177,-4.854994928206293,0.0620451147976823,INE716A01013
Fund holdout,2024-09,sbi:SMAAF,SBI,Rank factors,0.25,148,0,0,0,0.0067567567567567,177,-5.62432953477075,-0.0865855559348482,INE716A01013
Fund holdout,2024-09,sbi:SMAAF,SBI,Log holdings zero,0.5,87,0,0,0,0.0114942528735632,177,-5.462399441099457,-0.055301666936766,INE716A01013
Fund holdout,2024-09,sbi:SMAAF,SBI,Log holdings minimum,0.25,108,0,0,0,0.0092592592592592,177,-7.921518974842113,-0.5303882971142635,INE716A01013
Fund holdout,2024-09,sbi:SMAAF,SBI,Word2Vec,1.0,58,0,0,0,0.0172413793103448,177,-6.174550403590626,-0.1928848125729052,INE716A01013
Fund holdout,2024-09,uti:193,UTI,Popularity,0.25,1,1,1,1,1.0,162,-1.4560842420542102,0.7137972146157501,INE090A01021
Fund holdout,2024-09,uti:193,UTI,Co-holding,0.25,1,1,1,1,1.0,162,-2.529297386961823,0.5028502223248233,INE090A01021
Fund holdout,2024-09,uti:193,UTI,Category popularity,0.25,2,0,1,1,0.5,162,-1.8096867348846573,0.6442943552041855,INE090A01021
Fund holdout,2024-09,uti:193,UTI,Binary factors,0.25,10,0,0,1,0.1,162,-3.882303761716091,0.236908059149555,INE090A01021
Fund holdout,2024-09,uti:193,UTI,Rank factors,0.25,1,1,1,1,1.0,162,-2.297447729698857,0.548421773600889,INE090A01021
Fund holdout,2024-09,uti:193,UTI,Log holdings zero,0.5,1,1,1,1,1.0,162,-1.766019500651927,0.6528774328218669,INE090A01021
Fund holdout,2024-09,uti:193,UTI,Log holdings minimum,0.25,1,1,1,1,1.0,162,-0.2922258265930866,0.9425611217286682,INE090A01021
Fund holdout,2024-09,uti:193,UTI,Word2Vec,1.0,1,1,1,1,1.0,162,-0.0184752210379812,0.9963685756847418,INE090A01021
Fund holdout,2024-09,uti:751,UTI,Popularity,0.25,109,0,0,0,0.0091743119266055,184,-8.018987924143074,-0.5376963968238273,INE791I01019
Fund holdout,2024-09,uti:751,UTI,Co-holding,0.25,9,0,0,1,0.1111111111111111,184,-4.073203120931054,0.2189351297400082,INE791I01019
Fund holdout,2024-09,uti:751,UTI,Category popularity,0.25,2,0,1,1,0.5,184,-2.590267881202422,0.5032982185019201,INE791I01019
Fund holdout,2024-09,uti:751,UTI,Binary factors,0.25,3,0,1,1,0.3333333333333333,184,-3.17277339017747,0.3915987583263794,INE791I01019
Fund holdout,2024-09,uti:751,UTI,Rank factors,0.25,19,0,0,0,0.0526315789473684,184,-4.725411360112331,0.0938696889568393,INE791I01019
Fund holdout,2024-09,uti:751,UTI,Log holdings zero,0.5,29,0,0,0,0.0344827586206896,184,-5.004894074869256,0.0402769453934812,INE791I01019
Fund holdout,2024-09,uti:751,UTI,Log holdings minimum,0.25,18,0,0,0,0.0555555555555555,184,-5.024207864421572,0.0365733926653127,INE791I01019
Fund holdout,2024-09,uti:751,UTI,Word2Vec,1.0,18,0,0,0,0.0555555555555555,184,-4.152911458365266,0.2036505047438304,INE791I01019
Fund holdout,2024-09,uti:753,UTI,Popularity,0.25,1,1,1,1,1.0,175,-1.5990456423635244,0.6903945970971604,INE040A01034
Fund holdout,2024-09,uti:753,UTI,Co-holding,0.25,1,1,1,1,1.0,175,-2.928034203848761,0.433077339771268,INE040A01034
Fund holdout,2024-09,uti:753,UTI,Category popularity,0.25,1,1,1,1,1.0,175,-0.7566995436154649,0.8534886929611478,INE040A01034
Fund holdout,2024-09,uti:753,UTI,Binary factors,0.25,2,0,1,1,0.5,175,-3.0572706720885794,0.4080547214300007,INE040A01034
Fund holdout,2024-09,uti:753,UTI,Rank factors,0.25,1,1,1,1,1.0,175,-2.939550185622108,0.4308476284470255,INE040A01034
Fund holdout,2024-09,uti:753,UTI,Log holdings zero,0.5,1,1,1,1,1.0,175,-3.601901188480973,0.3026039788160419,INE040A01034
Fund holdout,2024-09,uti:753,UTI,Log holdings minimum,0.25,1,1,1,1,1.0,175,-1.3295300107487442,0.7425779078820676,INE040A01034
Fund holdout,2024-09,uti:753,UTI,Word2Vec,1.0,1,1,1,1,1.0,175,-0.1939612675514244,0.962445439456598,INE040A01034
Fund holdout,2024-10,absl:ABSLMCF,Aditya Birla SL,Popularity,0.25,1,1,1,1,1.0,155,-1.1940991722583938,0.7632364624087442,INE040A01034
Fund holdout,2024-10,absl:ABSLMCF,Aditya Birla SL,Co-holding,0.25,1,1,1,1,1.0,155,-2.590193934399288,0.4864216530726452,INE040A01034
Fund holdout,2024-10,absl:ABSLMCF,Aditya Birla SL,Category popularity,0.25,1,1,1,1,1.0,155,-1.4789592948675985,0.7067549808747802,INE040A01034
Fund holdout,2024-10,absl:ABSLMCF,Aditya Birla SL,Binary factors,0.25,33,0,0,0,0.0303030303030303,155,-4.629671666035664,0.0820381866076603,INE040A01034
Fund holdout,2024-10,absl:ABSLMCF,Aditya Birla SL,Rank factors,0.25,1,1,1,1,1.0,155,-2.8423086186944624,0.4364328699638404,INE040A01034
Fund holdout,2024-10,absl:ABSLMCF,Aditya Birla SL,Log holdings zero,0.25,2,0,1,1,0.5,155,-2.6863683392077755,0.4673523891143384,INE040A01034
Fund holdout,2024-10,absl:ABSLMCF,Aditya Birla SL,Log holdings minimum,0.5,1,1,1,1,1.0,155,-2.484043363813731,0.5074689707436169,INE040A01034
Fund holdout,2024-10,absl:ABSLMCF,Aditya Birla SL,Word2Vec,1.0,1,1,1,1,1.0,155,-0.3148613701970495,0.9375699325561948,INE040A01034
Fund holdout,2024-10,absl:BSLDAAF,Aditya Birla SL,Popularity,0.25,1,1,1,1,1.0,126,-1.05266619820393,0.7823397770318414,INE002A01018
Fund holdout,2024-10,absl:BSLDAAF,Aditya Birla SL,Co-holding,0.25,1,1,1,1,1.0,126,-1.986678104407216,0.5892137508461521,INE002A01018
Fund holdout,2024-10,absl:BSLDAAF,Aditya Birla SL,Category popularity,0.25,1,1,1,1,1.0,126,-1.538316786757477,0.6819216049944562,INE002A01018
Fund holdout,2024-10,absl:BSLDAAF,Aditya Birla SL,Binary factors,0.25,10,0,0,1,0.1,126,-3.410867708585058,0.2947334803452186,INE002A01018
Fund holdout,2024-10,absl:BSLDAAF,Aditya Birla SL,Rank factors,0.25,1,1,1,1,1.0,126,-1.7434903515545388,0.6394977825737338,INE002A01018
Fund holdout,2024-10,absl:BSLDAAF,Aditya Birla SL,Log holdings zero,0.25,1,1,1,1,1.0,126,-0.0595224057076109,0.987692527678741,INE002A01018
Fund holdout,2024-10,absl:BSLDAAF,Aditya Birla SL,Log holdings minimum,0.5,1,1,1,1,1.0,126,-0.7408489192925245,0.8468143641032054,INE002A01018
Fund holdout,2024-10,absl:BSLDAAF,Aditya Birla SL,Word2Vec,1.0,1,1,1,1,1.0,126,-0.078974177627149,0.983670476794656,INE002A01018
Fund holdout,2024-10,absl:BSLR96,Aditya Birla SL,Popularity,0.25,1,1,1,1,1.0,152,-0.8998946275130386,0.8208765865790434,INE040A01034
Fund holdout,2024-10,absl:BSLR96,Aditya Birla SL,Co-holding,0.25,1,1,1,1,1.0,152,-2.260033936155552,0.5501417824771742,INE040A01034
Fund holdout,2024-10,absl:BSLR96,Aditya Birla SL,Category popularity,0.25,1,1,1,1,1.0,152,-0.9801535270119855,0.8049011072327655,INE040A01034
Fund holdout,2024-10,absl:BSLR96,Aditya Birla SL,Binary factors,0.25,18,0,0,0,0.0555555555555555,152,-4.356985693425744,0.1327449617189927,INE040A01034
Fund holdout,2024-10,absl:BSLR96,Aditya Birla SL,Rank factors,0.25,1,1,1,1,1.0,152,-2.596547699046713,0.4831589468992143,INE040A01034
Fund holdout,2024-10,absl:BSLR96,Aditya Birla SL,Log holdings zero,0.25,1,1,1,1,1.0,152,-0.0223288469226865,0.9955554582100362,INE040A01034
Fund holdout,2024-10,absl:BSLR96,Aditya Birla SL,Log holdings minimum,0.5,1,1,1,1,1.0,152,-1.1947437533081504,0.7621870686711922,INE040A01034
Fund holdout,2024-10,absl:BSLR96,Aditya Birla SL,Word2Vec,1.0,1,1,1,1,1.0,152,-0.0279637185875785,0.9944338408384624,INE040A01034
Fund holdout,2024-10,absl:MNC,Aditya Birla SL,Popularity,0.25,28,0,0,0,0.0357142857142857,176,-4.990112733677211,0.0348847925134345,INE298A01020
Fund holdout,2024-10,absl:MNC,Aditya Birla SL,Co-holding,0.25,22,0,0,0,0.0454545454545454,176,-4.283053782304783,0.1716338767482869,INE298A01020
Fund holdout,2024-10,absl:MNC,Aditya Birla SL,Category popularity,0.25,21,0,0,0,0.0476190476190476,176,-4.489620026452373,0.1316828307058234,INE298A01020
Fund holdout,2024-10,absl:MNC,Aditya Birla SL,Binary factors,0.25,5,0,1,1,0.2,176,-3.670757257250454,0.2900553873151736,INE298A01020
Fund holdout,2024-10,absl:MNC,Aditya Birla SL,Rank factors,0.25,26,0,0,0,0.0384615384615384,176,-5.02000072743154,0.0291042903819105,INE298A01020
Fund holdout,2024-10,absl:MNC,Aditya Birla SL,Log holdings zero,0.25,26,0,0,0,0.0384615384615384,176,-5.619146500358479,-0.0867737925019951,INE298A01020
Fund holdout,2024-10,absl:MNC,Aditya Birla SL,Log holdings minimum,0.5,66,0,0,0,0.0151515151515151,176,-5.845920874118731,-0.1306332017909275,INE298A01020
Fund holdout,2024-10,absl:MNC,Aditya Birla SL,Word2Vec,1.0,28,0,0,0,0.0357142857142857,176,-4.702377293226941,0.0905344068873298,INE298A01020
Fund holdout,2024-10,axis:AXISMLC,Axis,Popularity,0.25,1,1,1,1,1.0,123,-0.9682568805724509,0.7987905680522256,INE040A01034
Fund holdout,2024-10,axis:AXISMLC,Axis,Co-holding,0.25,1,1,1,1,1.0,123,-2.334610978821031,0.5148542103931191,INE040A01034
Fund holdout,2024-10,axis:AXISMLC,Axis,Category popularity,0.25,1,1,1,1,1.0,123,-1.2711554529445817,0.7358464765537425,INE040A01034
Fund holdout,2024-10,axis:AXISMLC,Axis,Binary factors,0.25,8,0,0,1,0.125,123,-3.632543789703246,0.2451361956555544,INE040A01034
Fund holdout,2024-10,axis:AXISMLC,Axis,Rank factors,0.25,1,1,1,1,1.0,123,-2.0498332050385866,0.5740326941651535,INE040A01034
Fund holdout,2024-10,axis:AXISMLC,Axis,Log holdings zero,0.25,1,1,1,1,1.0,123,-0.9834372373368784,0.7956360013017894,INE040A01034
Fund holdout,2024-10,axis:AXISMLC,Axis,Log holdings minimum,0.5,1,1,1,1,1.0,123,-1.9415749573807108,0.5965293899820986,INE040A01034
Fund holdout,2024-10,axis:AXISMLC,Axis,Word2Vec,1.0,1,1,1,1,1.0,123,-0.6634240222770238,0.8621366154568945,INE040A01034
Fund holdout,2024-10,hdfc:HDFCEQ,HDFC,Popularity,0.25,1,1,1,1,1.0,169,-1.2905944421040303,0.7484171688712603,INE040A01034
Fund holdout,2024-10,hdfc:HDFCEQ,HDFC,Co-holding,0.25,1,1,1,1,1.0,169,-2.539911516303288,0.5048807671553852,INE040A01034
Fund holdout,2024-10,hdfc:HDFCEQ,HDFC,Category popularity,0.25,1,1,1,1,1.0,169,-1.26608917782219,0.7531941178216468,INE040A01034
Fund holdout,2024-10,hdfc:HDFCEQ,HDFC,Binary factors,0.25,8,0,0,1,0.125,169,-3.730781947855194,0.2727376981143496,INE040A01034
Fund holdout,2024-10,hdfc:HDFCEQ,HDFC,Rank factors,0.25,1,1,1,1,1.0,169,-2.4858620605693185,0.5154169314614634,INE040A01034
Fund holdout,2024-10,hdfc:HDFCEQ,HDFC,Log holdings zero,0.25,1,1,1,1,1.0,169,-0.482493638778239,0.9059448021118534,INE040A01034
Fund holdout,2024-10,hdfc:HDFCEQ,HDFC,Log holdings minimum,0.5,2,0,1,1,0.5,169,-1.507180327070631,0.7061968645333707,INE040A01034
Fund holdout,2024-10,hdfc:HDFCEQ,HDFC,Word2Vec,1.0,2,0,1,1,0.5,169,-1.6736026097266825,0.6737552332450332,INE040A01034
Fund holdout,2024-10,hdfc:HDFCMNCFND,HDFC,Popularity,0.25,71,0,0,0,0.0140845070422535,185,-7.153057022660496,-0.3702240349781471,INE003A01024
Fund holdout,2024-10,hdfc:HDFCMNCFND,HDFC,Co-holding,0.25,82,0,0,0,0.0121951219512195,185,-5.776962384844578,-0.106622341161563,INE003A01024
Fund holdout,2024-10,hdfc:HDFCMNCFND,HDFC,Category popularity,0.25,32,0,0,0,0.03125,185,-5.28729441480157,-0.0128226105587814,INE003A01024
Fund holdout,2024-10,hdfc:HDFCMNCFND,HDFC,Binary factors,0.25,5,0,1,1,0.2,185,-3.789210237574066,0.2741471339231528,INE003A01024
Fund holdout,2024-10,hdfc:HDFCMNCFND,HDFC,Rank factors,0.25,89,0,0,0,0.0112359550561797,185,-5.72759812251666,-0.0971662305089569,INE003A01024
Fund holdout,2024-10,hdfc:HDFCMNCFND,HDFC,Log holdings zero,0.25,101,0,0,0,0.0099009900990099,185,-8.05003785043817,-0.5420477301118434,INE003A01024
Fund holdout,2024-10,hdfc:HDFCMNCFND,HDFC,Log holdings minimum,0.5,131,0,0,0,0.0076335877862595,185,-6.769810582936927,-0.2968101811020429,INE003A01024
Fund holdout,2024-10,hdfc:HDFCMNCFND,HDFC,Word2Vec,1.0,68,0,0,0,0.0147058823529411,185,-5.400633379329383,-0.034533575926954,INE003A01024
Fund holdout,2024-10,icici:BHACON,ICICI Prudential,Popularity,0.25,8,0,0,1,0.125,166,-3.44525446249488,0.3260440742166762,INE585B01010
Fund holdout,2024-10,icici:BHACON,ICICI Prudential,Co-holding,0.25,5,0,1,1,0.2,166,-3.426191412299491,0.3297731618015113,INE585B01010
Fund holdout,2024-10,icici:BHACON,ICICI Prudential,Category popularity,0.25,5,0,1,1,0.2,166,-2.6281583606189383,0.4858832866140576,INE585B01010
Fund holdout,2024-10,icici:BHACON,ICICI Prudential,Binary factors,0.25,1,1,1,1,1.0,166,-2.108085681722007,0.5876191867039384,INE585B01010
Fund holdout,2024-10,icici:BHACON,ICICI Prudential,Rank factors,0.25,1,1,1,1,1.0,166,-3.124166525334076,0.388854853595324,INE585B01010
Fund holdout,2024-10,icici:BHACON,ICICI Prudential,Log holdings zero,0.25,1,1,1,1,1.0,166,-1.7454567221255388,0.6585561635923456,INE585B01010
Fund holdout,2024-10,icici:BHACON,ICICI Prudential,Log holdings minimum,0.5,1,1,1,1,1.0,166,-2.225137144170953,0.5647217410731894,INE585B01010
Fund holdout,2024-10,icici:BHACON,ICICI Prudential,Word2Vec,1.0,1,1,1,1,1.0,166,-1.5958920602931022,0.6878137964398059,INE585B01010
Fund holdout,2024-10,icici:HOUSING,ICICI Prudential,Popularity,0.25,1,1,1,1,1.0,185,-1.8998755979857265,0.6360639654372178,INE090A01021
Fund holdout,2024-10,icici:HOUSING,ICICI Prudential,Co-holding,0.25,1,1,1,1,1.0,185,-3.0681616545777426,0.4122696311545566,INE090A01021
Fund holdout,2024-10,icici:HOUSING,ICICI Prudential,Category popularity,0.25,2,0,1,1,0.5,185,-2.123807959159466,0.5931679697087313,INE090A01021
Fund holdout,2024-10,icici:HOUSING,ICICI Prudential,Binary factors,0.25,10,0,0,1,0.1,185,-3.859362145732778,0.2607089870785057,INE090A01021
Fund holdout,2024-10,icici:HOUSING,ICICI Prudential,Rank factors,0.25,2,0,1,1,0.5,185,-3.166447288216049,0.3934422490887311,INE090A01021
Fund holdout,2024-10,icici:HOUSING,ICICI Prudential,Log holdings zero,0.25,1,1,1,1,1.0,185,-1.2734321859409157,0.7560641020247294,INE090A01021
Fund holdout,2024-10,icici:HOUSING,ICICI Prudential,Log holdings minimum,0.5,2,0,1,1,0.5,185,-2.5868415821047743,0.5044702566676167,INE090A01021
Fund holdout,2024-10,icici:HOUSING,ICICI Prudential,Word2Vec,1.0,1,1,1,1,1.0,185,-1.03200757526134,0.8023108749975187,INE090A01021
Fund holdout,2024-10,icici:LARGE & MIDCAP,ICICI Prudential,Popularity,0.25,53,0,0,0,0.0188679245283018,138,-5.989466546260124,-0.2155790890781035,INE918I01026
Fund holdout,2024-10,icici:LARGE & MIDCAP,ICICI Prudential,Co-holding,0.25,29,0,0,0,0.0344827586206896,138,-4.631193019304373,0.0600863452078145,INE918I01026
Fund holdout,2024-10,icici:LARGE & MIDCAP,ICICI Prudential,Category popularity,0.25,125,0,0,0,0.008,138,-11.057736921743135,-1.2441988231808154,INE918I01026
Fund holdout,2024-10,icici:LARGE & MIDCAP,ICICI Prudential,Binary factors,0.25,11,0,0,0,0.0909090909090909,138,-3.9571615239584217,0.1968829338178945,INE918I01026
Fund holdout,2024-10,icici:LARGE & MIDCAP,ICICI Prudential,Rank factors,0.25,2,0,1,1,0.5,138,-3.7413427826573527,0.2406839546484637,INE918I01026
Fund holdout,2024-10,icici:LARGE & MIDCAP,ICICI Prudential,Log holdings zero,0.25,9,0,0,1,0.1111111111111111,138,-4.019538347857782,0.1842233818879293,INE918I01026
Fund holdout,2024-10,icici:LARGE & MIDCAP,ICICI Prudential,Log holdings minimum,0.5,1,1,1,1,1.0,138,-1.994547391655563,0.5952009944882863,INE918I01026
Fund holdout,2024-10,icici:LARGE & MIDCAP,ICICI Prudential,Word2Vec,1.0,3,0,1,1,0.3333333333333333,138,-2.627752562969869,0.4666902232199498,INE918I01026
Fund holdout,2024-10,icici:MIDCAP,ICICI Prudential,Popularity,0.25,75,0,0,0,0.0133333333333333,146,-7.497290968952724,-0.5043906026400451,INE211B01039
Fund holdout,2024-10,icici:MIDCAP,ICICI Prudential,Co-holding,0.25,42,0,0,0,0.0238095238095238,146,-4.865251454504556,0.0237488983757728,INE211B01039
Fund holdout,2024-10,icici:MIDCAP,ICICI Prudential,Category popularity,0.25,14,0,0,0,0.0714285714285714,146,-3.9203626305470296,0.2133482981040017,INE211B01039
Fund holdout,2024-10,icici:MIDCAP,ICICI Prudential,Binary factors,0.25,31,0,0,0,0.032258064516129,146,-4.660071488781659,0.0649198778084479,INE211B01039
Fund holdout,2024-10,icici:MIDCAP,ICICI Prudential,Rank factors,0.25,122,0,0,0,0.0081967213114754,146,-5.678122125630137,-0.1393600170801054,INE211B01039
Fund holdout,2024-10,icici:MIDCAP,ICICI Prudential,Log holdings zero,0.25,82,0,0,0,0.0121951219512195,146,-10.60833840238844,-1.12864682300145,INE211B01039
Fund holdout,2024-10,icici:MIDCAP,ICICI Prudential,Log holdings minimum,0.5,91,0,0,0,0.0109890109890109,146,-6.534153390341208,-0.3111294462686458,INE211B01039
Fund holdout,2024-10,icici:MIDCAP,ICICI Prudential,Word2Vec,1.0,48,0,0,0,0.0208333333333333,146,-4.882402897777334,0.0203073259213847,INE211B01039
Fund holdout,2024-10,icici:MNCFUND,ICICI Prudential,Popularity,0.25,11,0,0,0,0.0909090909090909,179,-3.983188755843294,0.2321394812472963,INE030A01027
Fund holdout,2024-10,icici:MNCFUND,ICICI Prudential,Co-holding,0.25,10,0,0,1,0.1,179,-3.97652419688454,0.2334242437863097,INE030A01027
Fund holdout,2024-10,icici:MNCFUND,ICICI Prudential,Category popularity,0.25,14,0,0,0,0.0714285714285714,179,-4.126436781077105,0.2045247962025632,INE030A01027
Fund holdout,2024-10,icici:MNCFUND,ICICI Prudential,Binary factors,0.25,5,0,1,1,0.2,179,-3.5181863581749058,0.3217804709621575,INE030A01027
Fund holdout,2024-10,icici:MNCFUND,ICICI Prudential,Rank factors,0.25,18,0,0,0,0.0555555555555555,179,-4.601827982054183,0.1128811015227093,INE030A01027
Fund holdout,2024-10,icici:MNCFUND,ICICI Prudential,Log holdings zero,0.25,21,0,0,0,0.0476190476190476,179,-5.311051739324048,-0.0238397408852935,INE030A01027
Fund holdout,2024-10,icici:MNCFUND,ICICI Prudential,Log holdings minimum,0.5,89,0,0,0,0.0112359550561797,179,-5.850968570683112,-0.1279223851241591,INE030A01027
Fund holdout,2024-10,icici:MNCFUND,ICICI Prudential,Word2Vec,1.0,1,1,1,1,1.0,179,-2.757042729477707,0.468510183612446,INE030A01027
Fund holdout,2024-10,icici:MULTICAP,ICICI Prudential,Popularity,0.25,1,1,1,1,1.0,127,-1.1208091407520016,0.7686280234953964,INE040A01034
Fund holdout,2024-10,icici:MULTICAP,ICICI Prudential,Co-holding,0.25,1,1,1,1,1.0,127,-2.441600345564279,0.4959731525668129,INE040A01034
Fund holdout,2024-10,icici:MULTICAP,ICICI Prudential,Category popularity,0.25,1,1,1,1,1.0,127,-1.3120129680687675,0.7291572466851333,INE040A01034
Fund holdout,2024-10,icici:MULTICAP,ICICI Prudential,Binary factors,0.25,30,0,0,0,0.0333333333333333,127,-4.834964997485098,0.0019037433544365,INE040A01034
Fund holdout,2024-10,icici:MULTICAP,ICICI Prudential,Rank factors,0.25,1,1,1,1,1.0,127,-3.088930224282845,0.362342913444111,INE040A01034
Fund holdout,2024-10,icici:MULTICAP,ICICI Prudential,Log holdings zero,0.25,1,1,1,1,1.0,127,-0.0016232206037276,0.9996649137255113,INE040A01034
Fund holdout,2024-10,icici:MULTICAP,ICICI Prudential,Log holdings minimum,0.5,1,1,1,1,1.0,127,-1.1214336425986868,0.7684991057150672,INE040A01034
Fund holdout,2024-10,icici:MULTICAP,ICICI Prudential,Word2Vec,1.0,1,1,1,1,1.0,127,-0.0581097506946033,0.9880042307083796,INE040A01034
Fund holdout,2024-10,icici:TECH,ICICI Prudential,Popularity,0.25,19,0,0,0,0.0526315789473684,183,-4.384869834874372,0.1582912966410855,INE467B01029
Fund holdout,2024-10,icici:TECH,ICICI Prudential,Co-holding,0.25,4,0,1,1,0.25,183,-3.583163661757834,0.3121848188801766,INE467B01029
Fund holdout,2024-10,icici:TECH,ICICI Prudential,Category popularity,0.25,48,0,0,0,0.0208333333333333,183,-5.988450874053303,-0.1495281297152519,INE467B01029
Fund holdout,2024-10,icici:TECH,ICICI Prudential,Binary factors,0.25,26,0,0,0,0.0384615384615384,183,-4.645179626281474,0.1083228767682117,INE467B01029
Fund holdout,2024-10,icici:TECH,ICICI Prudential,Rank factors,0.25,9,0,0,1,0.1111111111111111,183,-4.225274894348603,0.18892674433082,INE467B01029
Fund holdout,2024-10,icici:TECH,ICICI Prudential,Log holdings zero,0.25,16,0,0,0,0.0625,183,-5.974324674303581,-0.1468164995591729,INE467B01029
Fund holdout,2024-10,icici:TECH,ICICI Prudential,Log holdings minimum,0.5,5,0,1,1,0.2,183,-3.0285794543530384,0.418641423453798,INE467B01029
Fund holdout,2024-10,icici:TECH,ICICI Prudential,Word2Vec,1.0,10,0,0,1,0.1,183,-3.532272747307445,0.3219537121946605,INE467B01029
Fund holdout,2024-10,kotak:EME,Kotak,Popularity,0.25,71,0,0,0,0.0140845070422535,156,-7.266666708023822,-0.4389849329548896,INE356A01018
Fund holdout,2024-10,kotak:EME,Kotak,Co-holding,0.25,2,0,1,1,0.5,156,-3.4836838954957376,0.3101419346423767,INE356A01018
Fund holdout,2024-10,kotak:EME,Kotak,Category popularity,0.25,3,0,1,1,0.3333333333333333,156,-2.802049818799694,0.4451228282990462,INE356A01018
Fund holdout,2024-10,kotak:EME,Kotak,Binary factors,0.25,1,1,1,1,1.0,156,-1.9404175729010824,0.6157479401164245,INE356A01018
Fund holdout,2024-10,kotak:EME,Kotak,Rank factors,0.25,18,0,0,0,0.0555555555555555,156,-4.484560280954304,0.1119429396568335,INE356A01018
Fund holdout,2024-10,kotak:EME,Kotak,Log holdings zero,0.25,51,0,0,0,0.0196078431372549,156,-6.64262523500955,-0.315408840464648,INE356A01018
Fund holdout,2024-10,kotak:EME,Kotak,Log holdings minimum,0.5,25,0,0,0,0.04,156,-4.397707436802403,0.1291420130615436,INE356A01018
Fund holdout,2024-10,kotak:EME,Kotak,Word2Vec,1.0,21,0,0,0,0.0476190476190476,156,-4.495542108078816,0.1097682584166662,INE356A01018
Fund holdout,2024-10,kotak:SPO,Kotak,Popularity,0.25,12,0,0,0,0.0833333333333333,186,-3.8958199264375537,0.2544950665070522,INE154A01025
Fund holdout,2024-10,kotak:SPO,Kotak,Co-holding,0.25,7,0,0,1,0.1428571428571428,186,-3.5134474591217164,0.3276659435492297,INE154A01025
Fund holdout,2024-10,kotak:SPO,Kotak,Category popularity,0.25,31,0,0,0,0.032258064516129,186,-5.200863999852805,0.0047615537862871,INE154A01025
Fund holdout,2024-10,kotak:SPO,Kotak,Binary factors,0.25,1,1,1,1,1.0,186,-2.4058693818883663,0.5396123210506004,INE154A01025
Fund holdout,2024-10,kotak:SPO,Kotak,Rank factors,0.25,5,0,1,1,0.2,186,-3.771656109085769,0.2782550811239795,INE154A01025
Fund holdout,2024-10,kotak:SPO,Kotak,Log holdings zero,0.25,7,0,0,1,0.1428571428571428,186,-4.259833822497043,0.1848372895829296,INE154A01025
Fund holdout,2024-10,kotak:SPO,Kotak,Log holdings minimum,0.5,8,0,0,1,0.125,186,-3.6745867521549833,0.2968302940058186,INE154A01025
Fund holdout,2024-10,kotak:SPO,Kotak,Word2Vec,1.0,2,0,1,1,0.5,186,-3.0032968866082648,0.4252884661027311,INE154A01025
Fund holdout,2024-10,mirae:MAFF,Mirae Asset,Popularity,0.25,1,1,1,1,1.0,187,-2.328610216858287,0.5548533996492588,INE009A01021
Fund holdout,2024-10,mirae:MAFF,Mirae Asset,Co-holding,0.25,1,1,1,1,1.0,187,-3.1663195974298044,0.39471346719356,INE009A01021
Fund holdout,2024-10,mirae:MAFF,Mirae Asset,Category popularity,0.25,1,1,1,1,1.0,187,-1.54387462742835,0.7048666467268527,INE009A01021
Fund holdout,2024-10,mirae:MAFF,Mirae Asset,Binary factors,0.25,10,0,0,1,0.1,187,-3.852940150734345,0.2634562894908728,INE009A01021
Fund holdout,2024-10,mirae:MAFF,Mirae Asset,Rank factors,0.25,2,0,1,1,0.5,187,-3.9873579401146326,0.2377604381473939,INE009A01021
Fund holdout,2024-10,mirae:MAFF,Mirae Asset,Log holdings zero,0.25,1,1,1,1,1.0,187,-1.89067592505606,0.6385707001066048,INE009A01021
Fund holdout,2024-10,mirae:MAFF,Mirae Asset,Log holdings minimum,0.5,6,0,0,1,0.1666666666666666,187,-4.17986125929324,0.200960720672906,INE009A01021
Fund holdout,2024-10,mirae:MAFF,Mirae Asset,Word2Vec,1.0,1,1,1,1,1.0,187,-0.9087188115268638,0.8262856159019563,INE009A01021
Fund holdout,2024-10,sbi:SBLUECHIP,SBI,Popularity,0.25,1,1,1,1,1.0,166,-1.3129629500210669,0.7431599987363874,INE090A01021
Fund holdout,2024-10,sbi:SBLUECHIP,SBI,Co-holding,0.25,1,1,1,1,1.0,166,-2.567291725674907,0.497789933786155,INE090A01021
Fund holdout,2024-10,sbi:SBLUECHIP,SBI,Category popularity,0.25,1,1,1,1,1.0,166,-1.8568910583082692,0.6367575324538788,INE090A01021
Fund holdout,2024-10,sbi:SBLUECHIP,SBI,Binary factors,0.25,4,0,1,1,0.25,166,-3.409986550883875,0.3329431344396553,INE090A01021
Fund holdout,2024-10,sbi:SBLUECHIP,SBI,Rank factors,0.25,1,1,1,1,1.0,166,-2.797330084407056,0.4527901473515898,INE090A01021
Fund holdout,2024-10,sbi:SBLUECHIP,SBI,Log holdings zero,0.25,1,1,1,1,1.0,166,-0.0331833265696488,0.993508723427464,INE090A01021
Fund holdout,2024-10,sbi:SBLUECHIP,SBI,Log holdings minimum,0.5,1,1,1,1,1.0,166,-2.065425292241841,0.595964353250958,INE090A01021
Fund holdout,2024-10,sbi:SBLUECHIP,SBI,Word2Vec,1.0,1,1,1,1,1.0,166,-0.1465936413820241,0.9713235540750084,INE090A01021
Fund holdout,2024-10,sbi:SMAAF,SBI,Popularity,0.25,34,0,0,0,0.0294117647058823,181,-5.038438138112376,0.0307894555273942,INE129A01019
Fund holdout,2024-10,sbi:SMAAF,SBI,Co-holding,0.25,20,0,0,0,0.05,181,-4.218132401341099,0.1885861671226173,INE129A01019
Fund holdout,2024-10,sbi:SMAAF,SBI,Category popularity,0.25,48,0,0,0,0.0208333333333333,181,-5.695352706027825,-0.0955767930180033,INE129A01019
Fund holdout,2024-10,sbi:SMAAF,SBI,Binary factors,0.25,59,0,0,0,0.0169491525423728,181,-5.692924714531539,-0.0951097365819444,INE129A01019
Fund holdout,2024-10,sbi:SMAAF,SBI,Rank factors,0.25,7,0,0,1,0.1428571428571428,181,-4.480157987401775,0.1381820629200468,INE129A01019
Fund holdout,2024-10,sbi:SMAAF,SBI,Log holdings zero,0.25,24,0,0,0,0.0416666666666666,181,-4.793560688125636,0.0778948878309908,INE129A01019
Fund holdout,2024-10,sbi:SMAAF,SBI,Log holdings minimum,0.5,21,0,0,0,0.0476190476190476,181,-4.53711066741826,0.1272264579299991,INE129A01019
Fund holdout,2024-10,sbi:SMAAF,SBI,Word2Vec,1.0,28,0,0,0,0.0357142857142857,181,-4.556783581746397,0.1234421113756359,INE129A01019
Fund holdout,2024-10,uti:193,UTI,Popularity,0.25,1,1,1,1,1.0,161,-1.4460817289182124,0.7154169152758159,INE090A01021
Fund holdout,2024-10,uti:193,UTI,Co-holding,0.25,1,1,1,1,1.0,161,-2.542775870051188,0.4995919066049445,INE090A01021
Fund holdout,2024-10,uti:193,UTI,Category popularity,0.25,2,0,1,1,0.5,161,-1.847017683194398,0.6365143274323839,INE090A01021
Fund holdout,2024-10,uti:193,UTI,Binary factors,0.25,16,0,0,0,0.0625,161,-4.383730449584037,0.1372994285217763,INE090A01021
Fund holdout,2024-10,uti:193,UTI,Rank factors,0.25,1,1,1,1,1.0,161,-2.1270549850598703,0.5814041095179848,INE090A01021
Fund holdout,2024-10,uti:193,UTI,Log holdings zero,0.25,1,1,1,1,1.0,161,-0.2386219057994445,0.9530401659344868,INE090A01021
Fund holdout,2024-10,uti:193,UTI,Log holdings minimum,0.5,1,1,1,1,1.0,161,-1.52752383320662,0.6993894357763258,INE090A01021
Fund holdout,2024-10,uti:193,UTI,Word2Vec,1.0,1,1,1,1,1.0,161,-0.0390282537445383,0.9923193961863224,INE090A01021
Fund holdout,2024-10,uti:751,UTI,Popularity,0.25,140,0,0,0,0.0071428571428571,183,-8.894852052087385,-0.7074336683351863,INE285K01026
Fund holdout,2024-10,uti:751,UTI,Co-holding,0.25,140,0,0,0,0.0071428571428571,183,-6.225646661090999,-0.1950596428201141,INE285K01026
Fund holdout,2024-10,uti:751,UTI,Category popularity,0.25,104,0,0,0,0.0096153846153846,183,-7.54825526706252,-0.4489442999950117,INE285K01026
Fund holdout,2024-10,uti:751,UTI,Binary factors,0.25,56,0,0,0,0.0178571428571428,183,-5.374014942660525,-0.0315825371240048,INE285K01026
Fund holdout,2024-10,uti:751,UTI,Rank factors,0.25,115,0,0,0,0.008695652173913,183,-5.718432027708058,-0.0976959838138817,INE285K01026
Fund holdout,2024-10,uti:751,UTI,Log holdings zero,0.25,136,0,0,0,0.0073529411764705,183,-8.421615071305787,-0.6165922749813564,INE285K01026
Fund holdout,2024-10,uti:751,UTI,Log holdings minimum,0.5,124,0,0,0,0.0080645161290322,183,-6.35610689609645,-0.2201024649292184,INE285K01026
Fund holdout,2024-10,uti:751,UTI,Word2Vec,1.0,77,0,0,0,0.0129870129870129,183,-5.553056907586081,-0.0659509872307204,INE285K01026
Fund holdout,2024-10,uti:753,UTI,Popularity,0.25,1,1,1,1,1.0,178,-1.5956392372317936,0.6920675628873284,INE040A01034
Fund holdout,2024-10,uti:753,UTI,Co-holding,0.25,1,1,1,1,1.0,178,-2.946460201675027,0.4313810731231833,INE040A01034
Fund holdout,2024-10,uti:753,UTI,Category popularity,0.25,1,1,1,1,1.0,178,-0.8839538819722836,0.829411268650452,INE040A01034
Fund holdout,2024-10,uti:753,UTI,Binary factors,0.25,2,0,1,1,0.5,178,-3.120713996745346,0.3977529230124946,INE040A01034
Fund holdout,2024-10,uti:753,UTI,Rank factors,0.25,1,1,1,1,1.0,178,-2.90589098943494,0.4392102716696567,INE040A01034
Fund holdout,2024-10,uti:753,UTI,Log holdings zero,0.25,2,0,1,1,0.5,178,-2.3981687982438893,0.5371924020043812,INE040A01034
Fund holdout,2024-10,uti:753,UTI,Log holdings minimum,0.5,1,1,1,1,1.0,178,-2.9308250239432727,0.4343984082897347,INE040A01034
Fund holdout,2024-10,uti:753,UTI,Word2Vec,1.0,1,1,1,1,1.0,178,-0.2058013329052883,0.9602836878638654,INE040A01034
Fund holdout,2024-11,absl:ABSLMCF,Aditya Birla SL,Popularity,0.25,1,1,1,1,1.0,163,-1.2195778971373308,0.7605736738043867,INE040A01034
Fund holdout,2024-11,absl:ABSLMCF,Aditya Birla SL,Co-holding,0.25,1,1,1,1,1.0,163,-2.679689993857941,0.4739259115153459,INE040A01034
Fund holdout,2024-11,absl:ABSLMCF,Aditya Birla SL,Category popularity,0.25,1,1,1,1,1.0,163,-1.5011462359982346,0.7052964560844623,INE040A01034
Fund holdout,2024-11,absl:ABSLMCF,Aditya Birla SL,Binary factors,0.25,52,0,0,0,0.0192307692307692,163,-5.274437200494964,-0.0354722930189201,INE040A01034
Fund holdout,2024-11,absl:ABSLMCF,Aditya Birla SL,Rank factors,0.25,1,1,1,1,1.0,163,-3.188738725936583,0.3739899680530973,INE040A01034
Fund holdout,2024-11,absl:ABSLMCF,Aditya Birla SL,Log holdings zero,0.25,1,1,1,1,1.0,163,-2.09796820751799,0.588128957092221,INE040A01034
Fund holdout,2024-11,absl:ABSLMCF,Aditya Birla SL,Log holdings minimum,0.5,1,1,1,1,1.0,163,-2.673608803969372,0.4751197646979394,INE040A01034
Fund holdout,2024-11,absl:ABSLMCF,Aditya Birla SL,Word2Vec,0.5,1,1,1,1,1.0,163,-0.0129039020109331,0.997466718723488,INE040A01034
Fund holdout,2024-11,absl:BSLDAAF,Aditya Birla SL,Popularity,0.25,1,1,1,1,1.0,136,-0.5075159243458351,0.8966921275460621,INE040A01034
Fund holdout,2024-11,absl:BSLDAAF,Aditya Birla SL,Co-holding,0.25,1,1,1,1,1.0,136,-1.8332107037241805,0.6268391030180183,INE040A01034
Fund holdout,2024-11,absl:BSLDAAF,Aditya Birla SL,Category popularity,0.25,1,1,1,1,1.0,136,-1.0833760094257006,0.7794723963673299,INE040A01034
Fund holdout,2024-11,absl:BSLDAAF,Aditya Birla SL,Binary factors,0.25,15,0,0,0,0.0666666666666666,136,-4.062956366066647,0.1729611665041879,INE040A01034
Fund holdout,2024-11,absl:BSLDAAF,Aditya Birla SL,Rank factors,0.25,1,1,1,1,1.0,136,-1.927264915539998,0.6076938111130434,INE040A01034
Fund holdout,2024-11,absl:BSLDAAF,Aditya Birla SL,Log holdings zero,0.25,1,1,1,1,1.0,136,-1.1050720963528151,0.7750560293658314,INE040A01034
Fund holdout,2024-11,absl:BSLDAAF,Aditya Birla SL,Log holdings minimum,0.5,1,1,1,1,1.0,136,-0.508183065916695,0.896556326927786,INE040A01034
Fund holdout,2024-11,absl:BSLDAAF,Aditya Birla SL,Word2Vec,0.5,1,1,1,1,1.0,136,-8.651770311729479e-06,0.999998238880908,INE040A01034
Fund holdout,2024-11,absl:BSLR96,Aditya Birla SL,Popularity,0.25,1,1,1,1,1.0,166,-1.5462597568597616,0.6975227991777206,INE009A01021
Fund holdout,2024-11,absl:BSLR96,Aditya Birla SL,Co-holding,0.25,1,1,1,1,1.0,166,-2.4725796758263905,0.5163173743376055,INE009A01021
Fund holdout,2024-11,absl:BSLR96,Aditya Birla SL,Category popularity,0.25,1,1,1,1,1.0,166,-1.213398500627271,0.762636658993787,INE009A01021
Fund holdout,2024-11,absl:BSLR96,Aditya Birla SL,Binary factors,0.25,7,0,0,1,0.1428571428571428,166,-3.516643898087473,0.3120789712962046,INE009A01021
Fund holdout,2024-11,absl:BSLR96,Aditya Birla SL,Rank factors,0.25,1,1,1,1,1.0,166,-2.646028194195007,0.4823876144184451,INE009A01021
Fund holdout,2024-11,absl:BSLR96,Aditya Birla SL,Log holdings zero,0.25,1,1,1,1,1.0,166,-0.6187494064950068,0.8789610945659303,INE009A01021
Fund holdout,2024-11,absl:BSLR96,Aditya Birla SL,Log holdings minimum,0.5,1,1,1,1,1.0,166,-2.776107495463972,0.4569416809275156,INE009A01021
Fund holdout,2024-11,absl:BSLR96,Aditya Birla SL,Word2Vec,0.5,1,1,1,1,1.0,166,-0.0001027855086412,0.9999798932405756,INE009A01021
Fund holdout,2024-11,absl:MNC,Aditya Birla SL,Popularity,0.25,28,0,0,0,0.0357142857142857,184,-5.142083371751852,0.0139699488629053,INE298A01020
Fund holdout,2024-11,absl:MNC,Aditya Birla SL,Co-holding,0.25,18,0,0,0,0.0555555555555555,184,-4.228481685877039,0.1891593909460218,INE298A01020
Fund holdout,2024-11,absl:MNC,Aditya Birla SL,Category popularity,0.25,18,0,0,0,0.0555555555555555,184,-4.422821339812273,0.1518934181770039,INE298A01020
Fund holdout,2024-11,absl:MNC,Aditya Birla SL,Binary factors,0.25,4,0,1,1,0.25,184,-3.326351807970221,0.3621490345078897,INE298A01020
Fund holdout,2024-11,absl:MNC,Aditya Birla SL,Rank factors,0.25,22,0,0,0,0.0454545454545454,184,-4.998960535473734,0.041414742611187,INE298A01020
Fund holdout,2024-11,absl:MNC,Aditya Birla SL,Log holdings zero,0.25,43,0,0,0,0.0232558139534883,184,-8.043655287729255,-0.5424265344003429,INE298A01020
Fund holdout,2024-11,absl:MNC,Aditya Birla SL,Log holdings minimum,0.5,41,0,0,0,0.024390243902439,184,-5.315324344696426,-0.0192502058996537,INE298A01020
Fund holdout,2024-11,absl:MNC,Aditya Birla SL,Word2Vec,0.5,9,0,0,1,0.1111111111111111,184,-3.4291325551642844,0.3424401153627021,INE298A01020
Fund holdout,2024-11,axis:AXISMLC,Axis,Popularity,0.25,1,1,1,1,1.0,130,-1.043015831771811,0.7857198870622911,INE040A01034
Fund holdout,2024-11,axis:AXISMLC,Axis,Co-holding,0.25,1,1,1,1,1.0,130,-2.375948439454453,0.5118784543513455,INE040A01034
Fund holdout,2024-11,axis:AXISMLC,Axis,Category popularity,0.25,1,1,1,1,1.0,130,-1.2752792282297492,0.7380030400996159,INE040A01034
Fund holdout,2024-11,axis:AXISMLC,Axis,Binary factors,0.25,7,0,0,1,0.1428571428571428,130,-3.748391049638881,0.2299199753402779,INE040A01034
Fund holdout,2024-11,axis:AXISMLC,Axis,Rank factors,0.25,1,1,1,1,1.0,130,-1.989841712981303,0.5912013087457323,INE040A01034
Fund holdout,2024-11,axis:AXISMLC,Axis,Log holdings zero,0.25,1,1,1,1,1.0,130,-0.6013125320246688,0.8764646582073213,INE040A01034
Fund holdout,2024-11,axis:AXISMLC,Axis,Log holdings minimum,0.5,1,1,1,1,1.0,130,-1.3437682105590247,0.7239324704865204,INE040A01034
Fund holdout,2024-11,axis:AXISMLC,Axis,Word2Vec,0.5,1,1,1,1,1.0,130,-0.0222929729053333,0.9954200687982298,INE040A01034
Fund holdout,2024-11,hdfc:HDFCEQ,HDFC,Popularity,0.25,1,1,1,1,1.0,178,-1.3908212028690805,0.7315941143873748,INE090A01021
Fund holdout,2024-11,hdfc:HDFCEQ,HDFC,Co-holding,0.25,1,1,1,1,1.0,178,-2.524850895161621,0.5127448164022016,INE090A01021
Fund holdout,2024-11,hdfc:HDFCEQ,HDFC,Category popularity,0.25,1,1,1,1,1.0,178,-1.268692898312537,0.7551628920816225,INE090A01021
Fund holdout,2024-11,hdfc:HDFCEQ,HDFC,Binary factors,0.25,28,0,0,0,0.0357142857142857,178,-4.727576840036068,0.0876545123600182,INE090A01021
Fund holdout,2024-11,hdfc:HDFCEQ,HDFC,Rank factors,0.25,1,1,1,1,1.0,178,-2.7131964884222253,0.4763971782902262,INE090A01021
Fund holdout,2024-11,hdfc:HDFCEQ,HDFC,Log holdings zero,0.25,2,0,1,1,0.5,178,-1.4087402357509244,0.7281360322988564,INE090A01021
Fund holdout,2024-11,hdfc:HDFCEQ,HDFC,Log holdings minimum,0.5,1,1,1,1,1.0,178,-1.359429739209741,0.7376521566337688,INE090A01021
Fund holdout,2024-11,hdfc:HDFCEQ,HDFC,Word2Vec,0.5,1,1,1,1,1.0,178,-0.414209054261903,0.9200643851211124,INE090A01021
Fund holdout,2024-11,hdfc:HDFCMNCFND,HDFC,Popularity,0.25,71,0,0,0,0.0140845070422535,195,-7.110772204582657,-0.3485250900569923,INE003A01024
Fund holdout,2024-11,hdfc:HDFCMNCFND,HDFC,Co-holding,0.25,72,0,0,0,0.0138888888888888,195,-5.4989154730182745,-0.0428439092295434,INE003A01024
Fund holdout,2024-11,hdfc:HDFCMNCFND,HDFC,Category popularity,0.25,27,0,0,0,0.037037037037037,195,-5.166853894124976,0.0201300347667168,INE003A01024
Fund holdout,2024-11,hdfc:HDFCMNCFND,HDFC,Binary factors,0.25,7,0,0,1,0.1428571428571428,195,-3.817655958127505,0.2759991887487748,INE003A01024
Fund holdout,2024-11,hdfc:HDFCMNCFND,HDFC,Rank factors,0.25,57,0,0,0,0.0175438596491228,195,-5.560912257145197,-0.0546013128550064,INE003A01024
Fund holdout,2024-11,hdfc:HDFCMNCFND,HDFC,Log holdings zero,0.25,65,0,0,0,0.0153846153846153,195,-8.327345892129218,-0.5792426681707157,INE003A01024
Fund holdout,2024-11,hdfc:HDFCMNCFND,HDFC,Log holdings minimum,0.5,119,0,0,0,0.0084033613445378,195,-6.549660945038982,-0.2421129325531312,INE003A01024
Fund holdout,2024-11,hdfc:HDFCMNCFND,HDFC,Word2Vec,0.5,38,0,0,0,0.0263157894736842,195,-5.472543143733991,-0.0378425188460656,INE003A01024
Fund holdout,2024-11,icici:BHACON,ICICI Prudential,Popularity,0.25,3,0,1,1,0.3333333333333333,178,-2.2635590097424725,0.5631699032247535,INE397D01024
Fund holdout,2024-11,icici:BHACON,ICICI Prudential,Co-holding,0.25,1,1,1,1,1.0,178,-3.046972322171308,0.4119838676010392,INE397D01024
Fund holdout,2024-11,icici:BHACON,ICICI Prudential,Category popularity,0.25,1,1,1,1,1.0,178,-1.703220569697434,0.6713061143587467,INE397D01024
Fund holdout,2024-11,icici:BHACON,ICICI Prudential,Binary factors,0.25,1,1,1,1,1.0,178,-2.038168041165255,0.6066666966337549,INE397D01024
Fund holdout,2024-11,icici:BHACON,ICICI Prudential,Rank factors,0.25,2,0,1,1,0.5,178,-3.414926644429997,0.3409746641699255,INE397D01024
Fund holdout,2024-11,icici:BHACON,ICICI Prudential,Log holdings zero,0.25,1,1,1,1,1.0,178,-0.7826621267981686,0.8489589309931613,INE397D01024
Fund holdout,2024-11,icici:BHACON,ICICI Prudential,Log holdings minimum,0.5,14,0,0,0,0.0714285714285714,178,-4.161309637384861,0.1969348783103267,INE397D01024
Fund holdout,2024-11,icici:BHACON,ICICI Prudential,Word2Vec,0.5,1,1,1,1,1.0,178,-0.2010391825894988,0.9612027054703652,INE397D01024
Fund holdout,2024-11,icici:HOUSING,ICICI Prudential,Popularity,0.25,3,0,1,1,0.3333333333333333,194,-2.515652655725386,0.5224524693404631,INE018A01030
Fund holdout,2024-11,icici:HOUSING,ICICI Prudential,Co-holding,0.25,1,1,1,1,1.0,194,-3.115561109715341,0.4085715644497696,INE018A01030
Fund holdout,2024-11,icici:HOUSING,ICICI Prudential,Category popularity,0.25,3,0,1,1,0.3333333333333333,194,-2.5570265276194686,0.5145984477163428,INE018A01030
Fund holdout,2024-11,icici:HOUSING,ICICI Prudential,Binary factors,0.25,1,1,1,1,1.0,194,-1.846023681401988,0.6495684535040276,INE018A01030
Fund holdout,2024-11,icici:HOUSING,ICICI Prudential,Rank factors,0.25,3,0,1,1,0.3333333333333333,194,-3.270992379124774,0.3790659732367613,INE018A01030
Fund holdout,2024-11,icici:HOUSING,ICICI Prudential,Log holdings zero,0.25,9,0,0,1,0.1111111111111111,194,-4.851674200283044,0.0790043972737271,INE018A01030
Fund holdout,2024-11,icici:HOUSING,ICICI Prudential,Log holdings minimum,0.5,1,1,1,1,1.0,194,-2.300634560325676,0.5632694558475452,INE018A01030
Fund holdout,2024-11,icici:HOUSING,ICICI Prudential,Word2Vec,0.5,3,0,1,1,0.3333333333333333,194,-2.9576580181895977,0.4385463828214586,INE018A01030
Fund holdout,2024-11,icici:LARGE & MIDCAP,ICICI Prudential,Popularity,0.25,1,1,1,1,1.0,148,-1.1481924862943522,0.7702333974639255,INE090A01021
Fund holdout,2024-11,icici:LARGE & MIDCAP,ICICI Prudential,Co-holding,0.25,1,1,1,1,1.0,148,-2.463756557289839,0.5069738041297909,INE090A01021
Fund holdout,2024-11,icici:LARGE & MIDCAP,ICICI Prudential,Category popularity,0.25,1,1,1,1,1.0,148,-1.4962165180285183,0.700589761638942,INE090A01021
Fund holdout,2024-11,icici:LARGE & MIDCAP,ICICI Prudential,Binary factors,0.25,12,0,0,0,0.0833333333333333,148,-4.011656379632877,0.1972211385346804,INE090A01021
Fund holdout,2024-11,icici:LARGE & MIDCAP,ICICI Prudential,Rank factors,0.25,1,1,1,1,1.0,148,-2.7448701919140657,0.4507197130038041,INE090A01021
Fund holdout,2024-11,icici:LARGE & MIDCAP,ICICI Prudential,Log holdings zero,0.25,1,1,1,1,1.0,148,-0.6050848057180165,0.8789155287849638,INE090A01021
Fund holdout,2024-11,icici:LARGE & MIDCAP,ICICI Prudential,Log holdings minimum,0.5,1,1,1,1,1.0,148,-1.6847604712748492,0.662859934904103,INE090A01021
Fund holdout,2024-11,icici:LARGE & MIDCAP,ICICI Prudential,Word2Vec,0.5,1,1,1,1,1.0,148,-1.6488743604497902,0.6700411609275531,INE090A01021
Fund holdout,2024-11,icici:MIDCAP,ICICI Prudential,Popularity,0.25,81,0,0,0,0.0123456790123456,153,-7.687956845790431,-0.5282877884441499,INE211B01039
Fund holdout,2024-11,icici:MIDCAP,ICICI Prudential,Co-holding,0.25,66,0,0,0,0.0151515151515151,153,-5.149839790689134,-0.0237358796912949,INE211B01039
Fund holdout,2024-11,icici:MIDCAP,ICICI Prudential,Category popularity,0.25,16,0,0,0,0.0625,153,-3.8973311076134136,0.225250133583872,INE211B01039
Fund holdout,2024-11,icici:MIDCAP,ICICI Prudential,Binary factors,0.25,61,0,0,0,0.0163934426229508,153,-5.488210573134767,-0.0910005567896201,INE211B01039
Fund holdout,2024-11,icici:MIDCAP,ICICI Prudential,Rank factors,0.25,144,0,0,0,0.0069444444444444,153,-5.798765864119682,-0.1527357965118416,INE211B01039
Fund holdout,2024-11,icici:MIDCAP,ICICI Prudential,Log holdings zero,0.25,22,0,0,0,0.0454545454545454,153,-5.752299005426172,-0.143498656640598,INE211B01039
Fund holdout,2024-11,icici:MIDCAP,ICICI Prudential,Log holdings minimum,0.5,79,0,0,0,0.0126582278481012,153,-7.810993494963171,-0.5527462254819104,INE211B01039
Fund holdout,2024-11,icici:MIDCAP,ICICI Prudential,Word2Vec,0.5,10,0,0,1,0.1,153,-3.866581299253801,0.2313628833762602,INE211B01039
Fund holdout,2024-11,icici:MNCFUND,ICICI Prudential,Popularity,0.25,10,0,0,1,0.1,188,-3.892437299636658,0.2566637179851309,INE030A01027
Fund holdout,2024-11,icici:MNCFUND,ICICI Prudential,Co-holding,0.25,6,0,0,1,0.1666666666666666,188,-3.611135326613311,0.3103837773346136,INE030A01027
Fund holdout,2024-11,icici:MNCFUND,ICICI Prudential,Category popularity,0.25,13,0,0,0,0.0769230769230769,188,-4.04068620836577,0.2283527179241289,INE030A01027
Fund holdout,2024-11,icici:MNCFUND,ICICI Prudential,Binary factors,0.25,3,0,1,1,0.3333333333333333,188,-3.025915326362034,0.4221428695589461,INE030A01027
Fund holdout,2024-11,icici:MNCFUND,ICICI Prudential,Rank factors,0.25,10,0,0,1,0.1,188,-4.281494774591652,0.1823656587845026,INE030A01027
Fund holdout,2024-11,icici:MNCFUND,ICICI Prudential,Log holdings zero,0.25,51,0,0,0,0.0196078431372549,188,-7.051902618870419,-0.3466973698796298,INE030A01027
Fund holdout,2024-11,icici:MNCFUND,ICICI Prudential,Log holdings minimum,0.5,38,0,0,0,0.0263157894736842,188,-5.593933790556728,-0.0682699875725496,INE030A01027
Fund holdout,2024-11,icici:MNCFUND,ICICI Prudential,Word2Vec,0.5,6,0,0,1,0.1666666666666666,188,-2.930989455554082,0.4402708028926426,INE030A01027
Fund holdout,2024-11,icici:MULTICAP,ICICI Prudential,Popularity,0.25,1,1,1,1,1.0,133,-1.203066991924377,0.7539915943870779,INE040A01034
Fund holdout,2024-11,icici:MULTICAP,ICICI Prudential,Co-holding,0.25,1,1,1,1,1.0,133,-2.458081850183675,0.4973606616349104,INE040A01034
Fund holdout,2024-11,icici:MULTICAP,ICICI Prudential,Category popularity,0.25,1,1,1,1,1.0,133,-1.424853644416693,0.7086396886893016,INE040A01034
Fund holdout,2024-11,icici:MULTICAP,ICICI Prudential,Binary factors,0.25,39,0,0,0,0.0256410256410256,133,-5.132290511783914,-0.0494732333456395,INE040A01034
Fund holdout,2024-11,icici:MULTICAP,ICICI Prudential,Rank factors,0.25,1,1,1,1,1.0,133,-3.3294085093428936,0.3191879716461991,INE040A01034
Fund holdout,2024-11,icici:MULTICAP,ICICI Prudential,Log holdings zero,0.25,1,1,1,1,1.0,133,-0.0637631281330239,0.9869614364003068,INE040A01034
Fund holdout,2024-11,icici:MULTICAP,ICICI Prudential,Log holdings minimum,0.5,1,1,1,1,1.0,133,-1.162062808204228,0.7623763093931124,INE040A01034
Fund holdout,2024-11,icici:MULTICAP,ICICI Prudential,Word2Vec,0.5,1,1,1,1,1.0,133,-7.77032028729252e-05,0.999984110908887,INE040A01034
Fund holdout,2024-11,icici:TECH,ICICI Prudential,Popularity,0.25,19,0,0,0,0.0526315789473684,192,-4.447033195292423,0.1541536643184468,INE467B01029
Fund holdout,2024-11,icici:TECH,ICICI Prudential,Co-holding,0.25,3,0,1,1,0.3333333333333333,192,-3.4641072502834143,0.3411107371175239,INE467B01029
Fund holdout,2024-11,icici:TECH,ICICI Prudential,Category popularity,0.25,42,0,0,0,0.0238095238095238,192,-5.800373831726311,-0.1032580004895269,INE467B01029
Fund holdout,2024-11,icici:TECH,ICICI Prudential,Binary factors,0.25,4,0,1,1,0.25,192,-3.5751429804750026,0.3199912263363356,INE467B01029
Fund holdout,2024-11,icici:TECH,ICICI Prudential,Rank factors,0.25,3,0,1,1,0.3333333333333333,192,-3.823891805778291,0.2726780462569497,INE467B01029
Fund holdout,2024-11,icici:TECH,ICICI Prudential,Log holdings zero,0.25,17,0,0,0,0.0588235294117647,192,-6.975269950835516,-0.3267286906132263,INE467B01029
Fund holdout,2024-11,icici:TECH,ICICI Prudential,Log holdings minimum,0.5,3,0,1,1,0.3333333333333333,192,-1.9695978838681127,0.6253733490005047,INE467B01029
Fund holdout,2024-11,icici:TECH,ICICI Prudential,Word2Vec,0.5,3,0,1,1,0.3333333333333333,192,-3.1384773493714047,0.4030470542932851,INE467B01029
Fund holdout,2024-11,kotak:EME,Kotak,Popularity,0.25,164,0,0,0,0.0060975609756097,164,-10.815136079653824,-1.1206704592590635,INE881D01027
Fund holdout,2024-11,kotak:EME,Kotak,Co-holding,0.25,44,0,0,0,0.0227272727272727,164,-4.7301544883333015,0.072494435829495,INE881D01027
Fund holdout,2024-11,kotak:EME,Kotak,Category popularity,0.25,41,0,0,0,0.024390243902439,164,-5.1070666226822805,-0.0014118398903153,INE881D01027
Fund holdout,2024-11,kotak:EME,Kotak,Binary factors,0.25,67,0,0,0,0.0149253731343283,164,-5.767876131104741,-0.1309857253586033,INE881D01027
Fund holdout,2024-11,kotak:EME,Kotak,Rank factors,0.25,10,0,0,1,0.1,164,-4.373416058195433,0.1424449796695357,INE881D01027
Fund holdout,2024-11,kotak:EME,Kotak,Log holdings zero,0.25,54,0,0,0,0.0185185185185185,164,-7.838645881585759,-0.5370296443097295,INE881D01027
Fund holdout,2024-11,kotak:EME,Kotak,Log holdings minimum,0.5,10,0,0,1,0.1,164,-4.010071802888554,0.2136908172711875,INE881D01027
Fund holdout,2024-11,kotak:EME,Kotak,Word2Vec,0.5,45,0,0,0,0.0222222222222222,164,-7.140713393424786,-0.4001765525594936,INE881D01027
Fund holdout,2024-11,kotak:SPO,Kotak,Popularity,0.25,196,0,0,0,0.0051020408163265,196,-10.801632880366752,-1.0464945492376807,INE881D01027
Fund holdout,2024-11,kotak:SPO,Kotak,Co-holding,0.25,173,0,0,0,0.0057803468208092,196,-7.572302363913515,-0.4346604522262238,INE881D01027
Fund holdout,2024-11,kotak:SPO,Kotak,Category popularity,0.25,186,0,0,0,0.0053763440860215,196,-11.81105143894249,-1.2377405951738822,INE881D01027
Fund holdout,2024-11,kotak:SPO,Kotak,Binary factors,0.25,68,0,0,0,0.0147058823529411,196,-5.600940870626742,-0.0611631675775852,INE881D01027
Fund holdout,2024-11,kotak:SPO,Kotak,Rank factors,0.25,59,0,0,0,0.0169491525423728,196,-5.505599759878892,-0.0430996890623707,INE881D01027
Fund holdout,2024-11,kotak:SPO,Kotak,Log holdings zero,0.25,93,0,0,0,0.010752688172043,196,-8.364215221118341,-0.5846975219628403,INE881D01027
Fund holdout,2024-11,kotak:SPO,Kotak,Log holdings minimum,0.5,88,0,0,0,0.0113636363636363,196,-5.807921249266425,-0.1003779993883549,INE881D01027
Fund holdout,2024-11,kotak:SPO,Kotak,Word2Vec,0.5,107,0,0,0,0.0093457943925233,196,-8.8132961996467,-0.6697811185730416,INE881D01027
Fund holdout,2024-11,mirae:MAFF,Mirae Asset,Popularity,0.25,1,1,1,1,1.0,197,-2.289628025130224,0.5666212883906423,INE009A01021
Fund holdout,2024-11,mirae:MAFF,Mirae Asset,Co-holding,0.25,1,1,1,1,1.0,197,-3.1982697565824707,0.3946344073037575,INE009A01021
Fund holdout,2024-11,mirae:MAFF,Mirae Asset,Category popularity,0.25,1,1,1,1,1.0,197,-1.6472119025096743,0.688217228203852,INE009A01021
Fund holdout,2024-11,mirae:MAFF,Mirae Asset,Binary factors,0.25,29,0,0,0,0.0344827586206896,197,-4.857897899835731,0.0805015007444832,INE009A01021
Fund holdout,2024-11,mirae:MAFF,Mirae Asset,Rank factors,0.25,1,1,1,1,1.0,197,-3.7165023296773896,0.2965438168773477,INE009A01021
Fund holdout,2024-11,mirae:MAFF,Mirae Asset,Log holdings zero,0.25,2,0,1,1,0.5,197,-1.5636474876512008,0.7040342246985972,INE009A01021
Fund holdout,2024-11,mirae:MAFF,Mirae Asset,Log holdings minimum,0.5,14,0,0,0,0.0714285714285714,197,-4.263504664308724,0.1930077121354626,INE009A01021
Fund holdout,2024-11,mirae:MAFF,Mirae Asset,Word2Vec,0.5,1,1,1,1,1.0,197,-0.0210370057354172,0.9960181346744236,INE009A01021
Fund holdout,2024-11,sbi:SBLUECHIP,SBI,Popularity,0.25,1,1,1,1,1.0,177,-1.322171660273597,0.744564641947452,INE090A01021
Fund holdout,2024-11,sbi:SBLUECHIP,SBI,Co-holding,0.25,1,1,1,1,1.0,177,-2.58940168006137,0.4997436678143011,INE090A01021
Fund holdout,2024-11,sbi:SBLUECHIP,SBI,Category popularity,0.25,1,1,1,1,1.0,177,-1.858872837681519,0.6408773057735333,INE090A01021
Fund holdout,2024-11,sbi:SBLUECHIP,SBI,Binary factors,0.25,4,0,1,1,0.25,177,-3.1433149167971,0.3927310686134087,INE090A01021
Fund holdout,2024-11,sbi:SBLUECHIP,SBI,Rank factors,0.25,1,1,1,1,1.0,177,-2.732404296270152,0.4721164499792263,INE090A01021
Fund holdout,2024-11,sbi:SBLUECHIP,SBI,Log holdings zero,0.25,1,1,1,1,1.0,177,-0.0463485307069078,0.9910457515525036,INE090A01021
Fund holdout,2024-11,sbi:SBLUECHIP,SBI,Log holdings minimum,0.5,1,1,1,1,1.0,177,-2.023689092798411,0.6090358282985496,INE090A01021
Fund holdout,2024-11,sbi:SBLUECHIP,SBI,Word2Vec,0.5,1,1,1,1,1.0,177,-0.0044672322593157,0.9991369584555866,INE090A01021
Fund holdout,2024-11,sbi:SMAAF,SBI,Popularity,0.25,2,0,1,1,0.5,190,-2.462792381945736,0.5306306302247115,INE002A01018
Fund holdout,2024-11,sbi:SMAAF,SBI,Co-holding,0.25,4,0,1,1,0.25,190,-3.4549201888354086,0.3415467241390357,INE002A01018
Fund holdout,2024-11,sbi:SMAAF,SBI,Category popularity,0.25,2,0,1,1,0.5,190,-2.6424756494145605,0.4963858345085676,INE002A01018
Fund holdout,2024-11,sbi:SMAAF,SBI,Binary factors,0.25,7,0,0,1,0.1428571428571428,190,-3.982877189769699,0.2409264499276957,INE002A01018
Fund holdout,2024-11,sbi:SMAAF,SBI,Rank factors,0.25,33,0,0,0,0.0303030303030303,190,-5.045687123808015,0.0383716456382806,INE002A01018
Fund holdout,2024-11,sbi:SMAAF,SBI,Log holdings zero,0.25,87,0,0,0,0.0114942528735632,190,-6.289388987047532,-0.1986583062230638,INE002A01018
Fund holdout,2024-11,sbi:SMAAF,SBI,Log holdings minimum,0.5,51,0,0,0,0.0196078431372549,190,-5.174760459693413,0.0137723043525733,INE002A01018
Fund holdout,2024-11,sbi:SMAAF,SBI,Word2Vec,0.5,4,0,1,1,0.25,190,-2.184591935347605,0.5836512458674333,INE002A01018
Fund holdout,2024-11,uti:193,UTI,Popularity,0.25,1,1,1,1,1.0,174,-1.439520250172162,0.7209721224753434,INE090A01021
Fund holdout,2024-11,uti:193,UTI,Co-holding,0.25,1,1,1,1,1.0,174,-2.5371008835673314,0.5082237470969526,INE090A01021
Fund holdout,2024-11,uti:193,UTI,Category popularity,0.25,2,0,1,1,0.5,174,-1.8216607708767287,0.6469003208486486,INE090A01021
Fund holdout,2024-11,uti:193,UTI,Binary factors,0.25,21,0,0,0,0.0476190476190476,174,-4.465352743292581,0.1344630975418242,INE090A01021
Fund holdout,2024-11,uti:193,UTI,Rank factors,0.25,1,1,1,1,1.0,174,-2.002924566470772,0.6117652457077327,INE090A01021
Fund holdout,2024-11,uti:193,UTI,Log holdings zero,0.25,1,1,1,1,1.0,174,-0.3359820978968022,0.9348752671932096,INE090A01021
Fund holdout,2024-11,uti:193,UTI,Log holdings minimum,0.5,1,1,1,1,1.0,174,-1.5506119524262405,0.6994387804561191,INE090A01021
Fund holdout,2024-11,uti:193,UTI,Word2Vec,0.5,1,1,1,1,1.0,174,-0.0009278687685458,0.999820147543546,INE090A01021
Fund holdout,2024-11,uti:751,UTI,Popularity,0.25,70,0,0,0,0.0142857142857142,194,-6.932649099353773,-0.3160280497351999,INE591G01017
Fund holdout,2024-11,uti:751,UTI,Co-holding,0.25,99,0,0,0,0.0101010101010101,194,-5.636581675272227,-0.0699949590659558,INE591G01017
Fund holdout,2024-11,uti:751,UTI,Category popularity,0.25,77,0,0,0,0.0129870129870129,194,-6.633668828067346,-0.2592724837615732,INE591G01017
Fund holdout,2024-11,uti:751,UTI,Binary factors,0.25,56,0,0,0,0.0178571428571428,194,-5.431246769518481,-0.031016137018428,INE591G01017
Fund holdout,2024-11,uti:751,UTI,Rank factors,0.25,28,0,0,0,0.0357142857142857,194,-5.0621801895251535,0.039043946007602,INE591G01017
Fund holdout,2024-11,uti:751,UTI,Log holdings zero,0.25,12,0,0,0,0.0833333333333333,194,-4.685952024076909,0.1104635161797689,INE591G01017
Fund holdout,2024-11,uti:751,UTI,Log holdings minimum,0.5,30,0,0,0,0.0333333333333333,194,-5.063791797658845,0.0387380136751381,INE591G01017
Fund holdout,2024-11,uti:751,UTI,Word2Vec,0.5,85,0,0,0,0.0117647058823529,194,-7.552260415124721,-0.4336491581746726,INE591G01017
Fund holdout,2024-11,uti:753,UTI,Popularity,0.25,1,1,1,1,1.0,191,-1.6329330403941429,0.6890997655083151,INE040A01034
Fund holdout,2024-11,uti:753,UTI,Co-holding,0.25,1,1,1,1,1.0,191,-2.963280215005708,0.4358099867417261,INE040A01034
Fund holdout,2024-11,uti:753,UTI,Category popularity,0.25,1,1,1,1,1.0,191,-0.7896798575116915,0.8496498957394568,INE040A01034
Fund holdout,2024-11,uti:753,UTI,Binary factors,0.25,4,0,1,1,0.25,191,-3.2148451818805484,0.3879135909578531,INE040A01034
Fund holdout,2024-11,uti:753,UTI,Rank factors,0.25,1,1,1,1,1.0,191,-3.233925713010944,0.3842807772074288,INE040A01034
Fund holdout,2024-11,uti:753,UTI,Log holdings zero,0.25,1,1,1,1,1.0,191,-1.658890171785512,0.6841576900914564,INE040A01034
Fund holdout,2024-11,uti:753,UTI,Log holdings minimum,0.5,1,1,1,1,1.0,191,-3.230948653527447,0.3848475907071983,INE040A01034
Fund holdout,2024-11,uti:753,UTI,Word2Vec,0.5,1,1,1,1,1.0,191,-0.0157388939749303,0.997003413057118,INE040A01034
Fund holdout,2024-12,absl:ABSLMCF,Aditya Birla SL,Popularity,0.25,1,1,1,1,1.0,157,-1.2150497931379824,0.7596932902564293,INE090A01021
Fund holdout,2024-12,absl:ABSLMCF,Aditya Birla SL,Co-holding,0.25,1,1,1,1,1.0,157,-2.6416840037976823,0.4775404310835901,INE090A01021
Fund holdout,2024-12,absl:ABSLMCF,Aditya Birla SL,Category popularity,0.25,1,1,1,1,1.0,157,-1.572911507622031,0.6889171198998545,INE090A01021
Fund holdout,2024-12,absl:ABSLMCF,Aditya Birla SL,Binary factors,0.25,27,0,0,0,0.037037037037037,157,-4.507482499512136,0.1085317698074943,INE090A01021
Fund holdout,2024-12,absl:ABSLMCF,Aditya Birla SL,Rank factors,0.25,1,1,1,1,1.0,157,-2.0963576438303906,0.5853924582517445,INE090A01021
Fund holdout,2024-12,absl:ABSLMCF,Aditya Birla SL,Log holdings zero,0.25,1,1,1,1,1.0,157,-1.528223953370182,0.6977552096550204,INE090A01021
Fund holdout,2024-12,absl:ABSLMCF,Aditya Birla SL,Log holdings minimum,0.25,1,1,1,1,1.0,157,-0.9010080474143588,0.8218029577475632,INE090A01021
Fund holdout,2024-12,absl:ABSLMCF,Aditya Birla SL,Word2Vec,1.0,1,1,1,1,1.0,157,-0.0403867495958163,0.9920125027242352,INE090A01021
Fund holdout,2024-12,absl:BSLDAAF,Aditya Birla SL,Popularity,0.25,1,1,1,1,1.0,134,-0.7943627121280166,0.8378136597820169,INE009A01021
Fund holdout,2024-12,absl:BSLDAAF,Aditya Birla SL,Co-holding,0.25,1,1,1,1,1.0,134,-1.8709257337369445,0.6180100186707422,INE009A01021
Fund holdout,2024-12,absl:BSLDAAF,Aditya Birla SL,Category popularity,0.25,1,1,1,1,1.0,134,-1.2272695851375095,0.7494263521747261,INE009A01021
Fund holdout,2024-12,absl:BSLDAAF,Aditya Birla SL,Binary factors,0.25,3,0,1,1,0.3333333333333333,134,-2.9448138157108765,0.3987525243801582,INE009A01021
Fund holdout,2024-12,absl:BSLDAAF,Aditya Birla SL,Rank factors,0.25,1,1,1,1,1.0,134,-2.1661072808806017,0.5577423171533067,INE009A01021
Fund holdout,2024-12,absl:BSLDAAF,Aditya Birla SL,Log holdings zero,0.25,1,1,1,1,1.0,134,-0.0376408998685029,0.9923147956229846,INE009A01021
Fund holdout,2024-12,absl:BSLDAAF,Aditya Birla SL,Log holdings minimum,0.25,1,1,1,1,1.0,134,-0.0127119439625822,0.9974045815131174,INE009A01021
Fund holdout,2024-12,absl:BSLDAAF,Aditya Birla SL,Word2Vec,1.0,1,1,1,1,1.0,134,-0.0282990921546844,0.9942221278542088,INE009A01021
Fund holdout,2024-12,absl:BSLR96,Aditya Birla SL,Popularity,0.25,1,1,1,1,1.0,162,-1.5295122249134394,0.6993644691656582,INE009A01021
Fund holdout,2024-12,absl:BSLR96,Aditya Birla SL,Co-holding,0.25,1,1,1,1,1.0,162,-2.4281717813448624,0.5227271148598404,INE009A01021
Fund holdout,2024-12,absl:BSLR96,Aditya Birla SL,Category popularity,0.25,1,1,1,1,1.0,162,-1.0573020380983262,0.7921804387709874,INE009A01021
Fund holdout,2024-12,absl:BSLR96,Aditya Birla SL,Binary factors,0.25,10,0,0,1,0.1,162,-3.792803196044523,0.2544999748154585,INE009A01021
Fund holdout,2024-12,absl:BSLR96,Aditya Birla SL,Rank factors,0.25,1,1,1,1,1.0,162,-3.220088582762688,0.3670707401719194,INE009A01021
Fund holdout,2024-12,absl:BSLR96,Aditya Birla SL,Log holdings zero,0.25,2,0,1,1,0.5,162,-1.2626011051092805,0.7518275779142354,INE009A01021
Fund holdout,2024-12,absl:BSLR96,Aditya Birla SL,Log holdings minimum,0.25,2,0,1,1,0.5,162,-2.0932560196314847,0.5885569762806522,INE009A01021
Fund holdout,2024-12,absl:BSLR96,Aditya Birla SL,Word2Vec,1.0,1,1,1,1,1.0,162,-0.0685924806685864,0.9865177038135724,INE009A01021
Fund holdout,2024-12,absl:MNC,Aditya Birla SL,Popularity,0.25,28,0,0,0,0.0357142857142857,182,-5.20191212640426,0.0004024900040456,INE298A01020
Fund holdout,2024-12,absl:MNC,Aditya Birla SL,Co-holding,0.25,19,0,0,0,0.0526315789473684,182,-4.267035073985536,0.1800481185810267,INE298A01020
Fund holdout,2024-12,absl:MNC,Aditya Birla SL,Category popularity,0.25,18,0,0,0,0.0555555555555555,182,-4.584661917463716,0.1190130618300527,INE298A01020
Fund holdout,2024-12,absl:MNC,Aditya Birla SL,Binary factors,0.25,2,0,1,1,0.5,182,-2.791678333918409,0.4635521240103255,INE298A01020
Fund holdout,2024-12,absl:MNC,Aditya Birla SL,Rank factors,0.25,25,0,0,0,0.04,182,-4.968594506410246,0.0452367175567151,INE298A01020
Fund holdout,2024-12,absl:MNC,Aditya Birla SL,Log holdings zero,0.25,23,0,0,0,0.0434782608695652,182,-5.583322482718129,-0.0728891829795868,INE298A01020
Fund holdout,2024-12,absl:MNC,Aditya Birla SL,Log holdings minimum,0.25,24,0,0,0,0.0416666666666666,182,-5.548944770882797,-0.0662831745898007,INE298A01020
Fund holdout,2024-12,absl:MNC,Aditya Birla SL,Word2Vec,1.0,10,0,0,1,0.1,182,-3.978392271991802,0.2355136126416946,INE298A01020
Fund holdout,2024-12,axis:AXISMLC,Axis,Popularity,0.25,1,1,1,1,1.0,122,-1.0271774174436388,0.7861838222857592,INE090A01021
Fund holdout,2024-12,axis:AXISMLC,Axis,Co-holding,0.25,1,1,1,1,1.0,122,-2.383732430993718,0.5038047483977925,INE090A01021
Fund holdout,2024-12,axis:AXISMLC,Axis,Category popularity,0.25,1,1,1,1,1.0,122,-1.3464892761029184,0.7197161994993546,INE090A01021
Fund holdout,2024-12,axis:AXISMLC,Axis,Binary factors,0.25,23,0,0,0,0.0434782608695652,122,-4.785400828283116,0.0038759647963146,INE090A01021
Fund holdout,2024-12,axis:AXISMLC,Axis,Rank factors,0.25,1,1,1,1,1.0,122,-2.7755674318840167,0.4222407841183531,INE090A01021
Fund holdout,2024-12,axis:AXISMLC,Axis,Log holdings zero,0.25,1,1,1,1,1.0,122,-0.7447752345140675,0.8449683655464875,INE090A01021
Fund holdout,2024-12,axis:AXISMLC,Axis,Log holdings minimum,0.25,1,1,1,1,1.0,122,-0.0944997558091129,0.980329029592259,INE090A01021
Fund holdout,2024-12,axis:AXISMLC,Axis,Word2Vec,1.0,1,1,1,1,1.0,122,-0.2282277225521323,0.9524923557938316,INE090A01021
Fund holdout,2024-12,hdfc:HDFCEQ,HDFC,Popularity,0.25,1,1,1,1,1.0,172,-1.2599547395041064,0.7552295111379936,INE090A01021
Fund holdout,2024-12,hdfc:HDFCEQ,HDFC,Co-holding,0.25,1,1,1,1,1.0,172,-2.548943387125782,0.504818626108813,INE090A01021
Fund holdout,2024-12,hdfc:HDFCEQ,HDFC,Category popularity,0.25,1,1,1,1,1.0,172,-1.1779412657369406,0.7711622089070909,INE090A01021
Fund holdout,2024-12,hdfc:HDFCEQ,HDFC,Binary factors,0.25,38,0,0,0,0.0263157894736842,172,-4.886116451557325,0.0507777184479726,INE090A01021
Fund holdout,2024-12,hdfc:HDFCEQ,HDFC,Rank factors,0.25,1,1,1,1,1.0,172,-2.3827113654628533,0.5371123997906907,INE090A01021
Fund holdout,2024-12,hdfc:HDFCEQ,HDFC,Log holdings zero,0.25,1,1,1,1,1.0,172,-0.7363257599782056,0.8569545313171416,INE090A01021
Fund holdout,2024-12,hdfc:HDFCEQ,HDFC,Log holdings minimum,0.25,1,1,1,1,1.0,172,-0.1211107264629163,0.9764719074477008,INE090A01021
Fund holdout,2024-12,hdfc:HDFCEQ,HDFC,Word2Vec,1.0,1,1,1,1,1.0,172,-0.6973530933452778,0.8645257228567299,INE090A01021
Fund holdout,2024-12,hdfc:HDFCMNCFND,HDFC,Popularity,0.25,60,0,0,0,0.0166666666666666,191,-6.711178646189948,-0.2777664259352732,INE003A01024
Fund holdout,2024-12,hdfc:HDFCMNCFND,HDFC,Co-holding,0.25,76,0,0,0,0.0131578947368421,191,-5.659039062586961,-0.0774456318987968,INE003A01024
Fund holdout,2024-12,hdfc:HDFCMNCFND,HDFC,Category popularity,0.25,21,0,0,0,0.0476190476190476,191,-4.694429567724846,0.1062099808709409,INE003A01024
Fund holdout,2024-12,hdfc:HDFCMNCFND,HDFC,Binary factors,0.25,4,0,1,1,0.25,191,-3.571488385171873,0.3200109563792942,INE003A01024
Fund holdout,2024-12,hdfc:HDFCMNCFND,HDFC,Rank factors,0.25,137,0,0,0,0.0072992700729927,191,-6.025501661636535,-0.1472178179949546,INE003A01024
Fund holdout,2024-12,hdfc:HDFCMNCFND,HDFC,Log holdings zero,0.25,87,0,0,0,0.0114942528735632,191,-8.299449387632924,-0.5801632381350657,INE003A01024
Fund holdout,2024-12,hdfc:HDFCMNCFND,HDFC,Log holdings minimum,0.25,140,0,0,0,0.0071428571428571,191,-9.297589166160044,-0.7702028071333493,INE003A01024
Fund holdout,2024-12,hdfc:HDFCMNCFND,HDFC,Word2Vec,1.0,33,0,0,0,0.0303030303030303,191,-4.799840648604686,0.086140370572864,INE003A01024
Fund holdout,2024-12,icici:BHACON,ICICI Prudential,Popularity,0.25,3,0,1,1,0.3333333333333333,179,-2.320239507617192,0.5527150679626123,INE397D01024
Fund holdout,2024-12,icici:BHACON,ICICI Prudential,Co-holding,0.25,1,1,1,1,1.0,179,-3.088347122492647,0.4046428705928694,INE397D01024
Fund holdout,2024-12,icici:BHACON,ICICI Prudential,Category popularity,0.25,1,1,1,1,1.0,179,-1.7529109604724322,0.6620820147021385,INE397D01024
Fund holdout,2024-12,icici:BHACON,ICICI Prudential,Binary factors,0.25,5,0,1,1,0.2,179,-3.400945011371281,0.3443817100432408,INE397D01024
Fund holdout,2024-12,icici:BHACON,ICICI Prudential,Rank factors,0.25,4,0,1,1,0.25,179,-3.754391981329628,0.2762458544914169,INE397D01024
Fund holdout,2024-12,icici:BHACON,ICICI Prudential,Log holdings zero,0.25,1,1,1,1,1.0,179,-0.9950738665388617,0.8081743090289419,INE397D01024
Fund holdout,2024-12,icici:BHACON,ICICI Prudential,Log holdings minimum,0.25,14,0,0,0,0.0714285714285714,179,-4.24662600492146,0.1813552791581538,INE397D01024
Fund holdout,2024-12,icici:BHACON,ICICI Prudential,Word2Vec,1.0,1,1,1,1,1.0,179,-2.0742020466930136,0.6001450201838547,INE397D01024
Fund holdout,2024-12,icici:HOUSING,ICICI Prudential,Popularity,0.25,3,0,1,1,0.3333333333333333,192,-2.475611214512327,0.529127267009367,INE018A01030
Fund holdout,2024-12,icici:HOUSING,ICICI Prudential,Co-holding,0.25,1,1,1,1,1.0,192,-3.096909095597096,0.4109535289229101,INE018A01030
Fund holdout,2024-12,icici:HOUSING,ICICI Prudential,Category popularity,0.25,4,0,1,1,0.25,192,-2.5660249557743224,0.511930154151591,INE018A01030
Fund holdout,2024-12,icici:HOUSING,ICICI Prudential,Binary factors,0.25,1,1,1,1,1.0,192,-1.8516167261508256,0.647813912304659,INE018A01030
Fund holdout,2024-12,icici:HOUSING,ICICI Prudential,Rank factors,0.25,1,1,1,1,1.0,192,-2.60180897937986,0.5051238669228997,INE018A01030
Fund holdout,2024-12,icici:HOUSING,ICICI Prudential,Log holdings zero,0.25,7,0,0,1,0.1428571428571428,192,-3.9349080387774302,0.2515622439321783,INE018A01030
Fund holdout,2024-12,icici:HOUSING,ICICI Prudential,Log holdings minimum,0.25,1,1,1,1,1.0,192,-0.698231152936998,0.8671931968496066,INE018A01030
Fund holdout,2024-12,icici:HOUSING,ICICI Prudential,Word2Vec,1.0,3,0,1,1,0.3333333333333333,192,-2.032210245766775,0.613464187419158,INE018A01030
Fund holdout,2024-12,icici:LARGE & MIDCAP,ICICI Prudential,Popularity,0.25,31,0,0,0,0.032258064516129,146,-5.0359010516354346,-0.0104932900801812,INE388Y01029
Fund holdout,2024-12,icici:LARGE & MIDCAP,ICICI Prudential,Co-holding,0.25,10,0,0,1,0.1,146,-3.8226477075852894,0.2329555685767751,INE388Y01029
Fund holdout,2024-12,icici:LARGE & MIDCAP,ICICI Prudential,Category popularity,0.25,13,0,0,0,0.0769230769230769,146,-3.7622996521547423,0.2450648821746168,INE388Y01029
Fund holdout,2024-12,icici:LARGE & MIDCAP,ICICI Prudential,Binary factors,0.25,3,0,1,1,0.3333333333333333,146,-3.053201058274114,0.3873511113468455,INE388Y01029
Fund holdout,2024-12,icici:LARGE & MIDCAP,ICICI Prudential,Rank factors,0.25,7,0,0,1,0.1428571428571428,146,-4.073545013231426,0.1826110440805517,INE388Y01029
Fund holdout,2024-12,icici:LARGE & MIDCAP,ICICI Prudential,Log holdings zero,0.25,135,0,0,0,0.0074074074074074,146,-10.259021552975288,-1.0585536403069038,INE388Y01029
Fund holdout,2024-12,icici:LARGE & MIDCAP,ICICI Prudential,Log holdings minimum,0.25,7,0,0,1,0.1428571428571428,146,-3.3042292791220778,0.3369803176821735,INE388Y01029
Fund holdout,2024-12,icici:LARGE & MIDCAP,ICICI Prudential,Word2Vec,1.0,112,0,0,0,0.0089285714285714,146,-6.73095863521935,-0.3506199718692959,INE388Y01029
Fund holdout,2024-12,icici:MIDCAP,ICICI Prudential,Popularity,0.25,43,0,0,0,0.0232558139534883,152,-5.94705193685123,-0.1837566423354042,INE749A01030
Fund holdout,2024-12,icici:MIDCAP,ICICI Prudential,Co-holding,0.25,42,0,0,0,0.0238095238095238,152,-4.76404323491513,0.0517204350009853,INE749A01030
Fund holdout,2024-12,icici:MIDCAP,ICICI Prudential,Category popularity,0.25,39,0,0,0,0.0256410256410256,152,-5.323951544641336,-0.0597289331523576,INE749A01030
Fund holdout,2024-12,icici:MIDCAP,ICICI Prudential,Binary factors,0.25,3,0,1,1,0.3333333333333333,152,-3.376093349865224,0.3279909154176066,INE749A01030
Fund holdout,2024-12,icici:MIDCAP,ICICI Prudential,Rank factors,0.25,29,0,0,0,0.0344827586206896,152,-4.787280848982233,0.0470950037291468,INE749A01030
Fund holdout,2024-12,icici:MIDCAP,ICICI Prudential,Log holdings zero,0.25,53,0,0,0,0.0188679245283018,152,-8.987619816065905,-0.7889796102380104,INE749A01030
Fund holdout,2024-12,icici:MIDCAP,ICICI Prudential,Log holdings minimum,0.25,34,0,0,0,0.0294117647058823,152,-6.498238291493,-0.2934699112626124,INE749A01030
Fund holdout,2024-12,icici:MIDCAP,ICICI Prudential,Word2Vec,1.0,106,0,0,0,0.0094339622641509,152,-6.351045721729327,-0.2641713303841646,INE749A01030
Fund holdout,2024-12,icici:MNCFUND,ICICI Prudential,Popularity,0.25,9,0,0,1,0.1111111111111111,183,-3.576709493633885,0.3134237449344149,INE585B01010
Fund holdout,2024-12,icici:MNCFUND,ICICI Prudential,Co-holding,0.25,6,0,0,1,0.1666666666666666,183,-3.4984484403279312,0.3284465420030409,INE585B01010
Fund holdout,2024-12,icici:MNCFUND,ICICI Prudential,Category popularity,0.25,7,0,0,1,0.1428571428571428,183,-2.991191807282384,0.4258182631600063,INE585B01010
Fund holdout,2024-12,icici:MNCFUND,ICICI Prudential,Binary factors,0.25,1,1,1,1,1.0,183,-2.045219142731578,0.607404822140462,INE585B01010
Fund holdout,2024-12,icici:MNCFUND,ICICI Prudential,Rank factors,0.25,2,0,1,1,0.5,183,-3.297082473599077,0.3671002519508105,INE585B01010
Fund holdout,2024-12,icici:MNCFUND,ICICI Prudential,Log holdings zero,0.25,1,1,1,1,1.0,183,-1.3531073661149993,0.7402608767129613,INE585B01010
Fund holdout,2024-12,icici:MNCFUND,ICICI Prudential,Log holdings minimum,0.25,3,0,1,1,0.3333333333333333,183,-3.0780020389617926,0.409154387082313,INE585B01010
Fund holdout,2024-12,icici:MNCFUND,ICICI Prudential,Word2Vec,1.0,10,0,0,1,0.1,183,-3.776832824664481,0.2750085682434389,INE585B01010
Fund holdout,2024-12,icici:MULTICAP,ICICI Prudential,Popularity,0.25,1,1,1,1,1.0,134,-1.1997861978915836,0.7550376805089443,INE040A01034
Fund holdout,2024-12,icici:MULTICAP,ICICI Prudential,Co-holding,0.25,1,1,1,1,1.0,134,-2.3899216129656544,0.5120457772037363,INE040A01034
Fund holdout,2024-12,icici:MULTICAP,ICICI Prudential,Category popularity,0.25,1,1,1,1,1.0,134,-1.4182858124408462,0.7104262551717063,INE040A01034
Fund holdout,2024-12,icici:MULTICAP,ICICI Prudential,Binary factors,0.25,31,0,0,0,0.032258064516129,134,-4.856947454138777,0.0083490574380451,INE040A01034
Fund holdout,2024-12,icici:MULTICAP,ICICI Prudential,Rank factors,0.25,2,0,1,1,0.5,134,-3.451723392290397,0.2952559631850368,INE040A01034
Fund holdout,2024-12,icici:MULTICAP,ICICI Prudential,Log holdings zero,0.25,1,1,1,1,1.0,134,-0.1822582052753745,0.9627880427454566,INE040A01034
Fund holdout,2024-12,icici:MULTICAP,ICICI Prudential,Log holdings minimum,0.25,1,1,1,1,1.0,134,-0.6899875031609337,0.8591241177043297,INE040A01034
Fund holdout,2024-12,icici:MULTICAP,ICICI Prudential,Word2Vec,1.0,1,1,1,1,1.0,134,-0.0285382590392959,0.9941732967583828,INE040A01034
Fund holdout,2024-12,icici:TECH,ICICI Prudential,Popularity,0.25,20,0,0,0,0.05,190,-4.317416106742353,0.1771686107465031,INE467B01029
Fund holdout,2024-12,icici:TECH,ICICI Prudential,Co-holding,0.25,6,0,0,1,0.1666666666666666,190,-3.5469166689859786,0.3240136465534606,INE467B01029
Fund holdout,2024-12,icici:TECH,ICICI Prudential,Category popularity,0.25,39,0,0,0,0.0256410256410256,190,-5.686955304620295,-0.0838439516208784,INE467B01029
Fund holdout,2024-12,icici:TECH,ICICI Prudential,Binary factors,0.25,15,0,0,0,0.0666666666666666,190,-4.257823350117139,0.1885260498978498,INE467B01029
Fund holdout,2024-12,icici:TECH,ICICI Prudential,Rank factors,0.25,6,0,0,1,0.1666666666666666,190,-3.9064091065623527,0.2555000600647386,INE467B01029
Fund holdout,2024-12,icici:TECH,ICICI Prudential,Log holdings zero,0.25,10,0,0,1,0.1,190,-4.4440415599503655,0.1530357972761289,INE467B01029
Fund holdout,2024-12,icici:TECH,ICICI Prudential,Log holdings minimum,0.25,4,0,1,1,0.25,190,-4.854744330117333,0.0747623293982012,INE467B01029
Fund holdout,2024-12,icici:TECH,ICICI Prudential,Word2Vec,1.0,10,0,0,1,0.1,190,-3.751434743149753,0.2850357285277171,INE467B01029
Fund holdout,2024-12,kotak:EME,Kotak,Popularity,0.25,70,0,0,0,0.0142857142857142,161,-7.150493823094939,-0.4071885072497674,INE571A01038
Fund holdout,2024-12,kotak:EME,Kotak,Co-holding,0.25,30,0,0,0,0.0333333333333333,161,-4.48884147212242,0.1166140008351519,INE571A01038
Fund holdout,2024-12,kotak:EME,Kotak,Category popularity,0.25,22,0,0,0,0.0454545454545454,161,-4.362591757438224,0.1414594383591113,INE571A01038
Fund holdout,2024-12,kotak:EME,Kotak,Binary factors,0.25,8,0,0,1,0.125,161,-3.777666169709645,0.256570448173495,INE571A01038
Fund holdout,2024-12,kotak:EME,Kotak,Rank factors,0.25,15,0,0,0,0.0666666666666666,161,-4.495918112026907,0.1152213464828921,INE571A01038
Fund holdout,2024-12,kotak:EME,Kotak,Log holdings zero,0.25,113,0,0,0,0.0088495575221238,161,-9.0785189195382,-0.7866161138636247,INE571A01038
Fund holdout,2024-12,kotak:EME,Kotak,Log holdings minimum,0.25,51,0,0,0,0.0196078431372549,161,-5.715244739902268,-0.1247372437599232,INE571A01038
Fund holdout,2024-12,kotak:EME,Kotak,Word2Vec,1.0,7,0,0,1,0.1428571428571428,161,-3.772161641203958,0.2576537173074412,INE571A01038
Fund holdout,2024-12,kotak:SPO,Kotak,Popularity,0.25,12,0,0,0,0.0833333333333333,193,-3.979644817652588,0.2438002856328669,INE154A01025
Fund holdout,2024-12,kotak:SPO,Kotak,Co-holding,0.25,3,0,1,1,0.3333333333333333,193,-3.4451281966368823,0.3453674693030372,INE154A01025
Fund holdout,2024-12,kotak:SPO,Kotak,Category popularity,0.25,30,0,0,0,0.0333333333333333,193,-5.275485647854431,-0.0024313532604525,INE154A01025
Fund holdout,2024-12,kotak:SPO,Kotak,Binary factors,0.25,1,1,1,1,1.0,193,-2.2378727018002884,0.5747663986532394,INE154A01025
Fund holdout,2024-12,kotak:SPO,Kotak,Rank factors,0.25,5,0,1,1,0.2,193,-3.652087749082592,0.3060416596853565,INE154A01025
Fund holdout,2024-12,kotak:SPO,Kotak,Log holdings zero,0.25,13,0,0,0,0.0769230769230769,193,-5.671722142524651,-0.0777229779708694,INE154A01025
Fund holdout,2024-12,kotak:SPO,Kotak,Log holdings minimum,0.25,7,0,0,1,0.1428571428571428,193,-3.857317951346895,0.2670444558033987,INE154A01025
Fund holdout,2024-12,kotak:SPO,Kotak,Word2Vec,1.0,6,0,0,1,0.1666666666666666,193,-3.5660403132820813,0.3223921254570109,INE154A01025
Fund holdout,2024-12,mirae:MAFF,Mirae Asset,Popularity,0.25,1,1,1,1,1.0,193,-2.255263734750862,0.5714618087331946,INE009A01021
Fund holdout,2024-12,mirae:MAFF,Mirae Asset,Co-holding,0.25,1,1,1,1,1.0,193,-3.2659885057944664,0.3794070354587818,INE009A01021
Fund holdout,2024-12,mirae:MAFF,Mirae Asset,Category popularity,0.25,1,1,1,1,1.0,193,-1.6497611277759017,0.6865175283823423,INE009A01021
Fund holdout,2024-12,mirae:MAFF,Mirae Asset,Binary factors,0.25,17,0,0,0,0.0588235294117647,193,-4.230969709443413,0.1960443124006438,INE009A01021
Fund holdout,2024-12,mirae:MAFF,Mirae Asset,Rank factors,0.25,1,1,1,1,1.0,193,-4.284003590181876,0.18596697954714,INE009A01021
Fund holdout,2024-12,mirae:MAFF,Mirae Asset,Log holdings zero,0.25,1,1,1,1,1.0,193,-1.5313548759491633,0.709016715599627,INE009A01021
Fund holdout,2024-12,mirae:MAFF,Mirae Asset,Log holdings minimum,0.25,16,0,0,0,0.0625,193,-3.961130884508564,0.2473182455506017,INE009A01021
Fund holdout,2024-12,mirae:MAFF,Mirae Asset,Word2Vec,1.0,1,1,1,1,1.0,193,-0.5190842463887622,0.901365228095105,INE009A01021
Fund holdout,2024-12,sbi:SBLUECHIP,SBI,Popularity,0.25,1,1,1,1,1.0,173,-1.2158545576304327,0.7640625345306264,INE090A01021
Fund holdout,2024-12,sbi:SBLUECHIP,SBI,Co-holding,0.25,1,1,1,1,1.0,173,-2.638905889819729,0.4879183835362014,INE090A01021
Fund holdout,2024-12,sbi:SBLUECHIP,SBI,Category popularity,0.25,1,1,1,1,1.0,173,-1.7913592597992043,0.6523854264889928,INE090A01021
Fund holdout,2024-12,sbi:SBLUECHIP,SBI,Binary factors,0.25,5,0,1,1,0.2,173,-3.591645223093657,0.3030386196409897,INE090A01021
Fund holdout,2024-12,sbi:SBLUECHIP,SBI,Rank factors,0.25,1,1,1,1,1.0,173,-2.65702431313864,0.4844024902500041,INE090A01021
Fund holdout,2024-12,sbi:SBLUECHIP,SBI,Log holdings zero,0.25,1,1,1,1,1.0,173,-0.0827584366761247,0.9839406648821336,INE090A01021
Fund holdout,2024-12,sbi:SBLUECHIP,SBI,Log holdings minimum,0.25,1,1,1,1,1.0,173,-0.3690410746072787,0.9283873097727852,INE090A01021
Fund holdout,2024-12,sbi:SBLUECHIP,SBI,Word2Vec,1.0,1,1,1,1,1.0,173,-0.1363395486331153,0.973543210949156,INE090A01021
Fund holdout,2024-12,sbi:SMAAF,SBI,Popularity,0.25,2,0,1,1,0.5,186,-2.418421662167141,0.5372103140145694,INE002A01018
Fund holdout,2024-12,sbi:SMAAF,SBI,Co-holding,0.25,2,0,1,1,0.5,186,-3.258354869746981,0.3764805159543397,INE002A01018
Fund holdout,2024-12,sbi:SMAAF,SBI,Category popularity,0.25,2,0,1,1,0.5,186,-2.6124600759274017,0.5000790816997077,INE002A01018
Fund holdout,2024-12,sbi:SMAAF,SBI,Binary factors,0.25,8,0,0,1,0.125,186,-4.229695102099928,0.1906046415574752,INE002A01018
Fund holdout,2024-12,sbi:SMAAF,SBI,Rank factors,0.25,37,0,0,0,0.027027027027027,186,-5.022391566499861,0.0389140767646214,INE002A01018
Fund holdout,2024-12,sbi:SMAAF,SBI,Log holdings zero,0.25,12,0,0,0,0.0833333333333333,186,-4.017377913192464,0.2312337041898973,INE002A01018
Fund holdout,2024-12,sbi:SMAAF,SBI,Log holdings minimum,0.25,89,0,0,0,0.0112359550561797,186,-7.041675433806187,-0.3474965155175922,INE002A01018
Fund holdout,2024-12,sbi:SMAAF,SBI,Word2Vec,1.0,2,0,1,1,0.5,186,-2.6094312370956096,0.5006586809456925,INE002A01018
Fund holdout,2024-12,uti:193,UTI,Popularity,0.25,1,1,1,1,1.0,168,-1.313686370730256,0.7436191245662798,INE090A01021
Fund holdout,2024-12,uti:193,UTI,Co-holding,0.25,1,1,1,1,1.0,168,-2.5107538850374302,0.509997748787876,INE090A01021
Fund holdout,2024-12,uti:193,UTI,Category popularity,0.25,2,0,1,1,0.5,168,-1.7433393855624857,0.6597674393164807,INE090A01021
Fund holdout,2024-12,uti:193,UTI,Binary factors,0.25,12,0,0,0,0.0833333333333333,168,-4.286493510768688,0.1634419117700557,INE090A01021
Fund holdout,2024-12,uti:193,UTI,Rank factors,0.25,1,1,1,1,1.0,168,-1.8448286129188465,0.6399606592992293,INE090A01021
Fund holdout,2024-12,uti:193,UTI,Log holdings zero,0.25,1,1,1,1,1.0,168,-0.3160617054085524,0.938316954084958,INE090A01021
Fund holdout,2024-12,uti:193,UTI,Log holdings minimum,0.25,1,1,1,1,1.0,168,-0.1620791510847805,0.9683684054500992,INE090A01021
Fund holdout,2024-12,uti:193,UTI,Word2Vec,1.0,1,1,1,1,1.0,168,-0.062182757303006,0.987864325831922,INE090A01021
Fund holdout,2024-12,uti:751,UTI,Popularity,0.25,140,0,0,0,0.0071428571428571,191,-8.847261678263411,-0.6844632708990155,INE285K01026
Fund holdout,2024-12,uti:751,UTI,Co-holding,0.25,85,0,0,0,0.0117647058823529,191,-5.436059223995184,-0.0349916656979729,INE285K01026
Fund holdout,2024-12,uti:751,UTI,Category popularity,0.25,104,0,0,0,0.0096153846153846,191,-7.471856495586936,-0.4225947293010199,INE285K01026
Fund holdout,2024-12,uti:751,UTI,Binary factors,0.25,60,0,0,0,0.0166666666666666,191,-5.285752964269538,-0.0063742942330706,INE285K01026
Fund holdout,2024-12,uti:751,UTI,Rank factors,0.25,86,0,0,0,0.0116279069767441,191,-5.5318446980143365,-0.0532286206721117,INE285K01026
Fund holdout,2024-12,uti:751,UTI,Log holdings zero,0.25,160,0,0,0,0.00625,191,-9.792549581684655,-0.864440173543402,INE285K01026
Fund holdout,2024-12,uti:751,UTI,Log holdings minimum,0.25,168,0,0,0,0.0059523809523809,191,-10.16510893968938,-0.93537314440042,INE285K01026
Fund holdout,2024-12,uti:751,UTI,Word2Vec,1.0,37,0,0,0,0.027027027027027,191,-4.731424367581781,0.099166402435099,INE285K01026
Fund holdout,2024-12,uti:753,UTI,Popularity,0.25,1,1,1,1,1.0,188,-1.6236430137191853,0.6899339235984363,INE040A01034
Fund holdout,2024-12,uti:753,UTI,Co-holding,0.25,1,1,1,1,1.0,188,-2.947854154371323,0.4370501620573288,INE040A01034
Fund holdout,2024-12,uti:753,UTI,Category popularity,0.25,1,1,1,1,1.0,188,-0.802456019742861,0.8467554829330741,INE040A01034
Fund holdout,2024-12,uti:753,UTI,Binary factors,0.25,2,0,1,1,0.5,188,-3.091745616756484,0.4095713007605644,INE040A01034
Fund holdout,2024-12,uti:753,UTI,Rank factors,0.25,1,1,1,1,1.0,188,-3.3022503874253726,0.369371338235796,INE040A01034
Fund holdout,2024-12,uti:753,UTI,Log holdings zero,0.25,1,1,1,1,1.0,188,-2.1025914375171717,0.5984694469179488,INE040A01034
Fund holdout,2024-12,uti:753,UTI,Log holdings minimum,0.25,1,1,1,1,1.0,188,-1.47311550138524,0.7186800671444626,INE040A01034
Fund holdout,2024-12,uti:753,UTI,Word2Vec,1.0,1,1,1,1,1.0,188,-0.332004320567802,0.936597345502064,INE040A01034
Fund holdout,2025-01,absl:ABSLMCF,Aditya Birla SL,Popularity,0.25,1,1,1,1,1.0,155,-1.2959989207996188,0.7430319890243015,INE090A01021
Fund holdout,2025-01,absl:ABSLMCF,Aditya Birla SL,Co-holding,0.25,1,1,1,1,1.0,155,-2.6365073551936664,0.4772387228772488,INE090A01021
Fund holdout,2025-01,absl:ABSLMCF,Aditya Birla SL,Category popularity,0.25,1,1,1,1,1.0,155,-1.6590090772281822,0.6710550788862351,INE090A01021
Fund holdout,2025-01,absl:ABSLMCF,Aditya Birla SL,Binary factors,0.25,22,0,0,0,0.0454545454545454,155,-4.208830781362487,0.1654816550674928,INE090A01021
Fund holdout,2025-01,absl:ABSLMCF,Aditya Birla SL,Rank factors,0.25,1,1,1,1,1.0,155,-2.173027982834038,0.5691364633244674,INE090A01021
Fund holdout,2025-01,absl:ABSLMCF,Aditya Birla SL,Log holdings zero,0.5,1,1,1,1,1.0,155,-1.934478632302844,0.61643553984509,INE090A01021
Fund holdout,2025-01,absl:ABSLMCF,Aditya Birla SL,Log holdings minimum,0.25,1,1,1,1,1.0,155,-1.3058270454898908,0.7410832885950432,INE090A01021
Fund holdout,2025-01,absl:ABSLMCF,Aditya Birla SL,Word2Vec,1.0,1,1,1,1,1.0,155,-0.0376587971064648,0.9925330908592,INE090A01021
Fund holdout,2025-01,absl:BSLDAAF,Aditya Birla SL,Popularity,0.25,1,1,1,1,1.0,128,-1.1563195556736936,0.7616833587638047,INE002A01018
Fund holdout,2025-01,absl:BSLDAAF,Aditya Birla SL,Co-holding,0.25,1,1,1,1,1.0,128,-2.033770154952729,0.5808414118773885,INE002A01018
Fund holdout,2025-01,absl:BSLDAAF,Aditya Birla SL,Category popularity,0.25,1,1,1,1,1.0,128,-1.5967879295437388,0.6709031389565561,INE002A01018
Fund holdout,2025-01,absl:BSLDAAF,Aditya Birla SL,Binary factors,0.25,2,0,1,1,0.5,128,-2.342346573132186,0.5172440306998481,INE002A01018
Fund holdout,2025-01,absl:BSLDAAF,Aditya Birla SL,Rank factors,0.25,1,1,1,1,1.0,128,-2.0900948683830904,0.5692329283423206,INE002A01018
Fund holdout,2025-01,absl:BSLDAAF,Aditya Birla SL,Log holdings zero,0.5,1,1,1,1,1.0,128,-0.4629663740271432,0.9045829582989564,INE002A01018
Fund holdout,2025-01,absl:BSLDAAF,Aditya Birla SL,Log holdings minimum,0.25,1,1,1,1,1.0,128,-0.1987777732279259,0.9590320417607314,INE002A01018
Fund holdout,2025-01,absl:BSLDAAF,Aditya Birla SL,Word2Vec,1.0,1,1,1,1,1.0,128,-0.2226181286196222,0.95411856140407,INE002A01018
Fund holdout,2025-01,absl:BSLR96,Aditya Birla SL,Popularity,0.25,1,1,1,1,1.0,164,-1.5404578136884837,0.6979415371971414,INE009A01021
Fund holdout,2025-01,absl:BSLR96,Aditya Birla SL,Co-holding,0.25,1,1,1,1,1.0,164,-2.482493558817842,0.513223808122957,INE009A01021
Fund holdout,2025-01,absl:BSLR96,Aditya Birla SL,Category popularity,0.25,1,1,1,1,1.0,164,-1.1159259421177712,0.7811852608473377,INE009A01021
Fund holdout,2025-01,absl:BSLR96,Aditya Birla SL,Binary factors,0.25,6,0,0,1,0.1666666666666666,164,-3.568307920453793,0.3003134550768672,INE009A01021
Fund holdout,2025-01,absl:BSLR96,Aditya Birla SL,Rank factors,0.25,1,1,1,1,1.0,164,-2.6398353424789422,0.482371669956619,INE009A01021
Fund holdout,2025-01,absl:BSLR96,Aditya Birla SL,Log holdings zero,0.5,1,1,1,1,1.0,164,-1.8430511000120664,0.638607966287779,INE009A01021
Fund holdout,2025-01,absl:BSLR96,Aditya Birla SL,Log holdings minimum,0.25,1,1,1,1,1.0,164,-0.3554999627306534,0.9302922992666842,INE009A01021
Fund holdout,2025-01,absl:BSLR96,Aditya Birla SL,Word2Vec,1.0,1,1,1,1,1.0,164,-0.0390987228224091,0.9923333829668378,INE009A01021
Fund holdout,2025-01,absl:MNC,Aditya Birla SL,Popularity,0.25,85,0,0,0,0.0117647058823529,180,-7.369840687749688,-0.4191992923042105,INE686F01025
Fund holdout,2025-01,absl:MNC,Aditya Birla SL,Co-holding,0.25,68,0,0,0,0.0147058823529411,180,-5.482872029887749,-0.0558285360965091,INE686F01025
Fund holdout,2025-01,absl:MNC,Aditya Birla SL,Category popularity,0.25,114,0,0,0,0.0087719298245614,180,-8.286141543758747,-0.5956499893385947,INE686F01025
Fund holdout,2025-01,absl:MNC,Aditya Birla SL,Binary factors,0.25,86,0,0,0,0.0116279069767441,180,-6.470924472810479,-0.2460963298204934,INE686F01025
Fund holdout,2025-01,absl:MNC,Aditya Birla SL,Rank factors,0.25,69,0,0,0,0.0144927536231884,180,-5.418159906593636,-0.0433670184771166,INE686F01025
Fund holdout,2025-01,absl:MNC,Aditya Birla SL,Log holdings zero,0.5,151,0,0,0,0.0066225165562913,180,-6.615731328453443,-0.273981571273663,INE686F01025
Fund holdout,2025-01,absl:MNC,Aditya Birla SL,Log holdings minimum,0.25,56,0,0,0,0.0178571428571428,180,-7.974311848902223,-0.5356014074207482,INE686F01025
Fund holdout,2025-01,absl:MNC,Aditya Birla SL,Word2Vec,1.0,39,0,0,0,0.0256410256410256,180,-5.30442931947837,-0.0214660879704884,INE686F01025
Fund holdout,2025-01,axis:AXISMLC,Axis,Popularity,0.25,1,1,1,1,1.0,121,-1.055887484376839,0.7798303586576976,INE090A01021
Fund holdout,2025-01,axis:AXISMLC,Axis,Co-holding,0.25,1,1,1,1,1.0,121,-2.301678271475159,0.5200628030787444,INE090A01021
Fund holdout,2025-01,axis:AXISMLC,Axis,Category popularity,0.25,1,1,1,1,1.0,121,-1.4445659065870906,0.6987846127030256,INE090A01021
Fund holdout,2025-01,axis:AXISMLC,Axis,Binary factors,0.25,23,0,0,0,0.0434782608695652,121,-4.789177173512459,0.0013789951878432,INE090A01021
Fund holdout,2025-01,axis:AXISMLC,Axis,Rank factors,0.25,1,1,1,1,1.0,121,-2.107757194813083,0.5604984882527195,INE090A01021
Fund holdout,2025-01,axis:AXISMLC,Axis,Log holdings zero,0.5,1,1,1,1,1.0,121,-1.1619535903789462,0.7577138577401394,INE090A01021
Fund holdout,2025-01,axis:AXISMLC,Axis,Log holdings minimum,0.25,1,1,1,1,1.0,121,-0.0696475901216828,0.9854773494673096,INE090A01021
Fund holdout,2025-01,axis:AXISMLC,Axis,Word2Vec,1.0,1,1,1,1,1.0,121,-0.0366959017695176,0.9923483101647944,INE090A01021
Fund holdout,2025-01,hdfc:HDFCEQ,HDFC,Popularity,0.25,1,1,1,1,1.0,169,-1.2544895602068742,0.7554552965037077,INE040A01034
Fund holdout,2025-01,hdfc:HDFCEQ,HDFC,Co-holding,0.25,1,1,1,1,1.0,169,-2.537507453312757,0.5053494046712755,INE040A01034
Fund holdout,2025-01,hdfc:HDFCEQ,HDFC,Category popularity,0.25,1,1,1,1,1.0,169,-1.0591538057399603,0.7935331934217646,INE040A01034
Fund holdout,2025-01,hdfc:HDFCEQ,HDFC,Binary factors,0.25,12,0,0,0,0.0833333333333333,169,-3.840083928000973,0.251430848560417,INE040A01034
Fund holdout,2025-01,hdfc:HDFCEQ,HDFC,Rank factors,0.25,1,1,1,1,1.0,169,-2.6137757565838045,0.4904819954865327,INE040A01034
Fund holdout,2025-01,hdfc:HDFCEQ,HDFC,Log holdings zero,0.5,1,1,1,1,1.0,169,-2.22248270212234,0.5667589506870667,INE040A01034
Fund holdout,2025-01,hdfc:HDFCEQ,HDFC,Log holdings minimum,0.25,2,0,1,1,0.5,169,-1.594475421063981,0.6891799410336132,INE040A01034
Fund holdout,2025-01,hdfc:HDFCEQ,HDFC,Word2Vec,1.0,1,1,1,1,1.0,169,-0.4763146498367971,0.9071493071683504,INE040A01034
Fund holdout,2025-01,hdfc:HDFCMNCFND,HDFC,Popularity,0.25,14,0,0,0,0.0714285714285714,186,-4.166067542893387,0.2027804248817232,INE030A01027
Fund holdout,2025-01,hdfc:HDFCMNCFND,HDFC,Co-holding,0.25,7,0,0,1,0.1428571428571428,186,-3.7298915262378234,0.286247160621065,INE030A01027
Fund holdout,2025-01,hdfc:HDFCMNCFND,HDFC,Category popularity,0.25,17,0,0,0,0.0588235294117647,186,-4.482693769362568,0.1421907625351175,INE030A01027
Fund holdout,2025-01,hdfc:HDFCMNCFND,HDFC,Binary factors,0.25,3,0,1,1,0.3333333333333333,186,-2.729421926836464,0.4776972369200115,INE030A01027
Fund holdout,2025-01,hdfc:HDFCMNCFND,HDFC,Rank factors,0.25,18,0,0,0,0.0555555555555555,186,-4.744397682872162,0.0921110457310042,INE030A01027
Fund holdout,2025-01,hdfc:HDFCMNCFND,HDFC,Log holdings zero,0.5,26,0,0,0,0.0384615384615384,186,-5.340346865546998,-0.0219299171944677,INE030A01027
Fund holdout,2025-01,hdfc:HDFCMNCFND,HDFC,Log holdings minimum,0.25,32,0,0,0,0.03125,186,-6.29832695885144,-0.2052491925285207,INE030A01027
Fund holdout,2025-01,hdfc:HDFCMNCFND,HDFC,Word2Vec,1.0,11,0,0,0,0.0909090909090909,186,-3.668412062221762,0.2980118839907066,INE030A01027
Fund holdout,2025-01,icici:BHACON,ICICI Prudential,Popularity,0.25,10,0,0,1,0.1,177,-3.986930851920871,0.2297497062670213,INE030A01027
Fund holdout,2025-01,icici:BHACON,ICICI Prudential,Co-holding,0.25,4,0,1,1,0.25,177,-3.2191161409598816,0.3780867426029456,INE030A01027
Fund holdout,2025-01,icici:BHACON,ICICI Prudential,Category popularity,0.25,14,0,0,0,0.0714285714285714,177,-4.090648011474775,0.2097121948130528,INE030A01027
Fund holdout,2025-01,icici:BHACON,ICICI Prudential,Binary factors,0.25,1,1,1,1,1.0,177,-2.2017385674918897,0.5746377749398914,INE030A01027
Fund holdout,2025-01,icici:BHACON,ICICI Prudential,Rank factors,0.25,4,0,1,1,0.25,177,-3.3616854109717247,0.3505432445633418,INE030A01027
Fund holdout,2025-01,icici:BHACON,ICICI Prudential,Log holdings zero,0.5,14,0,0,0,0.0714285714285714,177,-4.18684327355878,0.1911278672618921,INE030A01027
Fund holdout,2025-01,icici:BHACON,ICICI Prudential,Log holdings minimum,0.25,29,0,0,0,0.0344827586206896,177,-8.110188629747892,-0.5668381033705374,INE030A01027
Fund holdout,2025-01,icici:BHACON,ICICI Prudential,Word2Vec,1.0,1,1,1,1,1.0,177,-0.9516467027933704,0.816147763886234,INE030A01027
Fund holdout,2025-01,icici:HOUSING,ICICI Prudential,Popularity,0.25,3,0,1,1,0.3333333333333333,186,-2.62280328641198,0.4980998027314778,INE018A01030
Fund holdout,2025-01,icici:HOUSING,ICICI Prudential,Co-holding,0.25,1,1,1,1,1.0,186,-3.1293097467844224,0.4011746182558706,INE018A01030
Fund holdout,2025-01,icici:HOUSING,ICICI Prudential,Category popularity,0.25,5,0,1,1,0.2,186,-2.79335502525627,0.4654629855466327,INE018A01030
Fund holdout,2025-01,icici:HOUSING,ICICI Prudential,Binary factors,0.25,2,0,1,1,0.5,186,-2.420953065967394,0.5367259040425004,INE018A01030
Fund holdout,2025-01,icici:HOUSING,ICICI Prudential,Rank factors,0.25,2,0,1,1,0.5,186,-3.0090250126606106,0.424192330677499,INE018A01030
Fund holdout,2025-01,icici:HOUSING,ICICI Prudential,Log holdings zero,0.5,2,0,1,1,0.5,186,-2.685526737363708,0.4860970297560401,INE018A01030
Fund holdout,2025-01,icici:HOUSING,ICICI Prudential,Log holdings minimum,0.25,2,0,1,1,0.5,186,-1.5974237370004634,0.6943166523865576,INE018A01030
Fund holdout,2025-01,icici:HOUSING,ICICI Prudential,Word2Vec,1.0,4,0,1,1,0.25,186,-3.01384141635878,0.4232706626367581,INE018A01030
Fund holdout,2025-01,icici:LARGE & MIDCAP,ICICI Prudential,Popularity,0.25,31,0,0,0,0.032258064516129,147,-5.020970441574574,-0.0061192800954255,INE388Y01029
Fund holdout,2025-01,icici:LARGE & MIDCAP,ICICI Prudential,Co-holding,0.25,10,0,0,1,0.1,147,-3.8007814976466494,0.2383863660003855,INE388Y01029
Fund holdout,2025-01,icici:LARGE & MIDCAP,ICICI Prudential,Category popularity,0.25,13,0,0,0,0.0769230769230769,147,-3.7545327015836056,0.2476538583988545,INE388Y01029
Fund holdout,2025-01,icici:LARGE & MIDCAP,ICICI Prudential,Binary factors,0.25,1,1,1,1,1.0,147,-2.244588208322948,0.5502217153940552,INE388Y01029
Fund holdout,2025-01,icici:LARGE & MIDCAP,ICICI Prudential,Rank factors,0.25,4,0,1,1,0.25,147,-3.9229606403746455,0.2139036902797099,INE388Y01029
Fund holdout,2025-01,icici:LARGE & MIDCAP,ICICI Prudential,Log holdings zero,0.5,80,0,0,0,0.0125,147,-5.602361828246195,-0.1226204804546717,INE388Y01029
Fund holdout,2025-01,icici:LARGE & MIDCAP,ICICI Prudential,Log holdings minimum,0.25,3,0,1,1,0.3333333333333333,147,-2.3684142475306764,0.5254090289075602,INE388Y01029
Fund holdout,2025-01,icici:LARGE & MIDCAP,ICICI Prudential,Word2Vec,1.0,2,0,1,1,0.5,147,-2.441392465169695,0.5107854033260102,INE388Y01029
Fund holdout,2025-01,icici:MIDCAP,ICICI Prudential,Popularity,0.25,135,0,0,0,0.0074074074074074,154,-9.38901728268856,-0.8640273244162529,INE414G01012
Fund holdout,2025-01,icici:MIDCAP,ICICI Prudential,Co-holding,0.25,148,0,0,0,0.0067567567567567,154,-7.756658773534259,-0.5399507173876101,INE414G01012
Fund holdout,2025-01,icici:MIDCAP,ICICI Prudential,Category popularity,0.25,102,0,0,0,0.0098039215686274,154,-8.365470560124582,-0.6608197893535821,INE414G01012
Fund holdout,2025-01,icici:MIDCAP,ICICI Prudential,Binary factors,0.25,110,0,0,0,0.009090909090909,154,-6.617264091549318,-0.3137435695500545,INE414G01012
Fund holdout,2025-01,icici:MIDCAP,ICICI Prudential,Rank factors,0.25,139,0,0,0,0.0071942446043165,154,-5.874789345892814,-0.1663380241215106,INE414G01012
Fund holdout,2025-01,icici:MIDCAP,ICICI Prudential,Log holdings zero,0.5,71,0,0,0,0.0140845070422535,154,-6.036175393216324,-0.1983784382493258,INE414G01012
Fund holdout,2025-01,icici:MIDCAP,ICICI Prudential,Log holdings minimum,0.25,114,0,0,0,0.0087719298245614,154,-13.162625588400193,-1.6132121199816067,INE414G01012
Fund holdout,2025-01,icici:MIDCAP,ICICI Prudential,Word2Vec,1.0,20,0,0,0,0.05,154,-4.300308915251442,0.146247889410196,INE414G01012
Fund holdout,2025-01,icici:MNCFUND,ICICI Prudential,Popularity,0.25,9,0,0,1,0.1111111111111111,180,-3.4608294014324024,0.3335532143235266,INE585B01010
Fund holdout,2025-01,icici:MNCFUND,ICICI Prudential,Co-holding,0.25,2,0,1,1,0.5,180,-3.425584614280855,0.3403402507198536,INE585B01010
Fund holdout,2025-01,icici:MNCFUND,ICICI Prudential,Category popularity,0.25,5,0,1,1,0.2,180,-2.784359120821117,0.4638200931047975,INE585B01010
Fund holdout,2025-01,icici:MNCFUND,ICICI Prudential,Binary factors,0.25,1,1,1,1,1.0,180,-1.7070233306345033,0.6712810486107016,INE585B01010
Fund holdout,2025-01,icici:MNCFUND,ICICI Prudential,Rank factors,0.25,2,0,1,1,0.5,180,-3.387660435686629,0.3476432535529552,INE585B01010
Fund holdout,2025-01,icici:MNCFUND,ICICI Prudential,Log holdings zero,0.5,1,1,1,1,1.0,180,-1.900632728633069,0.6339979739467216,INE585B01010
Fund holdout,2025-01,icici:MNCFUND,ICICI Prudential,Log holdings minimum,0.25,4,0,1,1,0.25,180,-3.4058034017105285,0.3441494894904271,INE585B01010
Fund holdout,2025-01,icici:MNCFUND,ICICI Prudential,Word2Vec,1.0,1,1,1,1,1.0,180,-1.4051709855900825,0.729408307070913,INE585B01010
Fund holdout,2025-01,icici:MULTICAP,ICICI Prudential,Popularity,0.25,1,1,1,1,1.0,135,-1.186906018215847,0.758034754050273,INE040A01034
Fund holdout,2025-01,icici:MULTICAP,ICICI Prudential,Co-holding,0.25,1,1,1,1,1.0,135,-2.41094774949364,0.5084989407543131,INE040A01034
Fund holdout,2025-01,icici:MULTICAP,ICICI Prudential,Category popularity,0.25,1,1,1,1,1.0,135,-1.4359132532480832,0.7072715967799057,INE040A01034
Fund holdout,2025-01,icici:MULTICAP,ICICI Prudential,Binary factors,0.25,24,0,0,0,0.0416666666666666,135,-4.555386904911501,0.0713289039514956,INE040A01034
Fund holdout,2025-01,icici:MULTICAP,ICICI Prudential,Rank factors,0.25,1,1,1,1,1.0,135,-3.06732259024148,0.3746889361378555,INE040A01034
Fund holdout,2025-01,icici:MULTICAP,ICICI Prudential,Log holdings zero,0.5,1,1,1,1,1.0,135,-0.8901017916674832,0.8185419101127618,INE040A01034
Fund holdout,2025-01,icici:MULTICAP,ICICI Prudential,Log holdings minimum,0.25,1,1,1,1,1.0,135,-0.1876327337472139,0.9617487822349992,INE040A01034
Fund holdout,2025-01,icici:MULTICAP,ICICI Prudential,Word2Vec,1.0,1,1,1,1,1.0,135,-0.0123320718386423,0.9974859569757744,INE040A01034
Fund holdout,2025-01,icici:RURALOPP,ICICI Prudential,Popularity,0.25,7,0,0,1,0.1428571428571428,186,-3.017996130480814,0.4224756156546813,INE062A01020
Fund holdout,2025-01,icici:RURALOPP,ICICI Prudential,Co-holding,0.25,1,1,1,1,1.0,186,-3.2558060242565783,0.3769682635719623,INE062A01020
Fund holdout,2025-01,icici:RURALOPP,ICICI Prudential,Category popularity,0.25,9,0,0,1,0.1111111111111111,186,-3.904906826666922,0.2527561953376789,INE062A01020
Fund holdout,2025-01,icici:RURALOPP,ICICI Prudential,Binary factors,0.25,64,0,0,0,0.015625,186,-5.561490079954871,-0.0642479299523917,INE062A01020
Fund holdout,2025-01,icici:RURALOPP,ICICI Prudential,Rank factors,0.25,4,0,1,1,0.25,186,-3.133500244022582,0.4003727238090466,INE062A01020
Fund holdout,2025-01,icici:RURALOPP,ICICI Prudential,Log holdings zero,0.5,4,0,1,1,0.25,186,-2.6846693843619587,0.4862610930096345,INE062A01020
Fund holdout,2025-01,icici:RURALOPP,ICICI Prudential,Log holdings minimum,0.25,2,0,1,1,0.5,186,-1.5428361970165518,0.7047625357008981,INE062A01020
Fund holdout,2025-01,icici:RURALOPP,ICICI Prudential,Word2Vec,1.0,12,0,0,0,0.0833333333333333,186,-3.891372144114925,0.255346195082611,INE062A01020
Fund holdout,2025-01,icici:TECH,ICICI Prudential,Popularity,0.25,21,0,0,0,0.0476190476190476,188,-4.507327166728395,0.1392385901108157,INE467B01029
Fund holdout,2025-01,icici:TECH,ICICI Prudential,Co-holding,0.25,7,0,0,1,0.1428571428571428,188,-3.613615678596155,0.309910106089816,INE467B01029
Fund holdout,2025-01,icici:TECH,ICICI Prudential,Category popularity,0.25,58,0,0,0,0.0172413793103448,188,-6.438505594348492,-0.2295573292039137,INE467B01029
Fund holdout,2025-01,icici:TECH,ICICI Prudential,Binary factors,0.25,23,0,0,0,0.0434782608695652,188,-4.49831614614274,0.1409594189960813,INE467B01029
Fund holdout,2025-01,icici:TECH,ICICI Prudential,Rank factors,0.25,8,0,0,1,0.125,188,-4.217772975753085,0.1945345702879406,INE467B01029
Fund holdout,2025-01,icici:TECH,ICICI Prudential,Log holdings zero,0.5,5,0,1,1,0.2,188,-3.1626338834804617,0.3960338134309679,INE467B01029
Fund holdout,2025-01,icici:TECH,ICICI Prudential,Log holdings minimum,0.25,4,0,1,1,0.25,188,-3.4111326724491704,0.3485781573322967,INE467B01029
Fund holdout,2025-01,icici:TECH,ICICI Prudential,Word2Vec,1.0,4,0,1,1,0.25,188,-2.876575755204499,0.4506621527320622,INE467B01029
Fund holdout,2025-01,kotak:EME,Kotak,Popularity,0.25,67,0,0,0,0.0149253731343283,160,-6.887728018511712,-0.3571413057494221,INE571A01038
Fund holdout,2025-01,kotak:EME,Kotak,Co-holding,0.25,40,0,0,0,0.025,160,-4.733140916265636,0.0673933369417875,INE571A01038
Fund holdout,2025-01,kotak:EME,Kotak,Category popularity,0.25,23,0,0,0,0.0434782608695652,160,-4.286164066978833,0.1554645765799535,INE571A01038
Fund holdout,2025-01,kotak:EME,Kotak,Binary factors,0.25,11,0,0,0,0.0909090909090909,160,-3.850983950011497,0.2412114165524255,INE571A01038
Fund holdout,2025-01,kotak:EME,Kotak,Rank factors,0.25,19,0,0,0,0.0526315789473684,160,-4.725802230743753,0.068839333825649,INE571A01038
Fund holdout,2025-01,kotak:EME,Kotak,Log holdings zero,0.5,119,0,0,0,0.0084033613445378,160,-6.652559017786256,-0.3108041734093307,INE571A01038
Fund holdout,2025-01,kotak:EME,Kotak,Log holdings minimum,0.25,27,0,0,0,0.037037037037037,160,-5.413989750479203,-0.0667594741737462,INE571A01038
Fund holdout,2025-01,kotak:EME,Kotak,Word2Vec,1.0,9,0,0,1,0.1111111111111111,160,-3.6700690324668273,0.2768584552807601,INE571A01038
Fund holdout,2025-01,kotak:SPO,Kotak,Popularity,0.25,78,0,0,0,0.0128205128205128,190,-7.100589833024525,-0.3532603882453362,INE075A01022
Fund holdout,2025-01,kotak:SPO,Kotak,Co-holding,0.25,37,0,0,0,0.027027027027027,190,-4.848928088924815,0.0758708132001676,INE075A01022
Fund holdout,2025-01,kotak:SPO,Kotak,Category popularity,0.25,119,0,0,0,0.0084033613445378,190,-8.278965445108623,-0.5778401873616184,INE075A01022
Fund holdout,2025-01,kotak:SPO,Kotak,Binary factors,0.25,48,0,0,0,0.0208333333333333,190,-5.332522190578368,-0.0162945923712292,INE075A01022
Fund holdout,2025-01,kotak:SPO,Kotak,Rank factors,0.25,59,0,0,0,0.0169491525423728,190,-5.468268450286935,-0.0421656876514673,INE075A01022
Fund holdout,2025-01,kotak:SPO,Kotak,Log holdings zero,0.5,35,0,0,0,0.0285714285714285,190,-5.197099759868313,0.009514786211304,INE075A01022
Fund holdout,2025-01,kotak:SPO,Kotak,Log holdings minimum,0.25,57,0,0,0,0.0175438596491228,190,-8.147316811618767,-0.5527500349858452,INE075A01022
Fund holdout,2025-01,kotak:SPO,Kotak,Word2Vec,1.0,33,0,0,0,0.0303030303030303,190,-5.291916785258813,-0.0085558427941121,INE075A01022
Fund holdout,2025-01,mirae:MAFF,Mirae Asset,Popularity,0.25,1,1,1,1,1.0,191,-2.2910359117188044,0.5638010962100916,INE009A01021
Fund holdout,2025-01,mirae:MAFF,Mirae Asset,Co-holding,0.25,1,1,1,1,1.0,191,-3.276343418656599,0.3762047114376713,INE009A01021
Fund holdout,2025-01,mirae:MAFF,Mirae Asset,Category popularity,0.25,1,1,1,1,1.0,191,-1.6799313157119349,0.6801515879311872,INE009A01021
Fund holdout,2025-01,mirae:MAFF,Mirae Asset,Binary factors,0.25,15,0,0,0,0.0666666666666666,191,-4.366815710219999,0.1685856096330348,INE009A01021
Fund holdout,2025-01,mirae:MAFF,Mirae Asset,Rank factors,0.25,2,0,1,1,0.5,191,-3.9424657807977512,0.2493791812617053,INE009A01021
Fund holdout,2025-01,mirae:MAFF,Mirae Asset,Log holdings zero,0.5,1,1,1,1,1.0,191,-3.2951757884238355,0.372619146058178,INE009A01021
Fund holdout,2025-01,mirae:MAFF,Mirae Asset,Log holdings minimum,0.25,3,0,1,1,0.3333333333333333,191,-3.057567811499786,0.4178582182769329,INE009A01021
Fund holdout,2025-01,mirae:MAFF,Mirae Asset,Word2Vec,1.0,1,1,1,1,1.0,191,-0.2085744112637506,0.960288737035284,INE009A01021
Fund holdout,2025-01,sbi:SBLUECHIP,SBI,Popularity,0.25,1,1,1,1,1.0,170,-1.18148235909797,0.7699515715853225,INE090A01021
Fund holdout,2025-01,sbi:SBLUECHIP,SBI,Co-holding,0.25,1,1,1,1,1.0,170,-2.599539847693688,0.4938391995798944,INE090A01021
Fund holdout,2025-01,sbi:SBLUECHIP,SBI,Category popularity,0.25,1,1,1,1,1.0,170,-1.7720922102546377,0.6549529285513713,INE090A01021
Fund holdout,2025-01,sbi:SBLUECHIP,SBI,Binary factors,0.25,8,0,0,1,0.125,170,-3.746579216744771,0.2704972240116547,INE090A01021
Fund holdout,2025-01,sbi:SBLUECHIP,SBI,Rank factors,0.25,1,1,1,1,1.0,170,-2.6444194894826083,0.4851006086209593,INE090A01021
Fund holdout,2025-01,sbi:SBLUECHIP,SBI,Log holdings zero,0.5,3,0,1,1,0.3333333333333333,170,-2.170924424156477,0.5772956336262791,INE090A01021
Fund holdout,2025-01,sbi:SBLUECHIP,SBI,Log holdings minimum,0.25,1,1,1,1,1.0,170,-0.5462930725220652,0.8936303518882202,INE090A01021
Fund holdout,2025-01,sbi:SBLUECHIP,SBI,Word2Vec,1.0,1,1,1,1,1.0,170,-0.0339018390303422,0.9933989155832575,INE090A01021
Fund holdout,2025-01,sbi:SMAAF,SBI,Popularity,0.25,15,0,0,0,0.0666666666666666,182,-3.7525061199590937,0.2789198120598575,INE860A01027
Fund holdout,2025-01,sbi:SMAAF,SBI,Co-holding,0.25,7,0,0,1,0.1428571428571428,182,-3.541078499807964,0.319547665339941,INE860A01027
Fund holdout,2025-01,sbi:SMAAF,SBI,Category popularity,0.25,7,0,0,1,0.1428571428571428,182,-3.032721793529653,0.4172333019746368,INE860A01027
Fund holdout,2025-01,sbi:SMAAF,SBI,Binary factors,0.25,8,0,0,1,0.125,182,-4.226803472757919,0.1877790081910507,INE860A01027
Fund holdout,2025-01,sbi:SMAAF,SBI,Rank factors,0.25,127,0,0,0,0.0078740157480314,182,-5.546083736161815,-0.0657333992161282,INE860A01027
Fund holdout,2025-01,sbi:SMAAF,SBI,Log holdings zero,0.5,30,0,0,0,0.0333333333333333,182,-4.582526080365029,0.1194234834968794,INE860A01027
Fund holdout,2025-01,sbi:SMAAF,SBI,Log holdings minimum,0.25,127,0,0,0,0.0078740157480314,182,-9.508184953630147,-0.827089303563348,INE860A01027
Fund holdout,2025-01,sbi:SMAAF,SBI,Word2Vec,1.0,31,0,0,0,0.032258064516129,182,-4.599834165296105,0.1160975682988729,INE860A01027
Fund holdout,2025-01,uti:193,UTI,Popularity,0.25,1,1,1,1,1.0,165,-1.3437565611929898,0.7368251251287932,INE090A01021
Fund holdout,2025-01,uti:193,UTI,Co-holding,0.25,1,1,1,1,1.0,165,-2.5129267054205777,0.5078430198157051,INE090A01021
Fund holdout,2025-01,uti:193,UTI,Category popularity,0.25,2,0,1,1,0.5,165,-1.79401012547142,0.6486429135129554,INE090A01021
Fund holdout,2025-01,uti:193,UTI,Binary factors,0.25,17,0,0,0,0.0588235294117647,165,-4.315714642555608,0.1547667979190722,INE090A01021
Fund holdout,2025-01,uti:193,UTI,Rank factors,0.25,1,1,1,1,1.0,165,-2.2706718790441025,0.5552886550295513,INE090A01021
Fund holdout,2025-01,uti:193,UTI,Log holdings zero,0.5,1,1,1,1,1.0,165,-2.368771020349405,0.5360759270819568,INE090A01021
Fund holdout,2025-01,uti:193,UTI,Log holdings minimum,0.25,1,1,1,1,1.0,165,-0.1622422926671509,0.9682248285853297,INE090A01021
Fund holdout,2025-01,uti:193,UTI,Word2Vec,1.0,1,1,1,1,1.0,165,-0.0160886791526735,0.9968490303637372,INE090A01021
Fund holdout,2025-01,uti:751,UTI,Popularity,0.25,123,0,0,0,0.008130081300813,185,-8.260754167981093,-0.5824120892864906,INE791I01019
Fund holdout,2025-01,uti:751,UTI,Co-holding,0.25,1,1,1,1,1.0,185,-3.5044685981101704,0.3286916226524481,INE791I01019
Fund holdout,2025-01,uti:751,UTI,Category popularity,0.25,1,1,1,1,1.0,185,-2.279221767773996,0.5633972387811708,INE791I01019
Fund holdout,2025-01,uti:751,UTI,Binary factors,0.25,5,0,1,1,0.2,185,-3.2224421854676315,0.3827159884414042,INE791I01019
Fund holdout,2025-01,uti:751,UTI,Rank factors,0.25,10,0,0,1,0.1,185,-4.338289422698232,0.1689667202650613,INE791I01019
Fund holdout,2025-01,uti:751,UTI,Log holdings zero,0.5,16,0,0,0,0.0625,185,-4.662414626942847,0.1068780015827955,INE791I01019
Fund holdout,2025-01,uti:751,UTI,Log holdings minimum,0.25,25,0,0,0,0.04,185,-5.911779760762046,-0.1324476642688141,INE791I01019
Fund holdout,2025-01,uti:751,UTI,Word2Vec,1.0,1,1,1,1,1.0,185,-0.2782526827814742,0.946698521689889,INE791I01019
Fund holdout,2025-01,uti:753,UTI,Popularity,0.25,1,1,1,1,1.0,184,-1.687007575518372,0.6765046294085406,INE090A01021
Fund holdout,2025-01,uti:753,UTI,Co-holding,0.25,1,1,1,1,1.0,184,-2.9820561155880214,0.4281701148020901,INE090A01021
Fund holdout,2025-01,uti:753,UTI,Category popularity,0.25,1,1,1,1,1.0,184,-0.962264776463833,0.8154790737240021,INE090A01021
Fund holdout,2025-01,uti:753,UTI,Binary factors,0.25,11,0,0,0,0.0909090909090909,184,-3.8528265550097167,0.2611938604635443,INE090A01021
Fund holdout,2025-01,uti:753,UTI,Rank factors,0.25,1,1,1,1,1.0,184,-2.518098182274036,0.5171372574245157,INE090A01021
Fund holdout,2025-01,uti:753,UTI,Log holdings zero,0.5,1,1,1,1,1.0,184,-2.45547243023773,0.5291461785209894,INE090A01021
Fund holdout,2025-01,uti:753,UTI,Log holdings minimum,0.25,1,1,1,1,1.0,184,-0.686905474948138,0.8682811242792606,INE090A01021
Fund holdout,2025-01,uti:753,UTI,Word2Vec,1.0,1,1,1,1,1.0,184,-0.3415876958204,0.9344981967760584,INE090A01021
Fund holdout,2025-02,absl:ABSLMCF,Aditya Birla SL,Popularity,0.25,1,1,1,1,1.0,152,-1.160799337822226,0.7689436814817625,INE090A01021
Fund holdout,2025-02,absl:ABSLMCF,Aditya Birla SL,Co-holding,0.25,1,1,1,1,1.0,152,-2.579782008355173,0.4864961462259045,INE090A01021
Fund holdout,2025-02,absl:ABSLMCF,Aditya Birla SL,Category popularity,0.25,1,1,1,1,1.0,152,-1.5594134156308623,0.6895998204654401,INE090A01021
Fund holdout,2025-02,absl:ABSLMCF,Aditya Birla SL,Binary factors,0.25,13,0,0,0,0.0769230769230769,152,-3.7966744987446353,0.2442745238485324,INE090A01021
Fund holdout,2025-02,absl:ABSLMCF,Aditya Birla SL,Rank factors,0.25,1,1,1,1,1.0,152,-1.9934710624427283,0.6032009411507806,INE090A01021
Fund holdout,2025-02,absl:ABSLMCF,Aditya Birla SL,Log holdings zero,0.5,1,1,1,1,1.0,152,-2.7024039928476755,0.4620883236306635,INE090A01021
Fund holdout,2025-02,absl:ABSLMCF,Aditya Birla SL,Log holdings minimum,0.5,1,1,1,1,1.0,152,-2.64662172186981,0.4731917467209223,INE090A01021
Fund holdout,2025-02,absl:ABSLMCF,Aditya Birla SL,Word2Vec,1.0,1,1,1,1,1.0,152,-0.4391425780303368,0.9125889685855104,INE090A01021
Fund holdout,2025-02,absl:BSLDAAF,Aditya Birla SL,Popularity,0.25,1,1,1,1,1.0,126,-0.6416512871266669,0.8673254993253426,INE040A01034
Fund holdout,2025-02,absl:BSLDAAF,Aditya Birla SL,Co-holding,0.25,1,1,1,1,1.0,126,-1.7444058976965358,0.6393084747212117,INE040A01034
Fund holdout,2025-02,absl:BSLDAAF,Aditya Birla SL,Category popularity,0.25,1,1,1,1,1.0,126,-1.2341457408369614,0.744815177323917,INE040A01034
Fund holdout,2025-02,absl:BSLDAAF,Aditya Birla SL,Binary factors,0.25,8,0,0,1,0.125,126,-3.7008146733624834,0.2347810271268346,INE040A01034
Fund holdout,2025-02,absl:BSLDAAF,Aditya Birla SL,Rank factors,0.25,1,1,1,1,1.0,126,-2.1884373944617943,0.5474958994188859,INE040A01034
Fund holdout,2025-02,absl:BSLDAAF,Aditya Birla SL,Log holdings zero,0.5,1,1,1,1,1.0,126,-0.6984873644244418,0.8555734802347927,INE040A01034
Fund holdout,2025-02,absl:BSLDAAF,Aditya Birla SL,Log holdings minimum,0.5,1,1,1,1,1.0,126,-1.2297673766514894,0.7457204934882165,INE040A01034
Fund holdout,2025-02,absl:BSLDAAF,Aditya Birla SL,Word2Vec,1.0,1,1,1,1,1.0,126,-0.0059089274107506,0.9987782086477924,INE040A01034
Fund holdout,2025-02,absl:BSLR96,Aditya Birla SL,Popularity,0.25,1,1,1,1,1.0,162,-1.5019782067075766,0.7047764587166345,INE009A01021
Fund holdout,2025-02,absl:BSLR96,Aditya Birla SL,Co-holding,0.25,1,1,1,1,1.0,162,-2.455757361576735,0.5173049904588067,INE009A01021
Fund holdout,2025-02,absl:BSLR96,Aditya Birla SL,Category popularity,0.25,1,1,1,1,1.0,162,-1.0649217992399027,0.7906827253834672,INE009A01021
Fund holdout,2025-02,absl:BSLR96,Aditya Birla SL,Binary factors,0.25,14,0,0,0,0.0714285714285714,162,-4.081518461027498,0.1977511201581859,INE009A01021
Fund holdout,2025-02,absl:BSLR96,Aditya Birla SL,Rank factors,0.25,1,1,1,1,1.0,162,-2.777947586092093,0.4539764157674262,INE009A01021
Fund holdout,2025-02,absl:BSLR96,Aditya Birla SL,Log holdings zero,0.5,2,0,1,1,0.5,162,-3.1284737728416547,0.3850782242340071,INE009A01021
Fund holdout,2025-02,absl:BSLR96,Aditya Birla SL,Log holdings minimum,0.5,1,1,1,1,1.0,162,-2.6404798681998765,0.4809965857719196,INE009A01021
Fund holdout,2025-02,absl:BSLR96,Aditya Birla SL,Word2Vec,1.0,1,1,1,1,1.0,162,-0.0505129606784713,0.9900713505258542,INE009A01021
Fund holdout,2025-02,absl:MNC,Aditya Birla SL,Popularity,0.25,88,0,0,0,0.0113636363636363,177,-7.596206934279037,-0.4675400300875454,INE686F01025
Fund holdout,2025-02,absl:MNC,Aditya Birla SL,Co-holding,0.25,81,0,0,0,0.0123456790123456,177,-5.7538683992216,-0.1116116604997248,INE686F01025
Fund holdout,2025-02,absl:MNC,Aditya Birla SL,Category popularity,0.25,105,0,0,0,0.0095238095238095,177,-8.261535770460169,-0.5960774315452693,INE686F01025
Fund holdout,2025-02,absl:MNC,Aditya Birla SL,Binary factors,0.25,60,0,0,0,0.0166666666666666,177,-5.788879992055323,-0.1183756829184334,INE686F01025
Fund holdout,2025-02,absl:MNC,Aditya Birla SL,Rank factors,0.25,44,0,0,0,0.0227272727272727,177,-5.2120674724912615,-0.0069390844108314,INE686F01025
Fund holdout,2025-02,absl:MNC,Aditya Birla SL,Log holdings zero,0.5,110,0,0,0,0.009090909090909,177,-6.165189017827583,-0.191076250949556,INE686F01025
Fund holdout,2025-02,absl:MNC,Aditya Birla SL,Log holdings minimum,0.5,95,0,0,0,0.0105263157894736,177,-6.205272963477499,-0.1988202204482869,INE686F01025
Fund holdout,2025-02,absl:MNC,Aditya Birla SL,Word2Vec,1.0,41,0,0,0,0.024390243902439,177,-5.246535137658414,-0.013598023380515,INE686F01025
Fund holdout,2025-02,axis:AXISMLC,Axis,Popularity,0.25,1,1,1,1,1.0,118,-1.0494342018217324,0.7800244022755386,INE090A01021
Fund holdout,2025-02,axis:AXISMLC,Axis,Co-holding,0.25,1,1,1,1,1.0,118,-2.2822278217936995,0.5216141913700032,INE090A01021
Fund holdout,2025-02,axis:AXISMLC,Axis,Category popularity,0.25,1,1,1,1,1.0,118,-1.438178379520476,0.6985383665595883,INE090A01021
Fund holdout,2025-02,axis:AXISMLC,Axis,Binary factors,0.25,18,0,0,0,0.0555555555555555,118,-4.456207499111519,0.0659186574064029,INE090A01021
Fund holdout,2025-02,axis:AXISMLC,Axis,Rank factors,0.25,1,1,1,1,1.0,118,-2.130193356138583,0.5534826709746774,INE090A01021
Fund holdout,2025-02,axis:AXISMLC,Axis,Log holdings zero,0.5,2,0,1,1,0.5,118,-2.6122071955939203,0.4524460530889741,INE090A01021
Fund holdout,2025-02,axis:AXISMLC,Axis,Log holdings minimum,0.5,1,1,1,1,1.0,118,-0.7050611492967729,0.8522096502290293,INE090A01021
Fund holdout,2025-02,axis:AXISMLC,Axis,Word2Vec,1.0,1,1,1,1,1.0,118,-0.0916418413454192,0.9807906309976038,INE090A01021
Fund holdout,2025-02,hdfc:HDFCEQ,HDFC,Popularity,0.25,1,1,1,1,1.0,166,-1.209464019066406,0.763406316849744,INE090A01021
Fund holdout,2025-02,hdfc:HDFCEQ,HDFC,Co-holding,0.25,1,1,1,1,1.0,166,-2.466193051000047,0.5175667170768213,INE090A01021
Fund holdout,2025-02,hdfc:HDFCEQ,HDFC,Category popularity,0.25,1,1,1,1,1.0,166,-1.0451567886963034,0.7955478706195596,INE090A01021
Fund holdout,2025-02,hdfc:HDFCEQ,HDFC,Binary factors,0.25,11,0,0,0,0.0909090909090909,166,-3.708341611675132,0.2745793289801013,INE090A01021
Fund holdout,2025-02,hdfc:HDFCEQ,HDFC,Rank factors,0.25,1,1,1,1,1.0,166,-2.558327375467096,0.4995435276089394,INE090A01021
Fund holdout,2025-02,hdfc:HDFCEQ,HDFC,Log holdings zero,0.5,1,1,1,1,1.0,166,-0.4370305098633524,0.91450869447326,INE090A01021
Fund holdout,2025-02,hdfc:HDFCEQ,HDFC,Log holdings minimum,0.5,1,1,1,1,1.0,166,-1.6511397797056375,0.6770063137735969,INE090A01021
Fund holdout,2025-02,hdfc:HDFCEQ,HDFC,Word2Vec,1.0,1,1,1,1,1.0,166,-0.0737765018969973,0.9855679424616318,INE090A01021
Fund holdout,2025-02,hdfc:HDFCMNCFND,HDFC,Popularity,0.25,31,0,0,0,0.032258064516129,183,-5.5431095010031495,-0.064041507813541,INE079A01024
Fund holdout,2025-02,hdfc:HDFCMNCFND,HDFC,Co-holding,0.25,30,0,0,0,0.0333333333333333,183,-4.579048176787959,0.1210173052690813,INE079A01024
Fund holdout,2025-02,hdfc:HDFCMNCFND,HDFC,Category popularity,0.25,25,0,0,0,0.04,183,-5.0989512421933085,0.0212180064223461,INE079A01024
Fund holdout,2025-02,hdfc:HDFCMNCFND,HDFC,Binary factors,0.25,36,0,0,0,0.0277777777777777,183,-5.22379132896566,-0.002745986015614,INE079A01024
Fund holdout,2025-02,hdfc:HDFCMNCFND,HDFC,Rank factors,0.25,48,0,0,0,0.0208333333333333,183,-5.3227058045158815,-0.0217333626297684,INE079A01024
Fund holdout,2025-02,hdfc:HDFCMNCFND,HDFC,Log holdings zero,0.5,34,0,0,0,0.0294117647058823,183,-5.048418019637184,0.0309182380907924,INE079A01024
Fund holdout,2025-02,hdfc:HDFCMNCFND,HDFC,Log holdings minimum,0.5,31,0,0,0,0.032258064516129,183,-4.784187121199951,0.0816393439129306,INE079A01024
Fund holdout,2025-02,hdfc:HDFCMNCFND,HDFC,Word2Vec,1.0,60,0,0,0,0.0166666666666666,183,-6.57208911167859,-0.2615618736396796,INE079A01024
Fund holdout,2025-02,icici:BHACON,ICICI Prudential,Popularity,0.25,14,0,0,0,0.0714285714285714,174,-4.154670092457529,0.1946839389199643,INE030A01027
Fund holdout,2025-02,icici:BHACON,ICICI Prudential,Co-holding,0.25,4,0,1,1,0.25,174,-3.2562009078205607,0.3688377582778924,INE030A01027
Fund holdout,2025-02,icici:BHACON,ICICI Prudential,Category popularity,0.25,16,0,0,0,0.0625,174,-4.280592268948373,0.1702759476914122,INE030A01027
Fund holdout,2025-02,icici:BHACON,ICICI Prudential,Binary factors,0.25,2,0,1,1,0.5,174,-2.8589354133121843,0.4458412931244486,INE030A01027
Fund holdout,2025-02,icici:BHACON,ICICI Prudential,Rank factors,0.25,4,0,1,1,0.25,174,-3.712670646156853,0.2803584317613128,INE030A01027
Fund holdout,2025-02,icici:BHACON,ICICI Prudential,Log holdings zero,0.5,41,0,0,0,0.024390243902439,174,-5.201193314398389,-0.0081677773816992,INE030A01027
Fund holdout,2025-02,icici:BHACON,ICICI Prudential,Log holdings minimum,0.5,39,0,0,0,0.0256410256410256,174,-5.413207804292601,-0.0492633806652096,INE030A01027
Fund holdout,2025-02,icici:BHACON,ICICI Prudential,Word2Vec,1.0,1,1,1,1,1.0,174,-0.7918484012478348,0.8465129068555644,INE030A01027
Fund holdout,2025-02,icici:HOUSING,ICICI Prudential,Popularity,0.25,4,0,1,1,0.25,183,-2.5722667756094,0.5062340698983521,INE018A01030
Fund holdout,2025-02,icici:HOUSING,ICICI Prudential,Co-holding,0.25,1,1,1,1,1.0,183,-3.119582693684165,0.4011726680600457,INE018A01030
Fund holdout,2025-02,icici:HOUSING,ICICI Prudential,Category popularity,0.25,5,0,1,1,0.2,183,-2.7087717405672667,0.4800309164676797,INE018A01030
Fund holdout,2025-02,icici:HOUSING,ICICI Prudential,Binary factors,0.25,2,0,1,1,0.5,183,-2.696007476780883,0.4824811127849157,INE018A01030
Fund holdout,2025-02,icici:HOUSING,ICICI Prudential,Rank factors,0.25,2,0,1,1,0.5,183,-3.002212237079154,0.4237028088765239,INE018A01030
Fund holdout,2025-02,icici:HOUSING,ICICI Prudential,Log holdings zero,0.5,7,0,0,1,0.1428571428571428,183,-3.614164268260306,0.306234019589624,INE018A01030
Fund holdout,2025-02,icici:HOUSING,ICICI Prudential,Log holdings minimum,0.5,3,0,1,1,0.3333333333333333,183,-2.5736591499533694,0.5059667931836975,INE018A01030
Fund holdout,2025-02,icici:HOUSING,ICICI Prudential,Word2Vec,1.0,4,0,1,1,0.25,183,-2.8936075748629677,0.4445502896125943,INE018A01030
Fund holdout,2025-02,icici:LARGE & MIDCAP,ICICI Prudential,Popularity,0.25,37,0,0,0,0.027027027027027,145,-5.385093507844214,-0.0820537699139642,INE388Y01029
Fund holdout,2025-02,icici:LARGE & MIDCAP,ICICI Prudential,Co-holding,0.25,22,0,0,0,0.0454545454545454,145,-4.345453437951122,0.1268463086720029,INE388Y01029
Fund holdout,2025-02,icici:LARGE & MIDCAP,ICICI Prudential,Category popularity,0.25,10,0,0,1,0.1,145,-3.794758924911751,0.2375001112544825,INE388Y01029
Fund holdout,2025-02,icici:LARGE & MIDCAP,ICICI Prudential,Binary factors,0.25,3,0,1,1,0.3333333333333333,145,-3.1675965600255305,0.3635189817318053,INE388Y01029
Fund holdout,2025-02,icici:LARGE & MIDCAP,ICICI Prudential,Rank factors,0.25,3,0,1,1,0.3333333333333333,145,-3.732036932805077,0.2501031548073343,INE388Y01029
Fund holdout,2025-02,icici:LARGE & MIDCAP,ICICI Prudential,Log holdings zero,0.5,76,0,0,0,0.0131578947368421,145,-5.427905821807099,-0.0906562622671238,INE388Y01029
Fund holdout,2025-02,icici:LARGE & MIDCAP,ICICI Prudential,Log holdings minimum,0.5,2,0,1,1,0.5,145,-2.618689842587768,0.4738135536031118,INE388Y01029
Fund holdout,2025-02,icici:LARGE & MIDCAP,ICICI Prudential,Word2Vec,1.0,83,0,0,0,0.0120481927710843,145,-6.750574356831395,-0.3564266658051238,INE388Y01029
Fund holdout,2025-02,icici:MIDCAP,ICICI Prudential,Popularity,0.25,37,0,0,0,0.027027027027027,152,-5.739062640968633,-0.1423565144821326,INE749A01030
Fund holdout,2025-02,icici:MIDCAP,ICICI Prudential,Co-holding,0.25,26,0,0,0,0.0384615384615384,152,-4.425840725338758,0.119039414457806,INE749A01030
Fund holdout,2025-02,icici:MIDCAP,ICICI Prudential,Category popularity,0.25,38,0,0,0,0.0263157894736842,152,-5.228870003382963,-0.0408030170474984,INE749A01030
Fund holdout,2025-02,icici:MIDCAP,ICICI Prudential,Binary factors,0.25,6,0,0,1,0.1666666666666666,152,-3.568919745452561,0.289608952553001,INE749A01030
Fund holdout,2025-02,icici:MIDCAP,ICICI Prudential,Rank factors,0.25,59,0,0,0,0.0169491525423728,152,-5.171286598682991,-0.02934107951514,INE749A01030
Fund holdout,2025-02,icici:MIDCAP,ICICI Prudential,Log holdings zero,0.5,3,0,1,1,0.3333333333333333,152,-3.0190792805822038,0.3990543230367992,INE749A01030
Fund holdout,2025-02,icici:MIDCAP,ICICI Prudential,Log holdings minimum,0.5,19,0,0,0,0.0526315789473684,152,-5.037790889167679,-0.0027688493513495,INE749A01030
Fund holdout,2025-02,icici:MIDCAP,ICICI Prudential,Word2Vec,1.0,118,0,0,0,0.0084745762711864,152,-9.253034419606193,-0.8418102065149253,INE749A01030
Fund holdout,2025-02,icici:MNCFUND,ICICI Prudential,Popularity,0.25,17,0,0,0,0.0588235294117647,177,-4.275171146692198,0.1740634704231441,INE030A01027
Fund holdout,2025-02,icici:MNCFUND,ICICI Prudential,Co-holding,0.25,6,0,0,1,0.1666666666666666,177,-3.698700319343559,0.2854340561156084,INE030A01027
Fund holdout,2025-02,icici:MNCFUND,ICICI Prudential,Category popularity,0.25,16,0,0,0,0.0625,177,-4.491154873248858,0.1323367550622146,INE030A01027
Fund holdout,2025-02,icici:MNCFUND,ICICI Prudential,Binary factors,0.25,1,1,1,1,1.0,177,-2.289989198349579,0.557588300829372,INE030A01027
Fund holdout,2025-02,icici:MNCFUND,ICICI Prudential,Rank factors,0.25,8,0,0,1,0.125,177,-4.082519385393294,0.211282594917657,INE030A01027
Fund holdout,2025-02,icici:MNCFUND,ICICI Prudential,Log holdings zero,0.5,41,0,0,0,0.024390243902439,177,-5.120416413639632,0.0107673312816791,INE030A01027
Fund holdout,2025-02,icici:MNCFUND,ICICI Prudential,Log holdings minimum,0.5,11,0,0,0,0.0909090909090909,177,-3.974435753795566,0.2321636816678239,INE030A01027
Fund holdout,2025-02,icici:MNCFUND,ICICI Prudential,Word2Vec,1.0,1,1,1,1,1.0,177,-1.4482842895968746,0.7202004647425997,INE030A01027
Fund holdout,2025-02,icici:MULTICAP,ICICI Prudential,Popularity,0.25,1,1,1,1,1.0,141,-1.27182668961947,0.7430009299719165,INE040A01034
Fund holdout,2025-02,icici:MULTICAP,ICICI Prudential,Co-holding,0.25,1,1,1,1,1.0,141,-2.5489730371596933,0.4849269122723776,INE040A01034
Fund holdout,2025-02,icici:MULTICAP,ICICI Prudential,Category popularity,0.25,1,1,1,1,1.0,141,-1.433633324488003,0.7103045295700436,INE040A01034
Fund holdout,2025-02,icici:MULTICAP,ICICI Prudential,Binary factors,0.25,38,0,0,0,0.0263157894736842,141,-5.026145575407801,-0.015637389314461,INE040A01034
Fund holdout,2025-02,icici:MULTICAP,ICICI Prudential,Rank factors,0.25,1,1,1,1,1.0,141,-2.715357547955592,0.4513054566993565,INE040A01034
Fund holdout,2025-02,icici:MULTICAP,ICICI Prudential,Log holdings zero,0.5,1,1,1,1,1.0,141,-1.2478312953099495,0.7478496991264221,INE040A01034
Fund holdout,2025-02,icici:MULTICAP,ICICI Prudential,Log holdings minimum,0.5,1,1,1,1,1.0,141,-1.8118731224675244,0.6338733010687518,INE040A01034
Fund holdout,2025-02,icici:MULTICAP,ICICI Prudential,Word2Vec,1.0,1,1,1,1,1.0,141,-0.0116557049857437,0.997644722062914,INE040A01034
Fund holdout,2025-02,icici:RURALOPP,ICICI Prudential,Popularity,0.25,12,0,0,0,0.0833333333333333,179,-4.085243299524347,0.212465883118901,INE030A01027
Fund holdout,2025-02,icici:RURALOPP,ICICI Prudential,Co-holding,0.25,5,0,1,1,0.2,179,-3.3061842211220007,0.3626492524617329,INE030A01027
Fund holdout,2025-02,icici:RURALOPP,ICICI Prudential,Category popularity,0.25,14,0,0,0,0.0714285714285714,179,-4.360056122347439,0.1594887510702946,INE030A01027
Fund holdout,2025-02,icici:RURALOPP,ICICI Prudential,Binary factors,0.25,1,1,1,1,1.0,179,-2.553911593315229,0.5076688550059948,INE030A01027
Fund holdout,2025-02,icici:RURALOPP,ICICI Prudential,Rank factors,0.25,6,0,0,1,0.1666666666666666,179,-3.912488987727302,0.2457686522328797,INE030A01027
Fund holdout,2025-02,icici:RURALOPP,ICICI Prudential,Log holdings zero,0.5,32,0,0,0,0.03125,179,-4.893533816932781,0.0566474135347925,INE030A01027
Fund holdout,2025-02,icici:RURALOPP,ICICI Prudential,Log holdings minimum,0.5,6,0,0,1,0.1666666666666666,179,-3.203457753599896,0.3824523809289544,INE030A01027
Fund holdout,2025-02,icici:RURALOPP,ICICI Prudential,Word2Vec,1.0,2,0,1,1,0.5,179,-1.6691804355556492,0.6782231941036216,INE030A01027
Fund holdout,2025-02,icici:TECH,ICICI Prudential,Popularity,0.25,18,0,0,0,0.0555555555555555,185,-4.354485737803227,0.165864189394045,INE467B01029
Fund holdout,2025-02,icici:TECH,ICICI Prudential,Co-holding,0.25,7,0,0,1,0.1428571428571428,185,-3.661092373326256,0.2986891131561273,INE467B01029
Fund holdout,2025-02,icici:TECH,ICICI Prudential,Category popularity,0.25,57,0,0,0,0.0175438596491228,185,-6.384813637880162,-0.223061004234202,INE467B01029
Fund holdout,2025-02,icici:TECH,ICICI Prudential,Binary factors,0.25,5,0,1,1,0.2,185,-3.643223347397369,0.3021120648719942,INE467B01029
Fund holdout,2025-02,icici:TECH,ICICI Prudential,Rank factors,0.25,14,0,0,0,0.0714285714285714,185,-4.64686274689949,0.1098570858759862,INE467B01029
Fund holdout,2025-02,icici:TECH,ICICI Prudential,Log holdings zero,0.5,2,0,1,1,0.5,185,-1.8618892704963492,0.643340543655678,INE467B01029
Fund holdout,2025-02,icici:TECH,ICICI Prudential,Log holdings minimum,0.5,11,0,0,0,0.0909090909090909,185,-4.574622899908037,0.1236951937391355,INE467B01029
Fund holdout,2025-02,icici:TECH,ICICI Prudential,Word2Vec,1.0,4,0,1,1,0.25,185,-2.7735419594180746,0.4687063387338235,INE467B01029
Fund holdout,2025-02,kotak:EME,Kotak,Popularity,0.25,66,0,0,0,0.0151515151515151,161,-6.979981420437641,-0.3736323502487058,INE571A01038
Fund holdout,2025-02,kotak:EME,Kotak,Co-holding,0.25,39,0,0,0,0.0256410256410256,161,-4.665721392144864,0.0818047419536293,INE571A01038
Fund holdout,2025-02,kotak:EME,Kotak,Category popularity,0.25,26,0,0,0,0.0384615384615384,161,-4.453174852869078,0.1236330484628348,INE571A01038
Fund holdout,2025-02,kotak:EME,Kotak,Binary factors,0.25,22,0,0,0,0.0454545454545454,161,-4.402919998024666,0.1335230023485587,INE571A01038
Fund holdout,2025-02,kotak:EME,Kotak,Rank factors,0.25,16,0,0,0,0.0625,161,-4.473787567853374,0.119576548821449,INE571A01038
Fund holdout,2025-02,kotak:EME,Kotak,Log holdings zero,0.5,77,0,0,0,0.0129870129870129,161,-6.059105546111473,-0.1924076713642921,INE571A01038
Fund holdout,2025-02,kotak:EME,Kotak,Log holdings minimum,0.5,36,0,0,0,0.0277777777777777,161,-4.777472717513627,0.0598125293009949,INE571A01038
Fund holdout,2025-02,kotak:EME,Kotak,Word2Vec,1.0,57,0,0,0,0.0175438596491228,161,-6.737503282212934,-0.3259136251073644,INE571A01038
Fund holdout,2025-02,kotak:SPO,Kotak,Popularity,0.25,68,0,0,0,0.0147058823529411,188,-6.959539672852221,-0.3290588766672881,INE075A01022
Fund holdout,2025-02,kotak:SPO,Kotak,Co-holding,0.25,45,0,0,0,0.0222222222222222,188,-5.056300087473499,0.034401579667102,INE075A01022
Fund holdout,2025-02,kotak:SPO,Kotak,Category popularity,0.25,91,0,0,0,0.0109890109890109,188,-7.801197045034836,-0.4897896511429696,INE075A01022
Fund holdout,2025-02,kotak:SPO,Kotak,Binary factors,0.25,31,0,0,0,0.032258064516129,188,-4.830866361353603,0.077452515344438,INE075A01022
Fund holdout,2025-02,kotak:SPO,Kotak,Rank factors,0.25,59,0,0,0,0.0169491525423728,188,-5.513946969269367,-0.0529949550494863,INE075A01022
Fund holdout,2025-02,kotak:SPO,Kotak,Log holdings zero,0.5,42,0,0,0,0.0238095238095238,188,-5.344660637959545,-0.0206664517429522,INE075A01022
Fund holdout,2025-02,kotak:SPO,Kotak,Log holdings minimum,0.5,77,0,0,0,0.0129870129870129,188,-5.971378513237624,-0.1403503668377315,INE075A01022
Fund holdout,2025-02,kotak:SPO,Kotak,Word2Vec,1.0,20,0,0,0,0.05,188,-4.638245803514348,0.1142371410896562,INE075A01022
Fund holdout,2025-02,mirae:MAFF,Mirae Asset,Popularity,0.25,1,1,1,1,1.0,188,-2.2926189899265914,0.5621800057748405,INE009A01021
Fund holdout,2025-02,mirae:MAFF,Mirae Asset,Co-holding,0.25,1,1,1,1,1.0,188,-3.1831589401913005,0.3921141563705951,INE009A01021
Fund holdout,2025-02,mirae:MAFF,Mirae Asset,Category popularity,0.25,1,1,1,1,1.0,188,-1.686078867254766,0.6780105882537936,INE009A01021
Fund holdout,2025-02,mirae:MAFF,Mirae Asset,Binary factors,0.25,25,0,0,0,0.04,188,-4.531218237279279,0.134676127522579,INE009A01021
Fund holdout,2025-02,mirae:MAFF,Mirae Asset,Rank factors,0.25,3,0,1,1,0.3333333333333333,188,-4.122968971968419,0.2126392307535042,INE009A01021
Fund holdout,2025-02,mirae:MAFF,Mirae Asset,Log holdings zero,0.5,1,1,1,1,1.0,188,-3.3966751804843023,0.3513390954019807,INE009A01021
Fund holdout,2025-02,mirae:MAFF,Mirae Asset,Log holdings minimum,0.5,3,0,1,1,0.3333333333333333,188,-3.954639583817069,0.2447849872320844,INE009A01021
Fund holdout,2025-02,mirae:MAFF,Mirae Asset,Word2Vec,1.0,1,1,1,1,1.0,188,-1.1391843571545357,0.7824506859350577,INE009A01021
Fund holdout,2025-02,sbi:SBLUECHIP,SBI,Popularity,0.25,1,1,1,1,1.0,167,-1.1591833996990673,0.7735082451864684,INE090A01021
Fund holdout,2025-02,sbi:SBLUECHIP,SBI,Co-holding,0.25,1,1,1,1,1.0,167,-2.619866065166947,0.4881068322492117,INE090A01021
Fund holdout,2025-02,sbi:SBLUECHIP,SBI,Category popularity,0.25,1,1,1,1,1.0,167,-1.6670948578760516,0.6742679028193594,INE090A01021
Fund holdout,2025-02,sbi:SBLUECHIP,SBI,Binary factors,0.25,6,0,0,1,0.1666666666666666,167,-3.782549387409803,0.2609312308598407,INE090A01021
Fund holdout,2025-02,sbi:SBLUECHIP,SBI,Rank factors,0.25,1,1,1,1,1.0,167,-2.807856807623732,0.4513754977953285,INE090A01021
Fund holdout,2025-02,sbi:SBLUECHIP,SBI,Log holdings zero,0.5,1,1,1,1,1.0,167,-1.9148724125107348,0.6258548793347374,INE090A01021
Fund holdout,2025-02,sbi:SBLUECHIP,SBI,Log holdings minimum,0.5,1,1,1,1,1.0,167,-1.2092652234706347,0.7637228047175754,INE090A01021
Fund holdout,2025-02,sbi:SBLUECHIP,SBI,Word2Vec,1.0,1,1,1,1,1.0,167,-0.0275516932090802,0.994616700562975,INE090A01021
Fund holdout,2025-02,sbi:SMAAF,SBI,Popularity,0.25,14,0,0,0,0.0714285714285714,180,-3.792870625378874,0.2696125282210507,INE860A01027
Fund holdout,2025-02,sbi:SMAAF,SBI,Co-holding,0.25,4,0,1,1,0.25,180,-3.445858309369198,0.3364361753211011,INE860A01027
Fund holdout,2025-02,sbi:SMAAF,SBI,Category popularity,0.25,11,0,0,0,0.0909090909090909,180,-3.417778722415301,0.3418434197408354,INE860A01027
Fund holdout,2025-02,sbi:SMAAF,SBI,Binary factors,0.25,9,0,0,1,0.1111111111111111,180,-4.113015152879373,0.2079627713112437,INE860A01027
Fund holdout,2025-02,sbi:SMAAF,SBI,Rank factors,0.25,18,0,0,0,0.0555555555555555,180,-4.654581301585754,0.1036741811579206,INE860A01027
Fund holdout,2025-02,sbi:SMAAF,SBI,Log holdings zero,0.5,27,0,0,0,0.037037037037037,180,-4.626192840086387,0.1091409050908376,INE860A01027
Fund holdout,2025-02,sbi:SMAAF,SBI,Log holdings minimum,0.5,67,0,0,0,0.0149253731343283,180,-5.417775662367086,-0.0432930251362162,INE860A01027
Fund holdout,2025-02,sbi:SMAAF,SBI,Word2Vec,1.0,12,0,0,0,0.0833333333333333,180,-4.065739768762349,0.2170665219247155,INE860A01027
Fund holdout,2025-02,uti:193,UTI,Popularity,0.25,1,1,1,1,1.0,163,-1.3357222869112029,0.7377723221096222,INE090A01021
Fund holdout,2025-02,uti:193,UTI,Co-holding,0.25,1,1,1,1,1.0,163,-2.495289569104444,0.5101272204692657,INE090A01021
Fund holdout,2025-02,uti:193,UTI,Category popularity,0.25,2,0,1,1,0.5,163,-1.8157318352359104,0.6435373224724821,INE090A01021
Fund holdout,2025-02,uti:193,UTI,Binary factors,0.25,45,0,0,0,0.0222222222222222,163,-5.264398535465864,-0.0335015122320041,INE090A01021
Fund holdout,2025-02,uti:193,UTI,Rank factors,0.25,1,1,1,1,1.0,163,-2.0923027084254886,0.5892412022689877,INE090A01021
Fund holdout,2025-02,uti:193,UTI,Log holdings zero,0.5,1,1,1,1,1.0,163,-1.6015992814238174,0.685575613588167,INE090A01021
Fund holdout,2025-02,uti:193,UTI,Log holdings minimum,0.5,1,1,1,1,1.0,163,-1.6422510045346297,0.6775949075252011,INE090A01021
Fund holdout,2025-02,uti:193,UTI,Word2Vec,1.0,1,1,1,1,1.0,163,-0.015958994115417,0.9968669460640436,INE090A01021
Fund holdout,2025-02,uti:751,UTI,Popularity,0.25,151,0,0,0,0.0066225165562913,183,-9.07986704489475,-0.7429486860124002,INE472A01039
Fund holdout,2025-02,uti:751,UTI,Co-holding,0.25,23,0,0,0,0.0434782608695652,183,-4.443669197059502,0.1470043173767182,INE472A01039
Fund holdout,2025-02,uti:751,UTI,Category popularity,0.25,22,0,0,0,0.0454545454545454,183,-4.5801326110679375,0.1208091399629144,INE472A01039
Fund holdout,2025-02,uti:751,UTI,Binary factors,0.25,6,0,0,1,0.1666666666666666,183,-3.757879473824882,0.2786468063121324,INE472A01039
Fund holdout,2025-02,uti:751,UTI,Rank factors,0.25,66,0,0,0,0.0151515151515151,183,-5.390387429099785,-0.0347253588839455,INE472A01039
Fund holdout,2025-02,uti:751,UTI,Log holdings zero,0.5,32,0,0,0,0.03125,183,-5.256040563964021,-0.0089364689254827,INE472A01039
Fund holdout,2025-02,uti:751,UTI,Log holdings minimum,0.5,114,0,0,0,0.0087719298245614,183,-6.23293398812578,-0.1964584999858647,INE472A01039
Fund holdout,2025-02,uti:751,UTI,Word2Vec,1.0,29,0,0,0,0.0344827586206896,183,-5.139375444865962,0.0134582770581352,INE472A01039
Fund holdout,2025-02,uti:753,UTI,Popularity,0.25,1,1,1,1,1.0,181,-1.650643419566027,0.6824767986519178,INE090A01021
Fund holdout,2025-02,uti:753,UTI,Co-holding,0.25,1,1,1,1,1.0,181,-2.8661026490496875,0.4486670605346492,INE090A01021
Fund holdout,2025-02,uti:753,UTI,Category popularity,0.25,1,1,1,1,1.0,181,-0.98156237796268,0.8111834301223654,INE090A01021
Fund holdout,2025-02,uti:753,UTI,Binary factors,0.25,2,0,1,1,0.5,181,-3.465901170277325,0.3332878427299239,INE090A01021
Fund holdout,2025-02,uti:753,UTI,Rank factors,0.25,1,1,1,1,1.0,181,-2.532388334791296,0.5128614444597146,INE090A01021
Fund holdout,2025-02,uti:753,UTI,Log holdings zero,0.5,1,1,1,1,1.0,181,-2.25735881783434,0.5657670276124644,INE090A01021
Fund holdout,2025-02,uti:753,UTI,Log holdings minimum,0.5,1,1,1,1,1.0,181,-2.648412319733481,0.4905426888185417,INE090A01021
Fund holdout,2025-02,uti:753,UTI,Word2Vec,1.0,1,1,1,1,1.0,181,-0.2301716190357563,0.955723429742979,INE090A01021
Fund holdout,2025-03,absl:ABSLMCF,Aditya Birla SL,Popularity,0.25,1,1,1,1,1.0,144,-1.152950596798842,0.7680092737292151,INE090A01021
Fund holdout,2025-03,absl:ABSLMCF,Aditya Birla SL,Co-holding,0.25,1,1,1,1,1.0,144,-2.5928352931485774,0.4782831593754668,INE090A01021
Fund holdout,2025-03,absl:ABSLMCF,Aditya Birla SL,Category popularity,0.25,1,1,1,1,1.0,144,-1.539644817435187,0.6902006726155001,INE090A01021
Fund holdout,2025-03,absl:ABSLMCF,Aditya Birla SL,Binary factors,0.25,11,0,0,0,0.0909090909090909,144,-3.8001725492308367,0.2353490322151441,INE090A01021
Fund holdout,2025-03,absl:ABSLMCF,Aditya Birla SL,Rank factors,0.25,1,1,1,1,1.0,144,-2.102731982600736,0.5768992000604671,INE090A01021
Fund holdout,2025-03,absl:ABSLMCF,Aditya Birla SL,Log holdings zero,0.25,1,1,1,1,1.0,144,-1.4484237536042732,0.708555700929883,INE090A01021
Fund holdout,2025-03,absl:ABSLMCF,Aditya Birla SL,Log holdings minimum,0.25,1,1,1,1,1.0,144,-0.8130466586662717,0.8364029774044758,INE090A01021
Fund holdout,2025-03,absl:ABSLMCF,Aditya Birla SL,Word2Vec,1.0,1,1,1,1,1.0,144,-0.0961050851602571,0.9806622342999372,INE090A01021
Fund holdout,2025-03,absl:BSLDAAF,Aditya Birla SL,Popularity,0.25,1,1,1,1,1.0,125,-1.0197859439221588,0.7887904557561045,INE090A01021
Fund holdout,2025-03,absl:BSLDAAF,Aditya Birla SL,Co-holding,0.25,1,1,1,1,1.0,125,-1.9346586941535555,0.5993096556243056,INE090A01021
Fund holdout,2025-03,absl:BSLDAAF,Aditya Birla SL,Category popularity,0.25,1,1,1,1,1.0,125,-1.4611752616447475,0.6973735881419457,INE090A01021
Fund holdout,2025-03,absl:BSLDAAF,Aditya Birla SL,Binary factors,0.25,13,0,0,0,0.0769230769230769,125,-4.082862664603935,0.154391597824144,INE090A01021
Fund holdout,2025-03,absl:BSLDAAF,Aditya Birla SL,Rank factors,0.25,2,0,1,1,0.5,125,-2.646601426428688,0.4518580253015186,INE090A01021
Fund holdout,2025-03,absl:BSLDAAF,Aditya Birla SL,Log holdings zero,0.25,1,1,1,1,1.0,125,-0.2793838291189097,0.942136355605796,INE090A01021
Fund holdout,2025-03,absl:BSLDAAF,Aditya Birla SL,Log holdings minimum,0.25,1,1,1,1,1.0,125,-0.4512039472503453,0.9065504083207228,INE090A01021
Fund holdout,2025-03,absl:BSLDAAF,Aditya Birla SL,Word2Vec,1.0,1,1,1,1,1.0,125,-0.038553954090494,0.9920150271527228,INE090A01021
Fund holdout,2025-03,absl:BSLR96,Aditya Birla SL,Popularity,0.25,1,1,1,1,1.0,153,-1.3923734062270157,0.7232102993845109,INE009A01021
Fund holdout,2025-03,absl:BSLR96,Aditya Birla SL,Co-holding,0.25,1,1,1,1,1.0,153,-2.409521525929156,0.5210115772063448,INE009A01021
Fund holdout,2025-03,absl:BSLR96,Aditya Birla SL,Category popularity,0.25,1,1,1,1,1.0,153,-1.0377314391431227,0.7937095228369548,INE009A01021
Fund holdout,2025-03,absl:BSLR96,Aditya Birla SL,Binary factors,0.25,9,0,0,1,0.1111111111111111,153,-3.798334461258903,0.2449296620665748,INE009A01021
Fund holdout,2025-03,absl:BSLR96,Aditya Birla SL,Rank factors,0.25,1,1,1,1,1.0,153,-2.7164075896125874,0.4600057426291267,INE009A01021
Fund holdout,2025-03,absl:BSLR96,Aditya Birla SL,Log holdings zero,0.25,1,1,1,1,1.0,153,-0.62838859017097,0.8750827263967049,INE009A01021
Fund holdout,2025-03,absl:BSLR96,Aditya Birla SL,Log holdings minimum,0.25,1,1,1,1,1.0,153,-1.385403897520359,0.7245957669751193,INE009A01021
Fund holdout,2025-03,absl:BSLR96,Aditya Birla SL,Word2Vec,1.0,1,1,1,1,1.0,153,-0.2131689146359185,0.9576241834275706,INE009A01021
Fund holdout,2025-03,absl:MNC,Aditya Birla SL,Popularity,0.25,101,0,0,0,0.0099009900990099,170,-8.028967494264514,-0.5633338404292865,INE686F01025
Fund holdout,2025-03,absl:MNC,Aditya Birla SL,Co-holding,0.25,99,0,0,0,0.0101010101010101,170,-5.875761366585209,-0.1440794335300945,INE686F01025
Fund holdout,2025-03,absl:MNC,Aditya Birla SL,Category popularity,0.25,100,0,0,0,0.01,170,-8.347997300254157,-0.625452673537713,INE686F01025
Fund holdout,2025-03,absl:MNC,Aditya Birla SL,Binary factors,0.25,103,0,0,0,0.0097087378640776,170,-6.288735264663397,-0.2244902796993961,INE686F01025
Fund holdout,2025-03,absl:MNC,Aditya Birla SL,Rank factors,0.25,64,0,0,0,0.015625,170,-5.260001423093071,-0.0241837734804375,INE686F01025
Fund holdout,2025-03,absl:MNC,Aditya Birla SL,Log holdings zero,0.25,75,0,0,0,0.0133333333333333,170,-7.97679874579466,-0.5531759751802336,INE686F01025
Fund holdout,2025-03,absl:MNC,Aditya Birla SL,Log holdings minimum,0.25,67,0,0,0,0.0149253731343283,170,-7.386956907199013,-0.4383268731710001,INE686F01025
Fund holdout,2025-03,absl:MNC,Aditya Birla SL,Word2Vec,1.0,23,0,0,0,0.0434782608695652,170,-4.81602522585042,0.0622635827942468,INE686F01025
Fund holdout,2025-03,axis:AXISMLC,Axis,Popularity,0.25,1,1,1,1,1.0,111,-1.0234923561608724,0.7826763366172551,INE090A01021
Fund holdout,2025-03,axis:AXISMLC,Axis,Co-holding,0.25,1,1,1,1,1.0,111,-2.2196158061285347,0.5286969801127875,INE090A01021
Fund holdout,2025-03,axis:AXISMLC,Axis,Category popularity,0.25,1,1,1,1,1.0,111,-1.4283719185534451,0.6967060709886896,INE090A01021
Fund holdout,2025-03,axis:AXISMLC,Axis,Binary factors,0.25,11,0,0,0,0.0909090909090909,111,-3.890654521477812,0.1738762986606049,INE090A01021
Fund holdout,2025-03,axis:AXISMLC,Axis,Rank factors,0.25,1,1,1,1,1.0,111,-2.0063562285940697,0.5739795387584543,INE090A01021
Fund holdout,2025-03,axis:AXISMLC,Axis,Log holdings zero,0.25,1,1,1,1,1.0,111,-0.8847643880132763,0.8121331958404827,INE090A01021
Fund holdout,2025-03,axis:AXISMLC,Axis,Log holdings minimum,0.25,1,1,1,1,1.0,111,-0.1598640120976338,0.9660552103364606,INE090A01021
Fund holdout,2025-03,axis:AXISMLC,Axis,Word2Vec,1.0,1,1,1,1,1.0,111,-0.2916311769227899,0.938076376101904,INE090A01021
Fund holdout,2025-03,hdfc:HDFCEQ,HDFC,Popularity,0.25,1,1,1,1,1.0,160,-1.1882814477723578,0.7658638913596281,INE040A01034
Fund holdout,2025-03,hdfc:HDFCEQ,HDFC,Co-holding,0.25,1,1,1,1,1.0,160,-2.4415997113838475,0.5189130854878206,INE040A01034
Fund holdout,2025-03,hdfc:HDFCEQ,HDFC,Category popularity,0.25,1,1,1,1,1.0,160,-1.04126456578366,0.7948317429723959,INE040A01034
Fund holdout,2025-03,hdfc:HDFCEQ,HDFC,Binary factors,0.25,10,0,0,1,0.1,160,-3.7539490786748377,0.2603309334141724,INE040A01034
Fund holdout,2025-03,hdfc:HDFCEQ,HDFC,Rank factors,0.25,1,1,1,1,1.0,160,-2.354002484390283,0.5361730316852551,INE040A01034
Fund holdout,2025-03,hdfc:HDFCEQ,HDFC,Log holdings zero,0.25,1,1,1,1,1.0,160,-0.5213758691719423,0.8972693570401546,INE040A01034
Fund holdout,2025-03,hdfc:HDFCEQ,HDFC,Log holdings minimum,0.25,1,1,1,1,1.0,160,-0.5297402549952697,0.8956212586443479,INE040A01034
Fund holdout,2025-03,hdfc:HDFCEQ,HDFC,Word2Vec,1.0,1,1,1,1,1.0,160,-0.1450301124795459,0.9714236166563954,INE040A01034
Fund holdout,2025-03,hdfc:HDFCMNCFND,HDFC,Popularity,0.25,37,0,0,0,0.027027027027027,176,-5.808317602248007,-0.1233605225007854,INE079A01024
Fund holdout,2025-03,hdfc:HDFCMNCFND,HDFC,Co-holding,0.25,34,0,0,0,0.0294117647058823,176,-4.67313365751562,0.0961902866346386,INE079A01024
Fund holdout,2025-03,hdfc:HDFCMNCFND,HDFC,Category popularity,0.25,34,0,0,0,0.0294117647058823,176,-5.59582838232746,-0.0822639404159242,INE079A01024
Fund holdout,2025-03,hdfc:HDFCMNCFND,HDFC,Binary factors,0.25,12,0,0,0,0.0833333333333333,176,-4.337945498877228,0.1610175173078318,INE079A01024
Fund holdout,2025-03,hdfc:HDFCMNCFND,HDFC,Rank factors,0.25,55,0,0,0,0.0181818181818181,176,-5.313269379240223,-0.0276154774560941,INE079A01024
Fund holdout,2025-03,hdfc:HDFCMNCFND,HDFC,Log holdings zero,0.25,26,0,0,0,0.0384615384615384,176,-6.678540964355259,-0.2916664998410812,INE079A01024
Fund holdout,2025-03,hdfc:HDFCMNCFND,HDFC,Log holdings minimum,0.25,52,0,0,0,0.0192307692307692,176,-6.858000374141928,-0.3263749352523282,INE079A01024
Fund holdout,2025-03,hdfc:HDFCMNCFND,HDFC,Word2Vec,1.0,63,0,0,0,0.0158730158730158,176,-6.215770735717972,-0.2021641961725302,INE079A01024
Fund holdout,2025-03,icici:BHACON,ICICI Prudential,Popularity,0.25,3,0,1,1,0.3333333333333333,168,-2.269800071766884,0.5570226330843124,INE397D01024
Fund holdout,2025-03,icici:BHACON,ICICI Prudential,Co-holding,0.25,1,1,1,1,1.0,168,-3.040033272816365,0.4067028408013107,INE397D01024
Fund holdout,2025-03,icici:BHACON,ICICI Prudential,Category popularity,0.25,1,1,1,1,1.0,168,-1.7573336456350788,0.6570362998844228,INE397D01024
Fund holdout,2025-03,icici:BHACON,ICICI Prudential,Binary factors,0.25,39,0,0,0,0.0256410256410256,168,-5.105224465709525,0.0036572297871454,INE397D01024
Fund holdout,2025-03,icici:BHACON,ICICI Prudential,Rank factors,0.25,1,1,1,1,1.0,168,-2.6375750603321144,0.4852471502660156,INE397D01024
Fund holdout,2025-03,icici:BHACON,ICICI Prudential,Log holdings zero,0.25,1,1,1,1,1.0,168,-0.1987302252240734,0.9612155303934792,INE397D01024
Fund holdout,2025-03,icici:BHACON,ICICI Prudential,Log holdings minimum,0.25,5,0,1,1,0.2,168,-2.8671980938544,0.4404335968442314,INE397D01024
Fund holdout,2025-03,icici:BHACON,ICICI Prudential,Word2Vec,1.0,1,1,1,1,1.0,168,-1.9385302725983733,0.6216737119170506,INE397D01024
Fund holdout,2025-03,icici:HOUSING,ICICI Prudential,Popularity,0.25,4,0,1,1,0.25,175,-2.55869178619583,0.5045889995995172,INE018A01030
Fund holdout,2025-03,icici:HOUSING,ICICI Prudential,Co-holding,0.25,2,0,1,1,0.5,175,-2.9859428411715374,0.4218651351193906,INE018A01030
Fund holdout,2025-03,icici:HOUSING,ICICI Prudential,Category popularity,0.25,6,0,0,1,0.1666666666666666,175,-2.6896663400625496,0.4792298550913039,INE018A01030
Fund holdout,2025-03,icici:HOUSING,ICICI Prudential,Binary factors,0.25,2,0,1,1,0.5,175,-2.2703905279122534,0.5604095621047558,INE018A01030
Fund holdout,2025-03,icici:HOUSING,ICICI Prudential,Rank factors,0.25,1,1,1,1,1.0,175,-2.6107092372841167,0.494517439741874,INE018A01030
Fund holdout,2025-03,icici:HOUSING,ICICI Prudential,Log holdings zero,0.25,3,0,1,1,0.3333333333333333,175,-1.57810377015503,0.6944493386322845,INE018A01030
Fund holdout,2025-03,icici:HOUSING,ICICI Prudential,Log holdings minimum,0.25,1,1,1,1,1.0,175,-0.9859858825066166,0.8090945321868592,INE018A01030
Fund holdout,2025-03,icici:HOUSING,ICICI Prudential,Word2Vec,1.0,1,1,1,1,1.0,175,-1.1690243399932356,0.7736548337345396,INE018A01030
Fund holdout,2025-03,icici:LARGE & MIDCAP,ICICI Prudential,Popularity,0.25,35,0,0,0,0.0285714285714285,135,-5.405768823093911,-0.1020318060173606,INE388Y01029
Fund holdout,2025-03,icici:LARGE & MIDCAP,ICICI Prudential,Co-holding,0.25,14,0,0,0,0.0714285714285714,135,-4.108414416948728,0.1624496888517586,INE388Y01029
Fund holdout,2025-03,icici:LARGE & MIDCAP,ICICI Prudential,Category popularity,0.25,11,0,0,0,0.0909090909090909,135,-3.7878685373492766,0.227796870014461,INE388Y01029
Fund holdout,2025-03,icici:LARGE & MIDCAP,ICICI Prudential,Binary factors,0.25,3,0,1,1,0.3333333333333333,135,-3.108610050587094,0.366271984547886,INE388Y01029
Fund holdout,2025-03,icici:LARGE & MIDCAP,ICICI Prudential,Rank factors,0.25,3,0,1,1,0.3333333333333333,135,-3.512684403771475,0.2838965068355006,INE388Y01029
Fund holdout,2025-03,icici:LARGE & MIDCAP,ICICI Prudential,Log holdings zero,0.25,24,0,0,0,0.0416666666666666,135,-4.714910938655619,0.0388079869897547,INE388Y01029
Fund holdout,2025-03,icici:LARGE & MIDCAP,ICICI Prudential,Log holdings minimum,0.25,3,0,1,1,0.3333333333333333,135,-3.384215519037173,0.3100864534821184,INE388Y01029
Fund holdout,2025-03,icici:LARGE & MIDCAP,ICICI Prudential,Word2Vec,1.0,39,0,0,0,0.0256410256410256,135,-5.33573060788281,-0.0877536629214914,INE388Y01029
Fund holdout,2025-03,icici:MIDCAP,ICICI Prudential,Popularity,0.25,44,0,0,0,0.0227272727272727,150,-6.19965121660484,-0.2372984367689929,INE749A01030
Fund holdout,2025-03,icici:MIDCAP,ICICI Prudential,Co-holding,0.25,29,0,0,0,0.0344827586206896,150,-4.527504388079588,0.0964210878780007,INE749A01030
Fund holdout,2025-03,icici:MIDCAP,ICICI Prudential,Category popularity,0.25,41,0,0,0,0.024390243902439,150,-5.397306588141567,-0.0771701134386899,INE749A01030
Fund holdout,2025-03,icici:MIDCAP,ICICI Prudential,Binary factors,0.25,13,0,0,0,0.0769230769230769,150,-3.913002230626126,0.2190606577899229,INE749A01030
Fund holdout,2025-03,icici:MIDCAP,ICICI Prudential,Rank factors,0.25,61,0,0,0,0.0163934426229508,150,-5.27663750948416,-0.0530875227940295,INE749A01030
Fund holdout,2025-03,icici:MIDCAP,ICICI Prudential,Log holdings zero,0.25,20,0,0,0,0.05,150,-7.412309312057209,-0.4793152718160725,INE749A01030
Fund holdout,2025-03,icici:MIDCAP,ICICI Prudential,Log holdings minimum,0.25,85,0,0,0,0.0117647058823529,150,-10.290578774635936,-1.0537473135912996,INE749A01030
Fund holdout,2025-03,icici:MIDCAP,ICICI Prudential,Word2Vec,1.0,110,0,0,0,0.009090909090909,150,-7.47856790194955,-0.4925388624394831,INE749A01030
Fund holdout,2025-03,icici:MNCFUND,ICICI Prudential,Popularity,0.25,9,0,0,1,0.1111111111111111,168,-3.4415477491036235,0.3283427122170306,INE585B01010
Fund holdout,2025-03,icici:MNCFUND,ICICI Prudential,Co-holding,0.25,2,0,1,1,0.5,168,-3.371026494285009,0.3421057392605632,INE585B01010
Fund holdout,2025-03,icici:MNCFUND,ICICI Prudential,Category popularity,0.25,5,0,1,1,0.2,168,-2.5990280579100027,0.4927700373466154,INE585B01010
Fund holdout,2025-03,icici:MNCFUND,ICICI Prudential,Binary factors,0.25,1,1,1,1,1.0,168,-1.9888595875755115,0.6118513721856538,INE585B01010
Fund holdout,2025-03,icici:MNCFUND,ICICI Prudential,Rank factors,0.25,1,1,1,1,1.0,168,-3.1280154825764037,0.3895321092907654,INE585B01010
Fund holdout,2025-03,icici:MNCFUND,ICICI Prudential,Log holdings zero,0.25,3,0,1,1,0.3333333333333333,168,-2.4722614503216667,0.5175099863583372,INE585B01010
Fund holdout,2025-03,icici:MNCFUND,ICICI Prudential,Log holdings minimum,0.25,5,0,1,1,0.2,168,-3.065635141645324,0.401706344156941,INE585B01010
Fund holdout,2025-03,icici:MNCFUND,ICICI Prudential,Word2Vec,1.0,9,0,0,1,0.1111111111111111,168,-3.668087351281288,0.2841309255830334,INE585B01010
Fund holdout,2025-03,icici:MULTICAP,ICICI Prudential,Popularity,0.25,1,1,1,1,1.0,136,-1.2893758854050326,0.7375399014596467,INE040A01034
Fund holdout,2025-03,icici:MULTICAP,ICICI Prudential,Co-holding,0.25,1,1,1,1,1.0,136,-2.513228583265965,0.48841743584245,INE040A01034
Fund holdout,2025-03,icici:MULTICAP,ICICI Prudential,Category popularity,0.25,1,1,1,1,1.0,136,-1.424796411274496,0.7099742513133971,INE040A01034
Fund holdout,2025-03,icici:MULTICAP,ICICI Prudential,Binary factors,0.25,37,0,0,0,0.027027027027027,136,-5.020712780395146,-0.0219958244925451,INE040A01034
Fund holdout,2025-03,icici:MULTICAP,ICICI Prudential,Rank factors,0.25,1,1,1,1,1.0,136,-2.4729563007997046,0.4966150974740846,INE040A01034
Fund holdout,2025-03,icici:MULTICAP,ICICI Prudential,Log holdings zero,0.25,1,1,1,1,1.0,136,-0.5340198407028565,0.8912970983869865,INE040A01034
Fund holdout,2025-03,icici:MULTICAP,ICICI Prudential,Log holdings minimum,0.25,1,1,1,1,1.0,136,-0.3241428339704191,0.9340188062239888,INE040A01034
Fund holdout,2025-03,icici:MULTICAP,ICICI Prudential,Word2Vec,1.0,1,1,1,1,1.0,136,-0.0154233720573238,0.9968604812639892,INE040A01034
Fund holdout,2025-03,icici:RURALOPP,ICICI Prudential,Popularity,0.25,6,0,0,1,0.1666666666666666,172,-2.9039012153457517,0.4358612275494065,INE062A01020
Fund holdout,2025-03,icici:RURALOPP,ICICI Prudential,Co-holding,0.25,4,0,1,1,0.25,172,-3.306331784067996,0.3576813342955203,INE062A01020
Fund holdout,2025-03,icici:RURALOPP,ICICI Prudential,Category popularity,0.25,9,0,0,1,0.1111111111111111,172,-3.7424803755148783,0.2729510653439974,INE062A01020
Fund holdout,2025-03,icici:RURALOPP,ICICI Prudential,Binary factors,0.25,43,0,0,0,0.0232558139534883,172,-5.202029137077939,-0.0105944086992484,INE062A01020
Fund holdout,2025-03,icici:RURALOPP,ICICI Prudential,Rank factors,0.25,4,0,1,1,0.25,172,-3.4630756753581893,0.3272308127852523,INE062A01020
Fund holdout,2025-03,icici:RURALOPP,ICICI Prudential,Log holdings zero,0.25,3,0,1,1,0.3333333333333333,172,-1.9801224619754487,0.6153230526239943,INE062A01020
Fund holdout,2025-03,icici:RURALOPP,ICICI Prudential,Log holdings minimum,0.25,1,1,1,1,1.0,172,-1.68337648392549,0.6729716774815111,INE062A01020
Fund holdout,2025-03,icici:RURALOPP,ICICI Prudential,Word2Vec,1.0,5,0,1,1,0.2,172,-3.064578596337068,0.4046465498620234,INE062A01020
Fund holdout,2025-03,icici:TECH,ICICI Prudential,Popularity,0.25,18,0,0,0,0.0555555555555555,178,-4.423669675757818,0.1463036553295503,INE467B01029
Fund holdout,2025-03,icici:TECH,ICICI Prudential,Co-holding,0.25,8,0,0,1,0.125,178,-3.5993549948368893,0.3053829902574757,INE467B01029
Fund holdout,2025-03,icici:TECH,ICICI Prudential,Category popularity,0.25,54,0,0,0,0.0185185185185185,178,-6.42742664937137,-0.2403888713200053,INE467B01029
Fund holdout,2025-03,icici:TECH,ICICI Prudential,Binary factors,0.25,2,0,1,1,0.5,178,-2.897983497096214,0.4407362891618926,INE467B01029
Fund holdout,2025-03,icici:TECH,ICICI Prudential,Rank factors,0.25,7,0,0,1,0.1428571428571428,178,-4.183574829805474,0.1926380580737194,INE467B01029
Fund holdout,2025-03,icici:TECH,ICICI Prudential,Log holdings zero,0.25,2,0,1,1,0.5,178,-1.4749570453612542,0.7153572643384314,INE467B01029
Fund holdout,2025-03,icici:TECH,ICICI Prudential,Log holdings minimum,0.25,5,0,1,1,0.2,178,-4.501292157204039,0.1313237780936812,INE467B01029
Fund holdout,2025-03,icici:TECH,ICICI Prudential,Word2Vec,1.0,4,0,1,1,0.25,178,-2.854446128338796,0.4491382936715106,INE467B01029
Fund holdout,2025-03,kotak:EME,Kotak,Popularity,0.25,75,0,0,0,0.0133333333333333,155,-7.354356825576074,-0.4582068049160308,INE571A01038
Fund holdout,2025-03,kotak:EME,Kotak,Co-holding,0.25,42,0,0,0,0.0238095238095238,155,-4.749770001391672,0.0582253347120086,INE571A01038
Fund holdout,2025-03,kotak:EME,Kotak,Category popularity,0.25,29,0,0,0,0.0344827586206896,155,-4.470070994831844,0.1136834807289918,INE571A01038
Fund holdout,2025-03,kotak:EME,Kotak,Binary factors,0.25,14,0,0,0,0.0714285714285714,155,-4.138107866149891,0.1795044498097683,INE571A01038
Fund holdout,2025-03,kotak:EME,Kotak,Rank factors,0.25,11,0,0,0,0.0909090909090909,155,-4.298427405346848,0.1477166200154622,INE571A01038
Fund holdout,2025-03,kotak:EME,Kotak,Log holdings zero,0.25,36,0,0,0,0.0277777777777777,155,-7.853032697269985,-0.5570832351461528,INE571A01038
Fund holdout,2025-03,kotak:EME,Kotak,Log holdings minimum,0.25,16,0,0,0,0.0625,155,-4.489742953133268,0.1097829651378253,INE571A01038
Fund holdout,2025-03,kotak:EME,Kotak,Word2Vec,1.0,23,0,0,0,0.0434782608695652,155,-4.518047957374247,0.104170706883802,INE571A01038
Fund holdout,2025-03,kotak:SPO,Kotak,Popularity,0.25,74,0,0,0,0.0135135135135135,181,-7.197193195700804,-0.384475772980926,INE075A01022
Fund holdout,2025-03,kotak:SPO,Kotak,Co-holding,0.25,53,0,0,0,0.0188679245283018,181,-5.231513959577162,-0.0063512450065392,INE075A01022
Fund holdout,2025-03,kotak:SPO,Kotak,Category popularity,0.25,75,0,0,0,0.0133333333333333,181,-7.472812262065888,-0.4374947637983493,INE075A01022
Fund holdout,2025-03,kotak:SPO,Kotak,Binary factors,0.25,104,0,0,0,0.0096153846153846,181,-6.086401698652529,-0.1708002643930528,INE075A01022
Fund holdout,2025-03,kotak:SPO,Kotak,Rank factors,0.25,50,0,0,0,0.02,181,-5.356643469711564,-0.0304215694448957,INE075A01022
Fund holdout,2025-03,kotak:SPO,Kotak,Log holdings zero,0.25,68,0,0,0,0.0147058823529411,181,-8.347971232593551,-0.6058432239906142,INE075A01022
Fund holdout,2025-03,kotak:SPO,Kotak,Log holdings minimum,0.25,48,0,0,0,0.0208333333333333,181,-7.0667481852717575,-0.3593829414097049,INE075A01022
Fund holdout,2025-03,kotak:SPO,Kotak,Word2Vec,1.0,17,0,0,0,0.0588235294117647,181,-3.997229970578397,0.231079685813521,INE075A01022
Fund holdout,2025-03,mirae:MAFF,Mirae Asset,Popularity,0.25,1,1,1,1,1.0,181,-1.759229561047821,0.6615888110607517,INE090A01021
Fund holdout,2025-03,mirae:MAFF,Mirae Asset,Co-holding,0.25,1,1,1,1,1.0,181,-3.0445788775965568,0.4143347857495637,INE090A01021
Fund holdout,2025-03,mirae:MAFF,Mirae Asset,Category popularity,0.25,1,1,1,1,1.0,181,-0.9186639679144052,0.823282775311942,INE090A01021
Fund holdout,2025-03,mirae:MAFF,Mirae Asset,Binary factors,0.25,18,0,0,0,0.0555555555555555,181,-4.214610537142296,0.189263644512259,INE090A01021
Fund holdout,2025-03,mirae:MAFF,Mirae Asset,Rank factors,0.25,1,1,1,1,1.0,181,-2.884348770285542,0.4451571765958655,INE090A01021
Fund holdout,2025-03,mirae:MAFF,Mirae Asset,Log holdings zero,0.25,1,1,1,1,1.0,181,-1.260298847763294,0.7575647653190227,INE090A01021
Fund holdout,2025-03,mirae:MAFF,Mirae Asset,Log holdings minimum,0.25,1,1,1,1,1.0,181,-1.4225366704080944,0.7263561637426368,INE090A01021
Fund holdout,2025-03,mirae:MAFF,Mirae Asset,Word2Vec,1.0,1,1,1,1,1.0,181,-0.0359595131954026,0.9930827096795232,INE090A01021
Fund holdout,2025-03,sbi:SBLUECHIP,SBI,Popularity,0.25,1,1,1,1,1.0,162,-1.1393134608045656,0.7760605626443581,INE090A01021
Fund holdout,2025-03,sbi:SBLUECHIP,SBI,Co-holding,0.25,1,1,1,1,1.0,162,-2.59970905429756,0.4890103532204045,INE090A01021
Fund holdout,2025-03,sbi:SBLUECHIP,SBI,Category popularity,0.25,1,1,1,1,1.0,162,-1.6436592233107064,0.6769281375709557,INE090A01021
Fund holdout,2025-03,sbi:SBLUECHIP,SBI,Binary factors,0.25,10,0,0,1,0.1,162,-3.779631556632003,0.257088945823497,INE090A01021
Fund holdout,2025-03,sbi:SBLUECHIP,SBI,Rank factors,0.25,1,1,1,1,1.0,162,-2.650019770178312,0.4791214562707109,INE090A01021
Fund holdout,2025-03,sbi:SBLUECHIP,SBI,Log holdings zero,0.25,3,0,1,1,0.3333333333333333,162,-2.413667814225469,0.5255779635049954,INE090A01021
Fund holdout,2025-03,sbi:SBLUECHIP,SBI,Log holdings minimum,0.25,6,0,0,1,0.1666666666666666,162,-4.734651337273293,0.0693736245375624,INE090A01021
Fund holdout,2025-03,sbi:SBLUECHIP,SBI,Word2Vec,1.0,1,1,1,1,1.0,162,-0.0263367434369055,0.9948233425567748,INE090A01021
Fund holdout,2025-03,sbi:SMAAF,SBI,Popularity,0.25,1,1,1,1,1.0,172,-1.618508154398274,0.685573600576215,INE040A01034
Fund holdout,2025-03,sbi:SMAAF,SBI,Co-holding,0.25,1,1,1,1,1.0,172,-2.953320400596642,0.4262605984523776,INE040A01034
Fund holdout,2025-03,sbi:SMAAF,SBI,Category popularity,0.25,1,1,1,1,1.0,172,-2.311697140140888,0.5509082815816949,INE040A01034
Fund holdout,2025-03,sbi:SMAAF,SBI,Binary factors,0.25,6,0,0,1,0.1666666666666666,172,-3.3867690956793366,0.3420548363995701,INE040A01034
Fund holdout,2025-03,sbi:SMAAF,SBI,Rank factors,0.25,27,0,0,0,0.037037037037037,172,-4.818208982699904,0.0639700529251257,INE040A01034
Fund holdout,2025-03,sbi:SMAAF,SBI,Log holdings zero,0.25,1,1,1,1,1.0,172,-1.7466991473639606,0.6606700298112314,INE040A01034
Fund holdout,2025-03,sbi:SMAAF,SBI,Log holdings minimum,0.25,27,0,0,0,0.037037037037037,172,-4.903921498147723,0.0473187450249609,INE040A01034
Fund holdout,2025-03,sbi:SMAAF,SBI,Word2Vec,1.0,2,0,1,1,0.5,172,-2.2154207100390995,0.5696118334816453,INE040A01034
Fund holdout,2025-03,uti:193,UTI,Popularity,0.25,1,1,1,1,1.0,159,-1.3423688898675756,0.7351757231317166,INE090A01021
Fund holdout,2025-03,uti:193,UTI,Co-holding,0.25,1,1,1,1,1.0,159,-2.4808623288257303,0.510572259831013,INE090A01021
Fund holdout,2025-03,uti:193,UTI,Category popularity,0.25,2,0,1,1,0.5,159,-1.7955143773404476,0.645778593220603,INE090A01021
Fund holdout,2025-03,uti:193,UTI,Binary factors,0.25,23,0,0,0,0.0434782608695652,159,-4.69043558625623,0.0746647797759184,INE090A01021
Fund holdout,2025-03,uti:193,UTI,Rank factors,0.25,1,1,1,1,1.0,159,-2.283679540046524,0.5494727363270646,INE090A01021
Fund holdout,2025-03,uti:193,UTI,Log holdings zero,0.25,1,1,1,1,1.0,159,-0.1979712923933299,0.9609439664875464,INE090A01021
Fund holdout,2025-03,uti:193,UTI,Log holdings minimum,0.25,1,1,1,1,1.0,159,-0.2344911445151609,0.9537392826614376,INE090A01021
Fund holdout,2025-03,uti:193,UTI,Word2Vec,1.0,1,1,1,1,1.0,159,-0.0079240888675613,0.9984367254634462,INE090A01021
Fund holdout,2025-03,uti:751,UTI,Popularity,0.25,138,0,0,0,0.0072463768115942,179,-8.90917127693741,-0.7174684148046397,INE472A01039
Fund holdout,2025-03,uti:751,UTI,Co-holding,0.25,19,0,0,0,0.0526315789473684,179,-4.3445823928171095,0.1624717043553398,INE472A01039
Fund holdout,2025-03,uti:751,UTI,Category popularity,0.25,23,0,0,0,0.0434782608695652,179,-4.531579860931425,0.1264232061110479,INE472A01039
Fund holdout,2025-03,uti:751,UTI,Binary factors,0.25,4,0,1,1,0.25,179,-3.3495273392988434,0.3542937686401826,INE472A01039
Fund holdout,2025-03,uti:751,UTI,Rank factors,0.25,129,0,0,0,0.0077519379844961,179,-5.702642451387887,-0.0993287688313018,INE472A01039
Fund holdout,2025-03,uti:751,UTI,Log holdings zero,0.25,70,0,0,0,0.0142857142857142,179,-8.08975261923807,-0.5595047143263154,INE472A01039
Fund holdout,2025-03,uti:751,UTI,Log holdings minimum,0.25,133,0,0,0,0.0075187969924812,179,-9.535498428246594,-0.838208836811418,INE472A01039
Fund holdout,2025-03,uti:751,UTI,Word2Vec,1.0,3,0,1,1,0.3333333333333333,179,-2.476109100987891,0.5226672559808627,INE472A01039
Fund holdout,2025-03,uti:753,UTI,Popularity,0.25,1,1,1,1,1.0,175,-1.674058261418196,0.6758707389095409,INE090A01021
Fund holdout,2025-03,uti:753,UTI,Co-holding,0.25,1,1,1,1,1.0,175,-2.891643059151842,0.4401233519159444,INE090A01021
Fund holdout,2025-03,uti:753,UTI,Category popularity,0.25,1,1,1,1,1.0,175,-1.0030390522010286,0.8057927168201602,INE090A01021
Fund holdout,2025-03,uti:753,UTI,Binary factors,0.25,7,0,0,1,0.1428571428571428,175,-3.727341147643722,0.2783164362545335,INE090A01021
Fund holdout,2025-03,uti:753,UTI,Rank factors,0.25,1,1,1,1,1.0,175,-2.7960908058275264,0.4586240707853708,INE090A01021
Fund holdout,2025-03,uti:753,UTI,Log holdings zero,0.25,1,1,1,1,1.0,175,-0.7353877491395648,0.8576150584259514,INE090A01021
Fund holdout,2025-03,uti:753,UTI,Log holdings minimum,0.25,1,1,1,1,1.0,175,-1.4205622999165444,0.7249523393440076,INE090A01021
Fund holdout,2025-03,uti:753,UTI,Word2Vec,1.0,1,1,1,1,1.0,175,-0.0811316556565202,0.9842913808885508,INE090A01021
Fund holdout,2025-04,absl:ABSLMCF,Aditya Birla SL,Popularity,0.25,1,1,1,1,1.0,145,-1.1881977977898863,0.7612494741959065,INE090A01021
Fund holdout,2025-04,absl:ABSLMCF,Aditya Birla SL,Co-holding,0.25,1,1,1,1,1.0,145,-2.479072664223855,0.501867531491028,INE090A01021
Fund holdout,2025-04,absl:ABSLMCF,Aditya Birla SL,Category popularity,0.25,1,1,1,1,1.0,145,-1.4819573276232203,0.7022229027461636,INE090A01021
Fund holdout,2025-04,absl:ABSLMCF,Aditya Birla SL,Binary factors,0.25,13,0,0,0,0.0769230769230769,145,-4.073304890654749,0.1815304773219426,INE090A01021
Fund holdout,2025-04,absl:ABSLMCF,Aditya Birla SL,Rank factors,0.25,1,1,1,1,1.0,145,-2.273908396641216,0.5430922138231095,INE090A01021
Fund holdout,2025-04,absl:ABSLMCF,Aditya Birla SL,Log holdings zero,0.25,1,1,1,1,1.0,145,-2.1502497158357903,0.5679395709865813,INE090A01021
Fund holdout,2025-04,absl:ABSLMCF,Aditya Birla SL,Log holdings minimum,0.25,1,1,1,1,1.0,145,-1.083922818206318,0.7822019673330722,INE090A01021
Fund holdout,2025-04,absl:ABSLMCF,Aditya Birla SL,Word2Vec,1.0,1,1,1,1,1.0,145,-0.6759598107290596,0.8641760146886445,INE090A01021
Fund holdout,2025-04,absl:BSLDAAF,Aditya Birla SL,Popularity,0.25,1,1,1,1,1.0,129,-1.0435240108436403,0.785274836965501,INE090A01021
Fund holdout,2025-04,absl:BSLDAAF,Aditya Birla SL,Co-holding,0.25,1,1,1,1,1.0,129,-1.9247649213565448,0.6039425473236225,INE090A01021
Fund holdout,2025-04,absl:BSLDAAF,Aditya Birla SL,Category popularity,0.25,1,1,1,1,1.0,129,-1.4745111603852408,0.6965909303285308,INE090A01021
Fund holdout,2025-04,absl:BSLDAAF,Aditya Birla SL,Binary factors,0.25,16,0,0,0,0.0625,129,-4.102623876067829,0.1558061228071823,INE090A01021
Fund holdout,2025-04,absl:BSLDAAF,Aditya Birla SL,Rank factors,0.25,2,0,1,1,0.5,129,-2.54899579966987,0.4754950217045104,INE090A01021
Fund holdout,2025-04,absl:BSLDAAF,Aditya Birla SL,Log holdings zero,0.25,1,1,1,1,1.0,129,-0.0009494714545965,0.9998046279618232,INE090A01021
Fund holdout,2025-04,absl:BSLDAAF,Aditya Birla SL,Log holdings minimum,0.25,1,1,1,1,1.0,129,-0.0393876697865138,0.991895228352608,INE090A01021
Fund holdout,2025-04,absl:BSLDAAF,Aditya Birla SL,Word2Vec,1.0,1,1,1,1,1.0,129,-0.0219634768242986,0.9954805916367088,INE090A01021
Fund holdout,2025-04,absl:BSLR96,Aditya Birla SL,Popularity,0.25,1,1,1,1,1.0,159,-1.077636911613201,0.7874023914002586,INE040A01034
Fund holdout,2025-04,absl:BSLR96,Aditya Birla SL,Co-holding,0.25,1,1,1,1,1.0,159,-2.359274087255368,0.5345593459387175,INE040A01034
Fund holdout,2025-04,absl:BSLR96,Aditya Birla SL,Category popularity,0.25,1,1,1,1,1.0,159,-0.9963436767582524,0.8034400262838182,INE040A01034
Fund holdout,2025-04,absl:BSLR96,Aditya Birla SL,Binary factors,0.25,13,0,0,0,0.0769230769230769,159,-4.107296900424911,0.189707136578775,INE040A01034
Fund holdout,2025-04,absl:BSLR96,Aditya Birla SL,Rank factors,0.25,1,1,1,1,1.0,159,-2.8428836386206133,0.4391522259632759,INE040A01034
Fund holdout,2025-04,absl:BSLR96,Aditya Birla SL,Log holdings zero,0.25,1,1,1,1,1.0,159,-0.0286500969883345,0.9943478716808684,INE040A01034
Fund holdout,2025-04,absl:BSLR96,Aditya Birla SL,Log holdings minimum,0.25,1,1,1,1,1.0,159,-0.5110929973221356,0.8991709101351192,INE040A01034
Fund holdout,2025-04,absl:BSLR96,Aditya Birla SL,Word2Vec,1.0,1,1,1,1,1.0,159,-0.0074239462886129,0.9985353942405616,INE040A01034
Fund holdout,2025-04,absl:MNC,Aditya Birla SL,Popularity,0.25,88,0,0,0,0.0113636363636363,172,-7.766919184661505,-0.5088737286940428,INE686F01025
Fund holdout,2025-04,absl:MNC,Aditya Birla SL,Co-holding,0.25,98,0,0,0,0.010204081632653,172,-5.916829545824783,-0.1494581630882263,INE686F01025
Fund holdout,2025-04,absl:MNC,Aditya Birla SL,Category popularity,0.25,86,0,0,0,0.0116279069767441,172,-7.9229084815807,-0.5391776557058809,INE686F01025
Fund holdout,2025-04,absl:MNC,Aditya Birla SL,Binary factors,0.25,25,0,0,0,0.04,172,-4.740913190453641,0.0789862501438767,INE686F01025
Fund holdout,2025-04,absl:MNC,Aditya Birla SL,Rank factors,0.25,48,0,0,0,0.0208333333333333,172,-5.106100352781282,0.0080416063035381,INE686F01025
Fund holdout,2025-04,absl:MNC,Aditya Birla SL,Log holdings zero,0.25,53,0,0,0,0.0188679245283018,172,-7.06160969160039,-0.3718537675773994,INE686F01025
Fund holdout,2025-04,absl:MNC,Aditya Birla SL,Log holdings minimum,0.25,114,0,0,0,0.0087719298245614,172,-8.640183213234536,-0.6785220950024653,INE686F01025
Fund holdout,2025-04,absl:MNC,Aditya Birla SL,Word2Vec,1.0,30,0,0,0,0.0333333333333333,172,-4.655012930273232,0.0956740310763948,INE686F01025
Fund holdout,2025-04,axis:AXISMLC,Axis,Popularity,0.25,1,1,1,1,1.0,116,-0.9829667668460438,0.7932159215817329,INE090A01021
Fund holdout,2025-04,axis:AXISMLC,Axis,Co-holding,0.25,1,1,1,1,1.0,116,-2.0862310469926744,0.5611251784186473,INE090A01021
Fund holdout,2025-04,axis:AXISMLC,Axis,Category popularity,0.25,1,1,1,1,1.0,116,-1.3943951624841144,0.7066648351191631,INE090A01021
Fund holdout,2025-04,axis:AXISMLC,Axis,Binary factors,0.25,7,0,0,1,0.1428571428571428,116,-3.434980778669164,0.2773923202097283,INE090A01021
Fund holdout,2025-04,axis:AXISMLC,Axis,Rank factors,0.25,1,1,1,1,1.0,116,-1.7708313007678278,0.6274749758443776,INE090A01021
Fund holdout,2025-04,axis:AXISMLC,Axis,Log holdings zero,0.25,1,1,1,1,1.0,116,-0.7491541600809386,0.8424024516285493,INE090A01021
Fund holdout,2025-04,axis:AXISMLC,Axis,Log holdings minimum,0.25,1,1,1,1,1.0,116,-0.0240748402979402,0.9949354405133656,INE090A01021
Fund holdout,2025-04,axis:AXISMLC,Axis,Word2Vec,1.0,1,1,1,1,1.0,116,-0.0597146169392015,0.987437996432481,INE090A01021
Fund holdout,2025-04,hdfc:HDFCEQ,HDFC,Popularity,0.25,1,1,1,1,1.0,163,-1.1812809364903316,0.7680920952301044,INE040A01034
Fund holdout,2025-04,hdfc:HDFCEQ,HDFC,Co-holding,0.25,1,1,1,1,1.0,163,-2.413248829950751,0.526233377214192,INE040A01034
Fund holdout,2025-04,hdfc:HDFCEQ,HDFC,Category popularity,0.25,1,1,1,1,1.0,163,-1.0087799056239195,0.8019573269485916,INE040A01034
Fund holdout,2025-04,hdfc:HDFCEQ,HDFC,Binary factors,0.25,3,0,1,1,0.3333333333333333,163,-3.24811929524357,0.3623324334339906,INE040A01034
Fund holdout,2025-04,hdfc:HDFCEQ,HDFC,Rank factors,0.25,1,1,1,1,1.0,163,-2.459519626751869,0.5171495401634884,INE040A01034
Fund holdout,2025-04,hdfc:HDFCEQ,HDFC,Log holdings zero,0.25,1,1,1,1,1.0,163,-1.0903976222606635,0.785934217565682,INE040A01034
Fund holdout,2025-04,hdfc:HDFCEQ,HDFC,Log holdings minimum,0.25,1,1,1,1,1.0,163,-0.3090504760635291,0.9393275162934804,INE040A01034
Fund holdout,2025-04,hdfc:HDFCEQ,HDFC,Word2Vec,1.0,1,1,1,1,1.0,163,-0.1422160171901705,0.9720802922044262,INE040A01034
Fund holdout,2025-04,hdfc:HDFCMNCFND,HDFC,Popularity,0.25,40,0,0,0,0.025,176,-6.017854018250228,-0.1638860160915793,INE079A01024
Fund holdout,2025-04,hdfc:HDFCMNCFND,HDFC,Co-holding,0.25,31,0,0,0,0.032258064516129,176,-4.546701212261864,0.1206430158907561,INE079A01024
Fund holdout,2025-04,hdfc:HDFCMNCFND,HDFC,Category popularity,0.25,34,0,0,0,0.0294117647058823,176,-5.641260962473817,-0.0910508509237135,INE079A01024
Fund holdout,2025-04,hdfc:HDFCMNCFND,HDFC,Binary factors,0.25,28,0,0,0,0.0357142857142857,176,-4.982571017724352,0.0363434017964526,INE079A01024
Fund holdout,2025-04,hdfc:HDFCMNCFND,HDFC,Rank factors,0.25,67,0,0,0,0.0149253731343283,176,-5.483769659819709,-0.0605911680767605,INE079A01024
Fund holdout,2025-04,hdfc:HDFCMNCFND,HDFC,Log holdings zero,0.25,19,0,0,0,0.0526315789473684,176,-5.700058503472052,-0.1024226182581951,INE079A01024
Fund holdout,2025-04,hdfc:HDFCMNCFND,HDFC,Log holdings minimum,0.25,84,0,0,0,0.0119047619047619,176,-8.98895827383112,-0.7385138958862192,INE079A01024
Fund holdout,2025-04,hdfc:HDFCMNCFND,HDFC,Word2Vec,1.0,58,0,0,0,0.0172413793103448,176,-5.928301168930687,-0.1465660032251861,INE079A01024
Fund holdout,2025-04,icici:BHACON,ICICI Prudential,Popularity,0.25,6,0,0,1,0.1666666666666666,167,-2.919853169387736,0.4294926339488951,INE101A01026
Fund holdout,2025-04,icici:BHACON,ICICI Prudential,Co-holding,0.25,4,0,1,1,0.25,167,-3.2579548792374284,0.3634312586831758,INE101A01026
Fund holdout,2025-04,icici:BHACON,ICICI Prudential,Category popularity,0.25,4,0,1,1,0.25,167,-2.226802310966981,0.5649071896952005,INE101A01026
Fund holdout,2025-04,icici:BHACON,ICICI Prudential,Binary factors,0.25,12,0,0,0,0.0833333333333333,167,-3.864627250075968,0.2448941144281958,INE101A01026
Fund holdout,2025-04,icici:BHACON,ICICI Prudential,Rank factors,0.25,3,0,1,1,0.3333333333333333,167,-3.566425719987931,0.3031594310771865,INE101A01026
Fund holdout,2025-04,icici:BHACON,ICICI Prudential,Log holdings zero,0.25,15,0,0,0,0.0666666666666666,167,-5.323239923396164,-0.0401028446891555,INE101A01026
Fund holdout,2025-04,icici:BHACON,ICICI Prudential,Log holdings minimum,0.25,2,0,1,1,0.5,167,-2.0140142434772548,0.6064836501773295,INE101A01026
Fund holdout,2025-04,icici:BHACON,ICICI Prudential,Word2Vec,1.0,1,1,1,1,1.0,167,-2.386921924548637,0.5336215689128561,INE101A01026
Fund holdout,2025-04,icici:HOUSING,ICICI Prudential,Popularity,0.25,1,1,1,1,1.0,180,-1.920221624589395,0.6302257693013147,INE090A01021
Fund holdout,2025-04,icici:HOUSING,ICICI Prudential,Co-holding,0.25,2,0,1,1,0.5,180,-3.036898658352496,0.4151889288600788,INE090A01021
Fund holdout,2025-04,icici:HOUSING,ICICI Prudential,Category popularity,0.25,3,0,1,1,0.3333333333333333,180,-2.278907699087309,0.561154123840516,INE090A01021
Fund holdout,2025-04,icici:HOUSING,ICICI Prudential,Binary factors,0.25,8,0,0,1,0.125,180,-4.025721233012582,0.224772832009481,INE090A01021
Fund holdout,2025-04,icici:HOUSING,ICICI Prudential,Rank factors,0.25,1,1,1,1,1.0,180,-3.0869628521771246,0.4055481412968148,INE090A01021
Fund holdout,2025-04,icici:HOUSING,ICICI Prudential,Log holdings zero,0.25,1,1,1,1,1.0,180,-0.2831027801231585,0.94548331745244,INE090A01021
Fund holdout,2025-04,icici:HOUSING,ICICI Prudential,Log holdings minimum,0.25,3,0,1,1,0.3333333333333333,180,-2.0228536965172683,0.6104620634060347,INE090A01021
Fund holdout,2025-04,icici:HOUSING,ICICI Prudential,Word2Vec,1.0,2,0,1,1,0.5,180,-1.4817554732490414,0.7146605458516319,INE090A01021
Fund holdout,2025-04,icici:LARGE & MIDCAP,ICICI Prudential,Popularity,0.25,36,0,0,0,0.0277777777777777,135,-5.435935124712621,-0.1081815739674272,INE388Y01029
Fund holdout,2025-04,icici:LARGE & MIDCAP,ICICI Prudential,Co-holding,0.25,15,0,0,0,0.0666666666666666,135,-4.151231628413603,0.1537208788668251,INE388Y01029
Fund holdout,2025-04,icici:LARGE & MIDCAP,ICICI Prudential,Category popularity,0.25,10,0,0,1,0.1,135,-3.786070551379633,0.2281634113502383,INE388Y01029
Fund holdout,2025-04,icici:LARGE & MIDCAP,ICICI Prudential,Binary factors,0.25,5,0,1,1,0.2,135,-3.592394520519745,0.267646628826904,INE388Y01029
Fund holdout,2025-04,icici:LARGE & MIDCAP,ICICI Prudential,Rank factors,0.25,3,0,1,1,0.3333333333333333,135,-3.3937347300980054,0.308145846382456,INE388Y01029
Fund holdout,2025-04,icici:LARGE & MIDCAP,ICICI Prudential,Log holdings zero,0.25,19,0,0,0,0.0526315789473684,135,-6.210702853213824,-0.26612741054049,INE388Y01029
Fund holdout,2025-04,icici:LARGE & MIDCAP,ICICI Prudential,Log holdings minimum,0.25,2,0,1,1,0.5,135,-1.5493401966880302,0.6841481330468392,INE388Y01029
Fund holdout,2025-04,icici:LARGE & MIDCAP,ICICI Prudential,Word2Vec,1.0,35,0,0,0,0.0285714285714285,135,-5.518515208887756,-0.1250165297864411,INE388Y01029
Fund holdout,2025-04,icici:MIDCAP,ICICI Prudential,Popularity,0.25,46,0,0,0,0.0217391304347826,150,-6.226142472302909,-0.2425854421372109,INE749A01030
Fund holdout,2025-04,icici:MIDCAP,ICICI Prudential,Co-holding,0.25,58,0,0,0,0.0172413793103448,150,-5.018157385699638,-0.0015012251265313,INE749A01030
Fund holdout,2025-04,icici:MIDCAP,ICICI Prudential,Category popularity,0.25,40,0,0,0,0.025,150,-5.4322143623458885,-0.0841368496219143,INE749A01030
Fund holdout,2025-04,icici:MIDCAP,ICICI Prudential,Binary factors,0.25,13,0,0,0,0.0769230769230769,150,-3.942151447387056,0.2132431885370171,INE749A01030
Fund holdout,2025-04,icici:MIDCAP,ICICI Prudential,Rank factors,0.25,103,0,0,0,0.0097087378640776,150,-5.58725127321528,-0.1150784172614634,INE749A01030
Fund holdout,2025-04,icici:MIDCAP,ICICI Prudential,Log holdings zero,0.25,26,0,0,0,0.0384615384615384,150,-7.067708680034315,-0.410541431415252,INE749A01030
Fund holdout,2025-04,icici:MIDCAP,ICICI Prudential,Log holdings minimum,0.25,134,0,0,0,0.0074626865671641,150,-18.760721848673747,-2.7441802780534497,INE749A01030
Fund holdout,2025-04,icici:MIDCAP,ICICI Prudential,Word2Vec,1.0,123,0,0,0,0.008130081300813,150,-7.718819039723831,-0.5404871012700672,INE749A01030
Fund holdout,2025-04,icici:MNCFUND,ICICI Prudential,Popularity,0.25,9,0,0,1,0.1111111111111111,171,-3.4406984362265867,0.3308199965991286,INE585B01010
Fund holdout,2025-04,icici:MNCFUND,ICICI Prudential,Co-holding,0.25,1,1,1,1,1.0,171,-3.345045313448583,0.3494235325416994,INE585B01010
Fund holdout,2025-04,icici:MNCFUND,ICICI Prudential,Category popularity,0.25,6,0,0,1,0.1666666666666666,171,-2.6468807176285267,0.4852092735081785,INE585B01010
Fund holdout,2025-04,icici:MNCFUND,ICICI Prudential,Binary factors,0.25,1,1,1,1,1.0,171,-2.35102122277136,0.5427508632302431,INE585B01010
Fund holdout,2025-04,icici:MNCFUND,ICICI Prudential,Rank factors,0.25,3,0,1,1,0.3333333333333333,171,-3.577603122040652,0.3041934613718438,INE585B01010
Fund holdout,2025-04,icici:MNCFUND,ICICI Prudential,Log holdings zero,0.25,1,1,1,1,1.0,171,-0.3041149027436827,0.9408528194422467,INE585B01010
Fund holdout,2025-04,icici:MNCFUND,ICICI Prudential,Log holdings minimum,0.25,2,0,1,1,0.5,171,-2.468688425748692,0.5198658180139885,INE585B01010
Fund holdout,2025-04,icici:MNCFUND,ICICI Prudential,Word2Vec,1.0,1,1,1,1,1.0,171,-1.134536941640933,0.779344383549545,INE585B01010
Fund holdout,2025-04,icici:MULTICAP,ICICI Prudential,Popularity,0.25,1,1,1,1,1.0,140,-1.7203076630255154,0.6518753248606862,INE002A01018
Fund holdout,2025-04,icici:MULTICAP,ICICI Prudential,Co-holding,0.25,1,1,1,1,1.0,140,-2.6084669957816824,0.4721457416976864,INE002A01018
Fund holdout,2025-04,icici:MULTICAP,ICICI Prudential,Category popularity,0.25,1,1,1,1,1.0,140,-2.17206233420442,0.5604574049577793,INE002A01018
Fund holdout,2025-04,icici:MULTICAP,ICICI Prudential,Binary factors,0.25,4,0,1,1,0.25,140,-3.0504167467551664,0.3827119637797519,INE002A01018
Fund holdout,2025-04,icici:MULTICAP,ICICI Prudential,Rank factors,0.25,1,1,1,1,1.0,140,-2.95536734930069,0.4019463375619585,INE002A01018
Fund holdout,2025-04,icici:MULTICAP,ICICI Prudential,Log holdings zero,0.25,1,1,1,1,1.0,140,-0.7051547749298512,0.8573035613213161,INE002A01018
Fund holdout,2025-04,icici:MULTICAP,ICICI Prudential,Log holdings minimum,0.25,1,1,1,1,1.0,140,-1.50601739891749,0.6952395033628764,INE002A01018
Fund holdout,2025-04,icici:MULTICAP,ICICI Prudential,Word2Vec,1.0,1,1,1,1,1.0,140,-0.1094897118372859,0.9778434572003142,INE002A01018
Fund holdout,2025-04,icici:RURALOPP,ICICI Prudential,Popularity,0.25,3,0,1,1,0.3333333333333333,175,-2.244024743334009,0.5655144753986197,INE397D01024
Fund holdout,2025-04,icici:RURALOPP,ICICI Prudential,Co-holding,0.25,4,0,1,1,0.25,175,-3.258564079363296,0.3690805203128535,INE397D01024
Fund holdout,2025-04,icici:RURALOPP,ICICI Prudential,Category popularity,0.25,1,1,1,1,1.0,175,-1.8787633449406016,0.6362359729084053,INE397D01024
Fund holdout,2025-04,icici:RURALOPP,ICICI Prudential,Binary factors,0.25,19,0,0,0,0.0526315789473684,175,-4.204386074791515,0.1859515387435146,INE397D01024
Fund holdout,2025-04,icici:RURALOPP,ICICI Prudential,Rank factors,0.25,1,1,1,1,1.0,175,-3.049419247755273,0.4095749053007259,INE397D01024
Fund holdout,2025-04,icici:RURALOPP,ICICI Prudential,Log holdings zero,0.25,8,0,0,1,0.125,175,-3.520827631973513,0.3183013488361728,INE397D01024
Fund holdout,2025-04,icici:RURALOPP,ICICI Prudential,Log holdings minimum,0.25,5,0,1,1,0.2,175,-2.6056874549465068,0.4954897515400713,INE397D01024
Fund holdout,2025-04,icici:RURALOPP,ICICI Prudential,Word2Vec,1.0,5,0,1,1,0.2,175,-2.8805184278954155,0.4422772903971503,INE397D01024
Fund holdout,2025-04,icici:TECH,ICICI Prudential,Popularity,0.25,17,0,0,0,0.0588235294117647,181,-4.271961769133114,0.1782313727525785,INE467B01029
Fund holdout,2025-04,icici:TECH,ICICI Prudential,Co-holding,0.25,8,0,0,1,0.125,181,-3.6007836698852804,0.3073414011340706,INE467B01029
Fund holdout,2025-04,icici:TECH,ICICI Prudential,Category popularity,0.25,47,0,0,0,0.0212765957446808,181,-6.157908011884723,-0.1845554541723537,INE467B01029
Fund holdout,2025-04,icici:TECH,ICICI Prudential,Binary factors,0.25,6,0,0,1,0.1666666666666666,181,-3.280294127388257,0.3689918244332419,INE467B01029
Fund holdout,2025-04,icici:TECH,ICICI Prudential,Rank factors,0.25,9,0,0,1,0.1111111111111111,181,-4.376310666711332,0.1581584753457661,INE467B01029
Fund holdout,2025-04,icici:TECH,ICICI Prudential,Log holdings zero,0.25,1,1,1,1,1.0,181,-0.166485271589428,0.9679743451639734,INE467B01029
Fund holdout,2025-04,icici:TECH,ICICI Prudential,Log holdings minimum,0.25,8,0,0,1,0.125,181,-4.400706539230587,0.1534656050079494,INE467B01029
Fund holdout,2025-04,icici:TECH,ICICI Prudential,Word2Vec,1.0,5,0,1,1,0.2,181,-3.5101659509605767,0.3247729238183566,INE467B01029
Fund holdout,2025-04,kotak:EME,Kotak,Popularity,0.25,60,0,0,0,0.0166666666666666,157,-6.796895951788093,-0.3442574220973573,INE061F01013
Fund holdout,2025-04,kotak:EME,Kotak,Co-holding,0.25,7,0,0,1,0.1428571428571428,157,-3.7503245583726192,0.2582788292440873,INE061F01013
Fund holdout,2025-04,kotak:EME,Kotak,Category popularity,0.25,8,0,0,1,0.125,157,-3.5016738373465195,0.3074557740759794,INE061F01013
Fund holdout,2025-04,kotak:EME,Kotak,Binary factors,0.25,1,1,1,1,1.0,157,-2.7472075589327813,0.4566704893921716,INE061F01013
Fund holdout,2025-04,kotak:EME,Kotak,Rank factors,0.25,49,0,0,0,0.0204081632653061,157,-5.153884977474956,-0.0193106063046557,INE061F01013
Fund holdout,2025-04,kotak:EME,Kotak,Log holdings zero,0.25,104,0,0,0,0.0096153846153846,157,-13.639317627307047,-1.6975187030820154,INE061F01013
Fund holdout,2025-04,kotak:EME,Kotak,Log holdings minimum,0.25,28,0,0,0,0.0357142857142857,157,-5.334433258985025,-0.0550185778829148,INE061F01013
Fund holdout,2025-04,kotak:EME,Kotak,Word2Vec,1.0,50,0,0,0,0.02,157,-5.334223012086229,-0.0549769962615123,INE061F01013
Fund holdout,2025-04,kotak:SPO,Kotak,Popularity,0.25,32,0,0,0,0.03125,183,-5.639218521152275,-0.0824903561892498,INE158A01026
Fund holdout,2025-04,kotak:SPO,Kotak,Co-holding,0.25,35,0,0,0,0.0285714285714285,183,-4.750161651696148,0.0881707883789542,INE158A01026
Fund holdout,2025-04,kotak:SPO,Kotak,Category popularity,0.25,30,0,0,0,0.0333333333333333,183,-5.426091564390109,-0.0415790358576044,INE158A01026
Fund holdout,2025-04,kotak:SPO,Kotak,Binary factors,0.25,15,0,0,0,0.0666666666666666,183,-4.224870273366484,0.1890044143677963,INE158A01026
Fund holdout,2025-04,kotak:SPO,Kotak,Rank factors,0.25,29,0,0,0,0.0344827586206896,183,-5.121437851090843,0.0169015329280707,INE158A01026
Fund holdout,2025-04,kotak:SPO,Kotak,Log holdings zero,0.25,53,0,0,0,0.0188679245283018,183,-8.93785299267419,-0.7156880218981285,INE158A01026
Fund holdout,2025-04,kotak:SPO,Kotak,Log holdings minimum,0.25,35,0,0,0,0.0285714285714285,183,-6.442640893585313,-0.2367133157790024,INE158A01026
Fund holdout,2025-04,kotak:SPO,Kotak,Word2Vec,1.0,2,0,1,1,0.5,183,-2.467083445381018,0.5264248002587757,INE158A01026
Fund holdout,2025-04,mirae:MAFF,Mirae Asset,Popularity,0.25,1,1,1,1,1.0,183,-1.804596914145236,0.6535940664395565,INE090A01021
Fund holdout,2025-04,mirae:MAFF,Mirae Asset,Co-holding,0.25,1,1,1,1,1.0,183,-3.0076158447058576,0.4226655458014017,INE090A01021
Fund holdout,2025-04,mirae:MAFF,Mirae Asset,Category popularity,0.25,1,1,1,1,1.0,183,-0.9310825276510696,0.8212717146501624,INE090A01021
Fund holdout,2025-04,mirae:MAFF,Mirae Asset,Binary factors,0.25,31,0,0,0,0.032258064516129,183,-4.791961071788833,0.0801470757005192,INE090A01021
Fund holdout,2025-04,mirae:MAFF,Mirae Asset,Rank factors,0.25,1,1,1,1,1.0,183,-3.132269842114879,0.3987372746146108,INE090A01021
Fund holdout,2025-04,mirae:MAFF,Mirae Asset,Log holdings zero,0.25,1,1,1,1,1.0,183,-1.4363010625307275,0.7242912217460598,INE090A01021
Fund holdout,2025-04,mirae:MAFF,Mirae Asset,Log holdings minimum,0.25,1,1,1,1,1.0,183,-1.179009862088627,0.7736802004079506,INE090A01021
Fund holdout,2025-04,mirae:MAFF,Mirae Asset,Word2Vec,1.0,1,1,1,1,1.0,183,-0.0277561015015948,0.9946720078166528,INE090A01021
Fund holdout,2025-04,sbi:SBLUECHIP,SBI,Popularity,0.25,1,1,1,1,1.0,168,-1.3702128508246254,0.7325873373949436,INE090A01021
Fund holdout,2025-04,sbi:SBLUECHIP,SBI,Co-holding,0.25,1,1,1,1,1.0,168,-2.59610241176698,0.4933410105530593,INE090A01021
Fund holdout,2025-04,sbi:SBLUECHIP,SBI,Category popularity,0.25,1,1,1,1,1.0,168,-1.8686341556583093,0.6353147361750322,INE090A01021
Fund holdout,2025-04,sbi:SBLUECHIP,SBI,Binary factors,0.25,10,0,0,1,0.1,168,-3.813789975972144,0.2556953969031802,INE090A01021
Fund holdout,2025-04,sbi:SBLUECHIP,SBI,Rank factors,0.25,1,1,1,1,1.0,168,-2.672384091240573,0.4784537709510204,INE090A01021
Fund holdout,2025-04,sbi:SBLUECHIP,SBI,Log holdings zero,0.25,1,1,1,1,1.0,168,-0.1818701278187831,0.964505970660636,INE090A01021
Fund holdout,2025-04,sbi:SBLUECHIP,SBI,Log holdings minimum,0.25,1,1,1,1,1.0,168,-0.1920090421476965,0.9625272459136104,INE090A01021
Fund holdout,2025-04,sbi:SBLUECHIP,SBI,Word2Vec,1.0,1,1,1,1,1.0,168,-0.0657895733396181,0.98716041455325,INE090A01021
Fund holdout,2025-04,sbi:SMAAF,SBI,Popularity,0.25,1,1,1,1,1.0,174,-1.6147544665850049,0.6870057844057511,INE040A01034
Fund holdout,2025-04,sbi:SMAAF,SBI,Co-holding,0.25,1,1,1,1,1.0,174,-2.816521956896833,0.454062460364468,INE040A01034
Fund holdout,2025-04,sbi:SMAAF,SBI,Category popularity,0.25,1,1,1,1,1.0,174,-2.042427935665641,0.6041081521307587,INE040A01034
Fund holdout,2025-04,sbi:SMAAF,SBI,Binary factors,0.25,3,0,1,1,0.3333333333333333,174,-3.2952732826699025,0.3612642060317494,INE040A01034
Fund holdout,2025-04,sbi:SMAAF,SBI,Rank factors,0.25,4,0,1,1,0.25,174,-4.151178528855256,0.195360722439382,INE040A01034
Fund holdout,2025-04,sbi:SMAAF,SBI,Log holdings zero,0.25,3,0,1,1,0.3333333333333333,174,-2.8739333114763124,0.4429341914761271,INE040A01034
Fund holdout,2025-04,sbi:SMAAF,SBI,Log holdings minimum,0.25,5,0,1,1,0.2,174,-3.2813734998941237,0.3639584556510344,INE040A01034
Fund holdout,2025-04,sbi:SMAAF,SBI,Word2Vec,1.0,5,0,1,1,0.2,174,-3.1276755475547606,0.3937503348663558,INE040A01034
Fund holdout,2025-04,uti:193,UTI,Popularity,0.25,1,1,1,1,1.0,163,-1.3612081168970749,0.7327689691808046,INE090A01021
Fund holdout,2025-04,uti:193,UTI,Co-holding,0.25,1,1,1,1,1.0,163,-2.479192342040088,0.5132874121609994,INE090A01021
Fund holdout,2025-04,uti:193,UTI,Category popularity,0.25,2,0,1,1,0.5,163,-1.8839305714584496,0.6301486140486301,INE090A01021
Fund holdout,2025-04,uti:193,UTI,Binary factors,0.25,23,0,0,0,0.0434782608695652,163,-4.646026461248381,0.0878966816015968,INE090A01021
Fund holdout,2025-04,uti:193,UTI,Rank factors,0.25,1,1,1,1,1.0,163,-2.256331335902556,0.5570392644018562,INE090A01021
Fund holdout,2025-04,uti:193,UTI,Log holdings zero,0.25,1,1,1,1,1.0,163,-0.3183904611744825,0.9374938996568668,INE090A01021
Fund holdout,2025-04,uti:193,UTI,Log holdings minimum,0.25,1,1,1,1,1.0,163,-0.3492960338237383,0.9314265482103116,INE090A01021
Fund holdout,2025-04,uti:193,UTI,Word2Vec,1.0,1,1,1,1,1.0,163,-0.0052105305730378,0.9989770737928584,INE090A01021
Fund holdout,2025-04,uti:751,UTI,Popularity,0.25,134,0,0,0,0.0074626865671641,183,-8.932272645156392,-0.7146168322732642,INE048G01026
Fund holdout,2025-04,uti:751,UTI,Co-holding,0.25,13,0,0,0,0.0769230769230769,183,-4.312928829671543,0.172100913000962,INE048G01026
Fund holdout,2025-04,uti:751,UTI,Category popularity,0.25,10,0,0,1,0.1,183,-3.592557304862714,0.3103816385224064,INE048G01026
Fund holdout,2025-04,uti:751,UTI,Binary factors,0.25,1,1,1,1,1.0,183,-2.990973582487616,0.4258601530486375,INE048G01026
Fund holdout,2025-04,uti:751,UTI,Rank factors,0.25,135,0,0,0,0.0074074074074074,183,-5.738471519576354,-0.1015427148119794,INE048G01026
Fund holdout,2025-04,uti:751,UTI,Log holdings zero,0.25,129,0,0,0,0.0077519379844961,183,-9.123604561539246,-0.7513444308826771,INE048G01026
Fund holdout,2025-04,uti:751,UTI,Log holdings minimum,0.25,164,0,0,0,0.0060975609756097,183,-10.03316104892262,-0.9259406311024,INE048G01026
Fund holdout,2025-04,uti:751,UTI,Word2Vec,1.0,8,0,0,1,0.125,183,-3.6660335678368057,0.2962773179006852,INE048G01026
Fund holdout,2025-04,uti:753,UTI,Popularity,0.25,1,1,1,1,1.0,177,-1.6531519950011138,0.6806212956712349,INE090A01021
Fund holdout,2025-04,uti:753,UTI,Co-holding,0.25,1,1,1,1,1.0,177,-2.8065473247929056,0.4577924770740053,INE090A01021
Fund holdout,2025-04,uti:753,UTI,Category popularity,0.25,1,1,1,1,1.0,177,-0.8727808557621302,0.8313841560127856,INE090A01021
Fund holdout,2025-04,uti:753,UTI,Binary factors,0.25,3,0,1,1,0.3333333333333333,177,-3.2914639543304824,0.36410959412223,INE090A01021
Fund holdout,2025-04,uti:753,UTI,Rank factors,0.25,1,1,1,1,1.0,177,-2.96710720985382,0.4267733038745708,INE090A01021
Fund holdout,2025-04,uti:753,UTI,Log holdings zero,0.25,1,1,1,1,1.0,177,-1.0400756101289756,0.7990638478667423,INE090A01021
Fund holdout,2025-04,uti:753,UTI,Log holdings minimum,0.25,1,1,1,1,1.0,177,-1.355385964087219,0.7381478446116634,INE090A01021
Fund holdout,2025-04,uti:753,UTI,Word2Vec,1.0,1,1,1,1,1.0,177,-0.1564162749213178,0.96978134656017,INE090A01021
Fund holdout,2025-05,absl:ABSLMCF,Aditya Birla SL,Popularity,0.25,1,1,1,1,1.0,142,-1.109260331560101,0.7761704920960237,INE090A01021
Fund holdout,2025-05,absl:ABSLMCF,Aditya Birla SL,Co-holding,0.25,1,1,1,1,1.0,142,-2.457870881114091,0.5040442589003985,INE090A01021
Fund holdout,2025-05,absl:ABSLMCF,Aditya Birla SL,Category popularity,0.25,1,1,1,1,1.0,142,-1.4006270018027962,0.7173777483509012,INE090A01021
Fund holdout,2025-05,absl:ABSLMCF,Aditya Birla SL,Binary factors,0.25,13,0,0,0,0.0769230769230769,142,-4.096150368934678,0.1734678548453397,INE090A01021
Fund holdout,2025-05,absl:ABSLMCF,Aditya Birla SL,Rank factors,0.25,1,1,1,1,1.0,142,-2.43191603217278,0.5092814975367834,INE090A01021
Fund holdout,2025-05,absl:ABSLMCF,Aditya Birla SL,Log holdings zero,0.5,1,1,1,1,1.0,142,-3.073797575997528,0.3797609278388905,INE090A01021
Fund holdout,2025-05,absl:ABSLMCF,Aditya Birla SL,Log holdings minimum,0.5,1,1,1,1,1.0,142,-2.7617402766998653,0.4427286818929848,INE090A01021
Fund holdout,2025-05,absl:ABSLMCF,Aditya Birla SL,Word2Vec,1.0,1,1,1,1,1.0,142,-0.8813210509145506,0.8221646880185663,INE090A01021
Fund holdout,2025-05,absl:BSLDAAF,Aditya Birla SL,Popularity,0.25,1,1,1,1,1.0,140,-1.0569879387988017,0.7861059444603264,INE040A01034
Fund holdout,2025-05,absl:BSLDAAF,Aditya Birla SL,Co-holding,0.25,1,1,1,1,1.0,140,-2.136754322529878,0.5676024002154284,INE040A01034
Fund holdout,2025-05,absl:BSLDAAF,Aditya Birla SL,Category popularity,0.25,1,1,1,1,1.0,140,-1.7010804698829212,0.6557661756139954,INE040A01034
Fund holdout,2025-05,absl:BSLDAAF,Aditya Birla SL,Binary factors,0.25,29,0,0,0,0.0344827586206896,140,-4.64466632601725,0.0600966381608898,INE040A01034
Fund holdout,2025-05,absl:BSLDAAF,Aditya Birla SL,Rank factors,0.25,1,1,1,1,1.0,140,-2.298903989176763,0.5347894905024537,INE040A01034
Fund holdout,2025-05,absl:BSLDAAF,Aditya Birla SL,Log holdings zero,0.5,6,0,0,1,0.1666666666666666,140,-3.4647447932398325,0.2988677656263188,INE040A01034
Fund holdout,2025-05,absl:BSLDAAF,Aditya Birla SL,Log holdings minimum,0.5,3,0,1,1,0.3333333333333333,140,-2.752566795707712,0.4429854367620772,INE040A01034
Fund holdout,2025-05,absl:BSLDAAF,Aditya Birla SL,Word2Vec,1.0,1,1,1,1,1.0,140,-0.0444688719278811,0.9910011959334766,INE040A01034
Fund holdout,2025-05,absl:BSLR96,Aditya Birla SL,Popularity,0.25,1,1,1,1,1.0,157,-1.0654634305016728,0.7892777622925955,INE040A01034
Fund holdout,2025-05,absl:BSLR96,Aditya Birla SL,Co-holding,0.25,1,1,1,1,1.0,157,-2.416972197677901,0.5219828523523682,INE040A01034
Fund holdout,2025-05,absl:BSLR96,Aditya Birla SL,Category popularity,0.25,1,1,1,1,1.0,157,-1.0291814074069716,0.7964534464842785,INE040A01034
Fund holdout,2025-05,absl:BSLR96,Aditya Birla SL,Binary factors,0.25,12,0,0,0,0.0833333333333333,157,-3.861032955192215,0.236383454477597,INE040A01034
Fund holdout,2025-05,absl:BSLR96,Aditya Birla SL,Rank factors,0.25,1,1,1,1,1.0,157,-2.695013126518333,0.4669932534396075,INE040A01034
Fund holdout,2025-05,absl:BSLR96,Aditya Birla SL,Log holdings zero,0.5,1,1,1,1,1.0,157,-2.917088720354392,0.4230722095692413,INE040A01034
Fund holdout,2025-05,absl:BSLR96,Aditya Birla SL,Log holdings minimum,0.5,1,1,1,1,1.0,157,-2.135526759607816,0.5776457787418217,INE040A01034
Fund holdout,2025-05,absl:BSLR96,Aditya Birla SL,Word2Vec,1.0,1,1,1,1,1.0,157,-0.0040940875368811,0.999190291039144,INE040A01034
Fund holdout,2025-05,absl:MNC,Aditya Birla SL,Popularity,0.25,45,0,0,0,0.0222222222222222,170,-6.009974954926491,-0.1702123883152841,INE513A01022
Fund holdout,2025-05,absl:MNC,Aditya Birla SL,Co-holding,0.25,52,0,0,0,0.0192307692307692,170,-5.1984059767568205,-0.0121904199461762,INE513A01022
Fund holdout,2025-05,absl:MNC,Aditya Birla SL,Category popularity,0.25,23,0,0,0,0.0434782608695652,170,-4.971441125810635,0.032002290053662,INE513A01022
Fund holdout,2025-05,absl:MNC,Aditya Birla SL,Binary factors,0.25,18,0,0,0,0.0555555555555555,170,-4.450490209929498,0.1334375239839765,INE513A01022
Fund holdout,2025-05,absl:MNC,Aditya Birla SL,Rank factors,0.25,86,0,0,0,0.0116279069767441,170,-5.528527290720499,-0.07646889933161,INE513A01022
Fund holdout,2025-05,absl:MNC,Aditya Birla SL,Log holdings zero,0.5,123,0,0,0,0.008130081300813,170,-6.167114433022993,-0.200809281869922,INE513A01022
Fund holdout,2025-05,absl:MNC,Aditya Birla SL,Log holdings minimum,0.5,125,0,0,0,0.008,170,-6.727263997011613,-0.3098769508710326,INE513A01022
Fund holdout,2025-05,absl:MNC,Aditya Birla SL,Word2Vec,1.0,52,0,0,0,0.0192307692307692,170,-5.682493097528245,-0.1064478419818937,INE513A01022
Fund holdout,2025-05,axis:AXISMLC,Axis,Popularity,0.25,1,1,1,1,1.0,115,-0.967516241982004,0.7960948195236365,INE090A01021
Fund holdout,2025-05,axis:AXISMLC,Axis,Co-holding,0.25,1,1,1,1,1.0,115,-2.087917318163353,0.5599689812879212,INE090A01021
Fund holdout,2025-05,axis:AXISMLC,Axis,Category popularity,0.25,1,1,1,1,1.0,115,-1.2293771280596475,0.7409073312743637,INE090A01021
Fund holdout,2025-05,axis:AXISMLC,Axis,Binary factors,0.25,4,0,1,1,0.25,115,-2.991485383759316,0.3695409538363156,INE090A01021
Fund holdout,2025-05,axis:AXISMLC,Axis,Rank factors,0.25,1,1,1,1,1.0,115,-1.9146635815329884,0.5964824090764296,INE090A01021
Fund holdout,2025-05,axis:AXISMLC,Axis,Log holdings zero,0.5,1,1,1,1,1.0,115,-1.8807763247504157,0.6036241881084222,INE090A01021
Fund holdout,2025-05,axis:AXISMLC,Axis,Log holdings minimum,0.5,1,1,1,1,1.0,115,-0.9728181039574147,0.7949774459064843,INE090A01021
Fund holdout,2025-05,axis:AXISMLC,Axis,Word2Vec,1.0,1,1,1,1,1.0,115,-0.0112904873439507,0.9976205165767364,INE090A01021
Fund holdout,2025-05,hdfc:HDFCEQ,HDFC,Popularity,0.25,1,1,1,1,1.0,161,-1.1089836939815712,0.7817564566159139,INE040A01034
Fund holdout,2025-05,hdfc:HDFCEQ,HDFC,Co-holding,0.25,1,1,1,1,1.0,161,-2.4313252767001,0.5215249364025896,INE040A01034
Fund holdout,2025-05,hdfc:HDFCEQ,HDFC,Category popularity,0.25,1,1,1,1,1.0,161,-0.9983527036702782,0.8035281918223545,INE040A01034
Fund holdout,2025-05,hdfc:HDFCEQ,HDFC,Binary factors,0.25,7,0,0,1,0.1428571428571428,161,-3.481958698492256,0.3147644925709623,INE040A01034
Fund holdout,2025-05,hdfc:HDFCEQ,HDFC,Rank factors,0.25,1,1,1,1,1.0,161,-2.767363770857223,0.4553939084386006,INE040A01034
Fund holdout,2025-05,hdfc:HDFCEQ,HDFC,Log holdings zero,0.5,1,1,1,1,1.0,161,-2.434015544315793,0.5209955025251696,INE040A01034
Fund holdout,2025-05,hdfc:HDFCEQ,HDFC,Log holdings minimum,0.5,2,0,1,1,0.5,161,-2.392030472534796,0.5292579962700705,INE040A01034
Fund holdout,2025-05,hdfc:HDFCEQ,HDFC,Word2Vec,1.0,1,1,1,1,1.0,161,-0.3185744417494796,0.937305827510058,INE040A01034
Fund holdout,2025-05,hdfc:HDFCMNCFND,HDFC,Popularity,0.25,35,0,0,0,0.0285714285714285,173,-5.934915293613276,-0.1516746500333969,INE079A01024
Fund holdout,2025-05,hdfc:HDFCMNCFND,HDFC,Co-holding,0.25,35,0,0,0,0.0285714285714285,173,-4.741607664270753,0.0798875675241402,INE079A01024
Fund holdout,2025-05,hdfc:HDFCMNCFND,HDFC,Category popularity,0.25,26,0,0,0,0.0384615384615384,173,-5.346232858343907,-0.0374403932531457,INE079A01024
Fund holdout,2025-05,hdfc:HDFCMNCFND,HDFC,Binary factors,0.25,9,0,0,1,0.1111111111111111,173,-4.116212188568303,0.2012460166307639,INE079A01024
Fund holdout,2025-05,hdfc:HDFCMNCFND,HDFC,Rank factors,0.25,62,0,0,0,0.0161290322580645,173,-5.437965574717394,-0.0552411939047974,INE079A01024
Fund holdout,2025-05,hdfc:HDFCMNCFND,HDFC,Log holdings zero,0.5,48,0,0,0,0.0208333333333333,173,-5.443388678202735,-0.0562935510993973,INE079A01024
Fund holdout,2025-05,hdfc:HDFCMNCFND,HDFC,Log holdings minimum,0.5,132,0,0,0,0.0075757575757575,173,-6.963033176330065,-0.3511816765355495,INE079A01024
Fund holdout,2025-05,hdfc:HDFCMNCFND,HDFC,Word2Vec,1.0,40,0,0,0,0.025,173,-5.253255780938508,-0.0193981234338576,INE079A01024
Fund holdout,2025-05,icici:BHACON,ICICI Prudential,Popularity,0.25,8,0,0,1,0.125,163,-3.0572375191859718,0.3998061548637077,INE101A01026
Fund holdout,2025-05,icici:BHACON,ICICI Prudential,Co-holding,0.25,4,0,1,1,0.25,163,-3.2119379716149705,0.3694355150933285,INE101A01026
Fund holdout,2025-05,icici:BHACON,ICICI Prudential,Category popularity,0.25,4,0,1,1,0.25,163,-2.545117600554473,0.5003450306315825,INE101A01026
Fund holdout,2025-05,icici:BHACON,ICICI Prudential,Binary factors,0.25,8,0,0,1,0.125,163,-3.448247178587561,0.323043525369301,INE101A01026
Fund holdout,2025-05,icici:BHACON,ICICI Prudential,Rank factors,0.25,3,0,1,1,0.3333333333333333,163,-3.4326184484873763,0.3261117422005286,INE101A01026
Fund holdout,2025-05,icici:BHACON,ICICI Prudential,Log holdings zero,0.5,19,0,0,0,0.0526315789473684,163,-4.866761066880587,0.0445622822042244,INE101A01026
Fund holdout,2025-05,icici:BHACON,ICICI Prudential,Log holdings minimum,0.5,15,0,0,0,0.0666666666666666,163,-4.297649586116658,0.1562896850662239,INE101A01026
Fund holdout,2025-05,icici:BHACON,ICICI Prudential,Word2Vec,1.0,2,0,1,1,0.5,163,-2.203831526887396,0.5673459749678444,INE101A01026
Fund holdout,2025-05,icici:HOUSING,ICICI Prudential,Popularity,0.25,1,1,1,1,1.0,176,-1.7883343154691185,0.6541263221808072,INE040A01034
Fund holdout,2025-05,icici:HOUSING,ICICI Prudential,Co-holding,0.25,2,0,1,1,0.5,176,-3.043602108313064,0.4113506373419097,INE040A01034
Fund holdout,2025-05,icici:HOUSING,ICICI Prudential,Category popularity,0.25,3,0,1,1,0.3333333333333333,176,-2.0941667804089565,0.5949766438850558,INE040A01034
Fund holdout,2025-05,icici:HOUSING,ICICI Prudential,Binary factors,0.25,11,0,0,0,0.0909090909090909,176,-4.06397357816804,0.2140051913770495,INE040A01034
Fund holdout,2025-05,icici:HOUSING,ICICI Prudential,Rank factors,0.25,1,1,1,1,1.0,176,-2.766078316965189,0.4650252626988783,INE040A01034
Fund holdout,2025-05,icici:HOUSING,ICICI Prudential,Log holdings zero,0.5,7,0,0,1,0.1428571428571428,176,-3.568070590133644,0.3099155526721022,INE040A01034
Fund holdout,2025-05,icici:HOUSING,ICICI Prudential,Log holdings minimum,0.5,1,1,1,1,1.0,176,-1.455106012316289,0.718574506039922,INE040A01034
Fund holdout,2025-05,icici:HOUSING,ICICI Prudential,Word2Vec,1.0,4,0,1,1,0.25,176,-2.7027267799758663,0.4772777978677557,INE040A01034
Fund holdout,2025-05,icici:LARGE & MIDCAP,ICICI Prudential,Popularity,0.25,1,1,1,1,1.0,133,-1.6331428990176209,0.6660477900048274,INE018A01030
Fund holdout,2025-05,icici:LARGE & MIDCAP,ICICI Prudential,Co-holding,0.25,1,1,1,1,1.0,133,-2.76366075652654,0.434874549021928,INE018A01030
Fund holdout,2025-05,icici:LARGE & MIDCAP,ICICI Prudential,Category popularity,0.25,1,1,1,1,1.0,133,-1.9390550944309235,0.6034935249835609,INE018A01030
Fund holdout,2025-05,icici:LARGE & MIDCAP,ICICI Prudential,Binary factors,0.25,2,0,1,1,0.5,133,-2.869911053974024,0.4131480230292697,INE018A01030
Fund holdout,2025-05,icici:LARGE & MIDCAP,ICICI Prudential,Rank factors,0.25,2,0,1,1,0.5,133,-3.709367641033661,0.2414922649126946,INE018A01030
Fund holdout,2025-05,icici:LARGE & MIDCAP,ICICI Prudential,Log holdings zero,0.5,4,0,1,1,0.25,133,-3.746538166931973,0.2338914730420683,INE018A01030
Fund holdout,2025-05,icici:LARGE & MIDCAP,ICICI Prudential,Log holdings minimum,0.5,19,0,0,0,0.0526315789473684,133,-4.05566258832675,0.1706803579887793,INE018A01030
Fund holdout,2025-05,icici:LARGE & MIDCAP,ICICI Prudential,Word2Vec,1.0,17,0,0,0,0.0588235294117647,133,-4.136143652056152,0.1542232377261475,INE018A01030
Fund holdout,2025-05,icici:MIDCAP,ICICI Prudential,Popularity,0.25,45,0,0,0,0.0222222222222222,147,-6.236963594535917,-0.2497841592048839,INE749A01030
Fund holdout,2025-05,icici:MIDCAP,ICICI Prudential,Co-holding,0.25,53,0,0,0,0.0188679245283018,147,-4.994247579579279,-0.0007644613436217,INE749A01030
Fund holdout,2025-05,icici:MIDCAP,ICICI Prudential,Category popularity,0.25,39,0,0,0,0.0256410256410256,147,-5.360553579317119,-0.0741661140797598,INE749A01030
Fund holdout,2025-05,icici:MIDCAP,ICICI Prudential,Binary factors,0.25,5,0,1,1,0.2,147,-3.3685073752973755,0.3250069374303067,INE749A01030
Fund holdout,2025-05,icici:MIDCAP,ICICI Prudential,Rank factors,0.25,77,0,0,0,0.0129870129870129,147,-5.423297450231641,-0.0867389461586363,INE749A01030
Fund holdout,2025-05,icici:MIDCAP,ICICI Prudential,Log holdings zero,0.5,54,0,0,0,0.0185185185185185,147,-6.055136865488758,-0.2133490955334747,INE749A01030
Fund holdout,2025-05,icici:MIDCAP,ICICI Prudential,Log holdings minimum,0.5,103,0,0,0,0.0097087378640776,147,-8.03594707110059,-0.6102706391406636,INE749A01030
Fund holdout,2025-05,icici:MIDCAP,ICICI Prudential,Word2Vec,1.0,128,0,0,0,0.0078125,147,-8.7162008662131,-0.7465822280227019,INE749A01030
Fund holdout,2025-05,icici:MNCFUND,ICICI Prudential,Popularity,0.25,9,0,0,1,0.1111111111111111,169,-3.476101594821713,0.322383971303449,INE585B01010
Fund holdout,2025-05,icici:MNCFUND,ICICI Prudential,Co-holding,0.25,1,1,1,1,1.0,169,-3.211061129964452,0.3740497993413882,INE585B01010
Fund holdout,2025-05,icici:MNCFUND,ICICI Prudential,Category popularity,0.25,5,0,1,1,0.2,169,-2.6040811938796318,0.492371811103354,INE585B01010
Fund holdout,2025-05,icici:MNCFUND,ICICI Prudential,Binary factors,0.25,4,0,1,1,0.25,169,-3.188259530638436,0.3784946433028656,INE585B01010
Fund holdout,2025-05,icici:MNCFUND,ICICI Prudential,Rank factors,0.25,2,0,1,1,0.5,169,-3.365245970372275,0.3439936814770544,INE585B01010
Fund holdout,2025-05,icici:MNCFUND,ICICI Prudential,Log holdings zero,0.5,41,0,0,0,0.024390243902439,169,-5.357906499908522,-0.0444468395296315,INE585B01010
Fund holdout,2025-05,icici:MNCFUND,ICICI Prudential,Log holdings minimum,0.5,2,0,1,1,0.5,169,-2.1208785915365134,0.5865652112454394,INE585B01010
Fund holdout,2025-05,icici:MNCFUND,ICICI Prudential,Word2Vec,1.0,1,1,1,1,1.0,169,-1.3801536422686418,0.7309588904253175,INE585B01010
Fund holdout,2025-05,icici:MULTICAP,ICICI Prudential,Popularity,0.25,1,1,1,1,1.0,137,-1.6899542052846357,0.6565120412534557,INE002A01018
Fund holdout,2025-05,icici:MULTICAP,ICICI Prudential,Co-holding,0.25,1,1,1,1,1.0,137,-2.710985432413353,0.4489845645169765,INE002A01018
Fund holdout,2025-05,icici:MULTICAP,ICICI Prudential,Category popularity,0.25,2,0,1,1,0.5,137,-2.5082231512087807,0.4901965700636126,INE002A01018
Fund holdout,2025-05,icici:MULTICAP,ICICI Prudential,Binary factors,0.25,2,0,1,1,0.5,137,-2.95802482398958,0.3987731114035389,INE002A01018
Fund holdout,2025-05,icici:MULTICAP,ICICI Prudential,Rank factors,0.25,1,1,1,1,1.0,137,-3.515722444427232,0.2854194970612675,INE002A01018
Fund holdout,2025-05,icici:MULTICAP,ICICI Prudential,Log holdings zero,0.5,1,1,1,1,1.0,137,-1.814564179265714,0.6311847125788828,INE002A01018
Fund holdout,2025-05,icici:MULTICAP,ICICI Prudential,Log holdings minimum,0.5,5,0,1,1,0.2,137,-3.5693224277471804,0.2745251492725256,INE002A01018
Fund holdout,2025-05,icici:MULTICAP,ICICI Prudential,Word2Vec,1.0,1,1,1,1,1.0,137,-0.8544167913612357,0.8263373772699288,INE002A01018
Fund holdout,2025-05,icici:RURALOPP,ICICI Prudential,Popularity,0.25,3,0,1,1,0.3333333333333333,174,-2.246412639391892,0.56456899391369,INE397D01024
Fund holdout,2025-05,icici:RURALOPP,ICICI Prudential,Co-holding,0.25,4,0,1,1,0.25,174,-3.2604637363722326,0.3680114774368398,INE397D01024
Fund holdout,2025-05,icici:RURALOPP,ICICI Prudential,Category popularity,0.25,1,1,1,1,1.0,174,-1.922887261134232,0.6272791917103518,INE397D01024
Fund holdout,2025-05,icici:RURALOPP,ICICI Prudential,Binary factors,0.25,18,0,0,0,0.0555555555555555,174,-4.157714317971435,0.194093864703398,INE397D01024
Fund holdout,2025-05,icici:RURALOPP,ICICI Prudential,Rank factors,0.25,1,1,1,1,1.0,174,-2.6825246068242663,0.4800356942805627,INE397D01024
Fund holdout,2025-05,icici:RURALOPP,ICICI Prudential,Log holdings zero,0.5,13,0,0,0,0.0769230769230769,174,-4.329187620448904,0.1608565193887287,INE397D01024
Fund holdout,2025-05,icici:RURALOPP,ICICI Prudential,Log holdings minimum,0.5,3,0,1,1,0.3333333333333333,174,-2.5442529482245826,0.5068374342465476,INE397D01024
Fund holdout,2025-05,icici:RURALOPP,ICICI Prudential,Word2Vec,1.0,10,0,0,1,0.1,174,-3.4342914790779524,0.3343177617032277,INE397D01024
Fund holdout,2025-05,icici:TECH,ICICI Prudential,Popularity,0.25,15,0,0,0,0.0666666666666666,179,-4.047328543907771,0.2197749125675852,INE467B01029
Fund holdout,2025-05,icici:TECH,ICICI Prudential,Co-holding,0.25,3,0,1,1,0.3333333333333333,179,-3.483968916781904,0.3283767494488038,INE467B01029
Fund holdout,2025-05,icici:TECH,ICICI Prudential,Category popularity,0.25,32,0,0,0,0.03125,179,-5.3626990926851885,-0.0337960763679923,INE467B01029
Fund holdout,2025-05,icici:TECH,ICICI Prudential,Binary factors,0.25,6,0,0,1,0.1666666666666666,179,-3.436262729532253,0.337573325341797,INE467B01029
Fund holdout,2025-05,icici:TECH,ICICI Prudential,Rank factors,0.25,6,0,0,1,0.1666666666666666,179,-4.036856525125327,0.2217936594228223,INE467B01029
Fund holdout,2025-05,icici:TECH,ICICI Prudential,Log holdings zero,0.5,3,0,1,1,0.3333333333333333,179,-2.307077172351989,0.5552524414601421,INE467B01029
Fund holdout,2025-05,icici:TECH,ICICI Prudential,Log holdings minimum,0.5,5,0,1,1,0.2,179,-2.9504316797837538,0.4312295652924629,INE467B01029
Fund holdout,2025-05,icici:TECH,ICICI Prudential,Word2Vec,1.0,6,0,0,1,0.1666666666666666,179,-3.2091343370436185,0.3813580756938721,INE467B01029
Fund holdout,2025-05,kotak:EME,Kotak,Popularity,0.25,57,0,0,0,0.0175438596491228,156,-6.691029443426437,-0.324994105539018,INE061F01013
Fund holdout,2025-05,kotak:EME,Kotak,Co-holding,0.25,7,0,0,1,0.1428571428571428,156,-3.789284526058674,0.2496252327553886,INE061F01013
Fund holdout,2025-05,kotak:EME,Kotak,Category popularity,0.25,6,0,0,1,0.1666666666666666,156,-3.4453026483464813,0.3177423983178076,INE061F01013
Fund holdout,2025-05,kotak:EME,Kotak,Binary factors,0.25,1,1,1,1,1.0,156,-2.505171430314572,0.5039123042878519,INE061F01013
Fund holdout,2025-05,kotak:EME,Kotak,Rank factors,0.25,14,0,0,0,0.0714285714285714,156,-4.628136972457696,0.0835111009475169,INE061F01013
Fund holdout,2025-05,kotak:EME,Kotak,Log holdings zero,0.5,102,0,0,0,0.0098039215686274,156,-6.467946629952227,-0.2808180313788926,INE061F01013
Fund holdout,2025-05,kotak:EME,Kotak,Log holdings minimum,0.5,15,0,0,0,0.0666666666666666,156,-4.278319851774889,0.1527837931154941,INE061F01013
Fund holdout,2025-05,kotak:EME,Kotak,Word2Vec,1.0,36,0,0,0,0.0277777777777777,156,-5.141414483116228,-0.0181309082348586,INE061F01013
Fund holdout,2025-05,kotak:SPO,Kotak,Popularity,0.25,34,0,0,0,0.0294117647058823,180,-5.814818578986962,-0.1197509908040441,INE158A01026
Fund holdout,2025-05,kotak:SPO,Kotak,Co-holding,0.25,31,0,0,0,0.032258064516129,180,-4.7074612728202965,0.0934911635144218,INE158A01026
Fund holdout,2025-05,kotak:SPO,Kotak,Category popularity,0.25,27,0,0,0,0.037037037037037,180,-5.392865231997503,-0.0384960605002953,INE158A01026
Fund holdout,2025-05,kotak:SPO,Kotak,Binary factors,0.25,17,0,0,0,0.0588235294117647,180,-4.313173218203561,0.1694186294915644,INE158A01026
Fund holdout,2025-05,kotak:SPO,Kotak,Rank factors,0.25,28,0,0,0,0.0357142857142857,180,-5.102317020469132,0.0174543777319351,INE158A01026
Fund holdout,2025-05,kotak:SPO,Kotak,Log holdings zero,0.5,44,0,0,0,0.0227272727272727,180,-5.449330968031645,-0.0493695835538254,INE158A01026
Fund holdout,2025-05,kotak:SPO,Kotak,Log holdings minimum,0.5,25,0,0,0,0.04,180,-4.864132559603458,0.0633212061506698,INE158A01026
Fund holdout,2025-05,kotak:SPO,Kotak,Word2Vec,1.0,11,0,0,0,0.0909090909090909,180,-3.743256700761712,0.2791666081107494,INE158A01026
Fund holdout,2025-05,mirae:MAFF,Mirae Asset,Popularity,0.25,1,1,1,1,1.0,180,-1.7241229560014624,0.6679881991112824,INE090A01021
Fund holdout,2025-05,mirae:MAFF,Mirae Asset,Co-holding,0.25,1,1,1,1,1.0,180,-2.932218431571258,0.4353470448982071,INE090A01021
Fund holdout,2025-05,mirae:MAFF,Mirae Asset,Category popularity,0.25,1,1,1,1,1.0,180,-1.04160519015249,0.7994196331567955,INE090A01021
Fund holdout,2025-05,mirae:MAFF,Mirae Asset,Binary factors,0.25,15,0,0,0,0.0666666666666666,180,-4.203294468216435,0.19057781743442,INE090A01021
Fund holdout,2025-05,mirae:MAFF,Mirae Asset,Rank factors,0.25,1,1,1,1,1.0,180,-3.053091756336729,0.4120706479944371,INE090A01021
Fund holdout,2025-05,mirae:MAFF,Mirae Asset,Log holdings zero,0.5,2,0,1,1,0.5,180,-2.9280788462562786,0.4361441987036099,INE090A01021
Fund holdout,2025-05,mirae:MAFF,Mirae Asset,Log holdings minimum,0.5,1,1,1,1,1.0,180,-2.887981809116061,0.4438656256847224,INE090A01021
Fund holdout,2025-05,mirae:MAFF,Mirae Asset,Word2Vec,1.0,1,1,1,1,1.0,180,-0.0894333789487245,0.9827779468390164,INE090A01021
Fund holdout,2025-05,sbi:SBLUECHIP,SBI,Popularity,0.25,1,1,1,1,1.0,162,-1.252895726686436,0.7537352328819916,INE090A01021
Fund holdout,2025-05,sbi:SBLUECHIP,SBI,Co-holding,0.25,1,1,1,1,1.0,162,-2.4908957665564397,0.510398309451832,INE090A01021
Fund holdout,2025-05,sbi:SBLUECHIP,SBI,Category popularity,0.25,1,1,1,1,1.0,162,-1.9204836993929408,0.6225164944605968,INE090A01021
Fund holdout,2025-05,sbi:SBLUECHIP,SBI,Binary factors,0.25,8,0,0,1,0.125,162,-3.6330328308363327,0.2859038745513231,INE090A01021
Fund holdout,2025-05,sbi:SBLUECHIP,SBI,Rank factors,0.25,1,1,1,1,1.0,162,-2.547228004331565,0.4993258433866655,INE090A01021
Fund holdout,2025-05,sbi:SBLUECHIP,SBI,Log holdings zero,0.5,1,1,1,1,1.0,162,-2.215831988305791,0.5644638760035234,INE090A01021
Fund holdout,2025-05,sbi:SBLUECHIP,SBI,Log holdings minimum,0.5,1,1,1,1,1.0,162,-1.5343006705278075,0.6984232691767347,INE090A01021
Fund holdout,2025-05,sbi:SBLUECHIP,SBI,Word2Vec,1.0,1,1,1,1,1.0,162,-0.0348177978175687,0.993156336406556,INE090A01021
Fund holdout,2025-05,sbi:SMAAF,SBI,Popularity,0.25,1,1,1,1,1.0,169,-2.106411762060532,0.5893853116567587,INE002A01018
Fund holdout,2025-05,sbi:SMAAF,SBI,Co-holding,0.25,2,0,1,1,0.5,169,-3.230820294858575,0.3701980342301898,INE002A01018
Fund holdout,2025-05,sbi:SMAAF,SBI,Category popularity,0.25,1,1,1,1,1.0,169,-2.457792566672984,0.5208886757309321,INE002A01018
Fund holdout,2025-05,sbi:SMAAF,SBI,Binary factors,0.25,2,0,1,1,0.5,169,-2.7420624141017385,0.465474356028712,INE002A01018
Fund holdout,2025-05,sbi:SMAAF,SBI,Rank factors,0.25,5,0,1,1,0.2,169,-4.148987439816088,0.1912145501534907,INE002A01018
Fund holdout,2025-05,sbi:SMAAF,SBI,Log holdings zero,0.5,1,1,1,1,1.0,169,-2.36736297549254,0.5385166243914739,INE002A01018
Fund holdout,2025-05,sbi:SMAAF,SBI,Log holdings minimum,0.5,3,0,1,1,0.3333333333333333,169,-3.309144693221989,0.3549298188684391,INE002A01018
Fund holdout,2025-05,sbi:SMAAF,SBI,Word2Vec,1.0,1,1,1,1,1.0,169,-2.016809727277037,0.6068519400958035,INE002A01018
Fund holdout,2025-05,uti:193,UTI,Popularity,0.25,1,1,1,1,1.0,159,-1.3503413771821506,0.7336029004867191,INE090A01021
Fund holdout,2025-05,uti:193,UTI,Co-holding,0.25,1,1,1,1,1.0,159,-2.5013732485800464,0.5065258389605352,INE090A01021
Fund holdout,2025-05,uti:193,UTI,Category popularity,0.25,2,0,1,1,0.5,159,-1.8962654937173264,0.6259022822158007,INE090A01021
Fund holdout,2025-05,uti:193,UTI,Binary factors,0.25,27,0,0,0,0.037037037037037,159,-4.830102098238571,0.0471111890173545,INE090A01021
Fund holdout,2025-05,uti:193,UTI,Rank factors,0.25,1,1,1,1,1.0,159,-2.4769729381098093,0.5113395638795324,INE090A01021
Fund holdout,2025-05,uti:193,UTI,Log holdings zero,0.5,1,1,1,1,1.0,159,-2.0495657417661706,0.5956590103106625,INE090A01021
Fund holdout,2025-05,uti:193,UTI,Log holdings minimum,0.5,1,1,1,1,1.0,159,-2.0455053388301674,0.5964600518719183,INE090A01021
Fund holdout,2025-05,uti:193,UTI,Word2Vec,1.0,1,1,1,1,1.0,159,-0.0172740546271192,0.9965921520829782,INE090A01021
Fund holdout,2025-05,uti:751,UTI,Popularity,0.25,148,0,0,0,0.0067567567567567,178,-9.311780796670176,-0.7970223391799707,INE285K01026
Fund holdout,2025-05,uti:751,UTI,Co-holding,0.25,133,0,0,0,0.0075187969924812,178,-6.352023387378053,-0.2258372673671411,INE285K01026
Fund holdout,2025-05,uti:751,UTI,Category popularity,0.25,109,0,0,0,0.0091743119266055,178,-7.733996663884014,-0.4925356470067272,INE285K01026
Fund holdout,2025-05,uti:751,UTI,Binary factors,0.25,79,0,0,0,0.0126582278481012,178,-5.544581268485705,-0.0700140626624918,INE285K01026
Fund holdout,2025-05,uti:751,UTI,Rank factors,0.25,94,0,0,0,0.0106382978723404,178,-5.496098958667933,-0.0606577649037716,INE285K01026
Fund holdout,2025-05,uti:751,UTI,Log holdings zero,0.5,166,0,0,0,0.0060240963855421,178,-6.669888228607995,-0.2871800151189312,INE285K01026
Fund holdout,2025-05,uti:751,UTI,Log holdings minimum,0.5,123,0,0,0,0.008130081300813,178,-6.167369431289963,-0.1902020552252366,INE285K01026
Fund holdout,2025-05,uti:751,UTI,Word2Vec,1.0,66,0,0,0,0.0151515151515151,178,-6.812485934082739,-0.3146990544787875,INE285K01026
Fund holdout,2025-05,uti:753,UTI,Popularity,0.25,1,1,1,1,1.0,171,-1.6084515266280128,0.6871729336327725,INE090A01021
Fund holdout,2025-05,uti:753,UTI,Co-holding,0.25,1,1,1,1,1.0,171,-2.793297070930453,0.4567328180394512,INE090A01021
Fund holdout,2025-05,uti:753,UTI,Category popularity,0.25,1,1,1,1,1.0,171,-0.9948943312679894,0.806503416582023,INE090A01021
Fund holdout,2025-05,uti:753,UTI,Binary factors,0.25,5,0,1,1,0.2,171,-3.267421108790076,0.3645206317208815,INE090A01021
Fund holdout,2025-05,uti:753,UTI,Rank factors,0.25,1,1,1,1,1.0,171,-2.931696253317785,0.4298156187971361,INE090A01021
Fund holdout,2025-05,uti:753,UTI,Log holdings zero,0.5,1,1,1,1,1.0,171,-3.051504706650153,0.4065141226926612,INE090A01021
Fund holdout,2025-05,uti:753,UTI,Log holdings minimum,0.5,1,1,1,1,1.0,171,-2.933291056268956,0.4295054462365155,INE090A01021
Fund holdout,2025-05,uti:753,UTI,Word2Vec,1.0,1,1,1,1,1.0,171,-0.1444515463064117,0.971905679024112,INE090A01021
Fund holdout,2025-06,absl:ABSLMCF,Aditya Birla SL,Popularity,0.25,7,0,0,1,0.1428571428571428,147,-3.140211648482772,0.3707536182730522,INE481G01011
Fund holdout,2025-06,absl:ABSLMCF,Aditya Birla SL,Co-holding,0.25,8,0,0,1,0.125,147,-3.6421674761493272,0.2701699877083596,INE481G01011
Fund holdout,2025-06,absl:ABSLMCF,Aditya Birla SL,Category popularity,0.25,18,0,0,0,0.0555555555555555,147,-4.202370639958761,0.1579145561264178,INE481G01011
Fund holdout,2025-06,absl:ABSLMCF,Aditya Birla SL,Binary factors,0.25,87,0,0,0,0.0114942528735632,147,-6.358815064076191,-0.274201174648214,INE481G01011
Fund holdout,2025-06,absl:ABSLMCF,Aditya Birla SL,Rank factors,0.25,63,0,0,0,0.0158730158730158,147,-5.053540175242499,-0.0126457150490228,INE481G01011
Fund holdout,2025-06,absl:ABSLMCF,Aditya Birla SL,Log holdings zero,0.25,36,0,0,0,0.0277777777777777,147,-4.86153046297894,0.0258298497291196,INE481G01011
Fund holdout,2025-06,absl:ABSLMCF,Aditya Birla SL,Log holdings minimum,0.25,51,0,0,0,0.0196078431372549,147,-5.426351823116383,-0.0873509918744395,INE481G01011
Fund holdout,2025-06,absl:ABSLMCF,Aditya Birla SL,Word2Vec,0.5,14,0,0,0,0.0714285714285714,147,-5.065658216054845,-0.0150739696344974,INE481G01011
Fund holdout,2025-06,absl:BSLDAAF,Aditya Birla SL,Popularity,0.25,1,1,1,1,1.0,142,-1.1170597344894375,0.7745967077733094,INE040A01034
Fund holdout,2025-06,absl:BSLDAAF,Aditya Birla SL,Co-holding,0.25,1,1,1,1,1.0,142,-2.1224955706650324,0.5717171834296471,INE040A01034
Fund holdout,2025-06,absl:BSLDAAF,Aditya Birla SL,Category popularity,0.25,1,1,1,1,1.0,142,-1.693431720035056,0.658294831447424,INE040A01034
Fund holdout,2025-06,absl:BSLDAAF,Aditya Birla SL,Binary factors,0.25,21,0,0,0,0.0476190476190476,142,-4.35381676785882,0.1214752417195583,INE040A01034
Fund holdout,2025-06,absl:BSLDAAF,Aditya Birla SL,Rank factors,0.25,2,0,1,1,0.5,142,-2.399231721771069,0.5158766248529353,INE040A01034
Fund holdout,2025-06,absl:BSLDAAF,Aditya Birla SL,Log holdings zero,0.25,3,0,1,1,0.3333333333333333,142,-1.5481075605405614,0.6876187279041407,INE040A01034
Fund holdout,2025-06,absl:BSLDAAF,Aditya Birla SL,Log holdings minimum,0.25,1,1,1,1,1.0,142,-0.8700780375485753,0.8244333332386877,INE040A01034
Fund holdout,2025-06,absl:BSLDAAF,Aditya Birla SL,Word2Vec,0.5,1,1,1,1,1.0,142,-0.0017881970607263,0.9996391728282804,INE040A01034
Fund holdout,2025-06,absl:BSLR96,Aditya Birla SL,Popularity,0.25,1,1,1,1,1.0,162,-1.1435268396841245,0.7752323957455064,INE040A01034
Fund holdout,2025-06,absl:BSLR96,Aditya Birla SL,Co-holding,0.25,1,1,1,1,1.0,162,-2.432247862349488,0.52192593474726,INE040A01034
Fund holdout,2025-06,absl:BSLR96,Aditya Birla SL,Category popularity,0.25,1,1,1,1,1.0,162,-1.0898135211315338,0.7857900962809474,INE040A01034
Fund holdout,2025-06,absl:BSLR96,Aditya Birla SL,Binary factors,0.25,11,0,0,0,0.0909090909090909,162,-3.853513884331268,0.2425668959533808,INE040A01034
Fund holdout,2025-06,absl:BSLR96,Aditya Birla SL,Rank factors,0.25,1,1,1,1,1.0,162,-2.743897716565858,0.4606691380831561,INE040A01034
Fund holdout,2025-06,absl:BSLR96,Aditya Birla SL,Log holdings zero,0.25,1,1,1,1,1.0,162,-0.4585643400369399,0.9098662099307464,INE040A01034
Fund holdout,2025-06,absl:BSLR96,Aditya Birla SL,Log holdings minimum,0.25,1,1,1,1,1.0,162,-0.8419555692208114,0.8345081815178339,INE040A01034
Fund holdout,2025-06,absl:BSLR96,Aditya Birla SL,Word2Vec,0.5,1,1,1,1,1.0,162,-1.1253898406948792e-05,0.9999977879734032,INE040A01034
Fund holdout,2025-06,absl:MNC,Aditya Birla SL,Popularity,0.25,47,0,0,0,0.0212765957446808,175,-6.091993647431432,-0.1795248976800385,INE513A01022
Fund holdout,2025-06,absl:MNC,Aditya Birla SL,Co-holding,0.25,53,0,0,0,0.0188679245283018,175,-5.202070859156791,-0.0072190571732351,INE513A01022
Fund holdout,2025-06,absl:MNC,Aditya Birla SL,Category popularity,0.25,22,0,0,0,0.0454545454545454,175,-5.139308279173976,0.004932962348909,INE513A01022
Fund holdout,2025-06,absl:MNC,Aditya Birla SL,Binary factors,0.25,5,0,1,1,0.2,175,-3.338053791070384,0.3536898125258467,INE513A01022
Fund holdout,2025-06,absl:MNC,Aditya Birla SL,Rank factors,0.25,78,0,0,0,0.0128205128205128,175,-5.564496083633507,-0.0773914179073613,INE513A01022
Fund holdout,2025-06,absl:MNC,Aditya Birla SL,Log holdings zero,0.25,121,0,0,0,0.0082644628099173,175,-9.167850046431296,-0.7750687236061378,INE513A01022
Fund holdout,2025-06,absl:MNC,Aditya Birla SL,Log holdings minimum,0.25,120,0,0,0,0.0083333333333333,175,-9.637019403697783,-0.865908762212825,INE513A01022
Fund holdout,2025-06,absl:MNC,Aditya Birla SL,Word2Vec,0.5,38,0,0,0,0.0263157894736842,175,-7.083682344185704,-0.3715345379170607,INE513A01022
Fund holdout,2025-06,axis:AXISMLC,Axis,Popularity,0.25,1,1,1,1,1.0,119,-1.0688049332351142,0.7763596327285424,INE090A01021
Fund holdout,2025-06,axis:AXISMLC,Axis,Co-holding,0.25,1,1,1,1,1.0,119,-2.260574251751269,0.5269897806554724,INE090A01021
Fund holdout,2025-06,axis:AXISMLC,Axis,Category popularity,0.25,1,1,1,1,1.0,119,-1.3612270706791776,0.7151722334354396,INE090A01021
Fund holdout,2025-06,axis:AXISMLC,Axis,Binary factors,0.25,4,0,1,1,0.25,119,-3.311499169625173,0.3070906884079771,INE090A01021
Fund holdout,2025-06,axis:AXISMLC,Axis,Rank factors,0.25,1,1,1,1,1.0,119,-2.3891954414001333,0.5000766469324678,INE090A01021
Fund holdout,2025-06,axis:AXISMLC,Axis,Log holdings zero,0.25,1,1,1,1,1.0,119,-0.3466047768229323,0.9274752415746282,INE090A01021
Fund holdout,2025-06,axis:AXISMLC,Axis,Log holdings minimum,0.25,1,1,1,1,1.0,119,-0.1299651873961851,0.9728056436324544,INE090A01021
Fund holdout,2025-06,axis:AXISMLC,Axis,Word2Vec,0.5,1,1,1,1,1.0,119,-0.0007230551452117,0.9998487054903992,INE090A01021
Fund holdout,2025-06,hdfc:HDFCEQ,HDFC,Popularity,0.25,1,1,1,1,1.0,168,-1.2102246015332805,0.7638108686169522,INE040A01034
Fund holdout,2025-06,hdfc:HDFCEQ,HDFC,Co-holding,0.25,1,1,1,1,1.0,168,-2.49494809880691,0.5130824282067896,INE040A01034
Fund holdout,2025-06,hdfc:HDFCEQ,HDFC,Category popularity,0.25,1,1,1,1,1.0,168,-1.0290475511537591,0.7991696359907661,INE040A01034
Fund holdout,2025-06,hdfc:HDFCEQ,HDFC,Binary factors,0.25,12,0,0,0,0.0833333333333333,168,-4.057082145431978,0.2082141557317369,INE040A01034
Fund holdout,2025-06,hdfc:HDFCEQ,HDFC,Rank factors,0.25,1,1,1,1,1.0,168,-2.0288965833075148,0.6040376959199854,INE040A01034
Fund holdout,2025-06,hdfc:HDFCEQ,HDFC,Log holdings zero,0.25,1,1,1,1,1.0,168,-1.069677053156771,0.7912403253698621,INE040A01034
Fund holdout,2025-06,hdfc:HDFCEQ,HDFC,Log holdings minimum,0.25,1,1,1,1,1.0,168,-0.0621733060609166,0.98786617034959,INE040A01034
Fund holdout,2025-06,hdfc:HDFCEQ,HDFC,Word2Vec,0.5,1,1,1,1,1.0,168,-0.0154546069599827,0.9969838572202876,INE040A01034
Fund holdout,2025-06,hdfc:HDFCMNCFND,HDFC,Popularity,0.25,28,0,0,0,0.0357142857142857,178,-5.494094517436936,-0.0602709403265691,INE854D01024
Fund holdout,2025-06,hdfc:HDFCMNCFND,HDFC,Co-holding,0.25,24,0,0,0,0.0416666666666666,178,-4.514253743369213,0.1288224026426663,INE854D01024
Fund holdout,2025-06,hdfc:HDFCMNCFND,HDFC,Category popularity,0.25,26,0,0,0,0.0384615384615384,178,-5.259530787407233,-0.0150039530521812,INE854D01024
Fund holdout,2025-06,hdfc:HDFCMNCFND,HDFC,Binary factors,0.25,115,0,0,0,0.008695652173913,178,-6.3318921620725135,-0.2219522680980372,INE854D01024
Fund holdout,2025-06,hdfc:HDFCMNCFND,HDFC,Rank factors,0.25,103,0,0,0,0.0097087378640776,178,-5.6417620427830695,-0.0887683725162655,INE854D01024
Fund holdout,2025-06,hdfc:HDFCMNCFND,HDFC,Log holdings zero,0.25,91,0,0,0,0.0109890109890109,178,-8.014147263338634,-0.54660015910678,INE854D01024
Fund holdout,2025-06,hdfc:HDFCMNCFND,HDFC,Log holdings minimum,0.25,158,0,0,0,0.0063291139240506,178,-10.779640522564048,-1.080295407544845,INE854D01024
Fund holdout,2025-06,hdfc:HDFCMNCFND,HDFC,Word2Vec,0.5,13,0,0,0,0.0769230769230769,178,-4.115983514669892,0.2056820832591736,INE854D01024
Fund holdout,2025-06,icici:BHACON,ICICI Prudential,Popularity,0.25,3,0,1,1,0.3333333333333333,167,-2.155915237939862,0.5787577482588198,INE397D01024
Fund holdout,2025-06,icici:BHACON,ICICI Prudential,Co-holding,0.25,1,1,1,1,1.0,167,-2.9411275314406846,0.4253358563456602,INE397D01024
Fund holdout,2025-06,icici:BHACON,ICICI Prudential,Category popularity,0.25,1,1,1,1,1.0,167,-1.6181777172719034,0.683825776938994,INE397D01024
Fund holdout,2025-06,icici:BHACON,ICICI Prudential,Binary factors,0.25,13,0,0,0,0.0769230769230769,167,-4.155953944561992,0.187972065445011,INE397D01024
Fund holdout,2025-06,icici:BHACON,ICICI Prudential,Rank factors,0.25,3,0,1,1,0.3333333333333333,167,-3.5575999718974542,0.3048838857002196,INE397D01024
Fund holdout,2025-06,icici:BHACON,ICICI Prudential,Log holdings zero,0.25,2,0,1,1,0.5,167,-1.3638407702707678,0.7335204339321482,INE397D01024
Fund holdout,2025-06,icici:BHACON,ICICI Prudential,Log holdings minimum,0.25,14,0,0,0,0.0714285714285714,167,-5.606273068649182,-0.0954044248837919,INE397D01024
Fund holdout,2025-06,icici:BHACON,ICICI Prudential,Word2Vec,0.5,2,0,1,1,0.5,167,-1.7962841653539616,0.6490257254715706,INE397D01024
Fund holdout,2025-06,icici:HOUSING,ICICI Prudential,Popularity,0.25,8,0,0,1,0.125,181,-3.363172016417611,0.3530491609035923,INE733E01010
Fund holdout,2025-06,icici:HOUSING,ICICI Prudential,Co-holding,0.25,4,0,1,1,0.25,181,-3.527423310464163,0.3214532413409418,INE733E01010
Fund holdout,2025-06,icici:HOUSING,ICICI Prudential,Category popularity,0.25,9,0,0,1,0.1111111111111111,181,-4.041090976497834,0.2226424383445623,INE733E01010
Fund holdout,2025-06,icici:HOUSING,ICICI Prudential,Binary factors,0.25,29,0,0,0,0.0344827586206896,181,-4.7917475414743285,0.0782436706888827,INE733E01010
Fund holdout,2025-06,icici:HOUSING,ICICI Prudential,Rank factors,0.25,7,0,0,1,0.1428571428571428,181,-4.1205518584262615,0.2073570815480655,INE733E01010
Fund holdout,2025-06,icici:HOUSING,ICICI Prudential,Log holdings zero,0.25,12,0,0,0,0.0833333333333333,181,-8.35123404872647,-0.6064708700416352,INE733E01010
Fund holdout,2025-06,icici:HOUSING,ICICI Prudential,Log holdings minimum,0.25,2,0,1,1,0.5,181,-1.3748695543979217,0.7355255670766165,INE733E01010
Fund holdout,2025-06,icici:HOUSING,ICICI Prudential,Word2Vec,0.5,9,0,0,1,0.1111111111111111,181,-5.567795432958551,-0.0710394561104137,INE733E01010
Fund holdout,2025-06,icici:LARGE & MIDCAP,ICICI Prudential,Popularity,0.25,1,1,1,1,1.0,140,-1.7482419007939924,0.6462225002773714,INE018A01030
Fund holdout,2025-06,icici:LARGE & MIDCAP,ICICI Prudential,Co-holding,0.25,1,1,1,1,1.0,140,-2.8588628872270867,0.4214751609410178,INE018A01030
Fund holdout,2025-06,icici:LARGE & MIDCAP,ICICI Prudential,Category popularity,0.25,1,1,1,1,1.0,140,-1.9642305298447749,0.6025146374699417,INE018A01030
Fund holdout,2025-06,icici:LARGE & MIDCAP,ICICI Prudential,Binary factors,0.25,1,1,1,1,1.0,140,-1.8600613618139512,0.6235945050771612,INE018A01030
Fund holdout,2025-06,icici:LARGE & MIDCAP,ICICI Prudential,Rank factors,0.25,15,0,0,0,0.0666666666666666,140,-4.391555048643199,0.1113167094910209,INE018A01030
Fund holdout,2025-06,icici:LARGE & MIDCAP,ICICI Prudential,Log holdings zero,0.25,1,1,1,1,1.0,140,-0.6169907453855155,0.8751445991796934,INE018A01030
Fund holdout,2025-06,icici:LARGE & MIDCAP,ICICI Prudential,Log holdings minimum,0.25,6,0,0,1,0.1666666666666666,140,-2.8845032396940224,0.4162865312761872,INE018A01030
Fund holdout,2025-06,icici:LARGE & MIDCAP,ICICI Prudential,Word2Vec,0.5,1,1,1,1,1.0,140,-1.0824070679631514,0.7809620819566271,INE018A01030
Fund holdout,2025-06,icici:MIDCAP,ICICI Prudential,Popularity,0.25,51,0,0,0,0.0196078431372549,148,-6.28266367703365,-0.2572337000808009,INE749A01030
Fund holdout,2025-06,icici:MIDCAP,ICICI Prudential,Co-holding,0.25,58,0,0,0,0.0172413793103448,148,-5.069479144312963,-0.0144614370152447,INE749A01030
Fund holdout,2025-06,icici:MIDCAP,ICICI Prudential,Category popularity,0.25,37,0,0,0,0.027027027027027,148,-5.406385469562606,-0.0818802911268534,INE749A01030
Fund holdout,2025-06,icici:MIDCAP,ICICI Prudential,Binary factors,0.25,45,0,0,0,0.0222222222222222,148,-5.247231444444639,-0.0500317290888663,INE749A01030
Fund holdout,2025-06,icici:MIDCAP,ICICI Prudential,Rank factors,0.25,79,0,0,0,0.0126582278481012,148,-5.380526462186752,-0.0767056045297647,INE749A01030
Fund holdout,2025-06,icici:MIDCAP,ICICI Prudential,Log holdings zero,0.25,75,0,0,0,0.0133333333333333,148,-15.997485541669578,-2.201281967879981,INE749A01030
Fund holdout,2025-06,icici:MIDCAP,ICICI Prudential,Log holdings minimum,0.25,108,0,0,0,0.0092592592592592,148,-14.504216811732228,-1.9024616160255745,INE749A01030
Fund holdout,2025-06,icici:MIDCAP,ICICI Prudential,Word2Vec,0.5,105,0,0,0,0.0095238095238095,148,-11.693139189023178,-1.3399324560242074,INE749A01030
Fund holdout,2025-06,icici:MNCFUND,ICICI Prudential,Popularity,0.25,18,0,0,0,0.0555555555555555,175,-4.479907813623072,0.132605332294179,INE030A01027
Fund holdout,2025-06,icici:MNCFUND,ICICI Prudential,Co-holding,0.25,6,0,0,1,0.1666666666666666,175,-3.511136006270613,0.3201778304080777,INE030A01027
Fund holdout,2025-06,icici:MNCFUND,ICICI Prudential,Category popularity,0.25,13,0,0,0,0.0769230769230769,175,-4.187358665810768,0.1892483663500634,INE030A01027
Fund holdout,2025-06,icici:MNCFUND,ICICI Prudential,Binary factors,0.25,1,1,1,1,1.0,175,-1.4104339337384637,0.7269133821111653,INE030A01027
Fund holdout,2025-06,icici:MNCFUND,ICICI Prudential,Rank factors,0.25,19,0,0,0,0.0526315789473684,175,-4.8433413800342136,0.0622377375388336,INE030A01027
Fund holdout,2025-06,icici:MNCFUND,ICICI Prudential,Log holdings zero,0.25,67,0,0,0,0.0149253731343283,175,-9.415056540764075,-0.8229325645437682,INE030A01027
Fund holdout,2025-06,icici:MNCFUND,ICICI Prudential,Log holdings minimum,0.25,81,0,0,0,0.0123456790123456,175,-13.952448383325558,-1.7014572247078714,INE030A01027
Fund holdout,2025-06,icici:MNCFUND,ICICI Prudential,Word2Vec,0.5,1,1,1,1,1.0,175,-0.3682100779642958,0.9287075824974448,INE030A01027
Fund holdout,2025-06,icici:MULTICAP,ICICI Prudential,Popularity,0.25,1,1,1,1,1.0,143,-1.7379305117147013,0.6498116219238391,INE002A01018
Fund holdout,2025-06,icici:MULTICAP,ICICI Prudential,Co-holding,0.25,1,1,1,1,1.0,143,-2.734044216236488,0.449097358485449,INE002A01018
Fund holdout,2025-06,icici:MULTICAP,ICICI Prudential,Category popularity,0.25,1,1,1,1,1.0,143,-2.513568579032266,0.49352261327983,INE002A01018
Fund holdout,2025-06,icici:MULTICAP,ICICI Prudential,Binary factors,0.25,12,0,0,0,0.0833333333333333,143,-3.717171577652648,0.2509998086605467,INE002A01018
Fund holdout,2025-06,icici:MULTICAP,ICICI Prudential,Rank factors,0.25,1,1,1,1,1.0,143,-3.5735922101446023,0.2799306695286466,INE002A01018
Fund holdout,2025-06,icici:MULTICAP,ICICI Prudential,Log holdings zero,0.25,1,1,1,1,1.0,143,-0.9072090061421898,0.8171997969449472,INE002A01018
Fund holdout,2025-06,icici:MULTICAP,ICICI Prudential,Log holdings minimum,0.25,3,0,1,1,0.3333333333333333,143,-2.5276838970931887,0.4906784142140649,INE002A01018
Fund holdout,2025-06,icici:MULTICAP,ICICI Prudential,Word2Vec,0.5,1,1,1,1,1.0,143,-0.03775354654592,0.9923927607332848,INE002A01018
Fund holdout,2025-06,icici:RURALOPP,ICICI Prudential,Popularity,0.25,7,0,0,1,0.1428571428571428,172,-3.042127157123716,0.4090081745931393,INE062A01020
Fund holdout,2025-06,icici:RURALOPP,ICICI Prudential,Co-holding,0.25,4,0,1,1,0.25,172,-3.3429137552899792,0.3505745814108374,INE062A01020
Fund holdout,2025-06,icici:RURALOPP,ICICI Prudential,Category popularity,0.25,10,0,0,1,0.1,172,-3.8364292968339377,0.2546996768787457,INE062A01020
Fund holdout,2025-06,icici:RURALOPP,ICICI Prudential,Binary factors,0.25,30,0,0,0,0.0333333333333333,172,-4.71029594808962,0.0849342395010164,INE062A01020
Fund holdout,2025-06,icici:RURALOPP,ICICI Prudential,Rank factors,0.25,5,0,1,1,0.2,172,-3.588609516132176,0.302843445039751,INE062A01020
Fund holdout,2025-06,icici:RURALOPP,ICICI Prudential,Log holdings zero,0.25,4,0,1,1,0.25,172,-3.508480634693328,0.3184100244309059,INE062A01020
Fund holdout,2025-06,icici:RURALOPP,ICICI Prudential,Log holdings minimum,0.25,7,0,0,1,0.1428571428571428,172,-3.557809779157086,0.3088268874919625,INE062A01020
Fund holdout,2025-06,icici:RURALOPP,ICICI Prudential,Word2Vec,0.5,5,0,1,1,0.2,172,-2.924119921825696,0.4319333541789699,INE062A01020
Fund holdout,2025-06,icici:TECH,ICICI Prudential,Popularity,0.25,15,0,0,0,0.0666666666666666,184,-4.066879154922795,0.2201477939610453,INE467B01029
Fund holdout,2025-06,icici:TECH,ICICI Prudential,Co-holding,0.25,3,0,1,1,0.3333333333333333,184,-3.369223187456303,0.3539281509766728,INE467B01029
Fund holdout,2025-06,icici:TECH,ICICI Prudential,Category popularity,0.25,26,0,0,0,0.0384615384615384,184,-5.070105068978176,0.0277722862490666,INE467B01029
Fund holdout,2025-06,icici:TECH,ICICI Prudential,Binary factors,0.25,1,1,1,1,1.0,184,-2.350308203013471,0.5493121464470212,INE467B01029
Fund holdout,2025-06,icici:TECH,ICICI Prudential,Rank factors,0.25,3,0,1,1,0.3333333333333333,184,-3.8712280896738926,0.2576652389196784,INE467B01029
Fund holdout,2025-06,icici:TECH,ICICI Prudential,Log holdings zero,0.25,1,1,1,1,1.0,184,-0.4689903173995446,0.9100678629232868,INE467B01029
Fund holdout,2025-06,icici:TECH,ICICI Prudential,Log holdings minimum,0.25,1,1,1,1,1.0,184,-0.2936763700679456,0.9436855248620368,INE467B01029
Fund holdout,2025-06,icici:TECH,ICICI Prudential,Word2Vec,0.5,2,0,1,1,0.5,184,-1.92364731191293,0.6311273232644941,INE467B01029
Fund holdout,2025-06,kotak:EME,Kotak,Popularity,0.25,67,0,0,0,0.0149253731343283,162,-6.891264044362785,-0.3545225663128433,INE356A01018
Fund holdout,2025-06,kotak:EME,Kotak,Co-holding,0.25,9,0,0,1,0.1111111111111111,162,-3.838096931296847,0.2455971978913818,INE356A01018
Fund holdout,2025-06,kotak:EME,Kotak,Category popularity,0.25,2,0,1,1,0.5,162,-2.799373533845073,0.4497650070114677,INE356A01018
Fund holdout,2025-06,kotak:EME,Kotak,Binary factors,0.25,1,1,1,1,1.0,162,-0.9478915027380896,0.8136857878889101,INE356A01018
Fund holdout,2025-06,kotak:EME,Kotak,Rank factors,0.25,15,0,0,0,0.0666666666666666,162,-4.644587094345405,0.0870763346177981,INE356A01018
Fund holdout,2025-06,kotak:EME,Kotak,Log holdings zero,0.25,91,0,0,0,0.0109890109890109,162,-9.081454386681909,-0.7850186587704386,INE356A01018
Fund holdout,2025-06,kotak:EME,Kotak,Log holdings minimum,0.25,100,0,0,0,0.01,162,-7.614473978300909,-0.4966741613459997,INE356A01018
Fund holdout,2025-06,kotak:EME,Kotak,Word2Vec,0.5,14,0,0,0,0.0714285714285714,162,-4.033088987151155,0.2072702468115648,INE356A01018
Fund holdout,2025-06,kotak:SPO,Kotak,Popularity,0.25,39,0,0,0,0.0256410256410256,184,-5.983821318327841,-0.1474391241727173,INE158A01026
Fund holdout,2025-06,kotak:SPO,Kotak,Co-holding,0.25,53,0,0,0,0.0188679245283018,184,-5.231645892390072,-0.0032042839179189,INE158A01026
Fund holdout,2025-06,kotak:SPO,Kotak,Category popularity,0.25,31,0,0,0,0.032258064516129,184,-5.373690745331759,-0.0304423669056972,INE158A01026
Fund holdout,2025-06,kotak:SPO,Kotak,Binary factors,0.25,44,0,0,0,0.0227272727272727,184,-5.08940460289754,0.024071467137114,INE158A01026
Fund holdout,2025-06,kotak:SPO,Kotak,Rank factors,0.25,22,0,0,0,0.0454545454545454,184,-4.989813975281362,0.0431686587891622,INE158A01026
Fund holdout,2025-06,kotak:SPO,Kotak,Log holdings zero,0.25,91,0,0,0,0.0109890109890109,184,-10.100286932824384,-0.9367998767937462,INE158A01026
Fund holdout,2025-06,kotak:SPO,Kotak,Log holdings minimum,0.25,47,0,0,0,0.0212765957446808,184,-6.8430232122994,-0.3121970299087406,INE158A01026
Fund holdout,2025-06,kotak:SPO,Kotak,Word2Vec,0.5,8,0,0,1,0.125,184,-3.660383926152804,0.2980960655532474,INE158A01026
Fund holdout,2025-06,mirae:MAFF,Mirae Asset,Popularity,0.25,1,1,1,1,1.0,185,-1.7827429249099005,0.6585016453580245,INE090A01021
Fund holdout,2025-06,mirae:MAFF,Mirae Asset,Co-holding,0.25,1,1,1,1,1.0,185,-2.9199617733368446,0.4406584778551883,INE090A01021
Fund holdout,2025-06,mirae:MAFF,Mirae Asset,Category popularity,0.25,1,1,1,1,1.0,185,-1.1029777430626613,0.7887159841166358,INE090A01021
Fund holdout,2025-06,mirae:MAFF,Mirae Asset,Binary factors,0.25,17,0,0,0,0.0588235294117647,185,-4.2060106980520215,0.1943057448600419,INE090A01021
Fund holdout,2025-06,mirae:MAFF,Mirae Asset,Rank factors,0.25,1,1,1,1,1.0,185,-3.053915858954781,0.4149985247588058,INE090A01021
Fund holdout,2025-06,mirae:MAFF,Mirae Asset,Log holdings zero,0.25,1,1,1,1,1.0,185,-1.462561462931539,0.7198349093551308,INE090A01021
Fund holdout,2025-06,mirae:MAFF,Mirae Asset,Log holdings minimum,0.25,1,1,1,1,1.0,185,-1.5384011217806073,0.7053072293673535,INE090A01021
Fund holdout,2025-06,mirae:MAFF,Mirae Asset,Word2Vec,0.5,1,1,1,1,1.0,185,-0.0024824726211853,0.9995244629476674,INE090A01021
Fund holdout,2025-06,sbi:SBLUECHIP,SBI,Popularity,0.25,1,1,1,1,1.0,169,-1.7391058809319233,0.6609863122886233,INE002A01018
Fund holdout,2025-06,sbi:SBLUECHIP,SBI,Co-holding,0.25,1,1,1,1,1.0,169,-2.902878839342362,0.4341255060460013,INE002A01018
Fund holdout,2025-06,sbi:SBLUECHIP,SBI,Category popularity,0.25,1,1,1,1,1.0,169,-2.171818803485781,0.5766351493124267,INE002A01018
Fund holdout,2025-06,sbi:SBLUECHIP,SBI,Binary factors,0.25,14,0,0,0,0.0714285714285714,169,-3.981098075621895,0.2239421678949086,INE002A01018
Fund holdout,2025-06,sbi:SBLUECHIP,SBI,Rank factors,0.25,1,1,1,1,1.0,169,-3.381936094684425,0.3407401817025661,INE002A01018
Fund holdout,2025-06,sbi:SBLUECHIP,SBI,Log holdings zero,0.25,1,1,1,1,1.0,169,-0.5372997000717152,0.8952611484299505,INE002A01018
Fund holdout,2025-06,sbi:SBLUECHIP,SBI,Log holdings minimum,0.25,3,0,1,1,0.3333333333333333,169,-2.046630734950614,0.6010387633976308,INE002A01018
Fund holdout,2025-06,sbi:SBLUECHIP,SBI,Word2Vec,0.5,1,1,1,1,1.0,169,-0.0354389493098121,0.9930916863510932,INE002A01018
Fund holdout,2025-06,sbi:SMAAF,SBI,Popularity,0.25,1,1,1,1,1.0,174,-2.051977483512445,0.6022571256747605,INE002A01018
Fund holdout,2025-06,sbi:SMAAF,SBI,Co-holding,0.25,2,0,1,1,0.5,174,-3.2496997835412444,0.3700978967920708,INE002A01018
Fund holdout,2025-06,sbi:SMAAF,SBI,Category popularity,0.25,1,1,1,1,1.0,174,-2.3492182387220666,0.5446417798468379,INE002A01018
Fund holdout,2025-06,sbi:SMAAF,SBI,Binary factors,0.25,4,0,1,1,0.25,174,-3.202183022860533,0.3793082575897049,INE002A01018
Fund holdout,2025-06,sbi:SMAAF,SBI,Rank factors,0.25,3,0,1,1,0.3333333333333333,174,-4.245508910241002,0.1770762932338825,INE002A01018
Fund holdout,2025-06,sbi:SMAAF,SBI,Log holdings zero,0.25,1,1,1,1,1.0,174,-1.622948882287127,0.6854174285485518,INE002A01018
Fund holdout,2025-06,sbi:SMAAF,SBI,Log holdings minimum,0.25,2,0,1,1,0.5,174,-2.2224609295724798,0.5692116481265763,INE002A01018
Fund holdout,2025-06,sbi:SMAAF,SBI,Word2Vec,0.5,5,0,1,1,0.2,174,-3.315283054424121,0.3573856331935663,INE002A01018
Fund holdout,2025-06,uti:193,UTI,Popularity,0.25,1,1,1,1,1.0,164,-1.3857162725118606,0.7282838105422575,INE090A01021
Fund holdout,2025-06,uti:193,UTI,Co-holding,0.25,1,1,1,1,1.0,164,-2.509209707595085,0.5079852103762625,INE090A01021
Fund holdout,2025-06,uti:193,UTI,Category popularity,0.25,2,0,1,1,0.5,164,-1.877712722088916,0.6318113917956042,INE090A01021
Fund holdout,2025-06,uti:193,UTI,Binary factors,0.25,12,0,0,0,0.0833333333333333,164,-3.759643224958979,0.2627957460911404,INE090A01021
Fund holdout,2025-06,uti:193,UTI,Rank factors,0.25,1,1,1,1,1.0,164,-2.439939186608324,0.5215680212139797,INE090A01021
Fund holdout,2025-06,uti:193,UTI,Log holdings zero,0.25,1,1,1,1,1.0,164,-0.4781754919282157,0.9062376439274266,INE090A01021
Fund holdout,2025-06,uti:193,UTI,Log holdings minimum,0.25,1,1,1,1,1.0,164,-0.4433245148745435,0.9130713478188716,INE090A01021
Fund holdout,2025-06,uti:193,UTI,Word2Vec,0.5,1,1,1,1,1.0,164,-3.705167528522679e-05,0.9999927347753496,INE090A01021
Fund holdout,2025-06,uti:751,UTI,Popularity,0.25,156,0,0,0,0.0064102564102564,183,-9.504221952523324,-0.8244067982289223,INE285K01026
Fund holdout,2025-06,uti:751,UTI,Co-holding,0.25,144,0,0,0,0.0069444444444444,183,-6.533064714713513,-0.254070847496191,INE285K01026
Fund holdout,2025-06,uti:751,UTI,Category popularity,0.25,108,0,0,0,0.0092592592592592,183,-7.875713068253247,-0.5118022847527062,INE285K01026
Fund holdout,2025-06,uti:751,UTI,Binary factors,0.25,76,0,0,0,0.0131578947368421,183,-5.5475312640369365,-0.0648902984435679,INE285K01026
Fund holdout,2025-06,uti:751,UTI,Rank factors,0.25,103,0,0,0,0.0097087378640776,183,-5.559251869720314,-0.0671401567481122,INE285K01026
Fund holdout,2025-06,uti:751,UTI,Log holdings zero,0.25,153,0,0,0,0.0065359477124183,183,-8.608130779646308,-0.6523953662783337,INE285K01026
Fund holdout,2025-06,uti:751,UTI,Log holdings minimum,0.25,114,0,0,0,0.0087719298245614,183,-7.497005560261114,-0.43910653379355,INE285K01026
Fund holdout,2025-06,uti:751,UTI,Word2Vec,0.5,35,0,0,0,0.0285714285714285,183,-7.339114265243936,-0.4087981136567464,INE285K01026
Fund holdout,2025-06,uti:753,UTI,Popularity,0.25,1,1,1,1,1.0,177,-1.652290919015062,0.680787650207046,INE090A01021
Fund holdout,2025-06,uti:753,UTI,Co-holding,0.25,1,1,1,1,1.0,177,-2.785246954011487,0.4619075764976896,INE090A01021
Fund holdout,2025-06,uti:753,UTI,Category popularity,0.25,1,1,1,1,1.0,177,-1.017244192320689,0.803474736072817,INE090A01021
Fund holdout,2025-06,uti:753,UTI,Binary factors,0.25,1,1,1,1,1.0,177,-2.705883832744391,0.4772400389200302,INE090A01021
Fund holdout,2025-06,uti:753,UTI,Rank factors,0.25,1,1,1,1,1.0,177,-3.105570616740632,0.4000230331056528,INE090A01021
Fund holdout,2025-06,uti:753,UTI,Log holdings zero,0.25,1,1,1,1,1.0,177,-0.7514375117987226,0.8548269368890393,INE090A01021
Fund holdout,2025-06,uti:753,UTI,Log holdings minimum,0.25,1,1,1,1,1.0,177,-1.704260254013227,0.6707474972587806,INE090A01021
Fund holdout,2025-06,uti:753,UTI,Word2Vec,0.5,1,1,1,1,1.0,177,-0.000215109457617,0.9999584421879716,INE090A01021
Fund holdout,2025-07,absl:ABSLMCF,Aditya Birla SL,Popularity,0.25,1,1,1,1,1.0,158,-1.218652027153503,0.7592831306467622,INE090A01021
Fund holdout,2025-07,absl:ABSLMCF,Aditya Birla SL,Co-holding,0.25,1,1,1,1,1.0,158,-2.558410512576981,0.4946444469907982,INE090A01021
Fund holdout,2025-07,absl:ABSLMCF,Aditya Birla SL,Category popularity,0.25,1,1,1,1,1.0,158,-1.5117724896135982,0.7013838792652358,INE090A01021
Fund holdout,2025-07,absl:ABSLMCF,Aditya Birla SL,Binary factors,0.25,50,0,0,0,0.02,158,-5.131269769932599,-0.0135651254855695,INE090A01021
Fund holdout,2025-07,absl:ABSLMCF,Aditya Birla SL,Rank factors,0.25,1,1,1,1,1.0,158,-2.942539723996779,0.4187684962355342,INE090A01021
Fund holdout,2025-07,absl:ABSLMCF,Aditya Birla SL,Log holdings zero,0.5,1,1,1,1,1.0,158,-1.8779534980223875,0.6290531860101115,INE090A01021
Fund holdout,2025-07,absl:ABSLMCF,Aditya Birla SL,Log holdings minimum,0.25,1,1,1,1,1.0,158,-1.2001201223073608,0.7629436851104799,INE090A01021
Fund holdout,2025-07,absl:ABSLMCF,Aditya Birla SL,Word2Vec,1.0,1,1,1,1,1.0,158,-1.250557802687922,0.7529808735382487,INE090A01021
Fund holdout,2025-07,absl:BSLDAAF,Aditya Birla SL,Popularity,0.25,1,1,1,1,1.0,153,-1.1161758032424451,0.7781155794616216,INE040A01034
Fund holdout,2025-07,absl:BSLDAAF,Aditya Birla SL,Co-holding,0.25,1,1,1,1,1.0,153,-2.158590939833976,0.5708940307852017,INE040A01034
Fund holdout,2025-07,absl:BSLDAAF,Aditya Birla SL,Category popularity,0.25,1,1,1,1,1.0,153,-1.7154990962233096,0.6589761919279473,INE040A01034
Fund holdout,2025-07,absl:BSLDAAF,Aditya Birla SL,Binary factors,0.25,19,0,0,0,0.0526315789473684,153,-4.369809611847182,0.1313262025828538,INE040A01034
Fund holdout,2025-07,absl:BSLDAAF,Aditya Birla SL,Rank factors,0.25,2,0,1,1,0.5,153,-2.475840208584707,0.5078280962267815,INE040A01034
Fund holdout,2025-07,absl:BSLDAAF,Aditya Birla SL,Log holdings zero,0.5,1,1,1,1,1.0,153,-1.0975371259870776,0.7818207593180522,INE040A01034
Fund holdout,2025-07,absl:BSLDAAF,Aditya Birla SL,Log holdings minimum,0.25,1,1,1,1,1.0,153,-0.2989192303030821,0.9405778910357092,INE040A01034
Fund holdout,2025-07,absl:BSLDAAF,Aditya Birla SL,Word2Vec,1.0,1,1,1,1,1.0,153,-0.0251094767403223,0.9950084908843538,INE040A01034
Fund holdout,2025-07,absl:BSLPHF,Aditya Birla SL,Popularity,0.25,42,0,0,0,0.0238095238095238,192,-6.016796861648313,-0.1444226643850898,INE437A01024
Fund holdout,2025-07,absl:BSLPHF,Aditya Birla SL,Co-holding,0.25,29,0,0,0,0.0344827586206896,192,-4.534360542200137,0.1375435979791907,INE437A01024
Fund holdout,2025-07,absl:BSLPHF,Aditya Birla SL,Category popularity,0.25,40,0,0,0,0.025,192,-5.601936184818991,-0.0655142398457995,INE437A01024
Fund holdout,2025-07,absl:BSLPHF,Aditya Birla SL,Binary factors,0.25,45,0,0,0,0.0222222222222222,192,-4.974648579443835,0.0537987715764463,INE437A01024
Fund holdout,2025-07,absl:BSLPHF,Aditya Birla SL,Rank factors,0.25,153,0,0,0,0.0065359477124183,192,-5.961603341589902,-0.1339246009246701,INE437A01024
Fund holdout,2025-07,absl:BSLPHF,Aditya Birla SL,Log holdings zero,0.5,18,0,0,0,0.0555555555555555,192,-4.887492762738571,0.0703762120757708,INE437A01024
Fund holdout,2025-07,absl:BSLPHF,Aditya Birla SL,Log holdings minimum,0.25,178,0,0,0,0.0056179775280898,192,-11.494492046360389,-1.1863056898758693,INE437A01024
Fund holdout,2025-07,absl:BSLPHF,Aditya Birla SL,Word2Vec,1.0,18,0,0,0,0.0555555555555555,192,-4.375195535705784,0.1678175202999181,INE437A01024
Fund holdout,2025-07,absl:BSLR96,Aditya Birla SL,Popularity,0.25,1,1,1,1,1.0,173,-1.1172422795937464,0.7831983191506886,INE040A01034
Fund holdout,2025-07,absl:BSLR96,Aditya Birla SL,Co-holding,0.25,1,1,1,1,1.0,173,-2.4535986057754062,0.5238773974298023,INE040A01034
Fund holdout,2025-07,absl:BSLR96,Aditya Birla SL,Category popularity,0.25,1,1,1,1,1.0,173,-1.1695620153829456,0.7730456361849001,INE040A01034
Fund holdout,2025-07,absl:BSLR96,Aditya Birla SL,Binary factors,0.25,15,0,0,0,0.0666666666666666,173,-4.096190034427861,0.2051313302741486,INE040A01034
Fund holdout,2025-07,absl:BSLR96,Aditya Birla SL,Rank factors,0.25,1,1,1,1,1.0,173,-2.615088876028216,0.4925400924682057,INE040A01034
Fund holdout,2025-07,absl:BSLR96,Aditya Birla SL,Log holdings zero,0.5,1,1,1,1,1.0,173,-1.3290027700684268,0.7421060412169542,INE040A01034
Fund holdout,2025-07,absl:BSLR96,Aditya Birla SL,Log holdings minimum,0.25,1,1,1,1,1.0,173,-0.226688707307983,0.956010890680042,INE040A01034
Fund holdout,2025-07,absl:BSLR96,Aditya Birla SL,Word2Vec,1.0,1,1,1,1,1.0,173,-0.0029158512460139,0.9994341769347718,INE040A01034
Fund holdout,2025-07,absl:MNC,Aditya Birla SL,Popularity,0.25,52,0,0,0,0.0192307692307692,180,-6.271933575204558,-0.2077769477574964,INE513A01022
Fund holdout,2025-07,absl:MNC,Aditya Birla SL,Co-holding,0.25,54,0,0,0,0.0185185185185185,180,-5.16050168937076,0.0062498423251653,INE513A01022
Fund holdout,2025-07,absl:MNC,Aditya Birla SL,Category popularity,0.25,30,0,0,0,0.0333333333333333,180,-5.36118315245032,-0.0323950894241054,INE513A01022
Fund holdout,2025-07,absl:MNC,Aditya Birla SL,Binary factors,0.25,13,0,0,0,0.0769230769230769,180,-4.072788077695668,0.215709239525554,INE513A01022
Fund holdout,2025-07,absl:MNC,Aditya Birla SL,Rank factors,0.25,48,0,0,0,0.0208333333333333,180,-5.237699788038967,-0.0086160810562263,INE513A01022
Fund holdout,2025-07,absl:MNC,Aditya Birla SL,Log holdings zero,0.5,141,0,0,0,0.0070921985815602,180,-6.46535404076308,-0.2450236399816698,INE513A01022
Fund holdout,2025-07,absl:MNC,Aditya Birla SL,Log holdings minimum,0.25,56,0,0,0,0.0178571428571428,180,-7.699206019416544,-0.4826246857985534,INE513A01022
Fund holdout,2025-07,absl:MNC,Aditya Birla SL,Word2Vec,1.0,157,0,0,0,0.0063694267515923,180,-10.486313549012095,-1.0193338496957591,INE513A01022
Fund holdout,2025-07,axis:AXISMLC,Axis,Popularity,0.25,1,1,1,1,1.0,126,-1.047932417384338,0.7833185828398295,INE090A01021
Fund holdout,2025-07,axis:AXISMLC,Axis,Co-holding,0.25,1,1,1,1,1.0,126,-2.2169222912863598,0.5416060655811143,INE090A01021
Fund holdout,2025-07,axis:AXISMLC,Axis,Category popularity,0.25,1,1,1,1,1.0,126,-1.3717513132263637,0.7163624164971312,INE090A01021
Fund holdout,2025-07,axis:AXISMLC,Axis,Binary factors,0.25,10,0,0,1,0.1,126,-3.7411824256201966,0.2264341703814306,INE090A01021
Fund holdout,2025-07,axis:AXISMLC,Axis,Rank factors,0.25,1,1,1,1,1.0,126,-2.7300844360131187,0.4354993177529612,INE090A01021
Fund holdout,2025-07,axis:AXISMLC,Axis,Log holdings zero,0.5,1,1,1,1,1.0,126,-2.41017422545074,0.5016472836319876,INE090A01021
Fund holdout,2025-07,axis:AXISMLC,Axis,Log holdings minimum,0.25,1,1,1,1,1.0,126,-0.2516902274062875,0.9479579081102536,INE090A01021
Fund holdout,2025-07,axis:AXISMLC,Axis,Word2Vec,1.0,1,1,1,1,1.0,126,-0.0105806605344991,0.9978122324674062,INE090A01021
Fund holdout,2025-07,hdfc:HDFCEQ,HDFC,Popularity,0.25,1,1,1,1,1.0,176,-1.3267112763370008,0.7434067530989018,INE040A01034
Fund holdout,2025-07,hdfc:HDFCEQ,HDFC,Co-holding,0.25,1,1,1,1,1.0,176,-2.559690428736467,0.5049418137271344,INE040A01034
Fund holdout,2025-07,hdfc:HDFCEQ,HDFC,Category popularity,0.25,1,1,1,1,1.0,176,-1.113115376127345,0.7847173732293641,INE040A01034
Fund holdout,2025-07,hdfc:HDFCEQ,HDFC,Binary factors,0.25,14,0,0,0,0.0714285714285714,176,-4.1379590984176735,0.1996959854457221,INE040A01034
Fund holdout,2025-07,hdfc:HDFCEQ,HDFC,Rank factors,0.25,1,1,1,1,1.0,176,-2.2334198756693286,0.5680443305089761,INE040A01034
Fund holdout,2025-07,hdfc:HDFCEQ,HDFC,Log holdings zero,0.5,1,1,1,1,1.0,176,-0.4454952552543805,0.9138387710547214,INE040A01034
Fund holdout,2025-07,hdfc:HDFCEQ,HDFC,Log holdings minimum,0.25,1,1,1,1,1.0,176,-0.0256062976530859,0.995047601408754,INE040A01034
Fund holdout,2025-07,hdfc:HDFCEQ,HDFC,Word2Vec,1.0,1,1,1,1,1.0,176,-0.0795915100622082,0.984606564851842,INE040A01034
Fund holdout,2025-07,hdfc:HDFCMNCFND,HDFC,Popularity,0.25,67,0,0,0,0.0149253731343283,182,-6.796392660100553,-0.3059922995445334,INE061F01013
Fund holdout,2025-07,hdfc:HDFCMNCFND,HDFC,Co-holding,0.25,81,0,0,0,0.0123456790123456,182,-5.764578438071851,-0.1077192603128536,INE061F01013
Fund holdout,2025-07,hdfc:HDFCMNCFND,HDFC,Category popularity,0.25,68,0,0,0,0.0147058823529411,182,-7.16362229921951,-0.3765590111575114,INE061F01013
Fund holdout,2025-07,hdfc:HDFCMNCFND,HDFC,Binary factors,0.25,46,0,0,0,0.0217391304347826,182,-5.259064710360777,-0.0105799293880055,INE061F01013
Fund holdout,2025-07,hdfc:HDFCMNCFND,HDFC,Rank factors,0.25,11,0,0,0,0.0909090909090909,182,-4.356075830741436,0.162938079699444,INE061F01013
Fund holdout,2025-07,hdfc:HDFCMNCFND,HDFC,Log holdings zero,0.5,33,0,0,0,0.0303030303030303,182,-5.114094848755001,0.0172774255930673,INE061F01013
Fund holdout,2025-07,hdfc:HDFCMNCFND,HDFC,Log holdings minimum,0.25,1,1,1,1,1.0,182,-1.3178948955935637,0.7467538043587999,INE061F01013
Fund holdout,2025-07,hdfc:HDFCMNCFND,HDFC,Word2Vec,1.0,62,0,0,0,0.0161290322580645,182,-6.343986182208251,-0.2190580381002176,INE061F01013
Fund holdout,2025-07,icici:BHACON,ICICI Prudential,Popularity,0.25,3,0,1,1,0.3333333333333333,178,-2.155816002418294,0.5839625523731542,INE397D01024
Fund holdout,2025-07,icici:BHACON,ICICI Prudential,Co-holding,0.25,1,1,1,1,1.0,178,-2.9684016053662616,0.4271467388484531,INE397D01024
Fund holdout,2025-07,icici:BHACON,ICICI Prudential,Category popularity,0.25,1,1,1,1,1.0,178,-1.6012431400851312,0.6909861007230083,INE397D01024
Fund holdout,2025-07,icici:BHACON,ICICI Prudential,Binary factors,0.25,8,0,0,1,0.125,178,-3.73467322648671,0.2792687710245645,INE397D01024
Fund holdout,2025-07,icici:BHACON,ICICI Prudential,Rank factors,0.25,4,0,1,1,0.25,178,-3.736708734186861,0.2788759511237726,INE397D01024
Fund holdout,2025-07,icici:BHACON,ICICI Prudential,Log holdings zero,0.5,2,0,1,1,0.5,178,-2.5960410030481538,0.4990062827109363,INE397D01024
Fund holdout,2025-07,icici:BHACON,ICICI Prudential,Log holdings minimum,0.25,70,0,0,0,0.0142857142857142,178,-7.737039884315546,-0.4931229390852165,INE397D01024
Fund holdout,2025-07,icici:BHACON,ICICI Prudential,Word2Vec,1.0,2,0,1,1,0.5,178,-3.2106565753239646,0.3803954672821122,INE397D01024
Fund holdout,2025-07,icici:HOUSING,ICICI Prudential,Popularity,0.25,9,0,0,1,0.1111111111111111,188,-3.503087793975901,0.3310175461043944,INE733E01010
Fund holdout,2025-07,icici:HOUSING,ICICI Prudential,Co-holding,0.25,6,0,0,1,0.1666666666666666,188,-3.534962311269328,0.3249304897558884,INE733E01010
Fund holdout,2025-07,icici:HOUSING,ICICI Prudential,Category popularity,0.25,13,0,0,0,0.0769230769230769,188,-4.401702797441983,0.1594096089125458,INE733E01010
Fund holdout,2025-07,icici:HOUSING,ICICI Prudential,Binary factors,0.25,55,0,0,0,0.0181818181818181,188,-5.444226009439575,-0.0396803875770126,INE733E01010
Fund holdout,2025-07,icici:HOUSING,ICICI Prudential,Rank factors,0.25,7,0,0,1,0.1428571428571428,188,-4.054907261670765,0.2256369323953402,INE733E01010
Fund holdout,2025-07,icici:HOUSING,ICICI Prudential,Log holdings zero,0.5,4,0,1,1,0.25,188,-2.41487588434432,0.5388326841993223,INE733E01010
Fund holdout,2025-07,icici:HOUSING,ICICI Prudential,Log holdings minimum,0.25,3,0,1,1,0.3333333333333333,188,-5.514611543848599,-0.0531218684353214,INE733E01010
Fund holdout,2025-07,icici:HOUSING,ICICI Prudential,Word2Vec,1.0,8,0,0,1,0.125,188,-4.620682422572999,0.1175912088070145,INE733E01010
Fund holdout,2025-07,icici:LARGE & MIDCAP,ICICI Prudential,Popularity,0.25,47,0,0,0,0.0212765957446808,148,-5.521174430402784,-0.1048508904433627,INE388Y01029
Fund holdout,2025-07,icici:LARGE & MIDCAP,ICICI Prudential,Co-holding,0.25,29,0,0,0,0.0344827586206896,148,-4.552026505016213,0.0890868236847117,INE388Y01029
Fund holdout,2025-07,icici:LARGE & MIDCAP,ICICI Prudential,Category popularity,0.25,41,0,0,0,0.024390243902439,148,-4.894293521918953,0.0205952331433859,INE388Y01029
Fund holdout,2025-07,icici:LARGE & MIDCAP,ICICI Prudential,Binary factors,0.25,7,0,0,1,0.1428571428571428,148,-3.744421051825749,0.2506980198771323,INE388Y01029
Fund holdout,2025-07,icici:LARGE & MIDCAP,ICICI Prudential,Rank factors,0.25,1,1,1,1,1.0,148,-3.753788242224093,0.2488235366882706,INE388Y01029
Fund holdout,2025-07,icici:LARGE & MIDCAP,ICICI Prudential,Log holdings zero,0.5,16,0,0,0,0.0625,148,-4.385537084395215,0.1224032832425907,INE388Y01029
Fund holdout,2025-07,icici:LARGE & MIDCAP,ICICI Prudential,Log holdings minimum,0.25,1,1,1,1,1.0,148,-0.3863677834555954,0.922683335770212,INE388Y01029
Fund holdout,2025-07,icici:LARGE & MIDCAP,ICICI Prudential,Word2Vec,1.0,9,0,0,1,0.1111111111111111,148,-3.655696674782975,0.2684527943758236,INE388Y01029
Fund holdout,2025-07,icici:MIDCAP,ICICI Prudential,Popularity,0.25,155,0,0,0,0.0064516129032258,159,-9.896479386824748,-0.9523902981812102,INE343G01021
Fund holdout,2025-07,icici:MIDCAP,ICICI Prudential,Co-holding,0.25,114,0,0,0,0.0087719298245614,159,-6.547862536248843,-0.2917708196933002,INE343G01021
Fund holdout,2025-07,icici:MIDCAP,ICICI Prudential,Category popularity,0.25,65,0,0,0,0.0153846153846153,159,-6.586113467050266,-0.2993170129681048,INE343G01021
Fund holdout,2025-07,icici:MIDCAP,ICICI Prudential,Binary factors,0.25,129,0,0,0,0.0077519379844961,159,-7.214174777706437,-0.4232217635019724,INE343G01021
Fund holdout,2025-07,icici:MIDCAP,ICICI Prudential,Rank factors,0.25,152,0,0,0,0.006578947368421,159,-6.191990983271484,-0.2215640178323608,INE343G01021
Fund holdout,2025-07,icici:MIDCAP,ICICI Prudential,Log holdings zero,0.5,105,0,0,0,0.0095238095238095,159,-7.813293587719849,-0.5414166999442496,INE343G01021
Fund holdout,2025-07,icici:MIDCAP,ICICI Prudential,Log holdings minimum,0.25,127,0,0,0,0.0078740157480314,159,-14.68733390098985,-1.897536294837975,INE343G01021
Fund holdout,2025-07,icici:MIDCAP,ICICI Prudential,Word2Vec,1.0,64,0,0,0,0.015625,159,-6.404108886266641,-0.263410913045383,INE343G01021
Fund holdout,2025-07,icici:MNCFUND,ICICI Prudential,Popularity,0.25,20,0,0,0,0.05,185,-4.638107450404306,0.1115342314171243,INE030A01027
Fund holdout,2025-07,icici:MNCFUND,ICICI Prudential,Co-holding,0.25,5,0,1,1,0.2,185,-3.571276846537639,0.3158939799886041,INE030A01027
Fund holdout,2025-07,icici:MNCFUND,ICICI Prudential,Category popularity,0.25,13,0,0,0,0.0769230769230769,185,-4.424136399953005,0.1525220601439315,INE030A01027
Fund holdout,2025-07,icici:MNCFUND,ICICI Prudential,Binary factors,0.25,1,1,1,1,1.0,185,-1.1651572318533685,0.7768050165745385,INE030A01027
Fund holdout,2025-07,icici:MNCFUND,ICICI Prudential,Rank factors,0.25,21,0,0,0,0.0476190476190476,185,-4.909665796279255,0.0595151057149265,INE030A01027
Fund holdout,2025-07,icici:MNCFUND,ICICI Prudential,Log holdings zero,0.5,22,0,0,0,0.0454545454545454,185,-4.731074356267449,0.0937256932679554,INE030A01027
Fund holdout,2025-07,icici:MNCFUND,ICICI Prudential,Log holdings minimum,0.25,74,0,0,0,0.0135135135135135,185,-6.642844469231664,-0.2724888286962692,INE030A01027
Fund holdout,2025-07,icici:MNCFUND,ICICI Prudential,Word2Vec,1.0,4,0,1,1,0.25,185,-2.5250059407553334,0.5163153575422325,INE030A01027
Fund holdout,2025-07,icici:MULTICAP,ICICI Prudential,Popularity,0.25,1,1,1,1,1.0,145,-1.743484340962269,0.6496729720336061,INE002A01018
Fund holdout,2025-07,icici:MULTICAP,ICICI Prudential,Co-holding,0.25,1,1,1,1,1.0,145,-2.652765323488397,0.4669665968109137,INE002A01018
Fund holdout,2025-07,icici:MULTICAP,ICICI Prudential,Category popularity,0.25,2,0,1,1,0.5,145,-2.5427016798916027,0.4890822351579355,INE002A01018
Fund holdout,2025-07,icici:MULTICAP,ICICI Prudential,Binary factors,0.25,3,0,1,1,0.3333333333333333,145,-2.9073321626939777,0.4158152086955098,INE002A01018
Fund holdout,2025-07,icici:MULTICAP,ICICI Prudential,Rank factors,0.25,2,0,1,1,0.5,145,-3.590821309544924,0.2784783162222323,INE002A01018
Fund holdout,2025-07,icici:MULTICAP,ICICI Prudential,Log holdings zero,0.5,1,1,1,1,1.0,145,-1.9810084420546392,0.601946066519701,INE002A01018
Fund holdout,2025-07,icici:MULTICAP,ICICI Prudential,Log holdings minimum,0.25,1,1,1,1,1.0,145,-1.8427710257088967,0.6297228019249803,INE002A01018
Fund holdout,2025-07,icici:MULTICAP,ICICI Prudential,Word2Vec,1.0,1,1,1,1,1.0,145,-0.7126065279842031,0.8568124065167274,INE002A01018
Fund holdout,2025-07,icici:RURALOPP,ICICI Prudential,Popularity,0.25,3,0,1,1,0.3333333333333333,182,-2.1754118843748174,0.581973656994512,INE397D01024
Fund holdout,2025-07,icici:RURALOPP,ICICI Prudential,Co-holding,0.25,4,0,1,1,0.25,182,-3.1980643963461666,0.3854611285784897,INE397D01024
Fund holdout,2025-07,icici:RURALOPP,ICICI Prudential,Category popularity,0.25,1,1,1,1,1.0,182,-1.7201703478349906,0.6694527022598336,INE397D01024
Fund holdout,2025-07,icici:RURALOPP,ICICI Prudential,Binary factors,0.25,26,0,0,0,0.0384615384615384,182,-4.44232380743224,0.1463647004021067,INE397D01024
Fund holdout,2025-07,icici:RURALOPP,ICICI Prudential,Rank factors,0.25,1,1,1,1,1.0,182,-2.8995239447963463,0.4428285513166639,INE397D01024
Fund holdout,2025-07,icici:RURALOPP,ICICI Prudential,Log holdings zero,0.5,10,0,0,1,0.1,182,-3.964226199480935,0.2382357598952802,INE397D01024
Fund holdout,2025-07,icici:RURALOPP,ICICI Prudential,Log holdings minimum,0.25,8,0,0,1,0.125,182,-4.053571129026901,0.2210672712828736,INE397D01024
Fund holdout,2025-07,icici:RURALOPP,ICICI Prudential,Word2Vec,1.0,5,0,1,1,0.2,182,-4.018947456647629,0.227720543359801,INE397D01024
Fund holdout,2025-07,icici:TECH,ICICI Prudential,Popularity,0.25,15,0,0,0,0.0666666666666666,191,-4.265764845473793,0.1878250620588366,INE467B01029
Fund holdout,2025-07,icici:TECH,ICICI Prudential,Co-holding,0.25,3,0,1,1,0.3333333333333333,191,-3.323350157110537,0.3672549225323703,INE467B01029
Fund holdout,2025-07,icici:TECH,ICICI Prudential,Category popularity,0.25,22,0,0,0,0.0454545454545454,191,-4.867977553157768,0.0731675302425725,INE467B01029
Fund holdout,2025-07,icici:TECH,ICICI Prudential,Binary factors,0.25,1,1,1,1,1.0,191,-2.9586887492914684,0.436684173087342,INE467B01029
Fund holdout,2025-07,icici:TECH,ICICI Prudential,Rank factors,0.25,4,0,1,1,0.25,191,-3.975383539163828,0.2431118460178279,INE467B01029
Fund holdout,2025-07,icici:TECH,ICICI Prudential,Log holdings zero,0.5,5,0,1,1,0.2,191,-3.2518829538666427,0.3808618308974731,INE467B01029
Fund holdout,2025-07,icici:TECH,ICICI Prudential,Log holdings minimum,0.25,1,1,1,1,1.0,191,-0.3993128318480838,0.923973335105558,INE467B01029
Fund holdout,2025-07,icici:TECH,ICICI Prudential,Word2Vec,1.0,1,1,1,1,1.0,191,-0.9762953535160328,0.8141194728548002,INE467B01029
Fund holdout,2025-07,kotak:EME,Kotak,Popularity,0.25,59,0,0,0,0.0169491525423728,165,-6.6487433363441575,-0.3021571362893911,INE200A01026
Fund holdout,2025-07,kotak:EME,Kotak,Co-holding,0.25,6,0,0,1,0.1666666666666666,165,-3.6805258935236016,0.2791685864377355,INE200A01026
Fund holdout,2025-07,kotak:EME,Kotak,Category popularity,0.25,8,0,0,1,0.125,165,-3.530285817699755,0.3085931223227758,INE200A01026
Fund holdout,2025-07,kotak:EME,Kotak,Binary factors,0.25,7,0,0,1,0.1428571428571428,165,-3.7360266893013554,0.2682987492917161,INE200A01026
Fund holdout,2025-07,kotak:EME,Kotak,Rank factors,0.25,4,0,1,1,0.25,165,-3.245949098348465,0.3642805010471861,INE200A01026
Fund holdout,2025-07,kotak:EME,Kotak,Log holdings zero,0.5,11,0,0,0,0.0909090909090909,165,-4.364668254252351,0.1451792275176699,INE200A01026
Fund holdout,2025-07,kotak:EME,Kotak,Log holdings minimum,0.25,1,1,1,1,1.0,165,-1.1995284765715004,0.7650722118551835,INE200A01026
Fund holdout,2025-07,kotak:EME,Kotak,Word2Vec,1.0,14,0,0,0,0.0714285714285714,165,-4.301075246536069,0.1576339252893838,INE200A01026
Fund holdout,2025-07,kotak:SPO,Kotak,Popularity,0.25,34,0,0,0,0.0294117647058823,192,-5.8183401834140565,-0.1066752838947266,INE158A01026
Fund holdout,2025-07,kotak:SPO,Kotak,Co-holding,0.25,45,0,0,0,0.0222222222222222,192,-4.985518928422804,0.0517311807922862,INE158A01026
Fund holdout,2025-07,kotak:SPO,Kotak,Category popularity,0.25,31,0,0,0,0.032258064516129,192,-5.358657729559123,-0.0192415495160624,INE158A01026
Fund holdout,2025-07,kotak:SPO,Kotak,Binary factors,0.25,55,0,0,0,0.0181818181818181,192,-5.403137712235507,-0.0277018484852327,INE158A01026
Fund holdout,2025-07,kotak:SPO,Kotak,Rank factors,0.25,30,0,0,0,0.0333333333333333,192,-5.079305145702535,0.0338926073569741,INE158A01026
Fund holdout,2025-07,kotak:SPO,Kotak,Log holdings zero,0.5,93,0,0,0,0.010752688172043,192,-6.299807623398652,-0.1982526236573476,INE158A01026
Fund holdout,2025-07,kotak:SPO,Kotak,Log holdings minimum,0.25,19,0,0,0,0.0526315789473684,192,-5.838459859368123,-0.1105021395608507,INE158A01026
Fund holdout,2025-07,kotak:SPO,Kotak,Word2Vec,1.0,88,0,0,0,0.0113636363636363,192,-6.468100714091572,-0.2302627499217118,INE158A01026
Fund holdout,2025-07,mirae:MAFF,Mirae Asset,Popularity,0.25,1,1,1,1,1.0,192,-1.7630434855407555,0.664660953403605,INE090A01021
Fund holdout,2025-07,mirae:MAFF,Mirae Asset,Co-holding,0.25,1,1,1,1,1.0,192,-2.946039222720336,0.4396496783630895,INE090A01021
Fund holdout,2025-07,mirae:MAFF,Mirae Asset,Category popularity,0.25,1,1,1,1,1.0,192,-1.0003146874673732,0.809735507749661,INE090A01021
Fund holdout,2025-07,mirae:MAFF,Mirae Asset,Binary factors,0.25,18,0,0,0,0.0555555555555555,192,-4.519989011378533,0.1402771297856221,INE090A01021
Fund holdout,2025-07,mirae:MAFF,Mirae Asset,Rank factors,0.25,1,1,1,1,1.0,192,-3.070690181725816,0.4159404879244867,INE090A01021
Fund holdout,2025-07,mirae:MAFF,Mirae Asset,Log holdings zero,0.5,1,1,1,1,1.0,192,-2.830265117254588,0.4616704500943815,INE090A01021
Fund holdout,2025-07,mirae:MAFF,Mirae Asset,Log holdings minimum,0.25,1,1,1,1,1.0,192,-1.7201071193558448,0.672827649357985,INE090A01021
Fund holdout,2025-07,mirae:MAFF,Mirae Asset,Word2Vec,1.0,6,0,0,1,0.1666666666666666,192,-2.838000287740723,0.4601991847981171,INE090A01021
Fund holdout,2025-07,sbi:SBLUECHIP,SBI,Popularity,0.25,1,1,1,1,1.0,178,-1.3882110837336832,0.7320978249553799,INE090A01021
Fund holdout,2025-07,sbi:SBLUECHIP,SBI,Co-holding,0.25,1,1,1,1,1.0,178,-2.640769249971808,0.4903744580718826,INE090A01021
Fund holdout,2025-07,sbi:SBLUECHIP,SBI,Category popularity,0.25,1,1,1,1,1.0,178,-2.048279531399995,0.6047153433715813,INE090A01021
Fund holdout,2025-07,sbi:SBLUECHIP,SBI,Binary factors,0.25,2,0,1,1,0.5,178,-2.58706067874126,0.5007393393351149,INE090A01021
Fund holdout,2025-07,sbi:SBLUECHIP,SBI,Rank factors,0.25,1,1,1,1,1.0,178,-2.6620304329173883,0.4862713953446905,INE090A01021
Fund holdout,2025-07,sbi:SBLUECHIP,SBI,Log holdings zero,0.5,1,1,1,1,1.0,178,-2.001363249384334,0.6137694232188602,INE090A01021
Fund holdout,2025-07,sbi:SBLUECHIP,SBI,Log holdings minimum,0.25,1,1,1,1,1.0,178,-0.2413750935470924,0.9534185302793116,INE090A01021
Fund holdout,2025-07,sbi:SBLUECHIP,SBI,Word2Vec,1.0,1,1,1,1,1.0,178,-0.0123396534136794,0.9976186474610688,INE090A01021
Fund holdout,2025-07,sbi:SMAAF,SBI,Popularity,0.25,1,1,1,1,1.0,180,-2.108906490441889,0.5938910044899821,INE002A01018
Fund holdout,2025-07,sbi:SMAAF,SBI,Co-holding,0.25,2,0,1,1,0.5,180,-3.4704775799045664,0.3316952789026863,INE002A01018
Fund holdout,2025-07,sbi:SMAAF,SBI,Category popularity,0.25,1,1,1,1,1.0,180,-2.3976617492423333,0.5382858325057505,INE002A01018
Fund holdout,2025-07,sbi:SMAAF,SBI,Binary factors,0.25,19,0,0,0,0.0526315789473684,180,-4.328788958143436,0.166411529608345,INE002A01018
Fund holdout,2025-07,sbi:SMAAF,SBI,Rank factors,0.25,5,0,1,1,0.2,180,-4.312740949050631,0.1695018709213205,INE002A01018
Fund holdout,2025-07,sbi:SMAAF,SBI,Log holdings zero,0.5,3,0,1,1,0.3333333333333333,180,-3.441940928205036,0.3371905396026936,INE002A01018
Fund holdout,2025-07,sbi:SMAAF,SBI,Log holdings minimum,0.25,7,0,0,1,0.1428571428571428,180,-3.3124630160300947,0.36212390914393,INE002A01018
Fund holdout,2025-07,sbi:SMAAF,SBI,Word2Vec,1.0,22,0,0,0,0.0454545454545454,180,-4.358575991950141,0.1606754846801845,INE002A01018
Fund holdout,2025-07,uti:193,UTI,Popularity,0.25,1,1,1,1,1.0,171,-1.3475731035357938,0.7379110693013902,INE090A01021
Fund holdout,2025-07,uti:193,UTI,Co-holding,0.25,1,1,1,1,1.0,171,-2.527436278769528,0.508439972589595,INE090A01021
Fund holdout,2025-07,uti:193,UTI,Category popularity,0.25,2,0,1,1,0.5,171,-1.858410872407413,0.6385584447552812,INE090A01021
Fund holdout,2025-07,uti:193,UTI,Binary factors,0.25,12,0,0,0,0.0833333333333333,171,-4.146799368478225,0.1934907208711138,INE090A01021
Fund holdout,2025-07,uti:193,UTI,Rank factors,0.25,1,1,1,1,1.0,171,-2.521616713714453,0.5095718173692315,INE090A01021
Fund holdout,2025-07,uti:193,UTI,Log holdings zero,0.5,1,1,1,1,1.0,171,-1.6180821507152867,0.685299877571939,INE090A01021
Fund holdout,2025-07,uti:193,UTI,Log holdings minimum,0.25,1,1,1,1,1.0,171,-0.356897901438808,0.9305870760471212,INE090A01021
Fund holdout,2025-07,uti:193,UTI,Word2Vec,1.0,1,1,1,1,1.0,171,-0.0239815391553808,0.9953358404547782,INE090A01021
Fund holdout,2025-07,uti:751,UTI,Popularity,0.25,164,0,0,0,0.0060975609756097,187,-9.803007112215994,-0.8739827119304673,INE036D01028
Fund holdout,2025-07,uti:751,UTI,Co-holding,0.25,35,0,0,0,0.0285714285714285,187,-4.715024662890012,0.0986567077391122,INE036D01028
Fund holdout,2025-07,uti:751,UTI,Category popularity,0.25,4,0,1,1,0.25,187,-2.861464860981491,0.4529907385669882,INE036D01028
Fund holdout,2025-07,uti:751,UTI,Binary factors,0.25,13,0,0,0,0.0769230769230769,187,-4.165796054412808,0.2036494824461016,INE036D01028
Fund holdout,2025-07,uti:751,UTI,Rank factors,0.25,91,0,0,0,0.0109890109890109,187,-5.505095902777124,-0.0523765239818865,INE036D01028
Fund holdout,2025-07,uti:751,UTI,Log holdings zero,0.5,85,0,0,0,0.0117647058823529,187,-5.681928397760184,-0.0861805429642694,INE036D01028
Fund holdout,2025-07,uti:751,UTI,Log holdings minimum,0.25,131,0,0,0,0.0076335877862595,187,-8.454177537544702,-0.6161349642608098,INE036D01028
Fund holdout,2025-07,uti:751,UTI,Word2Vec,1.0,62,0,0,0,0.0161290322580645,187,-7.336395650841757,-0.4024552323773116,INE036D01028
Fund holdout,2025-07,uti:753,UTI,Popularity,0.25,1,1,1,1,1.0,184,-1.559490892077875,0.7009568354121218,INE090A01021
Fund holdout,2025-07,uti:753,UTI,Co-holding,0.25,1,1,1,1,1.0,184,-2.7746269291719967,0.467946095956483,INE090A01021
Fund holdout,2025-07,uti:753,UTI,Category popularity,0.25,1,1,1,1,1.0,184,-0.9158322343581612,0.82438283481788,INE090A01021
Fund holdout,2025-07,uti:753,UTI,Binary factors,0.25,2,0,1,1,0.5,184,-2.966496239467433,0.4311538286662323,INE090A01021
Fund holdout,2025-07,uti:753,UTI,Rank factors,0.25,2,0,1,1,0.5,184,-2.9618962141125507,0.4320359153435553,INE090A01021
Fund holdout,2025-07,uti:753,UTI,Log holdings zero,0.5,1,1,1,1,1.0,184,-2.6473495119498978,0.4923524210078304,INE090A01021
Fund holdout,2025-07,uti:753,UTI,Log holdings minimum,0.25,1,1,1,1,1.0,184,-1.781537262705446,0.6583779080871613,INE090A01021
Fund holdout,2025-07,uti:753,UTI,Word2Vec,1.0,1,1,1,1,1.0,184,-0.0133117013269785,0.9974473892017642,INE090A01021
Fund holdout,2025-08,absl:ABSLMCF,Aditya Birla SL,Popularity,0.25,6,0,0,1,0.1666666666666666,157,-3.1834496858473145,0.3703926176848482,INE481G01011
Fund holdout,2025-08,absl:ABSLMCF,Aditya Birla SL,Co-holding,0.25,10,0,0,1,0.1,157,-3.7129316580835634,0.2656742173894784,INE481G01011
Fund holdout,2025-08,absl:ABSLMCF,Aditya Birla SL,Category popularity,0.25,18,0,0,0,0.0555555555555555,157,-4.2807418332814535,0.1533754492802852,INE481G01011
Fund holdout,2025-08,absl:ABSLMCF,Aditya Birla SL,Binary factors,0.25,41,0,0,0,0.024390243902439,157,-5.021236919584972,0.0069238892077407,INE481G01011
Fund holdout,2025-08,absl:ABSLMCF,Aditya Birla SL,Rank factors,0.25,13,0,0,0,0.0769230769230769,157,-4.543770738231963,0.1013548563193402,INE481G01011
Fund holdout,2025-08,absl:ABSLMCF,Aditya Birla SL,Log holdings zero,0.25,25,0,0,0,0.04,157,-4.799008106058641,0.0508752361322248,INE481G01011
Fund holdout,2025-08,absl:ABSLMCF,Aditya Birla SL,Log holdings minimum,0.5,15,0,0,0,0.0666666666666666,157,-4.329403340100234,0.1437514102813685,INE481G01011
Fund holdout,2025-08,absl:ABSLMCF,Aditya Birla SL,Word2Vec,1.0,42,0,0,0,0.0238095238095238,157,-5.931855521646154,-0.1731738823638002,INE481G01011
Fund holdout,2025-08,absl:BSLDAAF,Aditya Birla SL,Popularity,0.25,1,1,1,1,1.0,152,-1.128754877537105,0.7753221095021254,INE040A01034
Fund holdout,2025-08,absl:BSLDAAF,Aditya Birla SL,Co-holding,0.25,1,1,1,1,1.0,152,-2.1783207610238997,0.566406734398819,INE040A01034
Fund holdout,2025-08,absl:BSLDAAF,Aditya Birla SL,Category popularity,0.25,1,1,1,1,1.0,152,-1.726571024157817,0.656327212203093,INE040A01034
Fund holdout,2025-08,absl:BSLDAAF,Aditya Birla SL,Binary factors,0.25,14,0,0,0,0.0714285714285714,152,-4.101082517349092,0.1836823148297599,INE040A01034
Fund holdout,2025-08,absl:BSLDAAF,Aditya Birla SL,Rank factors,0.25,1,1,1,1,1.0,152,-2.5186329369106257,0.4986678272980982,INE040A01034
Fund holdout,2025-08,absl:BSLDAAF,Aditya Birla SL,Log holdings zero,0.25,3,0,1,1,0.3333333333333333,152,-3.4385917993348016,0.3155506415674932,INE040A01034
Fund holdout,2025-08,absl:BSLDAAF,Aditya Birla SL,Log holdings minimum,0.5,4,0,1,1,0.25,152,-2.602867166274597,0.4819010612465477,INE040A01034
Fund holdout,2025-08,absl:BSLDAAF,Aditya Birla SL,Word2Vec,1.0,1,1,1,1,1.0,152,-0.0083644033740668,0.9983350711985768,INE040A01034
Fund holdout,2025-08,absl:BSLPHF,Aditya Birla SL,Popularity,0.25,36,0,0,0,0.0277777777777777,193,-5.792855822314108,-0.1007404225555494,INE437A01024
Fund holdout,2025-08,absl:BSLPHF,Aditya Birla SL,Co-holding,0.25,21,0,0,0,0.0476190476190476,193,-4.423999300220202,0.1593654307169481,INE437A01024
Fund holdout,2025-08,absl:BSLPHF,Aditya Birla SL,Category popularity,0.25,30,0,0,0,0.0333333333333333,193,-5.241235103573954,0.004076828496605,INE437A01024
Fund holdout,2025-08,absl:BSLPHF,Aditya Birla SL,Binary factors,0.25,70,0,0,0,0.0142857142857142,193,-5.450168126177095,-0.0356239737743753,INE437A01024
Fund holdout,2025-08,absl:BSLPHF,Aditya Birla SL,Rank factors,0.25,76,0,0,0,0.0131578947368421,193,-5.615742653134124,-0.0670859297348653,INE437A01024
Fund holdout,2025-08,absl:BSLPHF,Aditya Birla SL,Log holdings zero,0.25,21,0,0,0,0.0476190476190476,193,-6.899472611885667,-0.311016298552315,INE437A01024
Fund holdout,2025-08,absl:BSLPHF,Aditya Birla SL,Log holdings minimum,0.5,146,0,0,0,0.0068493150684931,193,-6.9970086113404,-0.3295497854104934,INE437A01024
Fund holdout,2025-08,absl:BSLPHF,Aditya Birla SL,Word2Vec,1.0,4,0,1,1,0.25,193,-3.4129336144305054,0.351484983549696,INE437A01024
Fund holdout,2025-08,absl:BSLR96,Aditya Birla SL,Popularity,0.25,1,1,1,1,1.0,174,-1.1559836273176425,0.7759311423753024,INE040A01034
Fund holdout,2025-08,absl:BSLR96,Aditya Birla SL,Co-holding,0.25,1,1,1,1,1.0,174,-2.4494939295939857,0.5252049478967742,INE040A01034
Fund holdout,2025-08,absl:BSLR96,Aditya Birla SL,Category popularity,0.25,1,1,1,1,1.0,174,-1.176585619254027,0.7719377771676215,INE040A01034
Fund holdout,2025-08,absl:BSLR96,Aditya Birla SL,Binary factors,0.25,18,0,0,0,0.0555555555555555,174,-4.150971870031325,0.1954007799328464,INE040A01034
Fund holdout,2025-08,absl:BSLR96,Aditya Birla SL,Rank factors,0.25,1,1,1,1,1.0,174,-2.7638373032886365,0.4642745341943838,INE040A01034
Fund holdout,2025-08,absl:BSLR96,Aditya Birla SL,Log holdings zero,0.25,1,1,1,1,1.0,174,-0.05850129701086,0.988660463279049,INE040A01034
Fund holdout,2025-08,absl:BSLR96,Aditya Birla SL,Log holdings minimum,0.5,1,1,1,1,1.0,174,-1.7276092851433735,0.6651306906118251,INE040A01034
Fund holdout,2025-08,absl:BSLR96,Aditya Birla SL,Word2Vec,1.0,1,1,1,1,1.0,174,-0.0047102755792387,0.999086988739982,INE040A01034
Fund holdout,2025-08,absl:MNC,Aditya Birla SL,Popularity,0.25,17,0,0,0,0.0588235294117647,179,-4.34213595353533,0.1629433174902305,INE030A01027
Fund holdout,2025-08,absl:MNC,Aditya Birla SL,Co-holding,0.25,7,0,0,1,0.1428571428571428,179,-3.766472868118728,0.2739169575785447,INE030A01027
Fund holdout,2025-08,absl:MNC,Aditya Birla SL,Category popularity,0.25,12,0,0,0,0.0833333333333333,179,-4.033772552343796,0.222388173287216,INE030A01027
Fund holdout,2025-08,absl:MNC,Aditya Birla SL,Binary factors,0.25,2,0,1,1,0.5,179,-2.949190053322421,0.4314689202407559,INE030A01027
Fund holdout,2025-08,absl:MNC,Aditya Birla SL,Rank factors,0.25,10,0,0,1,0.1,179,-4.141369222885018,0.2016461898357301,INE030A01027
Fund holdout,2025-08,absl:MNC,Aditya Birla SL,Log holdings zero,0.25,7,0,0,1,0.1428571428571428,179,-4.082944584509052,0.2129090186598716,INE030A01027
Fund holdout,2025-08,absl:MNC,Aditya Birla SL,Log holdings minimum,0.5,20,0,0,0,0.05,179,-4.5698777187346495,0.1190403240126886,INE030A01027
Fund holdout,2025-08,absl:MNC,Aditya Birla SL,Word2Vec,1.0,117,0,0,0,0.0085470085470085,179,-9.750904150615746,-0.8797337455865886,INE030A01027
Fund holdout,2025-08,axis:AXISMLC,Axis,Popularity,0.25,1,1,1,1,1.0,123,-0.864211094449324,0.8204118897721568,INE090A01021
Fund holdout,2025-08,axis:AXISMLC,Axis,Co-holding,0.25,1,1,1,1,1.0,123,-2.058426099460228,0.5722470405436233,INE090A01021
Fund holdout,2025-08,axis:AXISMLC,Axis,Category popularity,0.25,1,1,1,1,1.0,123,-1.2940982208887046,0.7310788354473685,INE090A01021
Fund holdout,2025-08,axis:AXISMLC,Axis,Binary factors,0.25,13,0,0,0,0.0769230769230769,123,-3.880545184290972,0.1936000581609773,INE090A01021
Fund holdout,2025-08,axis:AXISMLC,Axis,Rank factors,0.25,1,1,1,1,1.0,123,-2.103606685926462,0.5628582509358865,INE090A01021
Fund holdout,2025-08,axis:AXISMLC,Axis,Log holdings zero,0.25,1,1,1,1,1.0,123,-0.282594002129537,0.9412753167251284,INE090A01021
Fund holdout,2025-08,axis:AXISMLC,Axis,Log holdings minimum,0.5,1,1,1,1,1.0,123,-1.2026611647487258,0.7500799894737924,INE090A01021
Fund holdout,2025-08,axis:AXISMLC,Axis,Word2Vec,1.0,1,1,1,1,1.0,123,-0.0036592628566687,0.9992395838175684,INE090A01021
Fund holdout,2025-08,hdfc:HDFCEQ,HDFC,Popularity,0.25,1,1,1,1,1.0,177,-1.3103883090320885,0.7468411122681142,INE040A01034
Fund holdout,2025-08,hdfc:HDFCEQ,HDFC,Co-holding,0.25,1,1,1,1,1.0,177,-2.560907592688703,0.5052485486320548,INE040A01034
Fund holdout,2025-08,hdfc:HDFCEQ,HDFC,Category popularity,0.25,1,1,1,1,1.0,177,-1.1315374334100312,0.7813939913118826,INE040A01034
Fund holdout,2025-08,hdfc:HDFCEQ,HDFC,Binary factors,0.25,6,0,0,1,0.1666666666666666,177,-3.491439023445137,0.3254756520134461,INE040A01034
Fund holdout,2025-08,hdfc:HDFCEQ,HDFC,Rank factors,0.25,1,1,1,1,1.0,177,-2.313938780983613,0.5529613901194059,INE040A01034
Fund holdout,2025-08,hdfc:HDFCEQ,HDFC,Log holdings zero,0.25,1,1,1,1,1.0,177,-0.0681203430509356,0.9868395725451584,INE040A01034
Fund holdout,2025-08,hdfc:HDFCEQ,HDFC,Log holdings minimum,0.5,1,1,1,1,1.0,177,-1.0226071878497214,0.8024386386246921,INE040A01034
Fund holdout,2025-08,hdfc:HDFCEQ,HDFC,Word2Vec,1.0,1,1,1,1,1.0,177,-0.043216509070957,0.991650838692128,INE040A01034
Fund holdout,2025-08,hdfc:HDFCMNCFND,HDFC,Popularity,0.25,67,0,0,0,0.0149253731343283,186,-6.8079021505881006,-0.3027616100936412,INE061F01013
Fund holdout,2025-08,hdfc:HDFCMNCFND,HDFC,Co-holding,0.25,77,0,0,0,0.0129870129870129,186,-5.709682378308518,-0.0926060398276924,INE061F01013
Fund holdout,2025-08,hdfc:HDFCMNCFND,HDFC,Category popularity,0.25,59,0,0,0,0.0169491525423728,186,-6.8744535372771605,-0.3154968976696406,INE061F01013
Fund holdout,2025-08,hdfc:HDFCMNCFND,HDFC,Binary factors,0.25,20,0,0,0,0.05,186,-4.722963335135104,0.0962127270935697,INE061F01013
Fund holdout,2025-08,hdfc:HDFCMNCFND,HDFC,Rank factors,0.25,9,0,0,1,0.1111111111111111,186,-4.213014979787917,0.1937965533269294,INE061F01013
Fund holdout,2025-08,hdfc:HDFCMNCFND,HDFC,Log holdings zero,0.25,109,0,0,0,0.0091743119266055,186,-9.577876333660644,-0.8328244615912461,INE061F01013
Fund holdout,2025-08,hdfc:HDFCMNCFND,HDFC,Log holdings minimum,0.5,1,1,1,1,1.0,186,-2.798483030226349,0.4644816894199232,INE061F01013
Fund holdout,2025-08,hdfc:HDFCMNCFND,HDFC,Word2Vec,1.0,88,0,0,0,0.0113636363636363,186,-7.966678872824273,-0.5245053712417096,INE061F01013
Fund holdout,2025-08,icici:BHACON,ICICI Prudential,Popularity,0.25,3,0,1,1,0.3333333333333333,179,-2.24194453924358,0.5678084061688153,INE397D01024
Fund holdout,2025-08,icici:BHACON,ICICI Prudential,Co-holding,0.25,1,1,1,1,1.0,179,-3.0331777016452257,0.4152781737903495,INE397D01024
Fund holdout,2025-08,icici:BHACON,ICICI Prudential,Category popularity,0.25,1,1,1,1,1.0,179,-1.7937656274656462,0.6542062428736359,INE397D01024
Fund holdout,2025-08,icici:BHACON,ICICI Prudential,Binary factors,0.25,6,0,0,1,0.1666666666666666,179,-3.91925621575272,0.2444640976308683,INE397D01024
Fund holdout,2025-08,icici:BHACON,ICICI Prudential,Rank factors,0.25,1,1,1,1,1.0,179,-2.952152961961501,0.430897744556128,INE397D01024
Fund holdout,2025-08,icici:BHACON,ICICI Prudential,Log holdings zero,0.25,2,0,1,1,0.5,179,-1.1242488137461333,0.7832725662162469,INE397D01024
Fund holdout,2025-08,icici:BHACON,ICICI Prudential,Log holdings minimum,0.5,5,0,1,1,0.2,179,-2.923585672362841,0.4364048131775702,INE397D01024
Fund holdout,2025-08,icici:BHACON,ICICI Prudential,Word2Vec,1.0,3,0,1,1,0.3333333333333333,179,-2.5446199828035674,0.5094600482697,INE397D01024
Fund holdout,2025-08,icici:HOUSING,ICICI Prudential,Popularity,0.25,1,1,1,1,1.0,189,-1.8148115421178128,0.6537773500125391,INE040A01034
Fund holdout,2025-08,icici:HOUSING,ICICI Prudential,Co-holding,0.25,2,0,1,1,0.5,189,-3.042022075832006,0.4196549228544955,INE040A01034
Fund holdout,2025-08,icici:HOUSING,ICICI Prudential,Category popularity,0.25,2,0,1,1,0.5,189,-2.2586509797461147,0.5691033975396054,INE040A01034
Fund holdout,2025-08,icici:HOUSING,ICICI Prudential,Binary factors,0.25,7,0,0,1,0.1428571428571428,189,-3.843433772155979,0.2667647329957516,INE040A01034
Fund holdout,2025-08,icici:HOUSING,ICICI Prudential,Rank factors,0.25,4,0,1,1,0.25,189,-3.6635918053046943,0.3010742802391792,INE040A01034
Fund holdout,2025-08,icici:HOUSING,ICICI Prudential,Log holdings zero,0.25,5,0,1,1,0.2,189,-4.252005242470651,0.1888190654271264,INE040A01034
Fund holdout,2025-08,icici:HOUSING,ICICI Prudential,Log holdings minimum,0.5,2,0,1,1,0.5,189,-2.402228038161184,0.541712327729756,INE040A01034
Fund holdout,2025-08,icici:HOUSING,ICICI Prudential,Word2Vec,1.0,2,0,1,1,0.5,189,-1.3991278629146429,0.733079856983765,INE040A01034
Fund holdout,2025-08,icici:LARGE & MIDCAP,ICICI Prudential,Popularity,0.25,2,0,1,1,0.5,149,-1.922238620790768,0.615855466213366,INE585B01010
Fund holdout,2025-08,icici:LARGE & MIDCAP,ICICI Prudential,Co-holding,0.25,2,0,1,1,0.5,149,-3.047747258755661,0.3909312625648145,INE585B01010
Fund holdout,2025-08,icici:LARGE & MIDCAP,ICICI Prudential,Category popularity,0.25,2,0,1,1,0.5,149,-2.7036746065274,0.4596915232053913,INE585B01010
Fund holdout,2025-08,icici:LARGE & MIDCAP,ICICI Prudential,Binary factors,0.25,1,1,1,1,1.0,149,-2.7903793653422917,0.4423642471888855,INE585B01010
Fund holdout,2025-08,icici:LARGE & MIDCAP,ICICI Prudential,Rank factors,0.25,2,0,1,1,0.5,149,-3.912798026193693,0.2180575515878964,INE585B01010
Fund holdout,2025-08,icici:LARGE & MIDCAP,ICICI Prudential,Log holdings zero,0.25,4,0,1,1,0.25,149,-3.606946315462362,0.2791796524321704,INE585B01010
Fund holdout,2025-08,icici:LARGE & MIDCAP,ICICI Prudential,Log holdings minimum,0.5,1,1,1,1,1.0,149,-2.219414994605719,0.5564670644110006,INE585B01010
Fund holdout,2025-08,icici:LARGE & MIDCAP,ICICI Prudential,Word2Vec,1.0,44,0,0,0,0.0227272727272727,149,-5.755718856113155,-0.1502359346411199,INE585B01010
Fund holdout,2025-08,icici:MIDCAP,ICICI Prudential,Popularity,0.25,136,0,0,0,0.0073529411764705,159,-9.4689232367738,-0.8680414659693738,INE628A01036
Fund holdout,2025-08,icici:MIDCAP,ICICI Prudential,Co-holding,0.25,98,0,0,0,0.010204081632653,159,-5.869810190243305,-0.1580037728218,INE628A01036
Fund holdout,2025-08,icici:MIDCAP,ICICI Prudential,Category popularity,0.25,100,0,0,0,0.01,159,-8.468581933075862,-0.6706928352219672,INE628A01036
Fund holdout,2025-08,icici:MIDCAP,ICICI Prudential,Binary factors,0.25,54,0,0,0,0.0185185185185185,159,-5.449935948182559,-0.0751704373887025,INE628A01036
Fund holdout,2025-08,icici:MIDCAP,ICICI Prudential,Rank factors,0.25,82,0,0,0,0.0121951219512195,159,-5.475522352557888,-0.0802181564527404,INE628A01036
Fund holdout,2025-08,icici:MIDCAP,ICICI Prudential,Log holdings zero,0.25,142,0,0,0,0.0070422535211267,159,-14.027017031204457,-1.7672681257342524,INE628A01036
Fund holdout,2025-08,icici:MIDCAP,ICICI Prudential,Log holdings minimum,0.5,42,0,0,0,0.0238095238095238,159,-5.377535780238482,-0.0608872382877283,INE628A01036
Fund holdout,2025-08,icici:MIDCAP,ICICI Prudential,Word2Vec,1.0,55,0,0,0,0.0181818181818181,159,-6.756770599605538,-0.3329844735763607,INE628A01036
Fund holdout,2025-08,icici:MNCFUND,ICICI Prudential,Popularity,0.25,9,0,0,1,0.1111111111111111,184,-3.2131825640070097,0.3838500197593549,INE585B01010
Fund holdout,2025-08,icici:MNCFUND,ICICI Prudential,Co-holding,0.25,1,1,1,1,1.0,184,-3.2091962812121446,0.3846144170559178,INE585B01010
Fund holdout,2025-08,icici:MNCFUND,ICICI Prudential,Category popularity,0.25,5,0,1,1,0.2,184,-2.3905314240412245,0.5415990656158596,INE585B01010
Fund holdout,2025-08,icici:MNCFUND,ICICI Prudential,Binary factors,0.25,3,0,1,1,0.3333333333333333,184,-3.0055722839315253,0.4236607268754618,INE585B01010
Fund holdout,2025-08,icici:MNCFUND,ICICI Prudential,Rank factors,0.25,1,1,1,1,1.0,184,-2.9091604758437315,0.442148357897018,INE585B01010
Fund holdout,2025-08,icici:MNCFUND,ICICI Prudential,Log holdings zero,0.25,1,1,1,1,1.0,184,-0.59185411882709,0.8865078792267901,INE585B01010
Fund holdout,2025-08,icici:MNCFUND,ICICI Prudential,Log holdings minimum,0.5,1,1,1,1,1.0,184,-1.541933921978471,0.7043235058593632,INE585B01010
Fund holdout,2025-08,icici:MNCFUND,ICICI Prudential,Word2Vec,1.0,1,1,1,1,1.0,184,-1.6717458474427342,0.6794311713229582,INE585B01010
Fund holdout,2025-08,icici:MULTICAP,ICICI Prudential,Popularity,0.25,1,1,1,1,1.0,132,-1.6388380542737764,0.6643652394144834,INE002A01018
Fund holdout,2025-08,icici:MULTICAP,ICICI Prudential,Co-holding,0.25,1,1,1,1,1.0,132,-2.431894761318356,0.5019468739722692,INE002A01018
Fund holdout,2025-08,icici:MULTICAP,ICICI Prudential,Category popularity,0.25,2,0,1,1,0.5,132,-2.4883414173450182,0.4903865737754586,INE002A01018
Fund holdout,2025-08,icici:MULTICAP,ICICI Prudential,Binary factors,0.25,3,0,1,1,0.3333333333333333,132,-2.9565870547710755,0.3944896594934981,INE002A01018
Fund holdout,2025-08,icici:MULTICAP,ICICI Prudential,Rank factors,0.25,1,1,1,1,1.0,132,-2.927004145464447,0.4005482524439487,INE002A01018
Fund holdout,2025-08,icici:MULTICAP,ICICI Prudential,Log holdings zero,0.25,1,1,1,1,1.0,132,-0.7323834056352023,0.8500075536041269,INE002A01018
Fund holdout,2025-08,icici:MULTICAP,ICICI Prudential,Log holdings minimum,0.5,1,1,1,1,1.0,132,-0.558559276315302,0.8856068124058903,INE002A01018
Fund holdout,2025-08,icici:MULTICAP,ICICI Prudential,Word2Vec,1.0,1,1,1,1,1.0,132,-0.1874210359403427,0.9616160886901044,INE002A01018
Fund holdout,2025-08,icici:RURALOPP,ICICI Prudential,Popularity,0.25,9,0,0,1,0.1111111111111111,177,-3.7959843246343463,0.2666393901347205,INE030A01027
Fund holdout,2025-08,icici:RURALOPP,ICICI Prudential,Co-holding,0.25,3,0,1,1,0.3333333333333333,177,-3.093053817964524,0.4024412009374949,INE030A01027
Fund holdout,2025-08,icici:RURALOPP,ICICI Prudential,Category popularity,0.25,8,0,0,1,0.125,177,-3.578127594932228,0.3087279580776323,INE030A01027
Fund holdout,2025-08,icici:RURALOPP,ICICI Prudential,Binary factors,0.25,1,1,1,1,1.0,177,-2.313917443382586,0.5529655124114818,INE030A01027
Fund holdout,2025-08,icici:RURALOPP,ICICI Prudential,Rank factors,0.25,1,1,1,1,1.0,177,-3.187029346454823,0.3842857121387638,INE030A01027
Fund holdout,2025-08,icici:RURALOPP,ICICI Prudential,Log holdings zero,0.25,3,0,1,1,0.3333333333333333,177,-2.013420833470612,0.6110195922656505,INE030A01027
Fund holdout,2025-08,icici:RURALOPP,ICICI Prudential,Log holdings minimum,0.5,2,0,1,1,0.5,177,-2.6369587018712206,0.4905559463868139,INE030A01027
Fund holdout,2025-08,icici:RURALOPP,ICICI Prudential,Word2Vec,1.0,1,1,1,1,1.0,177,-1.4376998910265293,0.7222453048490859,INE030A01027
Fund holdout,2025-08,icici:TECH,ICICI Prudential,Popularity,0.25,17,0,0,0,0.0588235294117647,190,-4.355031727640537,0.1699996669069344,INE467B01029
Fund holdout,2025-08,icici:TECH,ICICI Prudential,Co-holding,0.25,3,0,1,1,0.3333333333333333,190,-3.395231141870788,0.3529225147097932,INE467B01029
Fund holdout,2025-08,icici:TECH,ICICI Prudential,Category popularity,0.25,31,0,0,0,0.032258064516129,190,-5.163130994084151,0.0159886970066428,INE467B01029
Fund holdout,2025-08,icici:TECH,ICICI Prudential,Binary factors,0.25,1,1,1,1,1.0,190,-2.4315693743241544,0.5365812428371527,INE467B01029
Fund holdout,2025-08,icici:TECH,ICICI Prudential,Rank factors,0.25,7,0,0,1,0.1428571428571428,190,-4.245395323367793,0.190894635705429,INE467B01029
Fund holdout,2025-08,icici:TECH,ICICI Prudential,Log holdings zero,0.25,2,0,1,1,0.5,190,-1.4852703466438033,0.7169309066973202,INE467B01029
Fund holdout,2025-08,icici:TECH,ICICI Prudential,Log holdings minimum,0.5,3,0,1,1,0.3333333333333333,190,-2.004422485546745,0.617988700265022,INE467B01029
Fund holdout,2025-08,icici:TECH,ICICI Prudential,Word2Vec,1.0,1,1,1,1,1.0,190,-1.8691436728159785,0.6437707075267238,INE467B01029
Fund holdout,2025-08,kotak:EME,Kotak,Popularity,0.25,59,0,0,0,0.0169491525423728,165,-6.6740481858251215,-0.3071130939294231,INE200A01026
Fund holdout,2025-08,kotak:EME,Kotak,Co-holding,0.25,11,0,0,0,0.0909090909090909,165,-4.020782831262748,0.2125292266015611,INE200A01026
Fund holdout,2025-08,kotak:EME,Kotak,Category popularity,0.25,27,0,0,0,0.037037037037037,165,-4.255186442797156,0.1666212527047424,INE200A01026
Fund holdout,2025-08,kotak:EME,Kotak,Binary factors,0.25,21,0,0,0,0.0476190476190476,165,-4.29398964603168,0.1590216409515678,INE200A01026
Fund holdout,2025-08,kotak:EME,Kotak,Rank factors,0.25,3,0,1,1,0.3333333333333333,165,-3.212416349465559,0.3708478937180069,INE200A01026
Fund holdout,2025-08,kotak:EME,Kotak,Log holdings zero,0.25,11,0,0,0,0.0909090909090909,165,-3.8589540917305434,0.2442234035878617,INE200A01026
Fund holdout,2025-08,kotak:EME,Kotak,Log holdings minimum,0.5,1,1,1,1,1.0,165,-2.3979675782976546,0.5303577778973465,INE200A01026
Fund holdout,2025-08,kotak:EME,Kotak,Word2Vec,1.0,19,0,0,0,0.0526315789473684,165,-4.363821269372922,0.1453451096023412,INE200A01026
Fund holdout,2025-08,kotak:SPO,Kotak,Popularity,0.25,39,0,0,0,0.0256410256410256,193,-5.915974291014454,-0.1241350105478107,INE158A01026
Fund holdout,2025-08,kotak:SPO,Kotak,Co-holding,0.25,43,0,0,0,0.0232558139534883,193,-4.967498864889259,0.0560913360695194,INE158A01026
Fund holdout,2025-08,kotak:SPO,Kotak,Category popularity,0.25,30,0,0,0,0.0333333333333333,193,-5.197734527932408,0.0123426724053453,INE158A01026
Fund holdout,2025-08,kotak:SPO,Kotak,Binary factors,0.25,40,0,0,0,0.025,193,-5.1781018334558,0.0160732158673181,INE158A01026
Fund holdout,2025-08,kotak:SPO,Kotak,Rank factors,0.25,51,0,0,0,0.0196078431372549,193,-5.323902248860907,-0.0116313249989659,INE158A01026
Fund holdout,2025-08,kotak:SPO,Kotak,Log holdings zero,0.25,15,0,0,0,0.0666666666666666,193,-7.570359325583088,-0.4384961025339031,INE158A01026
Fund holdout,2025-08,kotak:SPO,Kotak,Log holdings minimum,0.5,6,0,0,1,0.1666666666666666,193,-3.968391686394044,0.2459385705887756,INE158A01026
Fund holdout,2025-08,kotak:SPO,Kotak,Word2Vec,1.0,98,0,0,0,0.010204081632653,193,-7.973034550723723,-0.5150111947560481,INE158A01026
Fund holdout,2025-08,mirae:MAFF,Mirae Asset,Popularity,0.25,1,1,1,1,1.0,192,-1.7506409807433414,0.6670199673293995,INE090A01021
Fund holdout,2025-08,mirae:MAFF,Mirae Asset,Co-holding,0.25,1,1,1,1,1.0,192,-2.957367692661831,0.4374949508474425,INE090A01021
Fund holdout,2025-08,mirae:MAFF,Mirae Asset,Category popularity,0.25,1,1,1,1,1.0,192,-0.9053828246560656,0.8277919882777062,INE090A01021
Fund holdout,2025-08,mirae:MAFF,Mirae Asset,Binary factors,0.25,18,0,0,0,0.0555555555555555,192,-4.582894767556844,0.1283121632517477,INE090A01021
Fund holdout,2025-08,mirae:MAFF,Mirae Asset,Rank factors,0.25,1,1,1,1,1.0,192,-3.2256211184430423,0.3864719053097442,INE090A01021
Fund holdout,2025-08,mirae:MAFF,Mirae Asset,Log holdings zero,0.25,1,1,1,1,1.0,192,-0.939125196031588,0.8213740327707842,INE090A01021
Fund holdout,2025-08,mirae:MAFF,Mirae Asset,Log holdings minimum,0.5,1,1,1,1,1.0,192,-3.3067741125676458,0.3710362295017589,INE090A01021
Fund holdout,2025-08,mirae:MAFF,Mirae Asset,Word2Vec,1.0,1,1,1,1,1.0,192,-0.8093348991922067,0.8460607490977112,INE090A01021
Fund holdout,2025-08,sbi:SBLUECHIP,SBI,Popularity,0.25,1,1,1,1,1.0,175,-1.39217673063051,0.7304483210612269,INE090A01021
Fund holdout,2025-08,sbi:SBLUECHIP,SBI,Co-holding,0.25,1,1,1,1,1.0,175,-2.605058917239619,0.495611448297703,INE090A01021
Fund holdout,2025-08,sbi:SBLUECHIP,SBI,Category popularity,0.25,1,1,1,1,1.0,175,-1.9984856955143755,0.613055467234358,INE090A01021
Fund holdout,2025-08,sbi:SBLUECHIP,SBI,Binary factors,0.25,5,0,1,1,0.2,175,-3.3138458957246417,0.3583769177549821,INE090A01021
Fund holdout,2025-08,sbi:SBLUECHIP,SBI,Rank factors,0.25,1,1,1,1,1.0,175,-2.458048732886441,0.5240753933857314,INE090A01021
Fund holdout,2025-08,sbi:SBLUECHIP,SBI,Log holdings zero,0.25,1,1,1,1,1.0,175,-0.557638956906362,0.8920305778938711,INE090A01021
Fund holdout,2025-08,sbi:SBLUECHIP,SBI,Log holdings minimum,0.5,1,1,1,1,1.0,175,-1.5828344791436564,0.6935333841256485,INE090A01021
Fund holdout,2025-08,sbi:SBLUECHIP,SBI,Word2Vec,1.0,1,1,1,1,1.0,175,-0.056039433388273,0.989149708493012,INE090A01021
Fund holdout,2025-08,sbi:SMAAF,SBI,Popularity,0.25,1,1,1,1,1.0,180,-2.149652962681298,0.586044516754883,INE002A01018
Fund holdout,2025-08,sbi:SMAAF,SBI,Co-holding,0.25,2,0,1,1,0.5,180,-3.330896432549044,0.358574213460287,INE002A01018
Fund holdout,2025-08,sbi:SMAAF,SBI,Category popularity,0.25,1,1,1,1,1.0,180,-2.4220893094273084,0.5335818534652184,INE002A01018
Fund holdout,2025-08,sbi:SMAAF,SBI,Binary factors,0.25,24,0,0,0,0.0416666666666666,180,-4.484076255421522,0.13650808505123,INE002A01018
Fund holdout,2025-08,sbi:SMAAF,SBI,Rank factors,0.25,18,0,0,0,0.0555555555555555,180,-4.746662224992384,0.0859422942867934,INE002A01018
Fund holdout,2025-08,sbi:SMAAF,SBI,Log holdings zero,0.25,7,0,0,1,0.1428571428571428,180,-3.636011488018209,0.299818659691944,INE002A01018
Fund holdout,2025-08,sbi:SMAAF,SBI,Log holdings minimum,0.5,12,0,0,0,0.0833333333333333,180,-4.304201057430708,0.1711463851865331,INE002A01018
Fund holdout,2025-08,sbi:SMAAF,SBI,Word2Vec,1.0,31,0,0,0,0.032258064516129,180,-4.955981028725809,0.0456340826563536,INE002A01018
Fund holdout,2025-08,uti:193,UTI,Popularity,0.25,1,1,1,1,1.0,172,-1.3343261161730666,0.7407814380018376,INE090A01021
Fund holdout,2025-08,uti:193,UTI,Co-holding,0.25,1,1,1,1,1.0,172,-2.5170042008486635,0.5110234285463846,INE090A01021
Fund holdout,2025-08,uti:193,UTI,Category popularity,0.25,2,0,1,1,0.5,172,-1.8435105888544336,0.6418625416387711,INE090A01021
Fund holdout,2025-08,uti:193,UTI,Binary factors,0.25,16,0,0,0,0.0625,172,-4.723954440716572,0.0822808140940586,INE090A01021
Fund holdout,2025-08,uti:193,UTI,Rank factors,0.25,1,1,1,1,1.0,172,-2.6242237951048883,0.4901939561226281,INE090A01021
Fund holdout,2025-08,uti:193,UTI,Log holdings zero,0.25,1,1,1,1,1.0,172,-0.1398716472841119,0.9728272370346088,INE090A01021
Fund holdout,2025-08,uti:193,UTI,Log holdings minimum,0.5,1,1,1,1,1.0,172,-2.2074411903549653,0.5711620089544073,INE090A01021
Fund holdout,2025-08,uti:193,UTI,Word2Vec,1.0,1,1,1,1,1.0,172,-0.0082715048995947,0.9983931007722586,INE090A01021
Fund holdout,2025-08,uti:751,UTI,Popularity,0.25,167,0,0,0,0.0059880239520958,186,-9.828626151291658,-0.8808080002676133,INE036D01028
Fund holdout,2025-08,uti:751,UTI,Co-holding,0.25,48,0,0,0,0.0208333333333333,186,-4.910709681065012,0.0602855462230695,INE036D01028
Fund holdout,2025-08,uti:751,UTI,Category popularity,0.25,4,0,1,1,0.25,186,-2.933966751906527,0.438555495492136,INE036D01028
Fund holdout,2025-08,uti:751,UTI,Binary factors,0.25,15,0,0,0,0.0666666666666666,186,-4.121655713124813,0.2112790821151433,INE036D01028
Fund holdout,2025-08,uti:751,UTI,Rank factors,0.25,101,0,0,0,0.0099009900990099,186,-5.603056061758993,-0.0722020051112983,INE036D01028
Fund holdout,2025-08,uti:751,UTI,Log holdings zero,0.25,77,0,0,0,0.0129870129870129,186,-7.276301611926001,-0.3923946310921649,INE036D01028
Fund holdout,2025-08,uti:751,UTI,Log holdings minimum,0.5,126,0,0,0,0.0079365079365079,186,-6.345161444550117,-0.2142114497183431,INE036D01028
Fund holdout,2025-08,uti:751,UTI,Word2Vec,1.0,60,0,0,0,0.0166666666666666,186,-7.581840181006756,-0.450862556951964,INE036D01028
Fund holdout,2025-08,uti:753,UTI,Popularity,0.25,1,1,1,1,1.0,185,-1.553447474333094,0.7024249828200577,INE090A01021
Fund holdout,2025-08,uti:753,UTI,Co-holding,0.25,1,1,1,1,1.0,185,-2.772582357173071,0.4688901580513485,INE090A01021
Fund holdout,2025-08,uti:753,UTI,Category popularity,0.25,1,1,1,1,1.0,185,-0.8225194325759286,0.8424399676695242,INE090A01021
Fund holdout,2025-08,uti:753,UTI,Binary factors,0.25,1,1,1,1,1.0,185,-3.054888619251842,0.4148121849134666,INE090A01021
Fund holdout,2025-08,uti:753,UTI,Rank factors,0.25,2,0,1,1,0.5,185,-2.9689569434009027,0.4312730697133355,INE090A01021
Fund holdout,2025-08,uti:753,UTI,Log holdings zero,0.25,1,1,1,1,1.0,185,-0.672632226580923,0.871152034627672,INE090A01021
Fund holdout,2025-08,uti:753,UTI,Log holdings minimum,0.5,1,1,1,1,1.0,185,-3.0557101460456755,0.4146548150288531,INE090A01021
Fund holdout,2025-08,uti:753,UTI,Word2Vec,1.0,1,1,1,1,1.0,185,-0.0169593713561564,0.9967512997342663,INE090A01021
Fund holdout,2025-09,absl:ABSLMCF,Aditya Birla SL,Popularity,0.25,6,0,0,1,0.1666666666666666,167,-3.29283131184744,0.3566167852999924,INE481G01011
Fund holdout,2025-09,absl:ABSLMCF,Aditya Birla SL,Co-holding,0.25,9,0,0,1,0.1111111111111111,167,-3.669334174707732,0.2830522448453206,INE481G01011
Fund holdout,2025-09,absl:ABSLMCF,Aditya Birla SL,Category popularity,0.25,20,0,0,0,0.05,167,-4.3153645345231775,0.156824980121375,INE481G01011
Fund holdout,2025-09,absl:ABSLMCF,Aditya Birla SL,Binary factors,0.25,7,0,0,1,0.1428571428571428,167,-3.5312730609269893,0.3100278760869592,INE481G01011
Fund holdout,2025-09,absl:ABSLMCF,Aditya Birla SL,Rank factors,0.25,13,0,0,0,0.0769230769230769,167,-4.490725530044594,0.1225613600489994,INE481G01011
Fund holdout,2025-09,absl:ABSLMCF,Aditya Birla SL,Log holdings zero,0.25,39,0,0,0,0.0256410256410256,167,-5.084703507031287,0.0065045614757686,INE481G01011
Fund holdout,2025-09,absl:ABSLMCF,Aditya Birla SL,Log holdings minimum,0.25,21,0,0,0,0.0476190476190476,167,-4.514876059658016,0.1178426107697738,INE481G01011
Fund holdout,2025-09,absl:ABSLMCF,Aditya Birla SL,Word2Vec,1.0,24,0,0,0,0.0416666666666666,167,-5.5372392729489,-0.0819159764349488,INE481G01011
Fund holdout,2025-09,absl:BSLDAAF,Aditya Birla SL,Popularity,0.25,1,1,1,1,1.0,159,-1.1912821928369477,0.7649823028189893,INE040A01034
Fund holdout,2025-09,absl:BSLDAAF,Aditya Birla SL,Co-holding,0.25,1,1,1,1,1.0,159,-2.1701008565000004,0.5718796864321338,INE040A01034
Fund holdout,2025-09,absl:BSLDAAF,Aditya Birla SL,Category popularity,0.25,1,1,1,1,1.0,159,-1.7952801455154788,0.6458248027790449,INE040A01034
Fund holdout,2025-09,absl:BSLDAAF,Aditya Birla SL,Binary factors,0.25,26,0,0,0,0.0384615384615384,159,-4.522020616030863,0.1078899036896037,INE040A01034
Fund holdout,2025-09,absl:BSLDAAF,Aditya Birla SL,Rank factors,0.25,2,0,1,1,0.5,159,-2.7339963732718893,0.4606336469972403,INE040A01034
Fund holdout,2025-09,absl:BSLDAAF,Aditya Birla SL,Log holdings zero,0.25,1,1,1,1,1.0,159,-0.1418466634052624,0.97201630613908,INE040A01034
Fund holdout,2025-09,absl:BSLDAAF,Aditya Birla SL,Log holdings minimum,0.25,3,0,1,1,0.3333333333333333,159,-1.8101849752895127,0.6428843586160825,INE040A01034
Fund holdout,2025-09,absl:BSLDAAF,Aditya Birla SL,Word2Vec,1.0,1,1,1,1,1.0,159,-0.0199198689314741,0.9960701824029838,INE040A01034
Fund holdout,2025-09,absl:BSLPHF,Aditya Birla SL,Popularity,0.25,41,0,0,0,0.024390243902439,202,-5.925540070780505,-0.1162850874460421,INE437A01024
Fund holdout,2025-09,absl:BSLPHF,Aditya Birla SL,Co-holding,0.25,27,0,0,0,0.037037037037037,202,-4.555908632872877,0.1417334443959305,INE437A01024
Fund holdout,2025-09,absl:BSLPHF,Aditya Birla SL,Category popularity,0.25,35,0,0,0,0.0285714285714285,202,-5.366069010659585,-0.0108889220652299,INE437A01024
Fund holdout,2025-09,absl:BSLPHF,Aditya Birla SL,Binary factors,0.25,59,0,0,0,0.0169491525423728,202,-5.391564535529755,-0.0156919060749949,INE437A01024
Fund holdout,2025-09,absl:BSLPHF,Aditya Birla SL,Rank factors,0.25,76,0,0,0,0.0131578947368421,202,-5.568386274054724,-0.049002535569347,INE437A01024
Fund holdout,2025-09,absl:BSLPHF,Aditya Birla SL,Log holdings zero,0.25,38,0,0,0,0.0263157894736842,202,-7.361265690867391,-0.3867547965735192,INE437A01024
Fund holdout,2025-09,absl:BSLPHF,Aditya Birla SL,Log holdings minimum,0.25,151,0,0,0,0.0066225165562913,202,-10.41908545615174,-0.9628033192924056,INE437A01024
Fund holdout,2025-09,absl:BSLPHF,Aditya Birla SL,Word2Vec,1.0,21,0,0,0,0.0476190476190476,202,-4.285048609703408,0.1927595113936586,INE437A01024
Fund holdout,2025-09,absl:BSLR96,Aditya Birla SL,Popularity,0.25,1,1,1,1,1.0,181,-1.1443785447136037,0.7798635763700823,INE040A01034
Fund holdout,2025-09,absl:BSLR96,Aditya Birla SL,Co-holding,0.25,1,1,1,1,1.0,181,-2.448253483863434,0.5290459013175028,INE040A01034
Fund holdout,2025-09,absl:BSLR96,Aditya Birla SL,Category popularity,0.25,1,1,1,1,1.0,181,-1.183322586950048,0.7723721722195711,INE040A01034
Fund holdout,2025-09,absl:BSLR96,Aditya Birla SL,Binary factors,0.25,28,0,0,0,0.0357142857142857,181,-4.881171110128962,0.0610418586811418,INE040A01034
Fund holdout,2025-09,absl:BSLR96,Aditya Birla SL,Rank factors,0.25,1,1,1,1,1.0,181,-3.10240092577922,0.403211946237509,INE040A01034
Fund holdout,2025-09,absl:BSLR96,Aditya Birla SL,Log holdings zero,0.25,1,1,1,1,1.0,181,-0.0381913359083512,0.9926533889163246,INE040A01034
Fund holdout,2025-09,absl:BSLR96,Aditya Birla SL,Log holdings minimum,0.25,1,1,1,1,1.0,181,-0.1361520502903168,0.9738093434561096,INE040A01034
Fund holdout,2025-09,absl:BSLR96,Aditya Birla SL,Word2Vec,1.0,1,1,1,1,1.0,181,-0.0114564750819958,0.9977961947437708,INE040A01034
Fund holdout,2025-09,absl:MNC,Aditya Birla SL,Popularity,0.25,43,0,0,0,0.0232558139534883,185,-5.9684570075276255,-0.1433046343039417,INE513A01022
Fund holdout,2025-09,absl:MNC,Aditya Birla SL,Co-holding,0.25,49,0,0,0,0.0204081632653061,185,-5.048183988884252,0.032980862217661,INE513A01022
Fund holdout,2025-09,absl:MNC,Aditya Birla SL,Category popularity,0.25,21,0,0,0,0.0476190476190476,185,-4.713335315001782,0.0971237454046411,INE513A01022
Fund holdout,2025-09,absl:MNC,Aditya Birla SL,Binary factors,0.25,2,0,1,1,0.5,185,-3.010210969687785,0.4233705382252136,INE513A01022
Fund holdout,2025-09,absl:MNC,Aditya Birla SL,Rank factors,0.25,111,0,0,0,0.009009009009009,185,-5.766990053770954,-0.1047120631253959,INE513A01022
Fund holdout,2025-09,absl:MNC,Aditya Birla SL,Log holdings zero,0.25,127,0,0,0,0.0078740157480314,185,-10.234143021514928,-0.9604301630840228,INE513A01022
Fund holdout,2025-09,absl:MNC,Aditya Birla SL,Log holdings minimum,0.25,105,0,0,0,0.0095238095238095,185,-9.697019083555864,-0.8575398705528607,INE513A01022
Fund holdout,2025-09,absl:MNC,Aditya Birla SL,Word2Vec,1.0,95,0,0,0,0.0105263157894736,185,-7.630526154911123,-0.4616869827636005,INE513A01022
Fund holdout,2025-09,axis:AXISMLC,Axis,Popularity,0.25,1,1,1,1,1.0,132,-0.8123598966217891,0.8336283327685161,INE090A01021
Fund holdout,2025-09,axis:AXISMLC,Axis,Co-holding,0.25,1,1,1,1,1.0,132,-2.039795636217744,0.5822489487475901,INE090A01021
Fund holdout,2025-09,axis:AXISMLC,Axis,Category popularity,0.25,1,1,1,1,1.0,132,-1.2533778085073752,0.7433076687568203,INE090A01021
Fund holdout,2025-09,axis:AXISMLC,Axis,Binary factors,0.25,8,0,0,1,0.125,132,-3.735026712053644,0.2350648723273956,INE090A01021
Fund holdout,2025-09,axis:AXISMLC,Axis,Rank factors,0.25,1,1,1,1,1.0,132,-2.1893593954229376,0.5516182245084281,INE090A01021
Fund holdout,2025-09,axis:AXISMLC,Axis,Log holdings zero,0.25,1,1,1,1,1.0,132,-0.0168153379130195,0.9965562113352916,INE090A01021
Fund holdout,2025-09,axis:AXISMLC,Axis,Log holdings minimum,0.25,1,1,1,1,1.0,132,-0.1386501803697983,0.9716043815481344,INE090A01021
Fund holdout,2025-09,axis:AXISMLC,Axis,Word2Vec,1.0,1,1,1,1,1.0,132,-0.0173240490201145,0.9964520270748688,INE090A01021
Fund holdout,2025-09,hdfc:HDFCEQ,HDFC,Popularity,0.25,1,1,1,1,1.0,185,-1.3828300109585676,0.7351080927634238,INE040A01034
Fund holdout,2025-09,hdfc:HDFCEQ,HDFC,Co-holding,0.25,1,1,1,1,1.0,185,-2.603573380978144,0.5012651496913851,INE040A01034
Fund holdout,2025-09,hdfc:HDFCEQ,HDFC,Category popularity,0.25,1,1,1,1,1.0,185,-1.2102018571368394,0.7681763661926854,INE040A01034
Fund holdout,2025-09,hdfc:HDFCEQ,HDFC,Binary factors,0.25,7,0,0,1,0.1428571428571428,185,-3.735879603605975,0.2843630340945345,INE040A01034
Fund holdout,2025-09,hdfc:HDFCEQ,HDFC,Rank factors,0.25,1,1,1,1,1.0,185,-2.595214468593308,0.5028663647550558,INE040A01034
Fund holdout,2025-09,hdfc:HDFCEQ,HDFC,Log holdings zero,0.25,1,1,1,1,1.0,185,-0.3100145372064489,0.940614289984381,INE040A01034
Fund holdout,2025-09,hdfc:HDFCEQ,HDFC,Log holdings minimum,0.25,1,1,1,1,1.0,185,-0.0580642119548375,0.9888773459318808,INE040A01034
Fund holdout,2025-09,hdfc:HDFCEQ,HDFC,Word2Vec,1.0,1,1,1,1,1.0,185,-0.2064738914004174,0.960448310743776,INE040A01034
Fund holdout,2025-09,hdfc:HDFCMNCFND,HDFC,Popularity,0.25,54,0,0,0,0.0185185185185185,196,-6.512710994126365,-0.2339085856607436,INE061F01013
Fund holdout,2025-09,hdfc:HDFCMNCFND,HDFC,Co-holding,0.25,78,0,0,0,0.0128205128205128,196,-5.68428572463489,-0.0769538162067111,INE061F01013
Fund holdout,2025-09,hdfc:HDFCMNCFND,HDFC,Category popularity,0.25,37,0,0,0,0.027027027027027,196,-5.69812784887978,-0.0795763670868219,INE061F01013
Fund holdout,2025-09,hdfc:HDFCMNCFND,HDFC,Binary factors,0.25,12,0,0,0,0.0833333333333333,196,-4.602378534725397,0.1280260411401584,INE061F01013
Fund holdout,2025-09,hdfc:HDFCMNCFND,HDFC,Rank factors,0.25,28,0,0,0,0.0357142857142857,196,-4.988301899960608,0.0549083864184488,INE061F01013
Fund holdout,2025-09,hdfc:HDFCMNCFND,HDFC,Log holdings zero,0.25,86,0,0,0,0.0116279069767441,196,-11.86669178578555,-1.2482823038019348,INE061F01013
Fund holdout,2025-09,hdfc:HDFCMNCFND,HDFC,Log holdings minimum,0.25,49,0,0,0,0.0204081632653061,196,-6.604945672777544,-0.251383514609071,INE061F01013
Fund holdout,2025-09,hdfc:HDFCMNCFND,HDFC,Word2Vec,1.0,123,0,0,0,0.008130081300813,196,-8.76766470257736,-0.6611357025456464,INE061F01013
Fund holdout,2025-09,icici:BHACON,ICICI Prudential,Popularity,0.25,3,0,1,1,0.3333333333333333,188,-2.2842663343805576,0.5637751071061116,INE397D01024
Fund holdout,2025-09,icici:BHACON,ICICI Prudential,Co-holding,0.25,2,0,1,1,0.5,188,-3.111463742740324,0.4058057427492648,INE397D01024
Fund holdout,2025-09,icici:BHACON,ICICI Prudential,Category popularity,0.25,2,0,1,1,0.5,188,-1.9122560422193475,0.6348176766221811,INE397D01024
Fund holdout,2025-09,icici:BHACON,ICICI Prudential,Binary factors,0.25,36,0,0,0,0.0277777777777777,188,-4.892789646485461,0.0656270648627158,INE397D01024
Fund holdout,2025-09,icici:BHACON,ICICI Prudential,Rank factors,0.25,1,1,1,1,1.0,188,-3.116504595566685,0.4048430942825878,INE397D01024
Fund holdout,2025-09,icici:BHACON,ICICI Prudential,Log holdings zero,0.25,1,1,1,1,1.0,188,-0.3388150066907034,0.935296713093408,INE397D01024
Fund holdout,2025-09,icici:BHACON,ICICI Prudential,Log holdings minimum,0.25,9,0,0,1,0.1111111111111111,188,-3.929652358199994,0.2495567818579855,INE397D01024
Fund holdout,2025-09,icici:BHACON,ICICI Prudential,Word2Vec,1.0,3,0,1,1,0.3333333333333333,188,-2.884874117712256,0.4490774197078711,INE397D01024
Fund holdout,2025-09,icici:HOUSING,ICICI Prudential,Popularity,0.25,9,0,0,1,0.1111111111111111,198,-3.561047853915678,0.3266134570651612,INE733E01010
Fund holdout,2025-09,icici:HOUSING,ICICI Prudential,Co-holding,0.25,5,0,1,1,0.2,198,-3.5428680087528583,0.3300512269541057,INE733E01010
Fund holdout,2025-09,icici:HOUSING,ICICI Prudential,Category popularity,0.25,14,0,0,0,0.0714285714285714,198,-4.381216300284084,0.1715213557003991,INE733E01010
Fund holdout,2025-09,icici:HOUSING,ICICI Prudential,Binary factors,0.25,28,0,0,0,0.0357142857142857,198,-4.807590558000889,0.0908948942826959,INE733E01010
Fund holdout,2025-09,icici:HOUSING,ICICI Prudential,Rank factors,0.25,14,0,0,0,0.0714285714285714,198,-4.590867320440961,0.1318767955940343,INE733E01010
Fund holdout,2025-09,icici:HOUSING,ICICI Prudential,Log holdings zero,0.25,13,0,0,0,0.0769230769230769,198,-6.83234463393106,-0.2919817766906019,INE733E01010
Fund holdout,2025-09,icici:HOUSING,ICICI Prudential,Log holdings minimum,0.25,10,0,0,1,0.1,198,-6.465518689545607,-0.2226157741312955,INE733E01010
Fund holdout,2025-09,icici:HOUSING,ICICI Prudential,Word2Vec,1.0,6,0,0,1,0.1666666666666666,198,-4.314606001968352,0.1841172208352548,INE733E01010
Fund holdout,2025-09,icici:LARGE & MIDCAP,ICICI Prudential,Popularity,0.25,2,0,1,1,0.5,155,-1.8696478869427933,0.6292900472199616,INE585B01010
Fund holdout,2025-09,icici:LARGE & MIDCAP,ICICI Prudential,Co-holding,0.25,2,0,1,1,0.5,155,-2.9641023809654223,0.4122838522928183,INE585B01010
Fund holdout,2025-09,icici:LARGE & MIDCAP,ICICI Prudential,Category popularity,0.25,2,0,1,1,0.5,155,-2.640030192844065,0.4765402218449679,INE585B01010
Fund holdout,2025-09,icici:LARGE & MIDCAP,ICICI Prudential,Binary factors,0.25,1,1,1,1,1.0,155,-3.001702811814104,0.4048285158940398,INE585B01010
Fund holdout,2025-09,icici:LARGE & MIDCAP,ICICI Prudential,Rank factors,0.25,2,0,1,1,0.5,155,-3.596208988931235,0.2869510490267846,INE585B01010
Fund holdout,2025-09,icici:LARGE & MIDCAP,ICICI Prudential,Log holdings zero,0.25,19,0,0,0,0.0526315789473684,155,-4.471986960517701,0.1133035869779317,INE585B01010
Fund holdout,2025-09,icici:LARGE & MIDCAP,ICICI Prudential,Log holdings minimum,0.25,2,0,1,1,0.5,155,-2.129531744317493,0.5777608083892187,INE585B01010
Fund holdout,2025-09,icici:LARGE & MIDCAP,ICICI Prudential,Word2Vec,1.0,16,0,0,0,0.0625,155,-4.548357208335622,0.0981610506960466,INE585B01010
Fund holdout,2025-09,icici:MIDCAP,ICICI Prudential,Popularity,0.25,94,0,0,0,0.0106382978723404,167,-8.117341899973848,-0.5860398033855336,INE414G01012
Fund holdout,2025-09,icici:MIDCAP,ICICI Prudential,Co-holding,0.25,140,0,0,0,0.0071428571428571,167,-6.785634384131477,-0.3258387236945972,INE414G01012
Fund holdout,2025-09,icici:MIDCAP,ICICI Prudential,Category popularity,0.25,85,0,0,0,0.0117647058823529,167,-8.02468648019733,-0.5679359480131947,INE414G01012
Fund holdout,2025-09,icici:MIDCAP,ICICI Prudential,Binary factors,0.25,116,0,0,0,0.0086206896551724,167,-6.777533365668629,-0.3242558733122473,INE414G01012
Fund holdout,2025-09,icici:MIDCAP,ICICI Prudential,Rank factors,0.25,158,0,0,0,0.0063291139240506,167,-6.026774721081556,-0.177565847473283,INE414G01012
Fund holdout,2025-09,icici:MIDCAP,ICICI Prudential,Log holdings zero,0.25,120,0,0,0,0.0083333333333333,167,-12.361245200154638,-1.415252079860871,INE414G01012
Fund holdout,2025-09,icici:MIDCAP,ICICI Prudential,Log holdings minimum,0.25,109,0,0,0,0.0091743119266055,167,-11.477624651719738,-1.242602291521708,INE414G01012
Fund holdout,2025-09,icici:MIDCAP,ICICI Prudential,Word2Vec,1.0,38,0,0,0,0.0263157894736842,167,-6.027328276641218,-0.1776740061737332,INE414G01012
Fund holdout,2025-09,icici:MNCFUND,ICICI Prudential,Popularity,0.25,7,0,0,1,0.1428571428571428,192,-3.137575442280525,0.4032186012043254,INE585B01010
Fund holdout,2025-09,icici:MNCFUND,ICICI Prudential,Co-holding,0.25,1,1,1,1,1.0,192,-3.210654562770136,0.3893186136021633,INE585B01010
Fund holdout,2025-09,icici:MNCFUND,ICICI Prudential,Category popularity,0.25,4,0,1,1,0.25,192,-2.404189750371017,0.5427119606871404,INE585B01010
Fund holdout,2025-09,icici:MNCFUND,ICICI Prudential,Binary factors,0.25,20,0,0,0,0.05,192,-4.340061469957922,0.1745001825300726,INE585B01010
Fund holdout,2025-09,icici:MNCFUND,ICICI Prudential,Rank factors,0.25,1,1,1,1,1.0,192,-2.825433057532821,0.4625895302608568,INE585B01010
Fund holdout,2025-09,icici:MNCFUND,ICICI Prudential,Log holdings zero,0.25,1,1,1,1,1.0,192,-0.8121749848526507,0.8455205516349509,INE585B01010
Fund holdout,2025-09,icici:MNCFUND,ICICI Prudential,Log holdings minimum,0.25,2,0,1,1,0.5,192,-1.8567742788600092,0.6468329218625894,INE585B01010
Fund holdout,2025-09,icici:MNCFUND,ICICI Prudential,Word2Vec,1.0,6,0,0,1,0.1666666666666666,192,-3.25787954142186,0.3803362036692925,INE585B01010
Fund holdout,2025-09,icici:MULTICAP,ICICI Prudential,Popularity,0.25,1,1,1,1,1.0,141,-1.3571372482652675,0.7257621548978486,INE397D01024
Fund holdout,2025-09,icici:MULTICAP,ICICI Prudential,Co-holding,0.25,1,1,1,1,1.0,141,-2.701059767800154,0.4541946209490176,INE397D01024
Fund holdout,2025-09,icici:MULTICAP,ICICI Prudential,Category popularity,0.25,3,0,1,1,0.3333333333333333,141,-2.360057504119527,0.52310123012673,INE397D01024
Fund holdout,2025-09,icici:MULTICAP,ICICI Prudential,Binary factors,0.25,27,0,0,0,0.037037037037037,141,-4.68444091227299,0.0534111543013213,INE397D01024
Fund holdout,2025-09,icici:MULTICAP,ICICI Prudential,Rank factors,0.25,8,0,0,1,0.125,141,-4.133181400965431,0.1648046192336911,INE397D01024
Fund holdout,2025-09,icici:MULTICAP,ICICI Prudential,Log holdings zero,0.25,2,0,1,1,0.5,141,-2.5056873879467325,0.4936736791739443,INE397D01024
Fund holdout,2025-09,icici:MULTICAP,ICICI Prudential,Log holdings minimum,0.25,4,0,1,1,0.25,141,-3.250293946509675,0.3432104166481801,INE397D01024
Fund holdout,2025-09,icici:MULTICAP,ICICI Prudential,Word2Vec,1.0,2,0,1,1,0.5,141,-1.3599916852288416,0.7251853564621186,INE397D01024
Fund holdout,2025-09,icici:RURALOPP,ICICI Prudential,Popularity,0.25,9,0,0,1,0.1111111111111111,185,-3.765859793749243,0.2786200941211241,INE030A01027
Fund holdout,2025-09,icici:RURALOPP,ICICI Prudential,Co-holding,0.25,5,0,1,1,0.2,185,-3.4280979841694825,0.3433210112419782,INE030A01027
Fund holdout,2025-09,icici:RURALOPP,ICICI Prudential,Category popularity,0.25,9,0,0,1,0.1111111111111111,185,-3.660731859906331,0.2987581723222081,INE030A01027
Fund holdout,2025-09,icici:RURALOPP,ICICI Prudential,Binary factors,0.25,1,1,1,1,1.0,185,-2.867411643641468,0.4507248663268186,INE030A01027
Fund holdout,2025-09,icici:RURALOPP,ICICI Prudential,Rank factors,0.25,1,1,1,1,1.0,185,-3.428737131114361,0.3431985776442897,INE030A01027
Fund holdout,2025-09,icici:RURALOPP,ICICI Prudential,Log holdings zero,0.25,2,0,1,1,0.5,185,-1.7344533892538632,0.6677518837084558,INE030A01027
Fund holdout,2025-09,icici:RURALOPP,ICICI Prudential,Log holdings minimum,0.25,5,0,1,1,0.2,185,-3.0937324948993723,0.4073713366362426,INE030A01027
Fund holdout,2025-09,icici:RURALOPP,ICICI Prudential,Word2Vec,1.0,1,1,1,1,1.0,185,-1.4160242076471246,0.7287494846913277,INE030A01027
Fund holdout,2025-09,icici:TECH,ICICI Prudential,Popularity,0.25,18,0,0,0,0.0555555555555555,200,-4.471258631350892,0.1560983757633963,INE467B01029
Fund holdout,2025-09,icici:TECH,ICICI Prudential,Co-holding,0.25,3,0,1,1,0.3333333333333333,200,-3.428810330447549,0.3528491984840292,INE467B01029
Fund holdout,2025-09,icici:TECH,ICICI Prudential,Category popularity,0.25,31,0,0,0,0.032258064516129,200,-5.099583176397308,0.0375089252685154,INE467B01029
Fund holdout,2025-09,icici:TECH,ICICI Prudential,Binary factors,0.25,1,1,1,1,1.0,200,-2.2813548816707447,0.5694189826992009,INE467B01029
Fund holdout,2025-09,icici:TECH,ICICI Prudential,Rank factors,0.25,8,0,0,1,0.125,200,-4.416719727037587,0.1663920030681039,INE467B01029
Fund holdout,2025-09,icici:TECH,ICICI Prudential,Log holdings zero,0.25,8,0,0,1,0.125,200,-4.105292722799377,0.225170476061146,INE467B01029
Fund holdout,2025-09,icici:TECH,ICICI Prudential,Log holdings minimum,0.25,2,0,1,1,0.5,200,-1.609549900405557,0.6962148944554049,INE467B01029
Fund holdout,2025-09,icici:TECH,ICICI Prudential,Word2Vec,1.0,1,1,1,1,1.0,200,-1.4888856610808483,0.7189889623295842,INE467B01029
Fund holdout,2025-09,kotak:EME,Kotak,Popularity,0.25,55,0,0,0,0.0181818181818181,176,-6.627717229424286,-0.2818369103907037,INE200A01026
Fund holdout,2025-09,kotak:EME,Kotak,Co-holding,0.25,4,0,1,1,0.25,176,-3.5648598220737475,0.3105365328478415,INE200A01026
Fund holdout,2025-09,kotak:EME,Kotak,Category popularity,0.25,24,0,0,0,0.0416666666666666,176,-4.297325633371316,0.1688736223736038,INE200A01026
Fund holdout,2025-09,kotak:EME,Kotak,Binary factors,0.25,12,0,0,0,0.0833333333333333,176,-4.195103264272378,0.1886439899440355,INE200A01026
Fund holdout,2025-09,kotak:EME,Kotak,Rank factors,0.25,2,0,1,1,0.5,176,-2.9434987561699417,0.4307111753958301,INE200A01026
Fund holdout,2025-09,kotak:EME,Kotak,Log holdings zero,0.25,18,0,0,0,0.0555555555555555,176,-6.120534838457977,-0.1837450506241853,INE200A01026
Fund holdout,2025-09,kotak:EME,Kotak,Log holdings minimum,0.25,3,0,1,1,0.3333333333333333,176,-2.699113916048841,0.4779765455924354,INE200A01026
Fund holdout,2025-09,kotak:EME,Kotak,Word2Vec,1.0,3,0,1,1,0.3333333333333333,176,-2.06608132819098,0.6004085245842183,INE200A01026
Fund holdout,2025-09,kotak:SPO,Kotak,Popularity,0.25,39,0,0,0,0.0256410256410256,202,-5.878451217193971,-0.1074142361117005,INE158A01026
Fund holdout,2025-09,kotak:SPO,Kotak,Co-holding,0.25,44,0,0,0,0.0227272727272727,202,-4.97837277790136,0.0621473780723895,INE158A01026
Fund holdout,2025-09,kotak:SPO,Kotak,Category popularity,0.25,30,0,0,0,0.0333333333333333,202,-5.108876682315223,0.0375623511194807,INE158A01026
Fund holdout,2025-09,kotak:SPO,Kotak,Binary factors,0.25,19,0,0,0,0.0526315789473684,202,-4.565639465303885,0.1399002978807741,INE158A01026
Fund holdout,2025-09,kotak:SPO,Kotak,Rank factors,0.25,52,0,0,0,0.0192307692307692,202,-5.327474361437961,-0.003618254604258,INE158A01026
Fund holdout,2025-09,kotak:SPO,Kotak,Log holdings zero,0.25,16,0,0,0,0.0625,202,-7.6115304725735395,-0.4339010212879719,INE158A01026
Fund holdout,2025-09,kotak:SPO,Kotak,Log holdings minimum,0.25,10,0,0,1,0.1,202,-5.017579707225898,0.0547613659947143,INE158A01026
Fund holdout,2025-09,kotak:SPO,Kotak,Word2Vec,1.0,100,0,0,0,0.01,202,-6.976228940862098,-0.3142195040912283,INE158A01026
Fund holdout,2025-09,mirae:MAFF,Mirae Asset,Popularity,0.25,1,1,1,1,1.0,200,-1.6309325913961177,0.6921791431949076,INE090A01021
Fund holdout,2025-09,mirae:MAFF,Mirae Asset,Co-holding,0.25,1,1,1,1,1.0,200,-2.902985797624857,0.4520928821754948,INE090A01021
Fund holdout,2025-09,mirae:MAFF,Mirae Asset,Category popularity,0.25,1,1,1,1,1.0,200,-0.8600672459749017,0.8376716254475233,INE090A01021
Fund holdout,2025-09,mirae:MAFF,Mirae Asset,Binary factors,0.25,14,0,0,0,0.0714285714285714,200,-4.165689690971089,0.2137712026704957,INE090A01021
Fund holdout,2025-09,mirae:MAFF,Mirae Asset,Rank factors,0.25,1,1,1,1,1.0,200,-3.5046622257619475,0.338532975036694,INE090A01021
Fund holdout,2025-09,mirae:MAFF,Mirae Asset,Log holdings zero,0.25,1,1,1,1,1.0,200,-1.266978908420434,0.7608714577160377,INE090A01021
Fund holdout,2025-09,mirae:MAFF,Mirae Asset,Log holdings minimum,0.25,1,1,1,1,1.0,200,-2.3772798698912814,0.5513141804413788,INE090A01021
Fund holdout,2025-09,mirae:MAFF,Mirae Asset,Word2Vec,1.0,1,1,1,1,1.0,200,-0.1087499071825472,0.9794746332356078,INE090A01021
Fund holdout,2025-09,sbi:SBLUECHIP,SBI,Popularity,0.25,1,1,1,1,1.0,186,-1.9384215523659376,0.6290632375815923,INE002A01018
Fund holdout,2025-09,sbi:SBLUECHIP,SBI,Co-holding,0.25,1,1,1,1,1.0,186,-2.876644033922364,0.449524783052995,INE002A01018
Fund holdout,2025-09,sbi:SBLUECHIP,SBI,Category popularity,0.25,1,1,1,1,1.0,186,-2.2724610376993457,0.5651413702982606,INE002A01018
Fund holdout,2025-09,sbi:SBLUECHIP,SBI,Binary factors,0.25,5,0,1,1,0.2,186,-3.28990605517719,0.3704428743692779,INE002A01018
Fund holdout,2025-09,sbi:SBLUECHIP,SBI,Rank factors,0.25,1,1,1,1,1.0,186,-2.9239100715123927,0.4404799440010394,INE002A01018
Fund holdout,2025-09,sbi:SBLUECHIP,SBI,Log holdings zero,0.25,2,0,1,1,0.5,186,-1.931169676694376,0.6304509580595177,INE002A01018
Fund holdout,2025-09,sbi:SBLUECHIP,SBI,Log holdings minimum,0.25,2,0,1,1,0.5,186,-1.1248748032446878,0.7847437173135303,INE002A01018
Fund holdout,2025-09,sbi:SBLUECHIP,SBI,Word2Vec,1.0,1,1,1,1,1.0,186,-0.9353551824039776,0.8210102324498343,INE002A01018
Fund holdout,2025-09,sbi:SMAAF,SBI,Popularity,0.25,1,1,1,1,1.0,188,-2.1983699243481034,0.5801786900431853,INE002A01018
Fund holdout,2025-09,sbi:SMAAF,SBI,Co-holding,0.25,2,0,1,1,0.5,188,-3.2708583183715985,0.3753662617500076,INE002A01018
Fund holdout,2025-09,sbi:SMAAF,SBI,Category popularity,0.25,1,1,1,1,1.0,188,-2.462180891376228,0.5297988770135089,INE002A01018
Fund holdout,2025-09,sbi:SMAAF,SBI,Binary factors,0.25,28,0,0,0,0.0357142857142857,188,-4.590189030940586,0.1234145124641287,INE002A01018
Fund holdout,2025-09,sbi:SMAAF,SBI,Rank factors,0.25,11,0,0,0,0.0909090909090909,188,-4.585478789828013,0.124314024221541,INE002A01018
Fund holdout,2025-09,sbi:SMAAF,SBI,Log holdings zero,0.25,4,0,1,1,0.25,188,-3.625006470376424,0.3077348138090795,INE002A01018
Fund holdout,2025-09,sbi:SMAAF,SBI,Log holdings minimum,0.25,10,0,0,1,0.1,188,-4.335095528717288,0.1721295567697925,INE002A01018
Fund holdout,2025-09,sbi:SMAAF,SBI,Word2Vec,1.0,49,0,0,0,0.0204081632653061,188,-5.59607804248584,-0.0686794740032852,INE002A01018
Fund holdout,2025-09,uti:193,UTI,Popularity,0.25,1,1,1,1,1.0,180,-1.2828669092129843,0.7529602216908337,INE090A01021
Fund holdout,2025-09,uti:193,UTI,Co-holding,0.25,1,1,1,1,1.0,180,-2.485796155662675,0.5213139205582762,INE090A01021
Fund holdout,2025-09,uti:193,UTI,Category popularity,0.25,2,0,1,1,0.5,180,-1.7584084570409448,0.6613858910190045,INE090A01021
Fund holdout,2025-09,uti:193,UTI,Binary factors,0.25,8,0,0,1,0.125,180,-3.735943929365605,0.2805748176541914,INE090A01021
Fund holdout,2025-09,uti:193,UTI,Rank factors,0.25,1,1,1,1,1.0,180,-2.661464867023729,0.4874856573153533,INE090A01021
Fund holdout,2025-09,uti:193,UTI,Log holdings zero,0.25,1,1,1,1,1.0,180,-0.2462413396522453,0.9525816703810984,INE090A01021
Fund holdout,2025-09,uti:193,UTI,Log holdings minimum,0.25,1,1,1,1,1.0,180,-0.5394324246035671,0.8961222979329986,INE090A01021
Fund holdout,2025-09,uti:193,UTI,Word2Vec,1.0,1,1,1,1,1.0,180,-0.008076475514235,0.9984447250870474,INE090A01021
Fund holdout,2025-09,uti:751,UTI,Popularity,0.25,169,0,0,0,0.0059171597633136,195,-9.875941189025102,-0.872926610241382,INE036D01028
Fund holdout,2025-09,uti:751,UTI,Co-holding,0.25,45,0,0,0,0.0222222222222222,195,-4.964968709278539,0.058416627170951,INE036D01028
Fund holdout,2025-09,uti:751,UTI,Category popularity,0.25,4,0,1,1,0.25,195,-2.950954480243065,0.4403651190430134,INE036D01028
Fund holdout,2025-09,uti:751,UTI,Binary factors,0.25,14,0,0,0,0.0714285714285714,195,-4.395727523615893,0.1663705875952708,INE036D01028
Fund holdout,2025-09,uti:751,UTI,Rank factors,0.25,87,0,0,0,0.0114942528735632,195,-5.482669902445812,-0.0397630118404892,INE036D01028
Fund holdout,2025-09,uti:751,UTI,Log holdings zero,0.25,78,0,0,0,0.0128205128205128,195,-7.078121826639257,-0.3423330967558788,INE036D01028
Fund holdout,2025-09,uti:751,UTI,Log holdings minimum,0.25,135,0,0,0,0.0074074074074074,195,-8.528236882367201,-0.6173407161615829,INE036D01028
Fund holdout,2025-09,uti:751,UTI,Word2Vec,1.0,8,0,0,1,0.125,195,-3.8605230557640215,0.2678696417688405,INE036D01028
Fund holdout,2025-09,uti:753,UTI,Popularity,0.25,1,1,1,1,1.0,195,-1.5797744210585414,0.7004030811091442,INE090A01021
Fund holdout,2025-09,uti:753,UTI,Co-holding,0.25,1,1,1,1,1.0,195,-2.8216854195191887,0.4648803990630797,INE090A01021
Fund holdout,2025-09,uti:753,UTI,Category popularity,0.25,1,1,1,1,1.0,195,-0.9380217081456088,0.8221085176041422,INE090A01021
Fund holdout,2025-09,uti:753,UTI,Binary factors,0.25,2,0,1,1,0.5,195,-3.418495811323582,0.3516980660899755,INE090A01021
Fund holdout,2025-09,uti:753,UTI,Rank factors,0.25,2,0,1,1,0.5,195,-3.052953999010388,0.4210213816437437,INE090A01021
Fund holdout,2025-09,uti:753,UTI,Log holdings zero,0.25,1,1,1,1,1.0,195,-0.8303868532493075,0.842520970459651,INE090A01021
Fund holdout,2025-09,uti:753,UTI,Log holdings minimum,0.25,1,1,1,1,1.0,195,-1.4159920322741844,0.7314636543114237,INE090A01021
Fund holdout,2025-09,uti:753,UTI,Word2Vec,1.0,1,1,1,1,1.0,195,-0.0322919285535885,0.9938759849692868,INE090A01021
Fund holdout,2025-10,absl:ABSLMCF,Aditya Birla SL,Popularity,0.25,1,1,1,1,1.0,143,-1.3129535087917965,0.7354433582735318,INE090A01021
Fund holdout,2025-10,absl:ABSLMCF,Aditya Birla SL,Co-holding,0.25,1,1,1,1,1.0,143,-2.549598471224958,0.4862626857832068,INE090A01021
Fund holdout,2025-10,absl:ABSLMCF,Aditya Birla SL,Category popularity,0.25,1,1,1,1,1.0,143,-1.6490727206619231,0.6677162306055187,INE090A01021
Fund holdout,2025-10,absl:ABSLMCF,Aditya Birla SL,Binary factors,0.25,34,0,0,0,0.0294117647058823,143,-4.8632627405667606,0.0200654860492642,INE090A01021
Fund holdout,2025-10,absl:ABSLMCF,Aditya Birla SL,Rank factors,0.25,1,1,1,1,1.0,143,-3.2524238452890133,0.344645241267873,INE090A01021
Fund holdout,2025-10,absl:ABSLMCF,Aditya Birla SL,Log holdings zero,0.25,1,1,1,1,1.0,143,-0.106309233799581,0.9785789719969504,INE090A01021
Fund holdout,2025-10,absl:ABSLMCF,Aditya Birla SL,Log holdings minimum,0.5,6,0,0,1,0.1666666666666666,143,-3.562119855518396,0.2822423184882486,INE090A01021
Fund holdout,2025-10,absl:ABSLMCF,Aditya Birla SL,Word2Vec,1.0,1,1,1,1,1.0,143,-0.0076755949291573,0.9984533880262224,INE090A01021
Fund holdout,2025-10,absl:BSLDAAF,Aditya Birla SL,Popularity,0.25,1,1,1,1,1.0,135,-1.3249154414120063,0.729899852453569,INE040A01034
Fund holdout,2025-10,absl:BSLDAAF,Aditya Birla SL,Co-holding,0.25,1,1,1,1,1.0,135,-2.261408275193906,0.538984383681394,INE040A01034
Fund holdout,2025-10,absl:BSLDAAF,Aditya Birla SL,Category popularity,0.25,1,1,1,1,1.0,135,-2.0022285470750223,0.5918213275480518,INE040A01034
Fund holdout,2025-10,absl:BSLDAAF,Aditya Birla SL,Binary factors,0.25,24,0,0,0,0.0416666666666666,135,-4.503127755494036,0.0819825679719444,INE040A01034
Fund holdout,2025-10,absl:BSLDAAF,Aditya Birla SL,Rank factors,0.25,1,1,1,1,1.0,135,-2.0736637394136963,0.5772583936523457,INE040A01034
Fund holdout,2025-10,absl:BSLDAAF,Aditya Birla SL,Log holdings zero,0.25,1,1,1,1,1.0,135,-0.0928543484805288,0.9810705102823843,INE040A01034
Fund holdout,2025-10,absl:BSLDAAF,Aditya Birla SL,Log holdings minimum,0.5,1,1,1,1,1.0,135,-2.122517219244972,0.567299016851271,INE040A01034
Fund holdout,2025-10,absl:BSLDAAF,Aditya Birla SL,Word2Vec,1.0,1,1,1,1,1.0,135,-0.0236995544933105,0.9951685572034652,INE040A01034
Fund holdout,2025-10,absl:BSLR96,Aditya Birla SL,Popularity,0.25,1,1,1,1,1.0,159,-1.2532426222728643,0.752758668880755,INE040A01034
Fund holdout,2025-10,absl:BSLR96,Aditya Birla SL,Co-holding,0.25,1,1,1,1,1.0,159,-2.503491843480825,0.5061078798087622,INE040A01034
Fund holdout,2025-10,absl:BSLR96,Aditya Birla SL,Category popularity,0.25,1,1,1,1,1.0,159,-1.3323567355502686,0.7371509339303192,INE040A01034
Fund holdout,2025-10,absl:BSLR96,Aditya Birla SL,Binary factors,0.25,32,0,0,0,0.03125,159,-4.526743036832538,0.1069582583845679,INE040A01034
Fund holdout,2025-10,absl:BSLR96,Aditya Birla SL,Rank factors,0.25,1,1,1,1,1.0,159,-2.6027069667403246,0.4865345915197386,INE040A01034
Fund holdout,2025-10,absl:BSLR96,Aditya Birla SL,Log holdings zero,0.25,1,1,1,1,1.0,159,-0.189357479033891,0.9626433107670588,INE040A01034
Fund holdout,2025-10,absl:BSLR96,Aditya Birla SL,Log holdings minimum,0.5,1,1,1,1,1.0,159,-1.9450503752897037,0.6162779374607728,INE040A01034
Fund holdout,2025-10,absl:BSLR96,Aditya Birla SL,Word2Vec,1.0,1,1,1,1,1.0,159,-0.0052405942470166,0.998966128765124,INE040A01034
Fund holdout,2025-10,absl:MNC,Aditya Birla SL,Popularity,0.25,44,0,0,0,0.0227272727272727,165,-6.120474088608436,-0.1986955442226505,INE513A01022
Fund holdout,2025-10,absl:MNC,Aditya Birla SL,Co-holding,0.25,72,0,0,0,0.0138888888888888,165,-5.482343653714329,-0.0737176261943524,INE513A01022
Fund holdout,2025-10,absl:MNC,Aditya Birla SL,Category popularity,0.25,23,0,0,0,0.0434782608695652,165,-4.861308505698728,0.0479121779604447,INE513A01022
Fund holdout,2025-10,absl:MNC,Aditya Birla SL,Binary factors,0.25,7,0,0,1,0.1428571428571428,165,-3.865239969798601,0.2429923136555095,INE513A01022
Fund holdout,2025-10,absl:MNC,Aditya Birla SL,Rank factors,0.25,142,0,0,0,0.0070422535211267,165,-5.96436815222806,-0.1681221788825146,INE513A01022
Fund holdout,2025-10,absl:MNC,Aditya Birla SL,Log holdings zero,0.25,145,0,0,0,0.0068965517241379,165,-10.333057247876638,-1.0237304336081985,INE513A01022
Fund holdout,2025-10,absl:MNC,Aditya Birla SL,Log holdings minimum,0.5,121,0,0,0,0.0082644628099173,165,-6.642386010713789,-0.3009120533438594,INE513A01022
Fund holdout,2025-10,absl:MNC,Aditya Birla SL,Word2Vec,1.0,17,0,0,0,0.0588235294117647,165,-4.4131572802914345,0.1356826462699972,INE513A01022
Fund holdout,2025-10,axis:AXISMLC,Axis,Popularity,0.25,1,1,1,1,1.0,107,-0.8579787999985236,0.8163898506893794,INE090A01021
Fund holdout,2025-10,axis:AXISMLC,Axis,Co-holding,0.25,1,1,1,1,1.0,107,-1.9874216464437595,0.574685545555058,INE090A01021
Fund holdout,2025-10,axis:AXISMLC,Axis,Category popularity,0.25,1,1,1,1,1.0,107,-1.3210167394239,0.7172982819996615,INE090A01021
Fund holdout,2025-10,axis:AXISMLC,Axis,Binary factors,0.25,6,0,0,1,0.1666666666666666,107,-3.549475005180931,0.240401236398023,INE090A01021
Fund holdout,2025-10,axis:AXISMLC,Axis,Rank factors,0.25,1,1,1,1,1.0,107,-2.1205143263446486,0.5462032953773206,INE090A01021
Fund holdout,2025-10,axis:AXISMLC,Axis,Log holdings zero,0.25,1,1,1,1,1.0,107,-0.6108440926770946,0.8692774517713667,INE090A01021
Fund holdout,2025-10,axis:AXISMLC,Axis,Log holdings minimum,0.5,1,1,1,1,1.0,107,-1.8318951519973576,0.6079687022800382,INE090A01021
Fund holdout,2025-10,axis:AXISMLC,Axis,Word2Vec,1.0,1,1,1,1,1.0,107,-0.0106069528492795,0.9977300788826132,INE090A01021
Fund holdout,2025-10,hdfc:HDFCEQ,HDFC,Popularity,0.25,1,1,1,1,1.0,161,-1.561899904866003,0.6926243627393786,INE040A01034
Fund holdout,2025-10,hdfc:HDFCEQ,HDFC,Co-holding,0.25,1,1,1,1,1.0,161,-2.6514473075787,0.4782058035275437,INE040A01034
Fund holdout,2025-10,hdfc:HDFCEQ,HDFC,Category popularity,0.25,1,1,1,1,1.0,161,-1.3319634600700994,0.7378749329125331,INE040A01034
Fund holdout,2025-10,hdfc:HDFCEQ,HDFC,Binary factors,0.25,2,0,1,1,0.5,161,-3.1913878373869364,0.3719476726988062,INE040A01034
Fund holdout,2025-10,hdfc:HDFCEQ,HDFC,Rank factors,0.25,1,1,1,1,1.0,161,-2.286421830106496,0.5500413535553204,INE040A01034
Fund holdout,2025-10,hdfc:HDFCEQ,HDFC,Log holdings zero,0.25,1,1,1,1,1.0,161,-0.0621520090687859,0.9877687338765891,INE040A01034
Fund holdout,2025-10,hdfc:HDFCEQ,HDFC,Log holdings minimum,0.5,1,1,1,1,1.0,161,-0.7261700124993986,0.8570926538530615,INE040A01034
Fund holdout,2025-10,hdfc:HDFCEQ,HDFC,Word2Vec,1.0,1,1,1,1,1.0,161,-0.193694402464283,0.9618817184085928,INE040A01034
Fund holdout,2025-10,hdfc:HDFCMNCFND,HDFC,Popularity,0.25,65,0,0,0,0.0153846153846153,172,-6.988716446289443,-0.3576928499427541,INE061F01013
Fund holdout,2025-10,hdfc:HDFCMNCFND,HDFC,Co-holding,0.25,104,0,0,0,0.0096153846153846,172,-6.180561628925549,-0.2006932026378034,INE061F01013
Fund holdout,2025-10,hdfc:HDFCMNCFND,HDFC,Category popularity,0.25,49,0,0,0,0.0204081632653061,172,-6.319474507782074,-0.2276797063596138,INE061F01013
Fund holdout,2025-10,hdfc:HDFCMNCFND,HDFC,Binary factors,0.25,14,0,0,0,0.0714285714285714,172,-4.385064843571927,0.1481166491146012,INE061F01013
Fund holdout,2025-10,hdfc:HDFCMNCFND,HDFC,Rank factors,0.25,24,0,0,0,0.0416666666666666,172,-4.8672230504544425,0.0544481257088228,INE061F01013
Fund holdout,2025-10,hdfc:HDFCMNCFND,HDFC,Log holdings zero,0.25,52,0,0,0,0.0192307692307692,172,-8.716980570784035,-0.6934414616759854,INE061F01013
Fund holdout,2025-10,hdfc:HDFCMNCFND,HDFC,Log holdings minimum,0.5,77,0,0,0,0.0129870129870129,172,-6.117492648725166,-0.1884408378252771,INE061F01013
Fund holdout,2025-10,hdfc:HDFCMNCFND,HDFC,Word2Vec,1.0,147,0,0,0,0.0068027210884353,172,-10.134143998447374,-0.9687527677972174,INE061F01013
Fund holdout,2025-10,icici:BHACON,ICICI Prudential,Popularity,0.25,10,0,0,1,0.1,162,-3.995849942421277,0.214589822162304,INE154A01025
Fund holdout,2025-10,icici:BHACON,ICICI Prudential,Co-holding,0.25,7,0,0,1,0.1428571428571428,162,-3.563249021840745,0.2996203340338343,INE154A01025
Fund holdout,2025-10,icici:BHACON,ICICI Prudential,Category popularity,0.25,36,0,0,0,0.0277777777777777,162,-5.347537442250621,-0.0510931076072418,INE154A01025
Fund holdout,2025-10,icici:BHACON,ICICI Prudential,Binary factors,0.25,2,0,1,1,0.5,162,-2.5626741106933286,0.4962898111734184,INE154A01025
Fund holdout,2025-10,icici:BHACON,ICICI Prudential,Rank factors,0.25,29,0,0,0,0.0344827586206896,162,-4.96269336574536,0.0245504873533404,INE154A01025
Fund holdout,2025-10,icici:BHACON,ICICI Prudential,Log holdings zero,0.25,6,0,0,1,0.1666666666666666,162,-3.446922632768806,0.3224850389763946,INE154A01025
Fund holdout,2025-10,icici:BHACON,ICICI Prudential,Log holdings minimum,0.5,30,0,0,0,0.0333333333333333,162,-4.905632984141524,0.0357660748025027,INE154A01025
Fund holdout,2025-10,icici:BHACON,ICICI Prudential,Word2Vec,1.0,2,0,1,1,0.5,162,-1.9206292414903352,0.6224878872190225,INE154A01025
Fund holdout,2025-10,icici:HOUSING,ICICI Prudential,Popularity,0.25,1,1,1,1,1.0,170,-1.9338467032727351,0.6234574376358436,INE040A01034
Fund holdout,2025-10,icici:HOUSING,ICICI Prudential,Co-holding,0.25,2,0,1,1,0.5,170,-3.0904540639143807,0.3982524622423893,INE040A01034
Fund holdout,2025-10,icici:HOUSING,ICICI Prudential,Category popularity,0.25,5,0,1,1,0.2,170,-2.5652399570947555,0.5005177892907928,INE040A01034
Fund holdout,2025-10,icici:HOUSING,ICICI Prudential,Binary factors,0.25,16,0,0,0,0.0625,170,-4.455595106420755,0.1324435409541074,INE040A01034
Fund holdout,2025-10,icici:HOUSING,ICICI Prudential,Rank factors,0.25,1,1,1,1,1.0,170,-3.252764922738411,0.3666486403997911,INE040A01034
Fund holdout,2025-10,icici:HOUSING,ICICI Prudential,Log holdings zero,0.25,3,0,1,1,0.3333333333333333,170,-2.8084071347211186,0.4531702968596013,INE040A01034
Fund holdout,2025-10,icici:HOUSING,ICICI Prudential,Log holdings minimum,0.5,1,1,1,1,1.0,170,-1.4420491053057116,0.7192161797272655,INE040A01034
Fund holdout,2025-10,icici:HOUSING,ICICI Prudential,Word2Vec,1.0,2,0,1,1,0.5,170,-1.4851304456033976,0.7108277390932072,INE040A01034
Fund holdout,2025-10,icici:LARGE & MIDCAP,ICICI Prudential,Popularity,0.25,2,0,1,1,0.5,131,-2.062370644575964,0.5769667342978908,INE585B01010
Fund holdout,2025-10,icici:LARGE & MIDCAP,ICICI Prudential,Co-holding,0.25,3,0,1,1,0.3333333333333333,131,-3.1199510647862767,0.3600359415323819,INE585B01010
Fund holdout,2025-10,icici:LARGE & MIDCAP,ICICI Prudential,Category popularity,0.25,5,0,1,1,0.2,131,-3.0664853887294257,0.3710028157966105,INE585B01010
Fund holdout,2025-10,icici:LARGE & MIDCAP,ICICI Prudential,Binary factors,0.25,5,0,1,1,0.2,131,-3.184508009994253,0.3467940272203705,INE585B01010
Fund holdout,2025-10,icici:LARGE & MIDCAP,ICICI Prudential,Rank factors,0.25,3,0,1,1,0.3333333333333333,131,-3.555215419484027,0.2707545594996343,INE585B01010
Fund holdout,2025-10,icici:LARGE & MIDCAP,ICICI Prudential,Log holdings zero,0.25,2,0,1,1,0.5,131,-1.8645820953788363,0.6175371022409171,INE585B01010
Fund holdout,2025-10,icici:LARGE & MIDCAP,ICICI Prudential,Log holdings minimum,0.5,2,0,1,1,0.5,131,-2.10961492862847,0.5672759913555139,INE585B01010
Fund holdout,2025-10,icici:LARGE & MIDCAP,ICICI Prudential,Word2Vec,1.0,8,0,0,1,0.125,131,-3.41260296270404,0.3000072127412359,INE585B01010
Fund holdout,2025-10,icici:MIDCAP,ICICI Prudential,Popularity,0.25,110,0,0,0,0.009090909090909,150,-8.520446166896459,-0.7004722289278593,INE414G01012
Fund holdout,2025-10,icici:MIDCAP,ICICI Prudential,Co-holding,0.25,139,0,0,0,0.0071942446043165,150,-7.566918079993809,-0.5101713926195097,INE414G01012
Fund holdout,2025-10,icici:MIDCAP,ICICI Prudential,Category popularity,0.25,133,0,0,0,0.0075187969924812,150,-11.082514937403175,-1.2117983622677682,INE414G01012
Fund holdout,2025-10,icici:MIDCAP,ICICI Prudential,Binary factors,0.25,148,0,0,0,0.0067567567567567,150,-8.271214018090781,-0.6507316004092891,INE414G01012
Fund holdout,2025-10,icici:MIDCAP,ICICI Prudential,Rank factors,0.25,147,0,0,0,0.0068027210884353,150,-6.277775392416462,-0.2528901075305172,INE414G01012
Fund holdout,2025-10,icici:MIDCAP,ICICI Prudential,Log holdings zero,0.25,100,0,0,0,0.01,150,-11.406664712901255,-1.2764907129323655,INE414G01012
Fund holdout,2025-10,icici:MIDCAP,ICICI Prudential,Log holdings minimum,0.5,123,0,0,0,0.008130081300813,150,-7.645173369689122,-0.5257892304987737,INE414G01012
Fund holdout,2025-10,icici:MIDCAP,ICICI Prudential,Word2Vec,1.0,132,0,0,0,0.0075757575757575,150,-11.451284321104296,-1.285395693156253,INE414G01012
Fund holdout,2025-10,icici:MNCFUND,ICICI Prudential,Popularity,0.25,9,0,0,1,0.1111111111111111,164,-3.234658407795955,0.3657366416210266,INE585B01010
Fund holdout,2025-10,icici:MNCFUND,ICICI Prudential,Co-holding,0.25,1,1,1,1,1.0,164,-3.3720830013400533,0.3387899371359192,INE585B01010
Fund holdout,2025-10,icici:MNCFUND,ICICI Prudential,Category popularity,0.25,4,0,1,1,0.25,164,-2.4064390694525457,0.5281368436782321,INE585B01010
Fund holdout,2025-10,icici:MNCFUND,ICICI Prudential,Binary factors,0.25,5,0,1,1,0.2,164,-3.367773218113212,0.3396350148037045,INE585B01010
Fund holdout,2025-10,icici:MNCFUND,ICICI Prudential,Rank factors,0.25,2,0,1,1,0.5,164,-3.1523267602799967,0.3818805247366249,INE585B01010
Fund holdout,2025-10,icici:MNCFUND,ICICI Prudential,Log holdings zero,0.25,1,1,1,1,1.0,164,-0.730101584071015,0.8568390771790263,INE585B01010
Fund holdout,2025-10,icici:MNCFUND,ICICI Prudential,Log holdings minimum,0.5,6,0,0,1,0.1666666666666666,164,-3.2709911594948133,0.3586123860717769,INE585B01010
Fund holdout,2025-10,icici:MNCFUND,ICICI Prudential,Word2Vec,1.0,1,1,1,1,1.0,164,-2.482001463388017,0.5133202999501036,INE585B01010
Fund holdout,2025-10,icici:MULTICAP,ICICI Prudential,Popularity,0.25,27,0,0,0,0.037037037037037,126,-5.0943781876919445,-0.0533666741737055,INE205A01025
Fund holdout,2025-10,icici:MULTICAP,ICICI Prudential,Co-holding,0.25,25,0,0,0,0.04,126,-4.374364739283863,0.0955108028346473,INE205A01025
Fund holdout,2025-10,icici:MULTICAP,ICICI Prudential,Category popularity,0.25,51,0,0,0,0.0196078431372549,126,-6.097685384722928,-0.2608209161584147,INE205A01025
Fund holdout,2025-10,icici:MULTICAP,ICICI Prudential,Binary factors,0.25,87,0,0,0,0.0114942528735632,126,-6.493154456340661,-0.3425922188298538,INE205A01025
Fund holdout,2025-10,icici:MULTICAP,ICICI Prudential,Rank factors,0.25,112,0,0,0,0.0089285714285714,126,-5.727595749439065,-0.1842973299812089,INE205A01025
Fund holdout,2025-10,icici:MULTICAP,ICICI Prudential,Log holdings zero,0.25,24,0,0,0,0.0416666666666666,126,-6.613523326450321,-0.3674809396334624,INE205A01025
Fund holdout,2025-10,icici:MULTICAP,ICICI Prudential,Log holdings minimum,0.5,20,0,0,0,0.05,126,-4.668287803418381,0.0347362099160574,INE205A01025
Fund holdout,2025-10,icici:MULTICAP,ICICI Prudential,Word2Vec,1.0,30,0,0,0,0.0333333333333333,126,-5.371996117626586,-0.1107698477843266,INE205A01025
Fund holdout,2025-10,icici:RURALOPP,ICICI Prudential,Popularity,0.25,8,0,0,1,0.125,159,-3.573875080046161,0.2949412856370875,INE030A01027
Fund holdout,2025-10,icici:RURALOPP,ICICI Prudential,Co-holding,0.25,5,0,1,1,0.2,159,-3.3958676455369776,0.3300588233548479,INE030A01027
Fund holdout,2025-10,icici:RURALOPP,ICICI Prudential,Category popularity,0.25,7,0,0,1,0.1428571428571428,159,-3.5633417383265247,0.2970193169628763,INE030A01027
Fund holdout,2025-10,icici:RURALOPP,ICICI Prudential,Binary factors,0.25,1,1,1,1,1.0,159,-2.3495355809725598,0.5364805710979034,INE030A01027
Fund holdout,2025-10,icici:RURALOPP,ICICI Prudential,Rank factors,0.25,1,1,1,1,1.0,159,-3.3276716808901368,0.3435126117726622,INE030A01027
Fund holdout,2025-10,icici:RURALOPP,ICICI Prudential,Log holdings zero,0.25,1,1,1,1,1.0,159,-1.0501014780105915,0.7928346174799207,INE030A01027
Fund holdout,2025-10,icici:RURALOPP,ICICI Prudential,Log holdings minimum,0.5,2,0,1,1,0.5,159,-2.2946490861061517,0.5473086500429281,INE030A01027
Fund holdout,2025-10,icici:RURALOPP,ICICI Prudential,Word2Vec,1.0,1,1,1,1,1.0,159,-1.727723582556603,0.6591524492019709,INE030A01027
Fund holdout,2025-10,icici:TECH,ICICI Prudential,Popularity,0.25,18,0,0,0,0.0555555555555555,176,-4.395649749085113,0.1498571984163585,INE467B01029
Fund holdout,2025-10,icici:TECH,ICICI Prudential,Co-holding,0.25,6,0,0,1,0.1666666666666666,176,-3.615820130573324,0.3006805293192588,INE467B01029
Fund holdout,2025-10,icici:TECH,ICICI Prudential,Category popularity,0.25,32,0,0,0,0.03125,176,-5.269379648737349,-0.0191269625424046,INE467B01029
Fund holdout,2025-10,icici:TECH,ICICI Prudential,Binary factors,0.25,7,0,0,1,0.1428571428571428,176,-3.7782363252735687,0.2692683453039699,INE467B01029
Fund holdout,2025-10,icici:TECH,ICICI Prudential,Rank factors,0.25,16,0,0,0,0.0625,176,-4.452322081138468,0.1388964581630785,INE467B01029
Fund holdout,2025-10,icici:TECH,ICICI Prudential,Log holdings zero,0.25,12,0,0,0,0.0833333333333333,176,-3.960605951688471,0.2339970580144409,INE467B01029
Fund holdout,2025-10,icici:TECH,ICICI Prudential,Log holdings minimum,0.5,1,1,1,1,1.0,176,-2.416001003019191,0.532732137777101,INE467B01029
Fund holdout,2025-10,icici:TECH,ICICI Prudential,Word2Vec,1.0,6,0,0,1,0.1666666666666666,176,-3.3748808973312823,0.3472795002228065,INE467B01029
Fund holdout,2025-10,kotak:EME,Kotak,Popularity,0.25,55,0,0,0,0.0181818181818181,152,-6.545295566467592,-0.3028366298339102,INE200A01026
Fund holdout,2025-10,kotak:EME,Kotak,Co-holding,0.25,13,0,0,0,0.0769230769230769,152,-4.059461937156051,0.1919668630032961,INE200A01026
Fund holdout,2025-10,kotak:EME,Kotak,Category popularity,0.25,38,0,0,0,0.0263157894736842,152,-4.958810589557195,0.0129521255569431,INE200A01026
Fund holdout,2025-10,kotak:EME,Kotak,Binary factors,0.25,18,0,0,0,0.0555555555555555,152,-4.315157963456375,0.141070742914586,INE200A01026
Fund holdout,2025-10,kotak:EME,Kotak,Rank factors,0.25,3,0,1,1,0.3333333333333333,152,-3.0318260522740395,0.3965170868029867,INE200A01026
Fund holdout,2025-10,kotak:EME,Kotak,Log holdings zero,0.25,13,0,0,0,0.0769230769230769,152,-5.685925710285749,-0.1317796445780026,INE200A01026
Fund holdout,2025-10,kotak:EME,Kotak,Log holdings minimum,0.5,6,0,0,1,0.1666666666666666,152,-3.3518973050979817,0.3328071216683012,INE200A01026
Fund holdout,2025-10,kotak:EME,Kotak,Word2Vec,1.0,2,0,1,1,0.5,152,-2.515245082651596,0.499342177383649,INE200A01026
Fund holdout,2025-10,mirae:MAFF,Mirae Asset,Popularity,0.25,1,1,1,1,1.0,175,-1.7852142761717715,0.65434883745713,INE090A01021
Fund holdout,2025-10,mirae:MAFF,Mirae Asset,Co-holding,0.25,1,1,1,1,1.0,175,-2.9207743171120293,0.434482990803738,INE090A01021
Fund holdout,2025-10,mirae:MAFF,Mirae Asset,Category popularity,0.25,1,1,1,1,1.0,175,-1.15894156430355,0.775607049323064,INE090A01021
Fund holdout,2025-10,mirae:MAFF,Mirae Asset,Binary factors,0.25,7,0,0,1,0.1428571428571428,175,-3.432271664388205,0.3354474547992114,INE090A01021
Fund holdout,2025-10,mirae:MAFF,Mirae Asset,Rank factors,0.25,1,1,1,1,1.0,175,-3.301447107092429,0.3607775571415536,INE090A01021
Fund holdout,2025-10,mirae:MAFF,Mirae Asset,Log holdings zero,0.25,1,1,1,1,1.0,175,-0.8323996985500841,0.8388317148565717,INE090A01021
Fund holdout,2025-10,mirae:MAFF,Mirae Asset,Log holdings minimum,0.5,3,0,1,1,0.3333333333333333,175,-3.586209758162983,0.3056421357497879,INE090A01021
Fund holdout,2025-10,mirae:MAFF,Mirae Asset,Word2Vec,1.0,1,1,1,1,1.0,175,-0.1094533148929759,0.9788077733626148,INE090A01021
Fund holdout,2025-10,sbi:SBLUECHIP,SBI,Popularity,0.25,1,1,1,1,1.0,159,-1.45058485961955,0.7138267361643609,INE040A01034
Fund holdout,2025-10,sbi:SBLUECHIP,SBI,Co-holding,0.25,1,1,1,1,1.0,159,-2.6784906605182752,0.4715838860507426,INE040A01034
Fund holdout,2025-10,sbi:SBLUECHIP,SBI,Category popularity,0.25,1,1,1,1,1.0,159,-2.0721251333022863,0.5912084642683375,INE040A01034
Fund holdout,2025-10,sbi:SBLUECHIP,SBI,Binary factors,0.25,6,0,0,1,0.1666666666666666,159,-3.347173181576662,0.3396653304060143,INE040A01034
Fund holdout,2025-10,sbi:SBLUECHIP,SBI,Rank factors,0.25,1,1,1,1,1.0,159,-1.9793793308220196,0.609505476557432,INE040A01034
Fund holdout,2025-10,sbi:SBLUECHIP,SBI,Log holdings zero,0.25,1,1,1,1,1.0,159,-1.5409156683145795,0.6960061569836646,INE040A01034
Fund holdout,2025-10,sbi:SBLUECHIP,SBI,Log holdings minimum,0.5,3,0,1,1,0.3333333333333333,159,-2.488642913674447,0.5090372959535523,INE040A01034
Fund holdout,2025-10,sbi:SBLUECHIP,SBI,Word2Vec,1.0,1,1,1,1,1.0,159,-0.1629834405638117,0.967846415307588,INE040A01034
Fund holdout,2025-10,sbi:SMAAF,SBI,Popularity,0.25,1,1,1,1,1.0,161,-1.9926817534936312,0.6078482225848751,INE002A01018
Fund holdout,2025-10,sbi:SMAAF,SBI,Co-holding,0.25,2,0,1,1,0.5,161,-3.3811646643456004,0.3346003542554246,INE002A01018
Fund holdout,2025-10,sbi:SMAAF,SBI,Category popularity,0.25,1,1,1,1,1.0,161,-2.5069881686078954,0.5066347827220082,INE002A01018
Fund holdout,2025-10,sbi:SMAAF,SBI,Binary factors,0.25,25,0,0,0,0.04,161,-4.431432427992474,0.1279118704803128,INE002A01018
Fund holdout,2025-10,sbi:SMAAF,SBI,Rank factors,0.25,17,0,0,0,0.0588235294117647,161,-4.569458954151857,0.1007488036890705,INE002A01018
Fund holdout,2025-10,sbi:SMAAF,SBI,Log holdings zero,0.25,5,0,1,1,0.2,161,-3.5191441682194897,0.3074465412613841,INE002A01018
Fund holdout,2025-10,sbi:SMAAF,SBI,Log holdings minimum,0.5,35,0,0,0,0.0285714285714285,161,-4.794394286130259,0.0564824324613816,INE002A01018
Fund holdout,2025-10,sbi:SMAAF,SBI,Word2Vec,1.0,7,0,0,1,0.1428571428571428,161,-3.4413441487050163,0.3227572730839856,INE002A01018
Fund holdout,2025-11,absl:ABSLMCF,Aditya Birla SL,Popularity,0.25,1,1,1,1,1.0,177,-1.302601700779256,0.7483454366511264,INE040A01034
Fund holdout,2025-11,absl:ABSLMCF,Aditya Birla SL,Co-holding,0.25,1,1,1,1,1.0,177,-2.493536902239584,0.5182641478573151,INE040A01034
Fund holdout,2025-11,absl:ABSLMCF,Aditya Birla SL,Category popularity,0.25,1,1,1,1,1.0,177,-1.5430140970085606,0.7018992539380617,INE040A01034
Fund holdout,2025-11,absl:ABSLMCF,Aditya Birla SL,Binary factors,0.25,20,0,0,0,0.05,177,-4.277589370788997,0.1735962845375466,INE040A01034
Fund holdout,2025-11,absl:ABSLMCF,Aditya Birla SL,Rank factors,0.25,1,1,1,1,1.0,177,-3.109161469665727,0.399329302608929,INE040A01034
Fund holdout,2025-11,absl:ABSLMCF,Aditya Birla SL,Log holdings zero,0.25,2,0,1,1,0.5,177,-2.801960971663153,0.4586785320312045,INE040A01034
Fund holdout,2025-11,absl:ABSLMCF,Aditya Birla SL,Log holdings minimum,0.25,2,0,1,1,0.5,177,-2.344834765149751,0.5469924777497139,INE040A01034
Fund holdout,2025-11,absl:ABSLMCF,Aditya Birla SL,Word2Vec,1.0,1,1,1,1,1.0,177,-0.1480091093444091,0.9714055587663976,INE040A01034
Fund holdout,2025-11,absl:BSLDAAF,Aditya Birla SL,Popularity,0.25,1,1,1,1,1.0,170,-1.3228502965143143,0.7424255813913734,INE040A01034
Fund holdout,2025-11,absl:BSLDAAF,Aditya Birla SL,Co-holding,0.25,1,1,1,1,1.0,170,-2.219848783976296,0.5677694887786011,INE040A01034
Fund holdout,2025-11,absl:BSLDAAF,Aditya Birla SL,Category popularity,0.25,1,1,1,1,1.0,170,-1.896715719324165,0.6306872743211587,INE040A01034
Fund holdout,2025-11,absl:BSLDAAF,Aditya Birla SL,Binary factors,0.25,29,0,0,0,0.0344827586206896,170,-4.615266640844151,0.1013536264295211,INE040A01034
Fund holdout,2025-11,absl:BSLDAAF,Aditya Birla SL,Rank factors,0.25,1,1,1,1,1.0,170,-2.58328600191014,0.4970040133830007,INE040A01034
Fund holdout,2025-11,absl:BSLDAAF,Aditya Birla SL,Log holdings zero,0.25,1,1,1,1,1.0,170,-0.0018495917183365,0.9996398628682556,INE040A01034
Fund holdout,2025-11,absl:BSLDAAF,Aditya Birla SL,Log holdings minimum,0.25,8,0,0,1,0.125,170,-4.619557999986969,0.1005180486327252,INE040A01034
Fund holdout,2025-11,absl:BSLDAAF,Aditya Birla SL,Word2Vec,1.0,1,1,1,1,1.0,170,-0.0124291434695003,0.9975799004532898,INE040A01034
Fund holdout,2025-11,absl:BSLPHF,Aditya Birla SL,Popularity,0.25,44,0,0,0,0.0227272727272727,215,-5.902666963540023,-0.0990625196905774,INE437A01024
Fund holdout,2025-11,absl:BSLPHF,Aditya Birla SL,Co-holding,0.25,43,0,0,0,0.0232558139534883,215,-4.951418842231464,0.0780576132110597,INE437A01024
Fund holdout,2025-11,absl:BSLPHF,Aditya Birla SL,Category popularity,0.25,33,0,0,0,0.0303030303030303,215,-5.289956704453104,0.0150226701654451,INE437A01024
Fund holdout,2025-11,absl:BSLPHF,Aditya Birla SL,Binary factors,0.25,75,0,0,0,0.0133333333333333,215,-5.526634119149988,-0.0290461003339503,INE437A01024
Fund holdout,2025-11,absl:BSLPHF,Aditya Birla SL,Rank factors,0.25,60,0,0,0,0.0166666666666666,215,-5.580243996388855,-0.0390281316974674,INE437A01024
Fund holdout,2025-11,absl:BSLPHF,Aditya Birla SL,Log holdings zero,0.25,62,0,0,0,0.0161290322580645,215,-9.138248322707524,-0.7015200568066107,INE437A01024
Fund holdout,2025-11,absl:BSLPHF,Aditya Birla SL,Log holdings minimum,0.25,104,0,0,0,0.0096153846153846,215,-10.3200509534457,-0.921568889840734,INE437A01024
Fund holdout,2025-11,absl:BSLPHF,Aditya Birla SL,Word2Vec,1.0,49,0,0,0,0.0204081632653061,215,-5.200219386803061,0.0317315448242959,INE437A01024
Fund holdout,2025-11,absl:BSLR96,Aditya Birla SL,Popularity,0.25,1,1,1,1,1.0,195,-1.271623609730934,0.7588424585270974,INE040A01034
Fund holdout,2025-11,absl:BSLR96,Aditya Birla SL,Co-holding,0.25,1,1,1,1,1.0,195,-2.50852529483618,0.5242697696110847,INE040A01034
Fund holdout,2025-11,absl:BSLR96,Aditya Birla SL,Category popularity,0.25,1,1,1,1,1.0,195,-1.2859125298765337,0.7561326308499088,INE040A01034
Fund holdout,2025-11,absl:BSLR96,Aditya Birla SL,Binary factors,0.25,27,0,0,0,0.037037037037037,195,-4.64293975097318,0.1194879310329739,INE040A01034
Fund holdout,2025-11,absl:BSLR96,Aditya Birla SL,Rank factors,0.25,1,1,1,1,1.0,195,-3.051293224447156,0.4213363398652999,INE040A01034
Fund holdout,2025-11,absl:BSLR96,Aditya Birla SL,Log holdings zero,0.25,1,1,1,1,1.0,195,-0.017724717976046,0.9966385891409264,INE040A01034
Fund holdout,2025-11,absl:BSLR96,Aditya Birla SL,Log holdings minimum,0.25,1,1,1,1,1.0,195,-0.3309678041596138,0.9372334853277016,INE040A01034
Fund holdout,2025-11,absl:BSLR96,Aditya Birla SL,Word2Vec,1.0,1,1,1,1,1.0,195,-0.0046838171106724,0.9991117357286584,INE040A01034
Fund holdout,2025-11,absl:MNC,Aditya Birla SL,Popularity,0.25,16,0,0,0,0.0625,195,-4.43573057710552,0.1587841933531815,INE030A01027
Fund holdout,2025-11,absl:MNC,Aditya Birla SL,Co-holding,0.25,8,0,0,1,0.125,195,-3.81908828921733,0.2757275537763237,INE030A01027
Fund holdout,2025-11,absl:MNC,Aditya Birla SL,Category popularity,0.25,15,0,0,0,0.0666666666666666,195,-4.253033186805171,0.1934319091876414,INE030A01027
Fund holdout,2025-11,absl:MNC,Aditya Birla SL,Binary factors,0.25,26,0,0,0,0.0384615384615384,195,-4.462018445963635,0.1537988204992388,INE030A01027
Fund holdout,2025-11,absl:MNC,Aditya Birla SL,Rank factors,0.25,3,0,1,1,0.3333333333333333,195,-3.689354696122153,0.3003309302140251,INE030A01027
Fund holdout,2025-11,absl:MNC,Aditya Birla SL,Log holdings zero,0.25,30,0,0,0,0.0333333333333333,195,-7.006498698200701,-0.3287501014145966,INE030A01027
Fund holdout,2025-11,absl:MNC,Aditya Birla SL,Log holdings minimum,0.25,12,0,0,0,0.0833333333333333,195,-6.56634231705133,-0.2452764776714417,INE030A01027
Fund holdout,2025-11,absl:MNC,Aditya Birla SL,Word2Vec,1.0,10,0,0,1,0.1,195,-4.04246443609892,0.2333652997308422,INE030A01027
Fund holdout,2025-11,axis:AXISMLC,Axis,Popularity,0.25,1,1,1,1,1.0,138,-0.8719080544709392,0.823043806918758,INE090A01021
Fund holdout,2025-11,axis:AXISMLC,Axis,Co-holding,0.25,1,1,1,1,1.0,138,-2.057043076742735,0.582517319345796,INE090A01021
Fund holdout,2025-11,axis:AXISMLC,Axis,Category popularity,0.25,1,1,1,1,1.0,138,-1.322266797942639,0.731642232685153,INE090A01021
Fund holdout,2025-11,axis:AXISMLC,Axis,Binary factors,0.25,5,0,1,1,0.2,138,-3.3787735693591188,0.3142683967060002,INE090A01021
Fund holdout,2025-11,axis:AXISMLC,Axis,Rank factors,0.25,1,1,1,1,1.0,138,-2.569431589259256,0.478526628941518,INE090A01021
Fund holdout,2025-11,axis:AXISMLC,Axis,Log holdings zero,0.25,1,1,1,1,1.0,138,-0.9690096144697762,0.8033367720868914,INE090A01021
Fund holdout,2025-11,axis:AXISMLC,Axis,Log holdings minimum,0.25,1,1,1,1,1.0,138,-0.3560007685105821,0.9277486422947951,INE090A01021
Fund holdout,2025-11,axis:AXISMLC,Axis,Word2Vec,1.0,1,1,1,1,1.0,138,-0.01937513900112,0.9960677610208124,INE090A01021
Fund holdout,2025-11,hdfc:HDFCEQ,HDFC,Popularity,0.25,1,1,1,1,1.0,197,-1.5453364128503004,0.7075001282944207,INE040A01034
Fund holdout,2025-11,hdfc:HDFCEQ,HDFC,Co-holding,0.25,1,1,1,1,1.0,197,-2.5172536286825262,0.523536521033644,INE040A01034
Fund holdout,2025-11,hdfc:HDFCEQ,HDFC,Category popularity,0.25,1,1,1,1,1.0,197,-1.3713294346866896,0.7404360109705135,INE040A01034
Fund holdout,2025-11,hdfc:HDFCEQ,HDFC,Binary factors,0.25,4,0,1,1,0.25,197,-3.538420691150748,0.3302509475635953,INE040A01034
Fund holdout,2025-11,hdfc:HDFCEQ,HDFC,Rank factors,0.25,1,1,1,1,1.0,197,-2.6416949816831137,0.4999823748394155,INE040A01034
Fund holdout,2025-11,hdfc:HDFCEQ,HDFC,Log holdings zero,0.25,1,1,1,1,1.0,197,-0.4057737762042031,0.9231955084379964,INE040A01034
Fund holdout,2025-11,hdfc:HDFCEQ,HDFC,Log holdings minimum,0.25,1,1,1,1,1.0,197,-0.0353062112922497,0.9933172724155608,INE040A01034
Fund holdout,2025-11,hdfc:HDFCEQ,HDFC,Word2Vec,1.0,1,1,1,1,1.0,197,-0.1001582995616754,0.9810421280904116,INE040A01034
Fund holdout,2025-11,hdfc:HDFCMNCFND,HDFC,Popularity,0.25,206,0,0,0,0.0048543689320388,206,-11.161338984835467,-1.094894594250896,INE042A01014
Fund holdout,2025-11,hdfc:HDFCMNCFND,HDFC,Co-holding,0.25,109,0,0,0,0.0091743119266055,206,-6.327283040113056,-0.1875807244128435,INE042A01014
Fund holdout,2025-11,hdfc:HDFCMNCFND,HDFC,Category popularity,0.25,145,0,0,0,0.0068965517241379,206,-8.909973264014946,-0.6723311469228772,INE042A01014
Fund holdout,2025-11,hdfc:HDFCMNCFND,HDFC,Binary factors,0.25,66,0,0,0,0.0151515151515151,206,-5.938405070261783,-0.1145914210710541,INE042A01014
Fund holdout,2025-11,hdfc:HDFCMNCFND,HDFC,Rank factors,0.25,46,0,0,0,0.0217391304347826,206,-5.306235504897596,0.0040617805681661,INE042A01014
Fund holdout,2025-11,hdfc:HDFCMNCFND,HDFC,Log holdings zero,0.25,77,0,0,0,0.0129870129870129,206,-8.50759454564856,-0.5968078604164269,INE042A01014
Fund holdout,2025-11,hdfc:HDFCMNCFND,HDFC,Log holdings minimum,0.25,22,0,0,0,0.0454545454545454,206,-5.388167940283717,-0.0113162861868527,INE042A01014
Fund holdout,2025-11,hdfc:HDFCMNCFND,HDFC,Word2Vec,1.0,116,0,0,0,0.0086206896551724,206,-7.510153447473078,-0.4095960959954667,INE042A01014
Fund holdout,2025-11,icici:BHACON,ICICI Prudential,Popularity,0.25,10,0,0,1,0.1,197,-4.1569689152008,0.2131727018988561,INE154A01025
Fund holdout,2025-11,icici:BHACON,ICICI Prudential,Co-holding,0.25,5,0,1,1,0.2,197,-3.472334261457654,0.3427597269115536,INE154A01025
Fund holdout,2025-11,icici:BHACON,ICICI Prudential,Category popularity,0.25,40,0,0,0,0.025,197,-5.69785359619927,-0.0784845500478796,INE154A01025
Fund holdout,2025-11,icici:BHACON,ICICI Prudential,Binary factors,0.25,1,1,1,1,1.0,197,-2.3494910746025424,0.5552904647945933,INE154A01025
Fund holdout,2025-11,icici:BHACON,ICICI Prudential,Rank factors,0.25,29,0,0,0,0.0344827586206896,197,-4.975475385229161,0.058246541172535,INE154A01025
Fund holdout,2025-11,icici:BHACON,ICICI Prudential,Log holdings zero,0.25,7,0,0,1,0.1428571428571428,197,-3.4185647859582304,0.3529371643643143,INE154A01025
Fund holdout,2025-11,icici:BHACON,ICICI Prudential,Log holdings minimum,0.25,26,0,0,0,0.0384615384615384,197,-5.597604105322347,-0.0595094175290227,INE154A01025
Fund holdout,2025-11,icici:BHACON,ICICI Prudential,Word2Vec,1.0,1,1,1,1,1.0,197,-1.918359640815092,0.6368946307369949,INE154A01025
Fund holdout,2025-11,icici:HOUSING,ICICI Prudential,Popularity,0.25,1,1,1,1,1.0,208,-1.9250762530094183,0.6393325491521096,INE040A01034
Fund holdout,2025-11,icici:HOUSING,ICICI Prudential,Co-holding,0.25,2,0,1,1,0.5,208,-3.197124531863133,0.4010113868748192,INE040A01034
Fund holdout,2025-11,icici:HOUSING,ICICI Prudential,Category popularity,0.25,4,0,1,1,0.25,208,-2.4382481469821524,0.5431886179407653,INE040A01034
Fund holdout,2025-11,icici:HOUSING,ICICI Prudential,Binary factors,0.25,9,0,0,1,0.1111111111111111,208,-4.241735827531808,0.2053010649866558,INE040A01034
Fund holdout,2025-11,icici:HOUSING,ICICI Prudential,Rank factors,0.25,4,0,1,1,0.25,208,-3.812055110345909,0.2858027327536692,INE040A01034
Fund holdout,2025-11,icici:HOUSING,ICICI Prudential,Log holdings zero,0.25,1,1,1,1,1.0,208,-1.6103603051561102,0.6982953037318238,INE040A01034
Fund holdout,2025-11,icici:HOUSING,ICICI Prudential,Log holdings minimum,0.25,6,0,0,1,0.1666666666666666,208,-3.052758443932544,0.4280587045285543,INE040A01034
Fund holdout,2025-11,icici:HOUSING,ICICI Prudential,Word2Vec,1.0,4,0,1,1,0.25,208,-2.877349003095404,0.4609220655421691,INE040A01034
Fund holdout,2025-11,icici:LARGE & MIDCAP,ICICI Prudential,Popularity,0.25,98,0,0,0,0.010204081632653,162,-7.476224964487649,-0.4695004225696222,INE018E01016
Fund holdout,2025-11,icici:LARGE & MIDCAP,ICICI Prudential,Co-holding,0.25,64,0,0,0,0.015625,162,-5.320927245453518,-0.0458627011355603,INE018E01016
Fund holdout,2025-11,icici:LARGE & MIDCAP,ICICI Prudential,Category popularity,0.25,75,0,0,0,0.0133333333333333,162,-6.199432106556274,-0.2185385195803089,INE018E01016
Fund holdout,2025-11,icici:LARGE & MIDCAP,ICICI Prudential,Binary factors,0.25,12,0,0,0,0.0833333333333333,162,-4.088164306390015,0.1964448362227854,INE018E01016
Fund holdout,2025-11,icici:LARGE & MIDCAP,ICICI Prudential,Rank factors,0.25,20,0,0,0,0.05,162,-4.6538303458169015,0.0852595136944309,INE018E01016
Fund holdout,2025-11,icici:LARGE & MIDCAP,ICICI Prudential,Log holdings zero,0.25,3,0,1,1,0.3333333333333333,162,-1.952836252922112,0.616157390593585,INE018E01016
Fund holdout,2025-11,icici:LARGE & MIDCAP,ICICI Prudential,Log holdings minimum,0.25,37,0,0,0,0.027027027027027,162,-6.066657889339179,-0.1924408875221968,INE018E01016
Fund holdout,2025-11,icici:LARGE & MIDCAP,ICICI Prudential,Word2Vec,1.0,61,0,0,0,0.0163934426229508,162,-6.328148643837246,-0.2438385883749951,INE018E01016
Fund holdout,2025-11,icici:MIDCAP,ICICI Prudential,Popularity,0.25,154,0,0,0,0.0064935064935064,178,-9.567370841370092,-0.8463470634219761,INE118H01025
Fund holdout,2025-11,icici:MIDCAP,ICICI Prudential,Co-holding,0.25,72,0,0,0,0.0138888888888888,178,-5.3529115839021255,-0.033024928955281,INE118H01025
Fund holdout,2025-11,icici:MIDCAP,ICICI Prudential,Category popularity,0.25,10,0,0,1,0.1,178,-3.539941250161788,0.316848877263071,INE118H01025
Fund holdout,2025-11,icici:MIDCAP,ICICI Prudential,Binary factors,0.25,15,0,0,0,0.0666666666666666,178,-4.183081597633895,0.1927332438657912,INE118H01025
Fund holdout,2025-11,icici:MIDCAP,ICICI Prudential,Rank factors,0.25,73,0,0,0,0.0136986301369863,178,-5.449582242980529,-0.0516807948632569,INE118H01025
Fund holdout,2025-11,icici:MIDCAP,ICICI Prudential,Log holdings zero,0.25,53,0,0,0,0.0188679245283018,178,-9.654037657247478,-0.8630723501955815,INE118H01025
Fund holdout,2025-11,icici:MIDCAP,ICICI Prudential,Log holdings minimum,0.25,86,0,0,0,0.0116279069767441,178,-10.246786282270287,-0.977463200232032,INE118H01025
Fund holdout,2025-11,icici:MIDCAP,ICICI Prudential,Word2Vec,1.0,53,0,0,0,0.0188679245283018,178,-6.307094427050659,-0.2171667083035806,INE118H01025
Fund holdout,2025-11,icici:MNCFUND,ICICI Prudential,Popularity,0.25,8,0,0,1,0.125,202,-3.1907949554138177,0.3989008962422993,INE585B01010
Fund holdout,2025-11,icici:MNCFUND,ICICI Prudential,Co-holding,0.25,1,1,1,1,1.0,202,-3.4159052077917558,0.356493416964616,INE585B01010
Fund holdout,2025-11,icici:MNCFUND,ICICI Prudential,Category popularity,0.25,4,0,1,1,0.25,202,-2.4240441692710224,0.5433455305093648,INE585B01010
Fund holdout,2025-11,icici:MNCFUND,ICICI Prudential,Binary factors,0.25,7,0,0,1,0.1428571428571428,202,-3.361779117931976,0.3666899806922288,INE585B01010
Fund holdout,2025-11,icici:MNCFUND,ICICI Prudential,Rank factors,0.25,2,0,1,1,0.5,202,-3.692279101504644,0.3044286173976697,INE585B01010
Fund holdout,2025-11,icici:MNCFUND,ICICI Prudential,Log holdings zero,0.25,7,0,0,1,0.1428571428571428,202,-3.498276332060504,0.340975901842107,INE585B01010
Fund holdout,2025-11,icici:MNCFUND,ICICI Prudential,Log holdings minimum,0.25,27,0,0,0,0.037037037037037,202,-4.75836241755269,0.1035941122784246,INE585B01010
Fund holdout,2025-11,icici:MNCFUND,ICICI Prudential,Word2Vec,1.0,1,1,1,1,1.0,202,-2.464204764104233,0.5357798617973533,INE585B01010
Fund holdout,2025-11,icici:MULTICAP,ICICI Prudential,Popularity,0.25,32,0,0,0,0.03125,155,-5.321939472355695,-0.0552232558191678,INE205A01025
Fund holdout,2025-11,icici:MULTICAP,ICICI Prudential,Co-holding,0.25,31,0,0,0,0.032258064516129,155,-4.696588739793296,0.0687700063122607,INE205A01025
Fund holdout,2025-11,icici:MULTICAP,ICICI Prudential,Category popularity,0.25,71,0,0,0,0.0140845070422535,155,-6.783035911708938,-0.3449264645476335,INE205A01025
Fund holdout,2025-11,icici:MULTICAP,ICICI Prudential,Binary factors,0.25,51,0,0,0,0.0196078431372549,155,-5.4506920371530425,-0.0807520505990129,INE205A01025
Fund holdout,2025-11,icici:MULTICAP,ICICI Prudential,Rank factors,0.25,154,0,0,0,0.0064935064935064,155,-6.140286760205124,-0.2174834795516682,INE205A01025
Fund holdout,2025-11,icici:MULTICAP,ICICI Prudential,Log holdings zero,0.25,14,0,0,0,0.0714285714285714,155,-7.126542520431464,-0.4130362512023733,INE205A01025
Fund holdout,2025-11,icici:MULTICAP,ICICI Prudential,Log holdings minimum,0.25,95,0,0,0,0.0105263157894736,155,-8.79256406525238,-0.7433715900243756,INE205A01025
Fund holdout,2025-11,icici:MULTICAP,ICICI Prudential,Word2Vec,1.0,46,0,0,0,0.0217391304347826,155,-9.21292939289049,-0.8267207660095421,INE205A01025
Fund holdout,2025-11,icici:RURALOPP,ICICI Prudential,Popularity,0.25,1,1,1,1,1.0,197,-1.8248671925730129,0.6545907963672407,INE397D01024
Fund holdout,2025-11,icici:RURALOPP,ICICI Prudential,Co-holding,0.25,1,1,1,1,1.0,197,-2.968566077629592,0.4381125108838647,INE397D01024
Fund holdout,2025-11,icici:RURALOPP,ICICI Prudential,Category popularity,0.25,1,1,1,1,1.0,197,-1.5677935299225716,0.7032494655857093,INE397D01024
Fund holdout,2025-11,icici:RURALOPP,ICICI Prudential,Binary factors,0.25,53,0,0,0,0.0188679245283018,197,-5.194222997999833,0.0168421918416934,INE397D01024
Fund holdout,2025-11,icici:RURALOPP,ICICI Prudential,Rank factors,0.25,1,1,1,1,1.0,197,-2.843631127197053,0.4617600847513942,INE397D01024
Fund holdout,2025-11,icici:RURALOPP,ICICI Prudential,Log holdings zero,0.25,19,0,0,0,0.0526315789473684,197,-4.628459869336593,0.1239293226267076,INE397D01024
Fund holdout,2025-11,icici:RURALOPP,ICICI Prudential,Log holdings minimum,0.25,9,0,0,1,0.1111111111111111,197,-3.8921804910623594,0.263291614160014,INE397D01024
Fund holdout,2025-11,icici:RURALOPP,ICICI Prudential,Word2Vec,1.0,2,0,1,1,0.5,197,-2.4541753887660605,0.5354759129547527,INE397D01024
Fund holdout,2025-11,icici:TECH,ICICI Prudential,Popularity,0.25,18,0,0,0,0.0555555555555555,211,-4.399011060302204,0.1780404206183586,INE669C01036
Fund holdout,2025-11,icici:TECH,ICICI Prudential,Co-holding,0.25,4,0,1,1,0.25,211,-3.4751889621964,0.3506574958594348,INE669C01036
Fund holdout,2025-11,icici:TECH,ICICI Prudential,Category popularity,0.25,27,0,0,0,0.037037037037037,211,-4.832931950963232,0.0969618718528677,INE669C01036
Fund holdout,2025-11,icici:TECH,ICICI Prudential,Binary factors,0.25,7,0,0,1,0.1428571428571428,211,-3.9058105171480335,0.2701954312433943,INE669C01036
Fund holdout,2025-11,icici:TECH,ICICI Prudential,Rank factors,0.25,13,0,0,0,0.0769230769230769,211,-4.596519773876429,0.1411357216057295,INE669C01036
Fund holdout,2025-11,icici:TECH,ICICI Prudential,Log holdings zero,0.25,114,0,0,0,0.0087719298245614,211,-9.571803195632002,-0.7885009200374775,INE669C01036
Fund holdout,2025-11,icici:TECH,ICICI Prudential,Log holdings minimum,0.25,14,0,0,0,0.0714285714285714,211,-3.985588816607721,0.2552887768684079,INE669C01036
Fund holdout,2025-11,icici:TECH,ICICI Prudential,Word2Vec,1.0,1,1,1,1,1.0,211,-0.821833050422681,0.8464396794671956,INE669C01036
Fund holdout,2025-11,kotak:EME,Kotak,Popularity,0.25,63,0,0,0,0.0158730158730158,189,-7.097671504454841,-0.354066017315046,INE061F01013
Fund holdout,2025-11,kotak:EME,Kotak,Co-holding,0.25,7,0,0,1,0.1428571428571428,189,-3.84120740579202,0.2671894704654468,INE061F01013
Fund holdout,2025-11,kotak:EME,Kotak,Category popularity,0.25,26,0,0,0,0.0384615384615384,189,-4.448858814137976,0.1512641107332504,INE061F01013
Fund holdout,2025-11,kotak:EME,Kotak,Binary factors,0.25,3,0,1,1,0.3333333333333333,189,-3.5030554094204387,0.3317007861394128,INE061F01013
Fund holdout,2025-11,kotak:EME,Kotak,Rank factors,0.25,8,0,0,1,0.125,189,-4.020352198715708,0.2330129273379358,INE061F01013
Fund holdout,2025-11,kotak:EME,Kotak,Log holdings zero,0.25,17,0,0,0,0.0588235294117647,189,-6.027307476677549,-0.1498661532807623,INE061F01013
Fund holdout,2025-11,kotak:EME,Kotak,Log holdings minimum,0.25,19,0,0,0,0.0526315789473684,189,-5.207400259542057,0.0065525397198503,INE061F01013
Fund holdout,2025-11,kotak:EME,Kotak,Word2Vec,1.0,14,0,0,0,0.0714285714285714,189,-3.939509911431488,0.2484357028080145,INE061F01013
Fund holdout,2025-11,mirae:MAFF,Mirae Asset,Popularity,0.25,1,1,1,1,1.0,212,-1.7680096820300015,0.669937234019766,INE090A01021
Fund holdout,2025-11,mirae:MAFF,Mirae Asset,Co-holding,0.25,1,1,1,1,1.0,212,-2.9093753754272744,0.4568601668596447,INE090A01021
Fund holdout,2025-11,mirae:MAFF,Mirae Asset,Category popularity,0.25,1,1,1,1,1.0,212,-1.171553618815052,0.7812872679089282,INE090A01021
Fund holdout,2025-11,mirae:MAFF,Mirae Asset,Binary factors,0.25,10,0,0,1,0.1,212,-3.7441905632221366,0.3010118065443843,INE090A01021
Fund holdout,2025-11,mirae:MAFF,Mirae Asset,Rank factors,0.25,2,0,1,1,0.5,212,-3.384497021082872,0.3681615776290082,INE090A01021
Fund holdout,2025-11,mirae:MAFF,Mirae Asset,Log holdings zero,0.25,1,1,1,1,1.0,212,-1.710734717923196,0.6806296715480522,INE090A01021
Fund holdout,2025-11,mirae:MAFF,Mirae Asset,Log holdings minimum,0.25,2,0,1,1,0.5,212,-2.581489380719232,0.5180719121569085,INE090A01021
Fund holdout,2025-11,mirae:MAFF,Mirae Asset,Word2Vec,1.0,1,1,1,1,1.0,212,-0.1379652091702095,0.9742438183395716,INE090A01021
Fund holdout,2025-11,sbi:SBLUECHIP,SBI,Popularity,0.25,1,1,1,1,1.0,195,-1.4387201132045533,0.7271533787883665,INE040A01034
Fund holdout,2025-11,sbi:SBLUECHIP,SBI,Co-holding,0.25,1,1,1,1,1.0,195,-2.5657453350083466,0.5134182534035332,INE040A01034
Fund holdout,2025-11,sbi:SBLUECHIP,SBI,Category popularity,0.25,1,1,1,1,1.0,195,-2.0867903065922224,0.6042498613141132,INE040A01034
Fund holdout,2025-11,sbi:SBLUECHIP,SBI,Binary factors,0.25,13,0,0,0,0.0769230769230769,195,-3.972532864438805,0.2466274991456971,INE040A01034
Fund holdout,2025-11,sbi:SBLUECHIP,SBI,Rank factors,0.25,1,1,1,1,1.0,195,-2.167536594003192,0.5889367010313988,INE040A01034
Fund holdout,2025-11,sbi:SBLUECHIP,SBI,Log holdings zero,0.25,1,1,1,1,1.0,195,-0.0331583172283913,0.9937116783606516,INE040A01034
Fund holdout,2025-11,sbi:SBLUECHIP,SBI,Log holdings minimum,0.25,1,1,1,1,1.0,195,-0.5123710167164557,0.9028312043219638,INE040A01034
Fund holdout,2025-11,sbi:SBLUECHIP,SBI,Word2Vec,1.0,1,1,1,1,1.0,195,-0.0230916566637144,0.99562077401918,INE040A01034
Fund holdout,2025-11,sbi:SMAAF,SBI,Popularity,0.25,1,1,1,1,1.0,199,-1.6926813176176978,0.6802222101944037,INE040A01034
Fund holdout,2025-11,sbi:SMAAF,SBI,Co-holding,0.25,1,1,1,1,1.0,199,-3.192188005561128,0.3969385646088735,INE040A01034
Fund holdout,2025-11,sbi:SMAAF,SBI,Category popularity,0.25,1,1,1,1,1.0,199,-2.025237872386189,0.6173963262182621,INE040A01034
Fund holdout,2025-11,sbi:SMAAF,SBI,Binary factors,0.25,17,0,0,0,0.0588235294117647,199,-4.128335392104064,0.2200835718319062,INE040A01034
Fund holdout,2025-11,sbi:SMAAF,SBI,Rank factors,0.25,12,0,0,0,0.0833333333333333,199,-4.466073341223262,0.1562788297468371,INE040A01034
Fund holdout,2025-11,sbi:SMAAF,SBI,Log holdings zero,0.25,1,1,1,1,1.0,199,-0.852475456617924,0.8389521320147486,INE040A01034
Fund holdout,2025-11,sbi:SMAAF,SBI,Log holdings minimum,0.25,10,0,0,1,0.1,199,-4.131673562432172,0.2194529317235724,INE040A01034
Fund holdout,2025-11,sbi:SMAAF,SBI,Word2Vec,1.0,26,0,0,0,0.0384615384615384,199,-5.144425578063202,0.0281259537455486,INE040A01034
Fund holdout,2025-11,uti:193,UTI,Popularity,0.25,1,1,1,1,1.0,191,-1.3611364225458544,0.7408481410587807,INE090A01021
Fund holdout,2025-11,uti:193,UTI,Co-holding,0.25,1,1,1,1,1.0,191,-2.5269432418332447,0.5188858165038375,INE090A01021
Fund holdout,2025-11,uti:193,UTI,Category popularity,0.25,2,0,1,1,0.5,191,-1.782186823802709,0.6606827789493965,INE090A01021
Fund holdout,2025-11,uti:193,UTI,Binary factors,0.25,9,0,0,1,0.1111111111111111,191,-3.999616550914285,0.2384980321936932,INE090A01021
Fund holdout,2025-11,uti:193,UTI,Rank factors,0.25,1,1,1,1,1.0,191,-2.600722643443058,0.5048386800360675,INE090A01021
Fund holdout,2025-11,uti:193,UTI,Log holdings zero,0.25,1,1,1,1,1.0,191,-0.1345387146516969,0.974384670467978,INE090A01021
Fund holdout,2025-11,uti:193,UTI,Log holdings minimum,0.25,1,1,1,1,1.0,191,-0.5331306763893453,0.8984952547324594,INE090A01021
Fund holdout,2025-11,uti:193,UTI,Word2Vec,1.0,1,1,1,1,1.0,191,-0.0092790767289336,0.998233321845092,INE090A01021
Fund holdout,2025-11,uti:751,UTI,Popularity,0.25,104,0,0,0,0.0096153846153846,206,-7.755118332760681,-0.4555740574808695,INE745G01035
Fund holdout,2025-11,uti:751,UTI,Co-holding,0.25,7,0,0,1,0.1428571428571428,206,-4.093845112548013,0.2316178186479741,INE745G01035
Fund holdout,2025-11,uti:751,UTI,Category popularity,0.25,8,0,0,1,0.125,206,-3.5893296522649827,0.3263113596199762,INE745G01035
Fund holdout,2025-11,uti:751,UTI,Binary factors,0.25,30,0,0,0,0.0333333333333333,206,-4.804249080127788,0.0982806416802951,INE745G01035
Fund holdout,2025-11,uti:751,UTI,Rank factors,0.25,6,0,0,1,0.1666666666666666,206,-4.138377070945715,0.2232595240880202,INE745G01035
Fund holdout,2025-11,uti:751,UTI,Log holdings zero,0.25,12,0,0,0,0.0833333333333333,206,-4.3668324318085405,0.1803802690856039,INE745G01035
Fund holdout,2025-11,uti:751,UTI,Log holdings minimum,0.25,11,0,0,0,0.0909090909090909,206,-4.746750695247437,0.1090726314073038,INE745G01035
Fund holdout,2025-11,uti:751,UTI,Word2Vec,1.0,9,0,0,1,0.1111111111111111,206,-4.088935960180965,0.2325392275192623,INE745G01035
Fund holdout,2025-11,uti:753,UTI,Popularity,0.25,1,1,1,1,1.0,207,-1.6369327641403864,0.693039736839743,INE090A01021
Fund holdout,2025-11,uti:753,UTI,Co-holding,0.25,1,1,1,1,1.0,207,-2.8093861913484584,0.473179385551625,INE090A01021
Fund holdout,2025-11,uti:753,UTI,Category popularity,0.25,1,1,1,1,1.0,207,-1.1494781581875824,0.7844480080893735,INE090A01021
Fund holdout,2025-11,uti:753,UTI,Binary factors,0.25,5,0,1,1,0.2,207,-3.5133636005901194,0.3411684101874812,INE090A01021
Fund holdout,2025-11,uti:753,UTI,Rank factors,0.25,1,1,1,1,1.0,207,-2.7560422643349014,0.4831825244909826,INE090A01021
Fund holdout,2025-11,uti:753,UTI,Log holdings zero,0.25,1,1,1,1,1.0,207,-0.7155189461926765,0.8658247370747737,INE090A01021
Fund holdout,2025-11,uti:753,UTI,Log holdings minimum,0.25,2,0,1,1,0.5,207,-1.6360438175053744,0.6932064335416456,INE090A01021
Fund holdout,2025-11,uti:753,UTI,Word2Vec,1.0,1,1,1,1,1.0,207,-0.1022666041874931,0.9808228019979894,INE090A01021
Fund holdout,2025-12,absl:ABSLMCF,Aditya Birla SL,Popularity,0.25,1,1,1,1,1.0,177,-1.3102468644822949,0.7468684384771889,INE040A01034
Fund holdout,2025-12,absl:ABSLMCF,Aditya Birla SL,Co-holding,0.25,1,1,1,1,1.0,177,-2.5137003043849853,0.5143687037169511,INE040A01034
Fund holdout,2025-12,absl:ABSLMCF,Aditya Birla SL,Category popularity,0.25,1,1,1,1,1.0,177,-1.5095738022984584,0.7083597113123259,INE040A01034
Fund holdout,2025-12,absl:ABSLMCF,Aditya Birla SL,Binary factors,0.25,28,0,0,0,0.0357142857142857,177,-4.739896297293574,0.084281455873443,INE040A01034
Fund holdout,2025-12,absl:ABSLMCF,Aditya Birla SL,Rank factors,0.25,1,1,1,1,1.0,177,-2.9451309809627024,0.4310189748900014,INE040A01034
Fund holdout,2025-12,absl:ABSLMCF,Aditya Birla SL,Log holdings zero,0.25,3,0,1,1,0.3333333333333333,177,-2.8778501201801108,0.4440172195812608,INE040A01034
Fund holdout,2025-12,absl:ABSLMCF,Aditya Birla SL,Log holdings minimum,0.25,2,0,1,1,0.5,177,-2.673716687302451,0.483454531758116,INE040A01034
Fund holdout,2025-12,absl:ABSLMCF,Aditya Birla SL,Word2Vec,1.0,1,1,1,1,1.0,177,-0.0188382419292274,0.9963605685881386,INE040A01034
Fund holdout,2025-12,absl:BSLDAAF,Aditya Birla SL,Popularity,0.25,1,1,1,1,1.0,168,-1.3306418323530131,0.7403100728846301,INE040A01034
Fund holdout,2025-12,absl:BSLDAAF,Aditya Birla SL,Co-holding,0.25,1,1,1,1,1.0,168,-2.2157897086979603,0.567563371326429,INE040A01034
Fund holdout,2025-12,absl:BSLDAAF,Aditya Birla SL,Category popularity,0.25,1,1,1,1,1.0,168,-1.822895914799842,0.6442410754393831,INE040A01034
Fund holdout,2025-12,absl:BSLDAAF,Aditya Birla SL,Binary factors,0.25,26,0,0,0,0.0384615384615384,168,-4.52212882171888,0.1174549938492091,INE040A01034
Fund holdout,2025-12,absl:BSLDAAF,Aditya Birla SL,Rank factors,0.25,1,1,1,1,1.0,168,-2.573310965904356,0.4977890211078249,INE040A01034
Fund holdout,2025-12,absl:BSLDAAF,Aditya Birla SL,Log holdings zero,0.25,1,1,1,1,1.0,168,-0.0223770646625531,0.9956328606616864,INE040A01034
Fund holdout,2025-12,absl:BSLDAAF,Aditya Birla SL,Log holdings minimum,0.25,1,1,1,1,1.0,168,-1.520026859711436,0.7033494252064474,INE040A01034
Fund holdout,2025-12,absl:BSLDAAF,Aditya Birla SL,Word2Vec,1.0,1,1,1,1,1.0,168,-0.0102628377090603,0.9979970901922196,INE040A01034
Fund holdout,2025-12,absl:BSLPHF,Aditya Birla SL,Popularity,0.25,47,0,0,0,0.0212765957446808,216,-5.983249467231802,-0.1131050363230523,INE437A01024
Fund holdout,2025-12,absl:BSLPHF,Aditya Birla SL,Co-holding,0.25,53,0,0,0,0.0188679245283018,216,-5.126939206047608,0.0462002491408719,INE437A01024
Fund holdout,2025-12,absl:BSLPHF,Aditya Birla SL,Category popularity,0.25,34,0,0,0,0.0294117647058823,216,-5.325502202290888,0.0092602097264617,INE437A01024
Fund holdout,2025-12,absl:BSLPHF,Aditya Birla SL,Binary factors,0.25,111,0,0,0,0.009009009009009,216,-5.964802783683628,-0.1096732729520977,INE437A01024
Fund holdout,2025-12,absl:BSLPHF,Aditya Birla SL,Rank factors,0.25,66,0,0,0,0.0151515151515151,216,-5.660492026562657,-0.0530602505110744,INE437A01024
Fund holdout,2025-12,absl:BSLPHF,Aditya Birla SL,Log holdings zero,0.25,70,0,0,0,0.0142857142857142,216,-8.607886668068312,-0.6013843405325778,INE437A01024
Fund holdout,2025-12,absl:BSLPHF,Aditya Birla SL,Log holdings minimum,0.25,152,0,0,0,0.006578947368421,216,-11.179399599708718,-1.0797805716867317,INE437A01024
Fund holdout,2025-12,absl:BSLPHF,Aditya Birla SL,Word2Vec,1.0,50,0,0,0,0.02,216,-5.836456133137203,-0.0857960631013579,INE437A01024
Fund holdout,2025-12,absl:BSLR96,Aditya Birla SL,Popularity,0.25,1,1,1,1,1.0,194,-1.2746899636445337,0.7580250027325746,INE040A01034
Fund holdout,2025-12,absl:BSLR96,Aditya Birla SL,Co-holding,0.25,1,1,1,1,1.0,194,-2.5132724843096765,0.5229042984034029,INE040A01034
Fund holdout,2025-12,absl:BSLR96,Aditya Birla SL,Category popularity,0.25,1,1,1,1,1.0,194,-1.2533959911809325,0.7620672475730066,INE040A01034
Fund holdout,2025-12,absl:BSLR96,Aditya Birla SL,Binary factors,0.25,23,0,0,0,0.0434782608695652,194,-4.422804383625143,0.1604169569342474,INE040A01034
Fund holdout,2025-12,absl:BSLR96,Aditya Birla SL,Rank factors,0.25,1,1,1,1,1.0,194,-2.9335062334373667,0.443131127517114,INE040A01034
Fund holdout,2025-12,absl:BSLR96,Aditya Birla SL,Log holdings zero,0.25,1,1,1,1,1.0,194,-0.0889311918815689,0.9831181498824976,INE040A01034
Fund holdout,2025-12,absl:BSLR96,Aditya Birla SL,Log holdings minimum,0.25,1,1,1,1,1.0,194,-0.5925534384314215,0.8875153011832835,INE040A01034
Fund holdout,2025-12,absl:BSLR96,Aditya Birla SL,Word2Vec,1.0,1,1,1,1,1.0,194,-0.0030240162233532,0.9994259495734238,INE040A01034
Fund holdout,2025-12,absl:MNC,Aditya Birla SL,Popularity,0.25,43,0,0,0,0.0232558139534883,195,-5.918650492755978,-0.1224447161471207,INE513A01022
Fund holdout,2025-12,absl:MNC,Aditya Birla SL,Co-holding,0.25,49,0,0,0,0.0204081632653061,195,-5.149001820162091,0.0235155981001883,INE513A01022
Fund holdout,2025-12,absl:MNC,Aditya Birla SL,Category popularity,0.25,21,0,0,0,0.0476190476190476,195,-4.647315519421754,0.1186580867669209,INE513A01022
Fund holdout,2025-12,absl:MNC,Aditya Birla SL,Binary factors,0.25,1,1,1,1,1.0,195,-2.855943382123828,0.4583835347595352,INE513A01022
Fund holdout,2025-12,absl:MNC,Aditya Birla SL,Rank factors,0.25,78,0,0,0,0.0128205128205128,195,-5.525634425850934,-0.0479110351672398,INE513A01022
Fund holdout,2025-12,absl:MNC,Aditya Birla SL,Log holdings zero,0.25,164,0,0,0,0.0060975609756097,195,-10.15199389892787,-0.9252787310479234,INE513A01022
Fund holdout,2025-12,absl:MNC,Aditya Birla SL,Log holdings minimum,0.25,123,0,0,0,0.008130081300813,195,-10.208806400062596,-0.9360529593602432,INE513A01022
Fund holdout,2025-12,absl:MNC,Aditya Birla SL,Word2Vec,1.0,9,0,0,1,0.1111111111111111,195,-3.863293401913164,0.2673442584232943,INE513A01022
Fund holdout,2025-12,axis:AXISMLC,Axis,Popularity,0.25,1,1,1,1,1.0,139,-0.9026773174954208,0.8170671626341505,INE090A01021
Fund holdout,2025-12,axis:AXISMLC,Axis,Co-holding,0.25,1,1,1,1,1.0,139,-2.1114762409866064,0.5720969915739378,INE090A01021
Fund holdout,2025-12,axis:AXISMLC,Axis,Category popularity,0.25,1,1,1,1,1.0,139,-1.3051705729853111,0.7354995505757507,INE090A01021
Fund holdout,2025-12,axis:AXISMLC,Axis,Binary factors,0.25,7,0,0,1,0.1428571428571428,139,-3.3321398930252397,0.3247223638870956,INE090A01021
Fund holdout,2025-12,axis:AXISMLC,Axis,Rank factors,0.25,1,1,1,1,1.0,139,-3.181870099931087,0.3551754162550941,INE090A01021
Fund holdout,2025-12,axis:AXISMLC,Axis,Log holdings zero,0.25,1,1,1,1,1.0,139,-0.0203059027310814,0.9958848900599626,INE090A01021
Fund holdout,2025-12,axis:AXISMLC,Axis,Log holdings minimum,0.25,1,1,1,1,1.0,139,-0.7703207713731439,0.8438899907442795,INE090A01021
Fund holdout,2025-12,axis:AXISMLC,Axis,Word2Vec,1.0,1,1,1,1,1.0,139,-0.0173751516084372,0.9964788239143836,INE090A01021
Fund holdout,2025-12,hdfc:HDFCEQ,HDFC,Popularity,0.25,1,1,1,1,1.0,197,-1.5111909679780915,0.7139631470658669,INE040A01034
Fund holdout,2025-12,hdfc:HDFCEQ,HDFC,Co-holding,0.25,1,1,1,1,1.0,197,-2.5377546877785617,0.519656099200861,INE040A01034
Fund holdout,2025-12,hdfc:HDFCEQ,HDFC,Category popularity,0.25,1,1,1,1,1.0,197,-1.2151015551064592,0.7700066820257349,INE040A01034
Fund holdout,2025-12,hdfc:HDFCEQ,HDFC,Binary factors,0.25,5,0,1,1,0.2,197,-3.29040428603294,0.3771952673082083,INE040A01034
Fund holdout,2025-12,hdfc:HDFCEQ,HDFC,Rank factors,0.25,1,1,1,1,1.0,197,-2.4401967850304547,0.5381217703650147,INE040A01034
Fund holdout,2025-12,hdfc:HDFCEQ,HDFC,Log holdings zero,0.25,1,1,1,1,1.0,197,-0.2600451470452487,0.9507788909159924,INE040A01034
Fund holdout,2025-12,hdfc:HDFCEQ,HDFC,Log holdings minimum,0.25,1,1,1,1,1.0,197,-0.0622923464245701,0.9882093612847578,INE040A01034
Fund holdout,2025-12,hdfc:HDFCEQ,HDFC,Word2Vec,1.0,1,1,1,1,1.0,197,-0.1747209300941659,0.9669289811513851,INE040A01034
Fund holdout,2025-12,hdfc:HDFCMNCFND,HDFC,Popularity,0.25,119,0,0,0,0.0084033613445378,207,-8.37555818062244,-0.5705981330198471,INE239A01024
Fund holdout,2025-12,hdfc:HDFCMNCFND,HDFC,Co-holding,0.25,59,0,0,0,0.0169491525423728,207,-5.38604449641155,-0.0099997215704541,INE239A01024
Fund holdout,2025-12,hdfc:HDFCMNCFND,HDFC,Category popularity,0.25,71,0,0,0,0.0140845070422535,207,-7.229106915390233,-0.3556137489416826,INE239A01024
Fund holdout,2025-12,hdfc:HDFCMNCFND,HDFC,Binary factors,0.25,119,0,0,0,0.0084033613445378,207,-6.496050685747535,-0.2181498664342331,INE239A01024
Fund holdout,2025-12,hdfc:HDFCMNCFND,HDFC,Rank factors,0.25,49,0,0,0,0.0204081632653061,207,-5.31083160007983,0.0041043216479331,INE239A01024
Fund holdout,2025-12,hdfc:HDFCMNCFND,HDFC,Log holdings zero,0.25,143,0,0,0,0.0069930069930069,207,-11.034361331363796,-1.06918117364429,INE239A01024
Fund holdout,2025-12,hdfc:HDFCMNCFND,HDFC,Log holdings minimum,0.25,61,0,0,0,0.0163934426229508,207,-8.639041438475004,-0.6200069370590389,INE239A01024
Fund holdout,2025-12,hdfc:HDFCMNCFND,HDFC,Word2Vec,1.0,4,0,1,1,0.25,207,-3.2190369640716803,0.3963610141721768,INE239A01024
Fund holdout,2025-12,icici:BHACON,ICICI Prudential,Popularity,0.25,11,0,0,0,0.0909090909090909,195,-4.13583257530258,0.2156584635806242,INE030A01027
Fund holdout,2025-12,icici:BHACON,ICICI Prudential,Co-holding,0.25,4,0,1,1,0.25,195,-3.2590819469747925,0.3819301688197946,INE030A01027
Fund holdout,2025-12,icici:BHACON,ICICI Prudential,Category popularity,0.25,10,0,0,1,0.1,195,-3.824925274531713,0.274620596483884,INE030A01027
Fund holdout,2025-12,icici:BHACON,ICICI Prudential,Binary factors,0.25,4,0,1,1,0.25,195,-3.2286085644810703,0.3877093049936695,INE030A01027
Fund holdout,2025-12,icici:BHACON,ICICI Prudential,Rank factors,0.25,11,0,0,0,0.0909090909090909,195,-4.471786026773096,0.1519464439342538,INE030A01027
Fund holdout,2025-12,icici:BHACON,ICICI Prudential,Log holdings zero,0.25,1,1,1,1,1.0,195,-1.4631412855010035,0.7225220163114271,INE030A01027
Fund holdout,2025-12,icici:BHACON,ICICI Prudential,Log holdings minimum,0.25,8,0,0,1,0.125,195,-3.59642511946647,0.317954595003596,INE030A01027
Fund holdout,2025-12,icici:BHACON,ICICI Prudential,Word2Vec,1.0,2,0,1,1,0.5,195,-2.418800816967841,0.5412856022262458,INE030A01027
Fund holdout,2025-12,icici:HOUSING,ICICI Prudential,Popularity,0.25,1,1,1,1,1.0,207,-1.9369121238743323,0.636787125111409,INE040A01034
Fund holdout,2025-12,icici:HOUSING,ICICI Prudential,Co-holding,0.25,2,0,1,1,0.5,207,-3.2266646527898306,0.3949306577228956,INE040A01034
Fund holdout,2025-12,icici:HOUSING,ICICI Prudential,Category popularity,0.25,5,0,1,1,0.2,207,-2.493012546901157,0.5325062799018101,INE040A01034
Fund holdout,2025-12,icici:HOUSING,ICICI Prudential,Binary factors,0.25,20,0,0,0,0.05,207,-4.630291674843384,0.1317202623376788,INE040A01034
Fund holdout,2025-12,icici:HOUSING,ICICI Prudential,Rank factors,0.25,4,0,1,1,0.25,207,-3.717667740239254,0.30285696951914,INE040A01034
Fund holdout,2025-12,icici:HOUSING,ICICI Prudential,Log holdings zero,0.25,3,0,1,1,0.3333333333333333,207,-2.107602076201606,0.6047790708815786,INE040A01034
Fund holdout,2025-12,icici:HOUSING,ICICI Prudential,Log holdings minimum,0.25,4,0,1,1,0.25,207,-2.5709580402307344,0.5178898157019701,INE040A01034
Fund holdout,2025-12,icici:HOUSING,ICICI Prudential,Word2Vec,1.0,2,0,1,1,0.5,207,-3.077904102448485,0.4228264752426968,INE040A01034
Fund holdout,2025-12,icici:LARGE & MIDCAP,ICICI Prudential,Popularity,0.25,116,0,0,0,0.0086206896551724,167,-7.879640605593666,-0.5395955709201687,INE018E01016
Fund holdout,2025-12,icici:LARGE & MIDCAP,ICICI Prudential,Co-holding,0.25,52,0,0,0,0.0192307692307692,167,-5.094807058577413,0.004530438036695,INE018E01016
Fund holdout,2025-12,icici:LARGE & MIDCAP,ICICI Prudential,Category popularity,0.25,80,0,0,0,0.0125,167,-6.364142151414017,-0.2434837525543667,INE018E01016
Fund holdout,2025-12,icici:LARGE & MIDCAP,ICICI Prudential,Binary factors,0.25,18,0,0,0,0.0555555555555555,167,-4.451824288879172,0.1301622369924308,INE018E01016
Fund holdout,2025-12,icici:LARGE & MIDCAP,ICICI Prudential,Rank factors,0.25,5,0,1,1,0.2,167,-4.23677127521442,0.1721812431786069,INE018E01016
Fund holdout,2025-12,icici:LARGE & MIDCAP,ICICI Prudential,Log holdings zero,0.25,3,0,1,1,0.3333333333333333,167,-2.506868709153137,0.5101852794211617,INE018E01016
Fund holdout,2025-12,icici:LARGE & MIDCAP,ICICI Prudential,Log holdings minimum,0.25,11,0,0,0,0.0909090909090909,167,-4.595254933391891,0.1021374581885287,INE018E01016
Fund holdout,2025-12,icici:LARGE & MIDCAP,ICICI Prudential,Word2Vec,1.0,1,1,1,1,1.0,167,-2.243555802154143,0.5616337408007301,INE018E01016
Fund holdout,2025-12,icici:MIDCAP,ICICI Prudential,Popularity,0.25,41,0,0,0,0.024390243902439,178,-5.858739404122636,-0.1306414764839787,INE749A01030
Fund holdout,2025-12,icici:MIDCAP,ICICI Prudential,Co-holding,0.25,45,0,0,0,0.0222222222222222,178,-4.754538226083486,0.082451403085819,INE749A01030
Fund holdout,2025-12,icici:MIDCAP,ICICI Prudential,Category popularity,0.25,46,0,0,0,0.0217391304347826,178,-5.486468377814164,-0.0587992193353781,INE749A01030
Fund holdout,2025-12,icici:MIDCAP,ICICI Prudential,Binary factors,0.25,31,0,0,0,0.032258064516129,178,-4.901440524892912,0.0541016471796415,INE749A01030
Fund holdout,2025-12,icici:MIDCAP,ICICI Prudential,Rank factors,0.25,23,0,0,0,0.0434782608695652,178,-4.6749838816984495,0.0978040984681941,INE749A01030
Fund holdout,2025-12,icici:MIDCAP,ICICI Prudential,Log holdings zero,0.25,31,0,0,0,0.032258064516129,178,-9.31492671607483,-0.7976294504909933,INE749A01030
Fund holdout,2025-12,icici:MIDCAP,ICICI Prudential,Log holdings minimum,0.25,13,0,0,0,0.0769230769230769,178,-4.679442082755714,0.0969437381281692,INE749A01030
Fund holdout,2025-12,icici:MIDCAP,ICICI Prudential,Word2Vec,1.0,83,0,0,0,0.0120481927710843,178,-7.995543614639472,-0.5430099572933305,INE749A01030
Fund holdout,2025-12,icici:MNCFUND,ICICI Prudential,Popularity,0.25,8,0,0,1,0.125,201,-3.1395851863530595,0.407994591903995,INE585B01010
Fund holdout,2025-12,icici:MNCFUND,ICICI Prudential,Co-holding,0.25,1,1,1,1,1.0,201,-3.400307656287024,0.3588323290407449,INE585B01010
Fund holdout,2025-12,icici:MNCFUND,ICICI Prudential,Category popularity,0.25,2,0,1,1,0.5,201,-2.259836544087703,0.5738814600960278,INE585B01010
Fund holdout,2025-12,icici:MNCFUND,ICICI Prudential,Binary factors,0.25,5,0,1,1,0.2,201,-3.1836025700096187,0.3996946007815406,INE585B01010
Fund holdout,2025-12,icici:MNCFUND,ICICI Prudential,Rank factors,0.25,1,1,1,1,1.0,201,-2.898466687037377,0.453460297439664,INE585B01010
Fund holdout,2025-12,icici:MNCFUND,ICICI Prudential,Log holdings zero,0.25,3,0,1,1,0.3333333333333333,201,-2.62285123481297,0.5054308058306813,INE585B01010
Fund holdout,2025-12,icici:MNCFUND,ICICI Prudential,Log holdings minimum,0.25,9,0,0,1,0.1111111111111111,201,-3.7541774946619793,0.2921060433547752,INE585B01010
Fund holdout,2025-12,icici:MNCFUND,ICICI Prudential,Word2Vec,1.0,1,1,1,1,1.0,201,-1.2494641814017724,0.7643989544136816,INE585B01010
Fund holdout,2025-12,icici:MULTICAP,ICICI Prudential,Popularity,0.25,2,0,1,1,0.5,159,-2.031122076546012,0.5992976005235293,INE397D01024
Fund holdout,2025-12,icici:MULTICAP,ICICI Prudential,Co-holding,0.25,4,0,1,1,0.25,159,-3.271133405822644,0.3546665560596205,INE397D01024
Fund holdout,2025-12,icici:MULTICAP,ICICI Prudential,Category popularity,0.25,7,0,0,1,0.1428571428571428,159,-3.0282238357583973,0.4025880713168727,INE397D01024
Fund holdout,2025-12,icici:MULTICAP,ICICI Prudential,Binary factors,0.25,31,0,0,0,0.032258064516129,159,-5.005005748575463,0.0126059698695392,INE397D01024
Fund holdout,2025-12,icici:MULTICAP,ICICI Prudential,Rank factors,0.25,11,0,0,0,0.0909090909090909,159,-4.239909021148169,0.1635452452837743,INE397D01024
Fund holdout,2025-12,icici:MULTICAP,ICICI Prudential,Log holdings zero,0.25,47,0,0,0,0.0212765957446808,159,-10.736612660098942,-1.1181328807508724,INE397D01024
Fund holdout,2025-12,icici:MULTICAP,ICICI Prudential,Log holdings minimum,0.25,8,0,0,1,0.125,159,-8.61018813479885,-0.6986290904901102,INE397D01024
Fund holdout,2025-12,icici:MULTICAP,ICICI Prudential,Word2Vec,1.0,27,0,0,0,0.037037037037037,159,-4.63267105877298,0.0860606407310237,INE397D01024
Fund holdout,2025-12,icici:RURALOPP,ICICI Prudential,Popularity,0.25,1,1,1,1,1.0,197,-1.802789794115018,0.6587695862817589,INE397D01024
Fund holdout,2025-12,icici:RURALOPP,ICICI Prudential,Co-holding,0.25,2,0,1,1,0.5,197,-3.0089498404986723,0.4304687089518262,INE397D01024
Fund holdout,2025-12,icici:RURALOPP,ICICI Prudential,Category popularity,0.25,1,1,1,1,1.0,197,-1.442060097900649,0.7270481753227568,INE397D01024
Fund holdout,2025-12,icici:RURALOPP,ICICI Prudential,Binary factors,0.25,32,0,0,0,0.03125,197,-4.916670500256828,0.0693770763537667,INE397D01024
Fund holdout,2025-12,icici:RURALOPP,ICICI Prudential,Rank factors,0.25,1,1,1,1,1.0,197,-2.895263083155718,0.4519872350545686,INE397D01024
Fund holdout,2025-12,icici:RURALOPP,ICICI Prudential,Log holdings zero,0.25,41,0,0,0,0.024390243902439,197,-6.45694798439403,-0.2221652459229348,INE397D01024
Fund holdout,2025-12,icici:RURALOPP,ICICI Prudential,Log holdings minimum,0.25,5,0,1,1,0.2,197,-3.656602361771824,0.3078816283608874,INE397D01024
Fund holdout,2025-12,icici:RURALOPP,ICICI Prudential,Word2Vec,1.0,14,0,0,0,0.0714285714285714,197,-4.144338964154594,0.2155632875538263,INE397D01024
Fund holdout,2025-12,icici:TECH,ICICI Prudential,Popularity,0.25,18,0,0,0,0.0555555555555555,211,-4.50524097888243,0.158191254977036,INE669C01036
Fund holdout,2025-12,icici:TECH,ICICI Prudential,Co-holding,0.25,3,0,1,1,0.3333333333333333,211,-3.4354943055836675,0.3580744818151052,INE669C01036
Fund holdout,2025-12,icici:TECH,ICICI Prudential,Category popularity,0.25,39,0,0,0,0.0256410256410256,211,-5.405642125919,-0.0100495923287862,INE669C01036
Fund holdout,2025-12,icici:TECH,ICICI Prudential,Binary factors,0.25,14,0,0,0,0.0714285714285714,211,-4.197702678059664,0.2156550914900226,INE669C01036
Fund holdout,2025-12,icici:TECH,ICICI Prudential,Rank factors,0.25,14,0,0,0,0.0714285714285714,211,-4.638093604973548,0.133367610033961,INE669C01036
Fund holdout,2025-12,icici:TECH,ICICI Prudential,Log holdings zero,0.25,32,0,0,0,0.03125,211,-8.644035169398025,-0.6151465442122375,INE669C01036
Fund holdout,2025-12,icici:TECH,ICICI Prudential,Log holdings minimum,0.25,2,0,1,1,0.5,211,-1.4344460638305332,0.7319723303467218,INE669C01036
Fund holdout,2025-12,icici:TECH,ICICI Prudential,Word2Vec,1.0,2,0,1,1,0.5,211,-2.315148212930648,0.5674122603420086,INE669C01036
Fund holdout,2025-12,kotak:EME,Kotak,Popularity,0.25,74,0,0,0,0.0135135135135135,186,-7.559519692358146,-0.4465913034752333,INE061F01013
Fund holdout,2025-12,kotak:EME,Kotak,Co-holding,0.25,17,0,0,0,0.0588235294117647,186,-4.089928463910296,0.2173504153035876,INE061F01013
Fund holdout,2025-12,kotak:EME,Kotak,Category popularity,0.25,27,0,0,0,0.037037037037037,186,-4.570974653244101,0.1252973137337034,INE061F01013
Fund holdout,2025-12,kotak:EME,Kotak,Binary factors,0.25,5,0,1,1,0.2,186,-3.654722989176431,0.3006314279334298,INE061F01013
Fund holdout,2025-12,kotak:EME,Kotak,Rank factors,0.25,9,0,0,1,0.1111111111111111,186,-4.002376729468667,0.2341043339123935,INE061F01013
Fund holdout,2025-12,kotak:EME,Kotak,Log holdings zero,0.25,11,0,0,0,0.0909090909090909,186,-4.453938235781398,0.147693427585036,INE061F01013
Fund holdout,2025-12,kotak:EME,Kotak,Log holdings minimum,0.25,7,0,0,1,0.1428571428571428,186,-3.2424956774162785,0.3795153343871731,INE061F01013
Fund holdout,2025-12,kotak:EME,Kotak,Word2Vec,1.0,1,1,1,1,1.0,186,-2.327190491164828,0.5546683303897658,INE061F01013
Fund holdout,2025-12,mirae:MAFF,Mirae Asset,Popularity,0.25,1,1,1,1,1.0,212,-1.8482557349643545,0.6549564143671849,INE090A01021
Fund holdout,2025-12,mirae:MAFF,Mirae Asset,Co-holding,0.25,1,1,1,1,1.0,212,-2.944762675142925,0.4502538512136192,INE090A01021
Fund holdout,2025-12,mirae:MAFF,Mirae Asset,Category popularity,0.25,1,1,1,1,1.0,212,-1.200081291997149,0.7759615489305955,INE090A01021
Fund holdout,2025-12,mirae:MAFF,Mirae Asset,Binary factors,0.25,8,0,0,1,0.125,212,-3.889081317727228,0.2739627220947993,INE090A01021
Fund holdout,2025-12,mirae:MAFF,Mirae Asset,Rank factors,0.25,2,0,1,1,0.5,212,-3.4556731344997567,0.3548739892719547,INE090A01021
Fund holdout,2025-12,mirae:MAFF,Mirae Asset,Log holdings zero,0.25,1,1,1,1,1.0,212,-1.3655566022316163,0.7450696148238123,INE090A01021
Fund holdout,2025-12,mirae:MAFF,Mirae Asset,Log holdings minimum,0.25,1,1,1,1,1.0,212,-2.797109146854739,0.4778187070223175,INE090A01021
Fund holdout,2025-12,mirae:MAFF,Mirae Asset,Word2Vec,1.0,1,1,1,1,1.0,212,-0.0854286287616403,0.984051665672673,INE090A01021
Fund holdout,2025-12,sbi:SBLUECHIP,SBI,Popularity,0.25,1,1,1,1,1.0,193,-1.4998320909766427,0.7150065770280991,INE090A01021
Fund holdout,2025-12,sbi:SBLUECHIP,SBI,Co-holding,0.25,1,1,1,1,1.0,193,-2.5196307852039364,0.5212276051294126,INE090A01021
Fund holdout,2025-12,sbi:SBLUECHIP,SBI,Category popularity,0.25,1,1,1,1,1.0,193,-2.128839811496391,0.595484488905591,INE090A01021
Fund holdout,2025-12,sbi:SBLUECHIP,SBI,Binary factors,0.25,2,0,1,1,0.5,193,-2.221522708645792,0.5778731734333635,INE090A01021
Fund holdout,2025-12,sbi:SBLUECHIP,SBI,Rank factors,0.25,1,1,1,1,1.0,193,-2.485559162821433,0.5277017887046371,INE090A01021
Fund holdout,2025-12,sbi:SBLUECHIP,SBI,Log holdings zero,0.25,1,1,1,1,1.0,193,-0.7222077643211975,0.8627683298090018,INE090A01021
Fund holdout,2025-12,sbi:SBLUECHIP,SBI,Log holdings minimum,0.25,1,1,1,1,1.0,193,-0.476607357625288,0.9094365542113614,INE090A01021
Fund holdout,2025-12,sbi:SBLUECHIP,SBI,Word2Vec,1.0,1,1,1,1,1.0,193,-0.0403306128165148,0.9923365025549972,INE090A01021
Fund holdout,2025-12,sbi:SMAAF,SBI,Popularity,0.25,1,1,1,1,1.0,198,-1.6994232820012485,0.6786426872664835,INE040A01034
Fund holdout,2025-12,sbi:SMAAF,SBI,Co-holding,0.25,1,1,1,1,1.0,198,-3.018397571841077,0.4292274663284816,INE040A01034
Fund holdout,2025-12,sbi:SMAAF,SBI,Category popularity,0.25,1,1,1,1,1.0,198,-2.014207846892825,0.6191175984113857,INE040A01034
Fund holdout,2025-12,sbi:SMAAF,SBI,Binary factors,0.25,6,0,0,1,0.1666666666666666,198,-3.6619812775299128,0.3075271622490353,INE040A01034
Fund holdout,2025-12,sbi:SMAAF,SBI,Rank factors,0.25,7,0,0,1,0.1428571428571428,198,-4.496163608699042,0.1497850652014941,INE040A01034
Fund holdout,2025-12,sbi:SMAAF,SBI,Log holdings zero,0.25,4,0,1,1,0.25,198,-3.316895237011243,0.3727821954226056,INE040A01034
Fund holdout,2025-12,sbi:SMAAF,SBI,Log holdings minimum,0.25,12,0,0,0,0.0833333333333333,198,-4.166706271260804,0.2120847440047729,INE040A01034
Fund holdout,2025-12,sbi:SMAAF,SBI,Word2Vec,1.0,13,0,0,0,0.0769230769230769,198,-4.08961694105868,0.2266621716865969,INE040A01034
Fund holdout,2025-12,uti:193,UTI,Popularity,0.25,1,1,1,1,1.0,190,-1.4543666588673716,0.7228206619855415,INE090A01021
Fund holdout,2025-12,uti:193,UTI,Co-holding,0.25,1,1,1,1,1.0,190,-2.5381932570631727,0.5162604131110723,INE090A01021
Fund holdout,2025-12,uti:193,UTI,Category popularity,0.25,2,0,1,1,0.5,190,-1.7946726073434736,0.6579637175926831,INE090A01021
Fund holdout,2025-12,uti:193,UTI,Binary factors,0.25,8,0,0,1,0.125,190,-3.835668463704331,0.2689821104394176,INE090A01021
Fund holdout,2025-12,uti:193,UTI,Rank factors,0.25,1,1,1,1,1.0,190,-2.755131521754122,0.4749154027380545,INE090A01021
Fund holdout,2025-12,uti:193,UTI,Log holdings zero,0.25,1,1,1,1,1.0,190,-0.2234734060408358,0.9574094947979112,INE090A01021
Fund holdout,2025-12,uti:193,UTI,Log holdings minimum,0.25,1,1,1,1,1.0,190,-0.7094917871567086,0.8647820598115586,INE090A01021
Fund holdout,2025-12,uti:193,UTI,Word2Vec,1.0,1,1,1,1,1.0,190,-0.01086150431993,0.997929968650695,INE090A01021
Fund holdout,2025-12,uti:751,UTI,Popularity,0.25,99,0,0,0,0.0101010101010101,206,-7.749365058419691,-0.4544942136258842,INE745G01035
Fund holdout,2025-12,uti:751,UTI,Co-holding,0.25,6,0,0,1,0.1666666666666666,206,-3.988610015806485,0.2513696096820806,INE745G01035
Fund holdout,2025-12,uti:751,UTI,Category popularity,0.25,6,0,0,1,0.1666666666666666,206,-3.426603606785076,0.356853744676361,INE745G01035
Fund holdout,2025-12,uti:751,UTI,Binary factors,0.25,14,0,0,0,0.0714285714285714,206,-4.3070025432685775,0.191609863513951,INE745G01035
Fund holdout,2025-12,uti:751,UTI,Rank factors,0.25,10,0,0,1,0.1,206,-4.511668937017105,0.1531956085154109,INE745G01035
Fund holdout,2025-12,uti:751,UTI,Log holdings zero,0.25,11,0,0,0,0.0909090909090909,206,-4.151920224937022,0.2207175817526028,INE745G01035
Fund holdout,2025-12,uti:751,UTI,Log holdings minimum,0.25,24,0,0,0,0.0416666666666666,206,-6.527762863370479,-0.2252091934136477,INE745G01035
Fund holdout,2025-12,uti:751,UTI,Word2Vec,1.0,1,1,1,1,1.0,206,-1.215530508381164,0.7718545871051437,INE745G01035
Fund holdout,2025-12,uti:753,UTI,Popularity,0.25,1,1,1,1,1.0,207,-1.7030512286459183,0.6806410960959196,INE090A01021
Fund holdout,2025-12,uti:753,UTI,Co-holding,0.25,1,1,1,1,1.0,207,-2.8097832869164243,0.473104921552423,INE090A01021
Fund holdout,2025-12,uti:753,UTI,Category popularity,0.25,1,1,1,1,1.0,207,-1.1683775093412123,0.7809039713819631,INE090A01021
Fund holdout,2025-12,uti:753,UTI,Binary factors,0.25,4,0,1,1,0.25,207,-3.2747005846835195,0.3859228825605613,INE090A01021
Fund holdout,2025-12,uti:753,UTI,Rank factors,0.25,1,1,1,1,1.0,207,-3.156474271947786,0.408092870763397,INE090A01021
Fund holdout,2025-12,uti:753,UTI,Log holdings zero,0.25,1,1,1,1,1.0,207,-1.3909634488130669,0.7391642982244444,INE090A01021
Fund holdout,2025-12,uti:753,UTI,Log holdings minimum,0.25,1,1,1,1,1.0,207,-1.288786844213755,0.7583246193590126,INE090A01021
Fund holdout,2025-12,uti:753,UTI,Word2Vec,1.0,1,1,1,1,1.0,207,-0.0349740714160269,0.9934416059102544,INE090A01021
Fund holdout,2026-01,absl:ABSLMCF,Aditya Birla SL,Popularity,0.25,1,1,1,1,1.0,172,-1.2972797362340955,0.7479784112294621,INE090A01021
Fund holdout,2026-01,absl:ABSLMCF,Aditya Birla SL,Co-holding,0.25,1,1,1,1,1.0,172,-2.572566362149799,0.5002294079696921,INE090A01021
Fund holdout,2026-01,absl:ABSLMCF,Aditya Birla SL,Category popularity,0.25,1,1,1,1,1.0,172,-1.421192048453381,0.7239060566543497,INE090A01021
Fund holdout,2026-01,absl:ABSLMCF,Aditya Birla SL,Binary factors,0.25,26,0,0,0,0.0384615384615384,172,-4.820456620200044,0.0635334060262772,INE090A01021
Fund holdout,2026-01,absl:ABSLMCF,Aditya Birla SL,Rank factors,0.25,1,1,1,1,1.0,172,-3.0691113056628865,0.40376598372519,INE090A01021
Fund holdout,2026-01,absl:ABSLMCF,Aditya Birla SL,Log holdings zero,0.5,18,0,0,0,0.0555555555555555,172,-4.4331898432555485,0.1387674405043933,INE090A01021
Fund holdout,2026-01,absl:ABSLMCF,Aditya Birla SL,Log holdings minimum,0.25,1,1,1,1,1.0,172,-2.122729468154671,0.5876188934798541,INE090A01021
Fund holdout,2026-01,absl:ABSLMCF,Aditya Birla SL,Word2Vec,1.0,1,1,1,1,1.0,172,-1.234384048442604,0.760197110652026,INE090A01021
Fund holdout,2026-01,absl:BSLDAAF,Aditya Birla SL,Popularity,0.25,1,1,1,1,1.0,161,-1.2823106317230888,0.7476464103980023,INE040A01034
Fund holdout,2026-01,absl:BSLDAAF,Aditya Birla SL,Co-holding,0.25,1,1,1,1,1.0,161,-2.195875447428676,0.5678605185290366,INE040A01034
Fund holdout,2026-01,absl:BSLDAAF,Aditya Birla SL,Category popularity,0.25,1,1,1,1,1.0,161,-1.8072041979894191,0.6443494616482968,INE040A01034
Fund holdout,2026-01,absl:BSLDAAF,Aditya Birla SL,Binary factors,0.25,39,0,0,0,0.0256410256410256,161,-4.9160863325871365,0.0325339257659791,INE040A01034
Fund holdout,2026-01,absl:BSLDAAF,Aditya Birla SL,Rank factors,0.25,2,0,1,1,0.5,161,-3.0639289971607537,0.3970310612802171,INE040A01034
Fund holdout,2026-01,absl:BSLDAAF,Aditya Birla SL,Log holdings zero,0.5,1,1,1,1,1.0,161,-0.5627694724977541,0.889249224805695,INE040A01034
Fund holdout,2026-01,absl:BSLDAAF,Aditya Birla SL,Log holdings minimum,0.25,4,0,1,1,0.25,161,-2.77989208731573,0.4529283860045194,INE040A01034
Fund holdout,2026-01,absl:BSLDAAF,Aditya Birla SL,Word2Vec,1.0,1,1,1,1,1.0,161,-0.0143967012039496,0.9971667869411937,INE040A01034
Fund holdout,2026-01,absl:BSLPHF,Aditya Birla SL,Popularity,0.25,44,0,0,0,0.0227272727272727,209,-5.745702147430402,-0.0755040543030867,INE437A01024
Fund holdout,2026-01,absl:BSLPHF,Aditya Birla SL,Co-holding,0.25,41,0,0,0,0.024390243902439,209,-4.803398577483181,0.10088018627502,INE437A01024
Fund holdout,2026-01,absl:BSLPHF,Aditya Birla SL,Category popularity,0.25,27,0,0,0,0.037037037037037,209,-4.891770283250256,0.0843384085428285,INE437A01024
Fund holdout,2026-01,absl:BSLPHF,Aditya Birla SL,Binary factors,0.25,24,0,0,0,0.0416666666666666,209,-4.510127845364235,0.1557758027391313,INE437A01024
Fund holdout,2026-01,absl:BSLPHF,Aditya Birla SL,Rank factors,0.25,142,0,0,0,0.0070422535211267,209,-5.923862943954567,-0.1088529216935239,INE437A01024
Fund holdout,2026-01,absl:BSLPHF,Aditya Birla SL,Log holdings zero,0.5,20,0,0,0,0.05,209,-5.275027928701479,0.0125986731808437,INE437A01024
Fund holdout,2026-01,absl:BSLPHF,Aditya Birla SL,Log holdings minimum,0.25,154,0,0,0,0.0064935064935064,209,-11.041036551074663,-1.0667064302489075,INE437A01024
Fund holdout,2026-01,absl:BSLPHF,Aditya Birla SL,Word2Vec,1.0,45,0,0,0,0.0222222222222222,209,-5.423286231082196,-0.0151529229170961,INE437A01024
Fund holdout,2026-01,absl:BSLR96,Aditya Birla SL,Popularity,0.25,1,1,1,1,1.0,189,-1.253301234380494,0.7609000909849837,INE040A01034
Fund holdout,2026-01,absl:BSLR96,Aditya Birla SL,Co-holding,0.25,1,1,1,1,1.0,189,-2.531828532372681,0.5169876521894918,INE040A01034
Fund holdout,2026-01,absl:BSLR96,Aditya Birla SL,Category popularity,0.25,1,1,1,1,1.0,189,-1.1445255586430907,0.7816518890830011,INE040A01034
Fund holdout,2026-01,absl:BSLR96,Aditya Birla SL,Binary factors,0.25,29,0,0,0,0.0344827586206896,189,-4.784385623965806,0.0872536178834706,INE040A01034
Fund holdout,2026-01,absl:BSLR96,Aditya Birla SL,Rank factors,0.25,1,1,1,1,1.0,189,-3.127574245935061,0.403333614356153,INE040A01034
Fund holdout,2026-01,absl:BSLR96,Aditya Birla SL,Log holdings zero,0.5,1,1,1,1,1.0,189,-1.261134976545729,0.7594056002850837,INE040A01034
Fund holdout,2026-01,absl:BSLR96,Aditya Birla SL,Log holdings minimum,0.25,1,1,1,1,1.0,189,-1.0444057517288616,0.8007523543718795,INE040A01034
Fund holdout,2026-01,absl:BSLR96,Aditya Birla SL,Word2Vec,1.0,1,1,1,1,1.0,189,-0.0056405631114664,0.9989239154245214,INE040A01034
Fund holdout,2026-01,absl:MNC,Aditya Birla SL,Popularity,0.25,19,0,0,0,0.0526315789473684,191,-4.607128298542246,0.1228315963253876,INE030A01027
Fund holdout,2026-01,absl:MNC,Aditya Birla SL,Co-holding,0.25,5,0,1,1,0.2,191,-3.6434896433753954,0.3063023672911782,INE030A01027
Fund holdout,2026-01,absl:MNC,Aditya Birla SL,Category popularity,0.25,23,0,0,0,0.0434782608695652,191,-4.679199627492716,0.1091096662054483,INE030A01027
Fund holdout,2026-01,absl:MNC,Aditya Birla SL,Binary factors,0.25,3,0,1,1,0.3333333333333333,191,-2.928852180371828,0.4423648691379924,INE030A01027
Fund holdout,2026-01,absl:MNC,Aditya Birla SL,Rank factors,0.25,5,0,1,1,0.2,191,-3.9116927046675594,0.2552381824260139,INE030A01027
Fund holdout,2026-01,absl:MNC,Aditya Birla SL,Log holdings zero,0.5,14,0,0,0,0.0714285714285714,191,-4.167406026913897,0.2065519657334759,INE030A01027
Fund holdout,2026-01,absl:MNC,Aditya Birla SL,Log holdings minimum,0.25,9,0,0,1,0.1111111111111111,191,-4.05551292220984,0.2278557128130848,INE030A01027
Fund holdout,2026-01,absl:MNC,Aditya Birla SL,Word2Vec,1.0,15,0,0,0,0.0666666666666666,191,-4.331867561534512,0.1752395184906482,INE030A01027
Fund holdout,2026-01,axis:AXISMLC,Axis,Popularity,0.25,1,1,1,1,1.0,136,-0.940636987920726,0.808527769648164,INE090A01021
Fund holdout,2026-01,axis:AXISMLC,Axis,Co-holding,0.25,1,1,1,1,1.0,136,-2.146014885149538,0.5631659591272091,INE090A01021
Fund holdout,2026-01,axis:AXISMLC,Axis,Category popularity,0.25,1,1,1,1,1.0,136,-1.3094610232017363,0.733451452695411,INE090A01021
Fund holdout,2026-01,axis:AXISMLC,Axis,Binary factors,0.25,8,0,0,1,0.125,136,-3.5935875171084724,0.2685039758150948,INE090A01021
Fund holdout,2026-01,axis:AXISMLC,Axis,Rank factors,0.25,1,1,1,1,1.0,136,-3.0052262052619003,0.3882684057478558,INE090A01021
Fund holdout,2026-01,axis:AXISMLC,Axis,Log holdings zero,0.5,1,1,1,1,1.0,136,-1.1939564655586286,0.7569630895454728,INE090A01021
Fund holdout,2026-01,axis:AXISMLC,Axis,Log holdings minimum,0.25,1,1,1,1,1.0,136,-0.4221604327620945,0.9140667434246516,INE090A01021
Fund holdout,2026-01,axis:AXISMLC,Axis,Word2Vec,1.0,1,1,1,1,1.0,136,-0.0522128422749599,0.9893717666945095,INE090A01021
Fund holdout,2026-01,hdfc:HDFCEQ,HDFC,Popularity,0.25,1,1,1,1,1.0,191,-1.4809428506547313,0.7180377467123779,INE040A01034
Fund holdout,2026-01,hdfc:HDFCEQ,HDFC,Co-holding,0.25,1,1,1,1,1.0,191,-2.461052991069273,0.5314309080088083,INE040A01034
Fund holdout,2026-01,hdfc:HDFCEQ,HDFC,Category popularity,0.25,1,1,1,1,1.0,191,-1.2020874612308354,0.7711300682078345,INE040A01034
Fund holdout,2026-01,hdfc:HDFCEQ,HDFC,Binary factors,0.25,2,0,1,1,0.5,191,-2.700691518097569,0.485805231754284,INE040A01034
Fund holdout,2026-01,hdfc:HDFCEQ,HDFC,Rank factors,0.25,1,1,1,1,1.0,191,-2.2555642219736893,0.5705546840099384,INE040A01034
Fund holdout,2026-01,hdfc:HDFCEQ,HDFC,Log holdings zero,0.5,1,1,1,1,1.0,191,-1.4116381835458292,0.7312329217272242,INE040A01034
Fund holdout,2026-01,hdfc:HDFCEQ,HDFC,Log holdings minimum,0.25,1,1,1,1,1.0,191,-0.0225015868509466,0.9957158386441212,INE040A01034
Fund holdout,2026-01,hdfc:HDFCEQ,HDFC,Word2Vec,1.0,1,1,1,1,1.0,191,-0.1305389175309184,0.9751462068151568,INE040A01034
Fund holdout,2026-01,hdfc:HDFCMNCFND,HDFC,Popularity,0.25,139,0,0,0,0.0071942446043165,203,-8.87613010724014,-0.6705789578368484,INE239A01024
Fund holdout,2026-01,hdfc:HDFCMNCFND,HDFC,Co-holding,0.25,82,0,0,0,0.0121951219512195,203,-5.79511225534436,-0.0906997165559695,INE239A01024
Fund holdout,2026-01,hdfc:HDFCMNCFND,HDFC,Category popularity,0.25,83,0,0,0,0.0120481927710843,203,-7.53349262172493,-0.4178807769623796,INE239A01024
Fund holdout,2026-01,hdfc:HDFCMNCFND,HDFC,Binary factors,0.25,126,0,0,0,0.0079365079365079,203,-6.467642464815054,-0.2172768174859021,INE239A01024
Fund holdout,2026-01,hdfc:HDFCMNCFND,HDFC,Rank factors,0.25,40,0,0,0,0.025,203,-5.25678279048439,0.0106194242760324,INE239A01024
Fund holdout,2026-01,hdfc:HDFCMNCFND,HDFC,Log holdings zero,0.5,46,0,0,0,0.0217391304347826,203,-5.60622824917327,-0.0551498043342051,INE239A01024
Fund holdout,2026-01,hdfc:HDFCMNCFND,HDFC,Log holdings minimum,0.25,17,0,0,0,0.0588235294117647,203,-6.392428177513221,-0.203120715200668,INE239A01024
Fund holdout,2026-01,hdfc:HDFCMNCFND,HDFC,Word2Vec,1.0,67,0,0,0,0.0149253731343283,203,-5.924039409480187,-0.1149651326991394,INE239A01024
Fund holdout,2026-01,icici:BHACON,ICICI Prudential,Popularity,0.25,3,0,1,1,0.3333333333333333,188,-2.263333596995558,0.567772618686224,INE397D01024
Fund holdout,2026-01,icici:BHACON,ICICI Prudential,Co-holding,0.25,1,1,1,1,1.0,188,-3.024566878058383,0.4224003818761307,INE397D01024
Fund holdout,2026-01,icici:BHACON,ICICI Prudential,Category popularity,0.25,1,1,1,1,1.0,188,-1.894759089717633,0.6381590585425602,INE397D01024
Fund holdout,2026-01,icici:BHACON,ICICI Prudential,Binary factors,0.25,7,0,0,1,0.1428571428571428,188,-4.028537476227037,0.2306727535943356,INE397D01024
Fund holdout,2026-01,icici:BHACON,ICICI Prudential,Rank factors,0.25,7,0,0,1,0.1428571428571428,188,-3.92152454200129,0.2511089457617198,INE397D01024
Fund holdout,2026-01,icici:BHACON,ICICI Prudential,Log holdings zero,0.5,6,0,0,1,0.1666666666666666,188,-3.3654435944120205,0.3573033715830163,INE397D01024
Fund holdout,2026-01,icici:BHACON,ICICI Prudential,Log holdings minimum,0.25,29,0,0,0,0.0344827586206896,188,-5.925874792178348,-0.1316605500914989,INE397D01024
Fund holdout,2026-01,icici:BHACON,ICICI Prudential,Word2Vec,1.0,8,0,0,1,0.125,188,-3.206872521136079,0.3875855888598492,INE397D01024
Fund holdout,2026-01,icici:HOUSING,ICICI Prudential,Popularity,0.25,7,0,0,1,0.1428571428571428,199,-3.3528314894891977,0.3665901359338951,INE733E01010
Fund holdout,2026-01,icici:HOUSING,ICICI Prudential,Co-holding,0.25,4,0,1,1,0.25,199,-3.569960402292631,0.3255705989918234,INE733E01010
Fund holdout,2026-01,icici:HOUSING,ICICI Prudential,Category popularity,0.25,11,0,0,0,0.0909090909090909,199,-3.823963836845504,0.2775848050571062,INE733E01010
Fund holdout,2026-01,icici:HOUSING,ICICI Prudential,Binary factors,0.25,18,0,0,0,0.0555555555555555,199,-4.405583819082505,0.1677063828811694,INE733E01010
Fund holdout,2026-01,icici:HOUSING,ICICI Prudential,Rank factors,0.25,9,0,0,1,0.1111111111111111,199,-4.302799027050784,0.1871242693311663,INE733E01010
Fund holdout,2026-01,icici:HOUSING,ICICI Prudential,Log holdings zero,0.5,2,0,1,1,0.5,199,-2.901406344221762,0.4518724236946291,INE733E01010
Fund holdout,2026-01,icici:HOUSING,ICICI Prudential,Log holdings minimum,0.25,6,0,0,1,0.1666666666666666,199,-2.619842990211743,0.5050647795731089,INE733E01010
Fund holdout,2026-01,icici:HOUSING,ICICI Prudential,Word2Vec,1.0,4,0,1,1,0.25,199,-2.87269416824802,0.4572966675129012,INE733E01010
Fund holdout,2026-01,icici:LARGE & MIDCAP,ICICI Prudential,Popularity,0.25,110,0,0,0,0.009090909090909,167,-7.990775759566972,-0.5613101641859288,INE018E01016
Fund holdout,2026-01,icici:LARGE & MIDCAP,ICICI Prudential,Co-holding,0.25,57,0,0,0,0.0175438596491228,167,-5.272983902482416,-0.0302833680044003,INE018E01016
Fund holdout,2026-01,icici:LARGE & MIDCAP,ICICI Prudential,Category popularity,0.25,80,0,0,0,0.0125,167,-6.4756112991927415,-0.2652636045558072,INE018E01016
Fund holdout,2026-01,icici:LARGE & MIDCAP,ICICI Prudential,Binary factors,0.25,17,0,0,0,0.0588235294117647,167,-4.327931555395631,0.1543695217263365,INE018E01016
Fund holdout,2026-01,icici:LARGE & MIDCAP,ICICI Prudential,Rank factors,0.25,8,0,0,1,0.125,167,-4.206911194207732,0.1780155763374797,INE018E01016
Fund holdout,2026-01,icici:LARGE & MIDCAP,ICICI Prudential,Log holdings zero,0.5,2,0,1,1,0.5,167,-3.474148885876584,0.3211893149522851,INE018E01016
Fund holdout,2026-01,icici:LARGE & MIDCAP,ICICI Prudential,Log holdings minimum,0.25,1,1,1,1,1.0,167,-2.2133309639728704,0.5675393435210663,INE018E01016
Fund holdout,2026-01,icici:LARGE & MIDCAP,ICICI Prudential,Word2Vec,1.0,1,1,1,1,1.0,167,-3.0001570513819065,0.4138021339331769,INE018E01016
Fund holdout,2026-01,icici:MIDCAP,ICICI Prudential,Popularity,0.25,43,0,0,0,0.0232558139534883,177,-5.817630052647656,-0.1239300161734024,INE749A01030
Fund holdout,2026-01,icici:MIDCAP,ICICI Prudential,Co-holding,0.25,25,0,0,0,0.04,177,-4.321096267667087,0.165191022107772,INE749A01030
Fund holdout,2026-01,icici:MIDCAP,ICICI Prudential,Category popularity,0.25,45,0,0,0,0.0222222222222222,177,-5.506221793900746,-0.0637678734928692,INE749A01030
Fund holdout,2026-01,icici:MIDCAP,ICICI Prudential,Binary factors,0.25,36,0,0,0,0.0277777777777777,177,-5.030627728437882,0.0281139479447759,INE749A01030
Fund holdout,2026-01,icici:MIDCAP,ICICI Prudential,Rank factors,0.25,27,0,0,0,0.037037037037037,177,-4.759582939818242,0.0804781187325602,INE749A01030
Fund holdout,2026-01,icici:MIDCAP,ICICI Prudential,Log holdings zero,0.5,47,0,0,0,0.0212765957446808,177,-5.361903861183641,-0.0358865446725487,INE749A01030
Fund holdout,2026-01,icici:MIDCAP,ICICI Prudential,Log holdings minimum,0.25,26,0,0,0,0.0384615384615384,177,-4.692112496312372,0.0935129896292182,INE749A01030
Fund holdout,2026-01,icici:MIDCAP,ICICI Prudential,Word2Vec,1.0,62,0,0,0,0.0161290322580645,177,-6.317549594883132,-0.2205113687354141,INE749A01030
Fund holdout,2026-01,icici:MNCFUND,ICICI Prudential,Popularity,0.25,28,0,0,0,0.0357142857142857,195,-5.378960277664895,-0.0200949607380602,INE205A01025
Fund holdout,2026-01,icici:MNCFUND,ICICI Prudential,Co-holding,0.25,26,0,0,0,0.0384615384615384,195,-4.441641551473724,0.1576632043785846,INE205A01025
Fund holdout,2026-01,icici:MNCFUND,ICICI Prudential,Category popularity,0.25,21,0,0,0,0.0476190476190476,195,-4.692033879566132,0.1101774564069671,INE205A01025
Fund holdout,2026-01,icici:MNCFUND,ICICI Prudential,Binary factors,0.25,19,0,0,0,0.0526315789473684,195,-4.340204453454449,0.1769002812819069,INE205A01025
Fund holdout,2026-01,icici:MNCFUND,ICICI Prudential,Rank factors,0.25,19,0,0,0,0.0526315789473684,195,-4.799525898983891,0.0897920916399279,INE205A01025
Fund holdout,2026-01,icici:MNCFUND,ICICI Prudential,Log holdings zero,0.5,20,0,0,0,0.05,195,-4.651886890397549,0.1177911473854506,INE205A01025
Fund holdout,2026-01,icici:MNCFUND,ICICI Prudential,Log holdings minimum,0.25,100,0,0,0,0.01,195,-7.37657057263605,-0.3989325223166282,INE205A01025
Fund holdout,2026-01,icici:MNCFUND,ICICI Prudential,Word2Vec,1.0,19,0,0,0,0.0526315789473684,195,-4.018057944071341,0.2379938781626269,INE205A01025
Fund holdout,2026-01,icici:MULTICAP,ICICI Prudential,Popularity,0.25,3,0,1,1,0.3333333333333333,155,-2.2609115759082634,0.5517110845319082,INE397D01024
Fund holdout,2026-01,icici:MULTICAP,ICICI Prudential,Co-holding,0.25,5,0,1,1,0.2,155,-3.354220999696393,0.3349319317850199,INE397D01024
Fund holdout,2026-01,icici:MULTICAP,ICICI Prudential,Category popularity,0.25,7,0,0,1,0.1428571428571428,155,-3.115815693460797,0.3822024474978071,INE397D01024
Fund holdout,2026-01,icici:MULTICAP,ICICI Prudential,Binary factors,0.25,63,0,0,0,0.0158730158730158,155,-5.900255023952866,-0.1698904786271535,INE397D01024
Fund holdout,2026-01,icici:MULTICAP,ICICI Prudential,Rank factors,0.25,13,0,0,0,0.0769230769230769,155,-4.556726651372828,0.0965015746766388,INE397D01024
Fund holdout,2026-01,icici:MULTICAP,ICICI Prudential,Log holdings zero,0.5,45,0,0,0,0.0222222222222222,155,-5.794113565646375,-0.1488449677202075,INE397D01024
Fund holdout,2026-01,icici:MULTICAP,ICICI Prudential,Log holdings minimum,0.25,5,0,1,1,0.2,155,-7.021542259848619,-0.3922170146421637,INE397D01024
Fund holdout,2026-01,icici:MULTICAP,ICICI Prudential,Word2Vec,1.0,26,0,0,0,0.0384615384615384,155,-4.650559690734482,0.0778965518625057,INE397D01024
Fund holdout,2026-01,icici:RURALOPP,ICICI Prudential,Popularity,0.25,7,0,0,1,0.1428571428571428,190,-3.725746446290216,0.2899315125962204,INE030A01027
Fund holdout,2026-01,icici:RURALOPP,ICICI Prudential,Co-holding,0.25,6,0,0,1,0.1666666666666666,190,-3.4103963457705664,0.3500322661248397,INE030A01027
Fund holdout,2026-01,icici:RURALOPP,ICICI Prudential,Category popularity,0.25,12,0,0,0,0.0833333333333333,190,-3.82032344600165,0.2719066286980813,INE030A01027
Fund holdout,2026-01,icici:RURALOPP,ICICI Prudential,Binary factors,0.25,2,0,1,1,0.5,190,-2.753106278137574,0.4753013822168401,INE030A01027
Fund holdout,2026-01,icici:RURALOPP,ICICI Prudential,Rank factors,0.25,1,1,1,1,1.0,190,-3.3396478898162894,0.3635158055523892,INE030A01027
Fund holdout,2026-01,icici:RURALOPP,ICICI Prudential,Log holdings zero,0.5,8,0,0,1,0.125,190,-3.61475808117307,0.3110841438002634,INE030A01027
Fund holdout,2026-01,icici:RURALOPP,ICICI Prudential,Log holdings minimum,0.25,2,0,1,1,0.5,190,-1.9611150041364525,0.6262424229113639,INE030A01027
Fund holdout,2026-01,icici:RURALOPP,ICICI Prudential,Word2Vec,1.0,8,0,0,1,0.125,190,-3.739045216789554,0.2873969767685885,INE030A01027
Fund holdout,2026-01,icici:TECH,ICICI Prudential,Popularity,0.25,18,0,0,0,0.0555555555555555,204,-4.531647806161885,0.1478853784030224,INE669C01036
Fund holdout,2026-01,icici:TECH,ICICI Prudential,Co-holding,0.25,9,0,0,1,0.1111111111111111,204,-3.625682157269357,0.3182398739655884,INE669C01036
Fund holdout,2026-01,icici:TECH,ICICI Prudential,Category popularity,0.25,41,0,0,0,0.024390243902439,204,-5.6127737515044505,-0.0554056241681832,INE669C01036
Fund holdout,2026-01,icici:TECH,ICICI Prudential,Binary factors,0.25,73,0,0,0,0.0136986301369863,204,-5.7859846466063445,-0.0879755728158986,INE669C01036
Fund holdout,2026-01,icici:TECH,ICICI Prudential,Rank factors,0.25,19,0,0,0,0.0526315789473684,204,-4.860460159274688,0.0860566958059002,INE669C01036
Fund holdout,2026-01,icici:TECH,ICICI Prudential,Log holdings zero,0.5,53,0,0,0,0.0188679245283018,204,-5.76164881612166,-0.0833995514939176,INE669C01036
Fund holdout,2026-01,icici:TECH,ICICI Prudential,Log holdings minimum,0.25,4,0,1,1,0.25,204,-3.4566995192092405,0.3500147564909387,INE669C01036
Fund holdout,2026-01,icici:TECH,ICICI Prudential,Word2Vec,1.0,15,0,0,0,0.0666666666666666,204,-4.0091562696759375,0.246132792355836,INE669C01036
Fund holdout,2026-01,kotak:EME,Kotak,Popularity,0.25,72,0,0,0,0.0138888888888888,179,-7.446029056141546,-0.4354106933318249,INE061F01013
Fund holdout,2026-01,kotak:EME,Kotak,Co-holding,0.25,6,0,0,1,0.1666666666666666,179,-3.705511600863225,0.2856687858668635,INE061F01013
Fund holdout,2026-01,kotak:EME,Kotak,Category popularity,0.25,27,0,0,0,0.037037037037037,179,-4.529566360101865,0.1268113593938233,INE061F01013
Fund holdout,2026-01,kotak:EME,Kotak,Binary factors,0.25,6,0,0,1,0.1666666666666666,179,-3.868153439876096,0.2543154520103873,INE061F01013
Fund holdout,2026-01,kotak:EME,Kotak,Rank factors,0.25,6,0,0,1,0.1666666666666666,179,-3.803802501437617,0.2667207252726966,INE061F01013
Fund holdout,2026-01,kotak:EME,Kotak,Log holdings zero,0.5,7,0,0,1,0.1428571428571428,179,-3.88142843623318,0.2517563602339212,INE061F01013
Fund holdout,2026-01,kotak:EME,Kotak,Log holdings minimum,0.25,1,1,1,1,1.0,179,-1.8778713322216327,0.6379927380556045,INE061F01013
Fund holdout,2026-01,kotak:EME,Kotak,Word2Vec,1.0,2,0,1,1,0.5,179,-2.233137903259145,0.5695061083089799,INE061F01013
Fund holdout,2026-01,mirae:MAFF,Mirae Asset,Popularity,0.25,1,1,1,1,1.0,205,-1.76069748013931,0.6692289725099672,INE090A01021
Fund holdout,2026-01,mirae:MAFF,Mirae Asset,Co-holding,0.25,1,1,1,1,1.0,205,-2.9721786958639007,0.4416357084596368,INE090A01021
Fund holdout,2026-01,mirae:MAFF,Mirae Asset,Category popularity,0.25,1,1,1,1,1.0,205,-1.131251630683353,0.787478957372449,INE090A01021
Fund holdout,2026-01,mirae:MAFF,Mirae Asset,Binary factors,0.25,15,0,0,0,0.0666666666666666,205,-4.084385407098096,0.2326925136144115,INE090A01021
Fund holdout,2026-01,mirae:MAFF,Mirae Asset,Rank factors,0.25,1,1,1,1,1.0,205,-3.153697589523391,0.407534909405927,INE090A01021
Fund holdout,2026-01,mirae:MAFF,Mirae Asset,Log holdings zero,0.5,1,1,1,1,1.0,205,-2.937909931357825,0.4480735631021003,INE090A01021
Fund holdout,2026-01,mirae:MAFF,Mirae Asset,Log holdings minimum,0.25,1,1,1,1,1.0,205,-2.174582640633524,0.5914750020841582,INE090A01021
Fund holdout,2026-01,mirae:MAFF,Mirae Asset,Word2Vec,1.0,1,1,1,1,1.0,205,-0.2085046933748024,0.9608295505377672,INE090A01021
Fund holdout,2026-01,sbi:SBLUECHIP,SBI,Popularity,0.25,1,1,1,1,1.0,187,-1.4199905990637376,0.7285488214699767,INE040A01034
Fund holdout,2026-01,sbi:SBLUECHIP,SBI,Co-holding,0.25,1,1,1,1,1.0,187,-2.4968206738653707,0.522697604515296,INE040A01034
Fund holdout,2026-01,sbi:SBLUECHIP,SBI,Category popularity,0.25,1,1,1,1,1.0,187,-2.096504337973734,0.5992237035150034,INE040A01034
Fund holdout,2026-01,sbi:SBLUECHIP,SBI,Binary factors,0.25,10,0,0,1,0.1,187,-4.086498353009925,0.2188083535785775,INE040A01034
Fund holdout,2026-01,sbi:SBLUECHIP,SBI,Rank factors,0.25,1,1,1,1,1.0,187,-2.042121921584937,0.6096196674247524,INE040A01034
Fund holdout,2026-01,sbi:SBLUECHIP,SBI,Log holdings zero,0.5,1,1,1,1,1.0,187,-0.8709387084520266,0.8335078140710233,INE040A01034
Fund holdout,2026-01,sbi:SBLUECHIP,SBI,Log holdings minimum,0.25,1,1,1,1,1.0,187,-0.272722783536814,0.9478652034373548,INE040A01034
Fund holdout,2026-01,sbi:SBLUECHIP,SBI,Word2Vec,1.0,1,1,1,1,1.0,187,-0.0458239981216497,0.9912400981363672,INE040A01034
Fund holdout,2026-01,sbi:SMAAF,SBI,Popularity,0.25,1,1,1,1,1.0,189,-2.183255841505794,0.5834869872137558,INE002A01018
Fund holdout,2026-01,sbi:SMAAF,SBI,Co-holding,0.25,4,0,1,1,0.25,189,-3.482281482019237,0.33566395478176,INE002A01018
Fund holdout,2026-01,sbi:SMAAF,SBI,Category popularity,0.25,1,1,1,1,1.0,189,-2.4970127027319613,0.5236296800364468,INE002A01018
Fund holdout,2026-01,sbi:SMAAF,SBI,Binary factors,0.25,11,0,0,0,0.0909090909090909,189,-3.833990331867774,0.2685663156095392,INE002A01018
Fund holdout,2026-01,sbi:SMAAF,SBI,Rank factors,0.25,7,0,0,1,0.1428571428571428,189,-4.257565946059938,0.1877582161390338,INE002A01018
Fund holdout,2026-01,sbi:SMAAF,SBI,Log holdings zero,0.5,4,0,1,1,0.25,189,-3.988762734933392,0.2390394417217012,INE002A01018
Fund holdout,2026-01,sbi:SMAAF,SBI,Log holdings minimum,0.25,31,0,0,0,0.032258064516129,189,-5.217669010255299,0.0045935076101855,INE002A01018
Fund holdout,2026-01,sbi:SMAAF,SBI,Word2Vec,1.0,2,0,1,1,0.5,189,-2.819911401910691,0.4620283287596617,INE002A01018
Fund holdout,2026-01,uti:193,UTI,Popularity,0.25,1,1,1,1,1.0,184,-1.345537139743545,0.7419839472077284,INE090A01021
Fund holdout,2026-01,uti:193,UTI,Co-holding,0.25,1,1,1,1,1.0,184,-2.5573110274605555,0.5096179231490541,INE090A01021
Fund holdout,2026-01,uti:193,UTI,Category popularity,0.25,2,0,1,1,0.5,184,-1.694147075384702,0.6751355809296762,INE090A01021
Fund holdout,2026-01,uti:193,UTI,Binary factors,0.25,11,0,0,0,0.0909090909090909,184,-4.015346085488365,0.2300296164473989,INE090A01021
Fund holdout,2026-01,uti:193,UTI,Rank factors,0.25,1,1,1,1,1.0,184,-2.6724915876719715,0.4875312540959677,INE090A01021
Fund holdout,2026-01,uti:193,UTI,Log holdings zero,0.5,1,1,1,1,1.0,184,-1.6387665137246303,0.6857551866610156,INE090A01021
Fund holdout,2026-01,uti:193,UTI,Log holdings minimum,0.25,1,1,1,1,1.0,184,-0.5385113840944067,0.8967367175504171,INE090A01021
Fund holdout,2026-01,uti:193,UTI,Word2Vec,1.0,1,1,1,1,1.0,184,-0.0094948822194371,0.9981792906642074,INE090A01021
Fund holdout,2026-01,uti:751,UTI,Popularity,0.25,181,0,0,0,0.005524861878453,201,-9.930873942301456,-0.8725821189745615,INE036D01028
Fund holdout,2026-01,uti:751,UTI,Co-holding,0.25,79,0,0,0,0.0126582278481012,201,-5.272590271944147,0.0057916029056246,INE036D01028
Fund holdout,2026-01,uti:751,UTI,Category popularity,0.25,5,0,1,1,0.2,201,-2.9732904809473157,0.4393513983272947,INE036D01028
Fund holdout,2026-01,uti:751,UTI,Binary factors,0.25,23,0,0,0,0.0434782608695652,201,-4.594503820974026,0.1336527126712877,INE036D01028
Fund holdout,2026-01,uti:751,UTI,Rank factors,0.25,69,0,0,0,0.0144927536231884,201,-5.416234842674664,-0.0212942564256441,INE036D01028
Fund holdout,2026-01,uti:751,UTI,Log holdings zero,0.5,78,0,0,0,0.0128205128205128,201,-5.538906958126216,-0.0444255146840815,INE036D01028
Fund holdout,2026-01,uti:751,UTI,Log holdings minimum,0.25,101,0,0,0,0.0099009900990099,201,-8.889936791445159,-0.6763012773291084,INE036D01028
Fund holdout,2026-01,uti:751,UTI,Word2Vec,1.0,19,0,0,0,0.0526315789473684,201,-4.348679802388636,0.1800056987520668,INE036D01028
Fund holdout,2026-01,uti:753,UTI,Popularity,0.25,1,1,1,1,1.0,200,-1.6450404679133896,0.6895164343495777,INE090A01021
Fund holdout,2026-01,uti:753,UTI,Co-holding,0.25,1,1,1,1,1.0,200,-2.850961847635259,0.461911839099076,INE090A01021
Fund holdout,2026-01,uti:753,UTI,Category popularity,0.25,1,1,1,1,1.0,200,-1.2176201411581644,0.7701873902749111,INE090A01021
Fund holdout,2026-01,uti:753,UTI,Binary factors,0.25,8,0,0,1,0.125,200,-3.613712935490147,0.3179508350507595,INE090A01021
Fund holdout,2026-01,uti:753,UTI,Rank factors,0.25,1,1,1,1,1.0,200,-2.651535664530689,0.4995513705404515,INE090A01021
Fund holdout,2026-01,uti:753,UTI,Log holdings zero,0.5,3,0,1,1,0.3333333333333333,200,-3.767077971045152,0.2890048461744977,INE090A01021
Fund holdout,2026-01,uti:753,UTI,Log holdings minimum,0.25,2,0,1,1,0.5,200,-1.2440373773830269,0.7652014231466201,INE090A01021
Fund holdout,2026-01,uti:753,UTI,Word2Vec,1.0,1,1,1,1,1.0,200,-0.2185820630087764,0.9587450037649996,INE090A01021
Fund holdout,2026-02,absl:ABSLMCF,Aditya Birla SL,Popularity,0.25,1,1,1,1,1.0,179,-1.2535201889800618,0.758352234459088,INE090A01021
Fund holdout,2026-02,absl:ABSLMCF,Aditya Birla SL,Co-holding,0.25,1,1,1,1,1.0,179,-2.5255118237164598,0.5131436299045176,INE090A01021
Fund holdout,2026-02,absl:ABSLMCF,Aditya Birla SL,Category popularity,0.25,1,1,1,1,1.0,179,-1.352969722426428,0.7391808180330357,INE090A01021
Fund holdout,2026-02,absl:ABSLMCF,Aditya Birla SL,Binary factors,0.25,37,0,0,0,0.027027027027027,179,-5.282666307741169,-0.0183677300024867,INE090A01021
Fund holdout,2026-02,absl:ABSLMCF,Aditya Birla SL,Rank factors,0.25,1,1,1,1,1.0,179,-3.347526728174219,0.3546794371058617,INE090A01021
Fund holdout,2026-02,absl:ABSLMCF,Aditya Birla SL,Log holdings zero,0.25,22,0,0,0,0.0454545454545454,179,-4.529038303985217,0.1269131555848938,INE090A01021
Fund holdout,2026-02,absl:ABSLMCF,Aditya Birla SL,Log holdings minimum,0.25,2,0,1,1,0.5,179,-2.2070856755202266,0.574528335055559,INE090A01021
Fund holdout,2026-02,absl:ABSLMCF,Aditya Birla SL,Word2Vec,0.5,1,1,1,1,1.0,179,-2.385600478405081e-05,0.9999954011508538,INE090A01021
Fund holdout,2026-02,absl:BSLDAAF,Aditya Birla SL,Popularity,0.25,1,1,1,1,1.0,171,-1.2206645250785575,0.7625934657792255,INE040A01034
Fund holdout,2026-02,absl:BSLDAAF,Aditya Birla SL,Co-holding,0.25,1,1,1,1,1.0,171,-2.196660827516135,0.5727723521042098,INE040A01034
Fund holdout,2026-02,absl:BSLDAAF,Aditya Birla SL,Category popularity,0.25,1,1,1,1,1.0,171,-1.787832148231809,0.6522852713747211,INE040A01034
Fund holdout,2026-02,absl:BSLDAAF,Aditya Birla SL,Binary factors,0.25,39,0,0,0,0.0256410256410256,171,-4.937452632326546,0.0397168974461288,INE040A01034
Fund holdout,2026-02,absl:BSLDAAF,Aditya Birla SL,Rank factors,0.25,2,0,1,1,0.5,171,-2.98949482846338,0.4185743980306594,INE040A01034
Fund holdout,2026-02,absl:BSLDAAF,Aditya Birla SL,Log holdings zero,0.25,1,1,1,1,1.0,171,-0.007746667860907,0.9984933537996452,INE040A01034
Fund holdout,2026-02,absl:BSLDAAF,Aditya Birla SL,Log holdings minimum,0.25,2,0,1,1,0.5,171,-2.181794774770258,0.5756636445006318,INE040A01034
Fund holdout,2026-02,absl:BSLDAAF,Aditya Birla SL,Word2Vec,0.5,1,1,1,1,1.0,171,-2.1842602599519975e-05,0.9999957518413332,INE040A01034
Fund holdout,2026-02,absl:BSLPHF,Aditya Birla SL,Popularity,0.25,35,0,0,0,0.0285714285714285,219,-5.610211319900213,-0.0410348203124104,INE437A01024
Fund holdout,2026-02,absl:BSLPHF,Aditya Birla SL,Co-holding,0.25,41,0,0,0,0.024390243902439,219,-4.828991301850467,0.1039289243205351,INE437A01024
Fund holdout,2026-02,absl:BSLPHF,Aditya Birla SL,Category popularity,0.25,20,0,0,0,0.05,219,-4.7468817473002325,0.1191652319198458,INE437A01024
Fund holdout,2026-02,absl:BSLPHF,Aditya Birla SL,Binary factors,0.25,19,0,0,0,0.0526315789473684,219,-4.460237825040982,0.1723550829053718,INE437A01024
Fund holdout,2026-02,absl:BSLPHF,Aditya Birla SL,Rank factors,0.25,129,0,0,0,0.0077519379844961,219,-5.927514194690496,-0.0999137684315678,INE437A01024
Fund holdout,2026-02,absl:BSLPHF,Aditya Birla SL,Log holdings zero,0.25,13,0,0,0,0.0769230769230769,219,-6.9175536358075576,-0.2836261943841489,INE437A01024
Fund holdout,2026-02,absl:BSLPHF,Aditya Birla SL,Log holdings minimum,0.25,160,0,0,0,0.00625,219,-11.867898538160484,-1.202215730864764,INE437A01024
Fund holdout,2026-02,absl:BSLPHF,Aditya Birla SL,Word2Vec,0.5,12,0,0,0,0.0833333333333333,219,-6.511959864639225,-0.2083639244603186,INE437A01024
Fund holdout,2026-02,absl:BSLR96,Aditya Birla SL,Popularity,0.25,1,1,1,1,1.0,198,-1.205026309364598,0.7721320987820208,INE040A01034
Fund holdout,2026-02,absl:BSLR96,Aditya Birla SL,Co-holding,0.25,1,1,1,1,1.0,198,-2.5712171038127143,0.513788337674956,INE040A01034
Fund holdout,2026-02,absl:BSLR96,Aditya Birla SL,Category popularity,0.25,1,1,1,1,1.0,198,-1.1125758511924315,0.7896142829522904,INE040A01034
Fund holdout,2026-02,absl:BSLR96,Aditya Birla SL,Binary factors,0.25,31,0,0,0,0.032258064516129,198,-4.782947523404756,0.0955548394883933,INE040A01034
Fund holdout,2026-02,absl:BSLR96,Aditya Birla SL,Rank factors,0.25,1,1,1,1,1.0,198,-3.215687216615193,0.3919204159036462,INE040A01034
Fund holdout,2026-02,absl:BSLR96,Aditya Birla SL,Log holdings zero,0.25,1,1,1,1,1.0,198,-0.2119272215157615,0.9599250150785354,INE040A01034
Fund holdout,2026-02,absl:BSLR96,Aditya Birla SL,Log holdings minimum,0.25,1,1,1,1,1.0,198,-0.6683796446551629,0.8736108368250495,INE040A01034
Fund holdout,2026-02,absl:BSLR96,Aditya Birla SL,Word2Vec,0.5,1,1,1,1,1.0,198,-1.7808098391469684e-06,0.9999996632526632,INE040A01034
Fund holdout,2026-02,absl:MNC,Aditya Birla SL,Popularity,0.25,45,0,0,0,0.0222222222222222,201,-6.037811390034912,-0.1384997647145758,INE513A01022
Fund holdout,2026-02,absl:MNC,Aditya Birla SL,Co-holding,0.25,50,0,0,0,0.02,201,-4.980037675553455,0.0609558073899113,INE513A01022
Fund holdout,2026-02,absl:MNC,Aditya Birla SL,Category popularity,0.25,21,0,0,0,0.0476190476190476,201,-4.656252999588268,0.1220091847797636,INE513A01022
Fund holdout,2026-02,absl:MNC,Aditya Birla SL,Binary factors,0.25,1,1,1,1,1.0,201,-2.4466369029886588,0.5386580735211606,INE513A01022
Fund holdout,2026-02,absl:MNC,Aditya Birla SL,Rank factors,0.25,67,0,0,0,0.0149253731343283,201,-5.437620179982894,-0.0253267112210933,INE513A01022
Fund holdout,2026-02,absl:MNC,Aditya Birla SL,Log holdings zero,0.25,131,0,0,0,0.0076335877862595,201,-9.06677136088995,-0.7096454980575957,INE513A01022
Fund holdout,2026-02,absl:MNC,Aditya Birla SL,Log holdings minimum,0.25,131,0,0,0,0.0076335877862595,201,-9.9054548168588,-0.8677890463748645,INE513A01022
Fund holdout,2026-02,absl:MNC,Aditya Birla SL,Word2Vec,0.5,66,0,0,0,0.0151515151515151,201,-10.25431730290726,-0.9335711373721818,INE513A01022
Fund holdout,2026-02,axis:AXISMLC,Axis,Popularity,0.25,1,1,1,1,1.0,146,-0.9428183381537636,0.8108160595888738,INE090A01021
Fund holdout,2026-02,axis:AXISMLC,Axis,Co-holding,0.25,1,1,1,1,1.0,146,-2.189658175990143,0.5606278058841756,INE090A01021
Fund holdout,2026-02,axis:AXISMLC,Axis,Category popularity,0.25,1,1,1,1,1.0,146,-1.252957525080472,0.7485841840680898,INE090A01021
Fund holdout,2026-02,axis:AXISMLC,Axis,Binary factors,0.25,5,0,1,1,0.2,146,-3.4768512135465808,0.3023423641822783,INE090A01021
Fund holdout,2026-02,axis:AXISMLC,Axis,Rank factors,0.25,1,1,1,1,1.0,146,-3.0116999150641,0.3956786432650424,INE090A01021
Fund holdout,2026-02,axis:AXISMLC,Axis,Log holdings zero,0.25,1,1,1,1,1.0,146,-0.0353441197988235,0.99290792342139,INE090A01021
Fund holdout,2026-02,axis:AXISMLC,Axis,Log holdings minimum,0.25,1,1,1,1,1.0,146,-0.361228948312756,0.9275165606492172,INE090A01021
Fund holdout,2026-02,axis:AXISMLC,Axis,Word2Vec,0.5,1,1,1,1,1.0,146,-0.0044804215214746,0.9991009680615724,INE090A01021
Fund holdout,2026-02,hdfc:HDFCEQ,HDFC,Popularity,0.25,1,1,1,1,1.0,192,-1.8758973733027415,0.6431956206213034,INE238A01034
Fund holdout,2026-02,hdfc:HDFCEQ,HDFC,Co-holding,0.25,1,1,1,1,1.0,192,-2.650047145364548,0.4959487440609116,INE238A01034
Fund holdout,2026-02,hdfc:HDFCEQ,HDFC,Category popularity,0.25,1,1,1,1,1.0,192,-1.616874118198563,0.6924630448937618,INE238A01034
Fund holdout,2026-02,hdfc:HDFCEQ,HDFC,Binary factors,0.25,13,0,0,0,0.0769230769230769,192,-4.097518861904903,0.2206329113087708,INE238A01034
Fund holdout,2026-02,hdfc:HDFCEQ,HDFC,Rank factors,0.25,3,0,1,1,0.3333333333333333,192,-3.57493669178837,0.3200304634011423,INE238A01034
Fund holdout,2026-02,hdfc:HDFCEQ,HDFC,Log holdings zero,0.25,1,1,1,1,1.0,192,-0.1614603566825696,0.969289491429396,INE238A01034
Fund holdout,2026-02,hdfc:HDFCEQ,HDFC,Log holdings minimum,0.25,1,1,1,1,1.0,192,-0.3158950738969395,0.9399152920651832,INE238A01034
Fund holdout,2026-02,hdfc:HDFCEQ,HDFC,Word2Vec,0.5,1,1,1,1,1.0,192,-0.0185175363403118,0.9964778787179094,INE238A01034
Fund holdout,2026-02,hdfc:HDFCMNCFND,HDFC,Popularity,0.25,114,0,0,0,0.0087719298245614,212,-8.485156840497448,-0.584060520152268,INE239A01024
Fund holdout,2026-02,hdfc:HDFCMNCFND,HDFC,Co-holding,0.25,66,0,0,0,0.0151515151515151,212,-5.550886423856383,-0.036273129792214,INE239A01024
Fund holdout,2026-02,hdfc:HDFCMNCFND,HDFC,Category popularity,0.25,61,0,0,0,0.0163934426229508,212,-6.919131504118248,-0.2917054163459565,INE239A01024
Fund holdout,2026-02,hdfc:HDFCMNCFND,HDFC,Binary factors,0.25,109,0,0,0,0.0091743119266055,212,-6.209571075370203,-0.1592403738051282,INE239A01024
Fund holdout,2026-02,hdfc:HDFCMNCFND,HDFC,Rank factors,0.25,26,0,0,0,0.0384615384615384,212,-5.0223840008291845,0.0623909065785169,INE239A01024
Fund holdout,2026-02,hdfc:HDFCMNCFND,HDFC,Log holdings zero,0.25,47,0,0,0,0.0212765957446808,212,-7.495956320606157,-0.3993905700819016,INE239A01024
Fund holdout,2026-02,hdfc:HDFCMNCFND,HDFC,Log holdings minimum,0.25,18,0,0,0,0.0555555555555555,212,-5.602619666639949,-0.0459310051872545,INE239A01024
Fund holdout,2026-02,hdfc:HDFCMNCFND,HDFC,Word2Vec,0.5,18,0,0,0,0.0555555555555555,212,-5.997793154594513,-0.1197043876534522,INE239A01024
Fund holdout,2026-02,icici:BHACON,ICICI Prudential,Popularity,0.25,3,0,1,1,0.3333333333333333,199,-2.2923316137216894,0.5669375390938304,INE397D01024
Fund holdout,2026-02,icici:BHACON,ICICI Prudential,Co-holding,0.25,1,1,1,1,1.0,199,-3.06998079448855,0.4200256935612361,INE397D01024
Fund holdout,2026-02,icici:BHACON,ICICI Prudential,Category popularity,0.25,1,1,1,1,1.0,199,-1.934979250184332,0.6344477950436107,INE397D01024
Fund holdout,2026-02,icici:BHACON,ICICI Prudential,Binary factors,0.25,77,0,0,0,0.0129870129870129,199,-5.982303577449085,-0.1301641933610831,INE397D01024
Fund holdout,2026-02,icici:BHACON,ICICI Prudential,Rank factors,0.25,11,0,0,0,0.0909090909090909,199,-4.318463254101991,0.184165016544884,INE397D01024
Fund holdout,2026-02,icici:BHACON,ICICI Prudential,Log holdings zero,0.25,2,0,1,1,0.5,199,-1.9425921236042576,0.6330095870295234,INE397D01024
Fund holdout,2026-02,icici:BHACON,ICICI Prudential,Log holdings minimum,0.25,12,0,0,0,0.0833333333333333,199,-3.530764274177602,0.3329754489698461,INE397D01024
Fund holdout,2026-02,icici:BHACON,ICICI Prudential,Word2Vec,0.5,1,1,1,1,1.0,199,-1.414653054347653,0.7327467241750463,INE397D01024
Fund holdout,2026-02,icici:HOUSING,ICICI Prudential,Popularity,0.25,7,0,0,1,0.1428571428571428,210,-3.2471074244560825,0.392735716309713,INE733E01010
Fund holdout,2026-02,icici:HOUSING,ICICI Prudential,Co-holding,0.25,4,0,1,1,0.25,210,-3.478580646502254,0.349446289135034,INE733E01010
Fund holdout,2026-02,icici:HOUSING,ICICI Prudential,Category popularity,0.25,12,0,0,0,0.0833333333333333,210,-3.696498130546832,0.3086920153911996,INE733E01010
Fund holdout,2026-02,icici:HOUSING,ICICI Prudential,Binary factors,0.25,7,0,0,1,0.1428571428571428,210,-3.8265585374152895,0.2843685085005488,INE733E01010
Fund holdout,2026-02,icici:HOUSING,ICICI Prudential,Rank factors,0.25,6,0,0,1,0.1666666666666666,210,-4.293351049708787,0.1970703740209409,INE733E01010
Fund holdout,2026-02,icici:HOUSING,ICICI Prudential,Log holdings zero,0.25,10,0,0,1,0.1,210,-3.659143550616736,0.3156779568026087,INE733E01010
Fund holdout,2026-02,icici:HOUSING,ICICI Prudential,Log holdings minimum,0.25,6,0,0,1,0.1666666666666666,210,-3.816724470066738,0.2862076462571878,INE733E01010
Fund holdout,2026-02,icici:HOUSING,ICICI Prudential,Word2Vec,0.5,5,0,1,1,0.2,210,-6.7112858941281175,-0.2551245426754314,INE733E01010
Fund holdout,2026-02,icici:LARGE & MIDCAP,ICICI Prudential,Popularity,0.25,2,0,1,1,0.5,177,-1.979947158233287,0.6174864985505815,INE238A01034
Fund holdout,2026-02,icici:LARGE & MIDCAP,ICICI Prudential,Co-holding,0.25,1,1,1,1,1.0,177,-2.909333431666197,0.4379348392188922,INE238A01034
Fund holdout,2026-02,icici:LARGE & MIDCAP,ICICI Prudential,Category popularity,0.25,3,0,1,1,0.3333333333333333,177,-2.6827812888836604,0.4817033069965591,INE238A01034
Fund holdout,2026-02,icici:LARGE & MIDCAP,ICICI Prudential,Binary factors,0.25,18,0,0,0,0.0555555555555555,177,-4.18090746371182,0.1922746288807851,INE238A01034
Fund holdout,2026-02,icici:LARGE & MIDCAP,ICICI Prudential,Rank factors,0.25,3,0,1,1,0.3333333333333333,177,-3.920460348030948,0.2425913950364979,INE238A01034
Fund holdout,2026-02,icici:LARGE & MIDCAP,ICICI Prudential,Log holdings zero,0.25,2,0,1,1,0.5,177,-1.967575125354884,0.6198766985095481,INE238A01034
Fund holdout,2026-02,icici:LARGE & MIDCAP,ICICI Prudential,Log holdings minimum,0.25,1,1,1,1,1.0,177,-0.6997365833742402,0.8648152353532675,INE238A01034
Fund holdout,2026-02,icici:LARGE & MIDCAP,ICICI Prudential,Word2Vec,0.5,22,0,0,0,0.0454545454545454,177,-6.113343898798885,-0.1810600957555836,INE238A01034
Fund holdout,2026-02,icici:MIDCAP,ICICI Prudential,Popularity,0.25,172,0,0,0,0.005813953488372,182,-9.97669335844448,-0.9171177053288158,INE702C01027
Fund holdout,2026-02,icici:MIDCAP,ICICI Prudential,Co-holding,0.25,125,0,0,0,0.008,182,-6.450872557436667,-0.2395972844262934,INE702C01027
Fund holdout,2026-02,icici:MIDCAP,ICICI Prudential,Category popularity,0.25,44,0,0,0,0.0227272727272727,182,-5.39569666955488,-0.0368350761258844,INE702C01027
Fund holdout,2026-02,icici:MIDCAP,ICICI Prudential,Binary factors,0.25,97,0,0,0,0.0103092783505154,182,-6.273992598869812,-0.2056080970168874,INE702C01027
Fund holdout,2026-02,icici:MIDCAP,ICICI Prudential,Rank factors,0.25,130,0,0,0,0.0076923076923076,182,-5.882541063629101,-0.1303869148049563,INE702C01027
Fund holdout,2026-02,icici:MIDCAP,ICICI Prudential,Log holdings zero,0.25,67,0,0,0,0.0149253731343283,182,-8.00635989149337,-0.5384991551559126,INE702C01027
Fund holdout,2026-02,icici:MIDCAP,ICICI Prudential,Log holdings minimum,0.25,120,0,0,0,0.0083333333333333,182,-15.482421606964197,-1.97509640896734,INE702C01027
Fund holdout,2026-02,icici:MIDCAP,ICICI Prudential,Word2Vec,0.5,158,0,0,0,0.0063291139240506,182,-16.93729190869481,-2.2546637479839324,INE702C01027
Fund holdout,2026-02,icici:MNCFUND,ICICI Prudential,Popularity,0.25,31,0,0,0,0.032258064516129,206,-5.551089799634612,-0.0418954239500919,INE205A01025
Fund holdout,2026-02,icici:MNCFUND,ICICI Prudential,Co-holding,0.25,31,0,0,0,0.032258064516129,206,-4.510148522800415,0.1534809781765147,INE205A01025
Fund holdout,2026-02,icici:MNCFUND,ICICI Prudential,Category popularity,0.25,21,0,0,0,0.0476190476190476,206,-4.737148217456507,0.1108749401484829,INE205A01025
Fund holdout,2026-02,icici:MNCFUND,ICICI Prudential,Binary factors,0.25,10,0,0,1,0.1,206,-3.7817151703535865,0.2902021273492287,INE205A01025
Fund holdout,2026-02,icici:MNCFUND,ICICI Prudential,Rank factors,0.25,97,0,0,0,0.0103092783505154,206,-5.495692701077123,-0.0314978289605532,INE205A01025
Fund holdout,2026-02,icici:MNCFUND,ICICI Prudential,Log holdings zero,0.25,38,0,0,0,0.0263157894736842,206,-6.7298590765317785,-0.2631410459490293,INE205A01025
Fund holdout,2026-02,icici:MNCFUND,ICICI Prudential,Log holdings minimum,0.25,151,0,0,0,0.0066225165562913,206,-9.045410492675977,-0.6977516380098161,INE205A01025
Fund holdout,2026-02,icici:MNCFUND,ICICI Prudential,Word2Vec,0.5,16,0,0,0,0.0625,206,-6.022536523841914,-0.1303822260587843,INE205A01025
Fund holdout,2026-02,icici:MULTICAP,ICICI Prudential,Popularity,0.25,3,0,1,1,0.3333333333333333,160,-2.286076279179205,0.5495570472252131,INE397D01024
Fund holdout,2026-02,icici:MULTICAP,ICICI Prudential,Co-holding,0.25,4,0,1,1,0.25,160,-3.382867603747337,0.3334479316564097,INE397D01024
Fund holdout,2026-02,icici:MULTICAP,ICICI Prudential,Category popularity,0.25,6,0,0,1,0.1666666666666666,160,-3.1363790121956576,0.3820154488539116,INE397D01024
Fund holdout,2026-02,icici:MULTICAP,ICICI Prudential,Binary factors,0.25,25,0,0,0,0.04,160,-4.676638686488656,0.0785263999331241,INE397D01024
Fund holdout,2026-02,icici:MULTICAP,ICICI Prudential,Rank factors,0.25,9,0,0,1,0.1111111111111111,160,-4.158323031956915,0.1806540655858641,INE397D01024
Fund holdout,2026-02,icici:MULTICAP,ICICI Prudential,Log holdings zero,0.25,101,0,0,0,0.0099009900990099,160,-15.884023943755263,-2.1297497429698264,INE397D01024
Fund holdout,2026-02,icici:MULTICAP,ICICI Prudential,Log holdings minimum,0.25,18,0,0,0,0.0555555555555555,160,-8.19283839457044,-0.6142971044614312,INE397D01024
Fund holdout,2026-02,icici:MULTICAP,ICICI Prudential,Word2Vec,0.5,20,0,0,0,0.05,160,-5.328869017231719,-0.0499874903272063,INE397D01024
Fund holdout,2026-02,icici:RURALOPP,ICICI Prudential,Popularity,0.25,8,0,0,1,0.125,202,-3.947222636578488,0.2564009839761945,INE030A01027
Fund holdout,2026-02,icici:RURALOPP,ICICI Prudential,Co-holding,0.25,6,0,0,1,0.1666666666666666,202,-3.4601962573045126,0.3481496309994807,INE030A01027
Fund holdout,2026-02,icici:RURALOPP,ICICI Prudential,Category popularity,0.25,15,0,0,0,0.0666666666666666,202,-4.081492829801521,0.2311064432941622,INE030A01027
Fund holdout,2026-02,icici:RURALOPP,ICICI Prudential,Binary factors,0.25,1,1,1,1,1.0,202,-2.715992869351286,0.4883466652066232,INE030A01027
Fund holdout,2026-02,icici:RURALOPP,ICICI Prudential,Rank factors,0.25,3,0,1,1,0.3333333333333333,202,-3.5005415430433096,0.3405491692219879,INE030A01027
Fund holdout,2026-02,icici:RURALOPP,ICICI Prudential,Log holdings zero,0.25,80,0,0,0,0.0125,202,-6.94007942331943,-0.3074094636781637,INE030A01027
Fund holdout,2026-02,icici:RURALOPP,ICICI Prudential,Log holdings minimum,0.25,3,0,1,1,0.3333333333333333,202,-1.8309996824728847,0.655066438459896,INE030A01027
Fund holdout,2026-02,icici:RURALOPP,ICICI Prudential,Word2Vec,0.5,32,0,0,0,0.03125,202,-9.747999476218538,-0.8363805354034641,INE030A01027
Fund holdout,2026-02,icici:TECH,ICICI Prudential,Popularity,0.25,135,0,0,0,0.0074074074074074,212,-8.831059553206892,-0.6486357355921843,INE075A01022
Fund holdout,2026-02,icici:TECH,ICICI Prudential,Co-holding,0.25,78,0,0,0,0.0128205128205128,212,-5.874136327978672,-0.0966193815926823,INE075A01022
Fund holdout,2026-02,icici:TECH,ICICI Prudential,Category popularity,0.25,176,0,0,0,0.0056818181818181,212,-9.820118152898058,-0.8332791911392019,INE075A01022
Fund holdout,2026-02,icici:TECH,ICICI Prudential,Binary factors,0.25,141,0,0,0,0.0070921985815602,212,-6.637297400859125,-0.2390909173334525,INE075A01022
Fund holdout,2026-02,icici:TECH,ICICI Prudential,Rank factors,0.25,76,0,0,0,0.0131578947368421,212,-5.569881787228801,-0.0398192993857544,INE075A01022
Fund holdout,2026-02,icici:TECH,ICICI Prudential,Log holdings zero,0.25,107,0,0,0,0.0093457943925233,212,-8.579464988090447,-0.6016665368870164,INE075A01022
Fund holdout,2026-02,icici:TECH,ICICI Prudential,Log holdings minimum,0.25,64,0,0,0,0.015625,212,-8.447818054994448,-0.5770898893085996,INE075A01022
Fund holdout,2026-02,icici:TECH,ICICI Prudential,Word2Vec,0.5,14,0,0,0,0.0714285714285714,212,-5.29509574261221,0.0114794253105851,INE075A01022
Fund holdout,2026-02,kotak:EME,Kotak,Popularity,0.25,81,0,0,0,0.0123456790123456,190,-7.789266335847298,-0.4845112636656976,INE061F01013
Fund holdout,2026-02,kotak:EME,Kotak,Co-holding,0.25,6,0,0,1,0.1666666666666666,190,-3.7194543180352735,0.2911306929636836,INE061F01013
Fund holdout,2026-02,kotak:EME,Kotak,Category popularity,0.25,30,0,0,0,0.0333333333333333,190,-4.64087132447396,0.1155231497607635,INE061F01013
Fund holdout,2026-02,kotak:EME,Kotak,Binary factors,0.25,4,0,1,1,0.25,190,-3.334874877373576,0.3644254664148271,INE061F01013
Fund holdout,2026-02,kotak:EME,Kotak,Rank factors,0.25,6,0,0,1,0.1666666666666666,190,-3.843170803332988,0.2675522828789796,INE061F01013
Fund holdout,2026-02,kotak:EME,Kotak,Log holdings zero,0.25,13,0,0,0,0.0769230769230769,190,-6.283853224057747,-0.1976032771411209,INE061F01013
Fund holdout,2026-02,kotak:EME,Kotak,Log holdings minimum,0.25,1,1,1,1,1.0,190,-1.2171162062241263,0.7680368548942118,INE061F01013
Fund holdout,2026-02,kotak:EME,Kotak,Word2Vec,0.5,1,1,1,1,1.0,190,-0.4117433908939283,0.921528206230548,INE061F01013
Fund holdout,2026-02,mirae:MAFF,Mirae Asset,Popularity,0.25,1,1,1,1,1.0,214,-1.7530446532719317,0.6733036732992566,INE090A01021
Fund holdout,2026-02,mirae:MAFF,Mirae Asset,Co-holding,0.25,1,1,1,1,1.0,214,-2.9845045356324627,0.4438095646947633,INE090A01021
Fund holdout,2026-02,mirae:MAFF,Mirae Asset,Category popularity,0.25,1,1,1,1,1.0,214,-1.1215396467997305,0.790990559096794,INE090A01021
Fund holdout,2026-02,mirae:MAFF,Mirae Asset,Binary factors,0.25,8,0,0,1,0.125,214,-3.564444030041445,0.3357323961078253,INE090A01021
Fund holdout,2026-02,mirae:MAFF,Mirae Asset,Rank factors,0.25,2,0,1,1,0.5,214,-3.4945941510376977,0.3487495767303635,INE090A01021
Fund holdout,2026-02,mirae:MAFF,Mirae Asset,Log holdings zero,0.25,1,1,1,1,1.0,214,-1.644095812117146,0.6936073125346516,INE090A01021
Fund holdout,2026-02,mirae:MAFF,Mirae Asset,Log holdings minimum,0.25,3,0,1,1,0.3333333333333333,214,-2.578024276396098,0.5195609765718269,INE090A01021
Fund holdout,2026-02,mirae:MAFF,Mirae Asset,Word2Vec,0.5,1,1,1,1,1.0,214,-0.0024319496009219,0.9995467833635272,INE090A01021
Fund holdout,2026-02,sbi:SBLUECHIP,SBI,Popularity,0.25,1,1,1,1,1.0,195,-1.3711887827161815,0.7399603835564014,INE040A01034
Fund holdout,2026-02,sbi:SBLUECHIP,SBI,Co-holding,0.25,1,1,1,1,1.0,195,-2.471567939654592,0.5312785612430821,INE040A01034
Fund holdout,2026-02,sbi:SBLUECHIP,SBI,Category popularity,0.25,1,1,1,1,1.0,195,-2.0819919281031822,0.6051598516214796,INE040A01034
Fund holdout,2026-02,sbi:SBLUECHIP,SBI,Binary factors,0.25,15,0,0,0,0.0666666666666666,195,-4.24718340274882,0.1945412937023528,INE040A01034
Fund holdout,2026-02,sbi:SBLUECHIP,SBI,Rank factors,0.25,1,1,1,1,1.0,195,-2.315836914423951,0.5608122305523697,INE040A01034
Fund holdout,2026-02,sbi:SBLUECHIP,SBI,Log holdings zero,0.25,1,1,1,1,1.0,195,-0.0072541449870975,0.998624284924258,INE040A01034
Fund holdout,2026-02,sbi:SBLUECHIP,SBI,Log holdings minimum,0.25,1,1,1,1,1.0,195,-0.1322799300288011,0.9749137225293394,INE040A01034
Fund holdout,2026-02,sbi:SBLUECHIP,SBI,Word2Vec,0.5,1,1,1,1,1.0,195,-2.8081763169041096e-05,0.9999946744233796,INE040A01034
Fund holdout,2026-02,sbi:SMAAF,SBI,Popularity,0.25,46,0,0,0,0.0217391304347826,198,-5.445133183815269,-0.0296630544959701,INE213A01029
Fund holdout,2026-02,sbi:SMAAF,SBI,Co-holding,0.25,14,0,0,0,0.0714285714285714,198,-3.9933398982202912,0.2448679548438337,INE213A01029
Fund holdout,2026-02,sbi:SMAAF,SBI,Category popularity,0.25,19,0,0,0,0.0526315789473684,198,-4.211454647401867,0.2036229216570489,INE213A01029
Fund holdout,2026-02,sbi:SMAAF,SBI,Binary factors,0.25,4,0,1,1,0.25,198,-3.4248904549754275,0.3523605303785843,INE213A01029
Fund holdout,2026-02,sbi:SMAAF,SBI,Rank factors,0.25,3,0,1,1,0.3333333333333333,198,-4.060470925620883,0.2321736209512853,INE213A01029
Fund holdout,2026-02,sbi:SMAAF,SBI,Log holdings zero,0.25,27,0,0,0,0.037037037037037,198,-5.170066166113527,0.0223515310204531,INE213A01029
Fund holdout,2026-02,sbi:SMAAF,SBI,Log holdings minimum,0.25,4,0,1,1,0.25,198,-3.456528860183802,0.346377775531914,INE213A01029
Fund holdout,2026-02,sbi:SMAAF,SBI,Word2Vec,0.5,16,0,0,0,0.0625,198,-5.46818368844095,-0.0340218556858287,INE213A01029
Fund holdout,2026-02,uti:193,UTI,Popularity,0.25,1,1,1,1,1.0,193,-1.3137241570563347,0.7503702270321735,INE090A01021
Fund holdout,2026-02,uti:193,UTI,Co-holding,0.25,1,1,1,1,1.0,193,-2.492382767405804,0.5264051886123959,INE090A01021
Fund holdout,2026-02,uti:193,UTI,Category popularity,0.25,2,0,1,1,0.5,193,-1.6702908171755002,0.682616540738631,INE090A01021
Fund holdout,2026-02,uti:193,UTI,Binary factors,0.25,12,0,0,0,0.0833333333333333,193,-3.9795953144937135,0.2438096920689476,INE090A01021
Fund holdout,2026-02,uti:193,UTI,Rank factors,0.25,1,1,1,1,1.0,193,-2.506215074082333,0.5237768167759365,INE090A01021
Fund holdout,2026-02,uti:193,UTI,Log holdings zero,0.25,1,1,1,1,1.0,193,-0.3261141544166657,0.9380328040012312,INE090A01021
Fund holdout,2026-02,uti:193,UTI,Log holdings minimum,0.25,1,1,1,1,1.0,193,-0.4719196929884823,0.9103272896467643,INE090A01021
Fund holdout,2026-02,uti:193,UTI,Word2Vec,0.5,1,1,1,1,1.0,193,-0.0002684418720946,0.9999489915114782,INE090A01021
Fund holdout,2026-02,uti:751,UTI,Popularity,0.25,140,0,0,0,0.0071428571428571,208,-9.0411848417087,-0.6938867145683449,INE878B01027
Fund holdout,2026-02,uti:751,UTI,Co-holding,0.25,116,0,0,0,0.0086206896551724,208,-5.880858125705583,-0.1017922566342923,INE878B01027
Fund holdout,2026-02,uti:751,UTI,Category popularity,0.25,112,0,0,0,0.0089285714285714,208,-7.954991725610396,-0.4903859432616073,INE878B01027
Fund holdout,2026-02,uti:751,UTI,Binary factors,0.25,95,0,0,0,0.0105263157894736,208,-5.888618658568957,-0.1032462102637545,INE878B01027
Fund holdout,2026-02,uti:751,UTI,Rank factors,0.25,76,0,0,0,0.0131578947368421,208,-5.446865988867417,-0.0204828345078931,INE878B01027
Fund holdout,2026-02,uti:751,UTI,Log holdings zero,0.25,151,0,0,0,0.0066225165562913,208,-8.50687594642043,-0.5937827176862907,INE878B01027
Fund holdout,2026-02,uti:751,UTI,Log holdings minimum,0.25,125,0,0,0,0.008,208,-8.663541159312617,-0.6231343046076063,INE878B01027
Fund holdout,2026-02,uti:751,UTI,Word2Vec,0.5,40,0,0,0,0.025,208,-7.898011041252719,-0.4797104813713444,INE878B01027
Fund holdout,2026-02,uti:753,UTI,Popularity,0.25,1,1,1,1,1.0,210,-1.594110792008994,0.7018741847155077,INE090A01021
Fund holdout,2026-02,uti:753,UTI,Co-holding,0.25,1,1,1,1,1.0,210,-2.7802174771531334,0.4800520727923182,INE090A01021
Fund holdout,2026-02,uti:753,UTI,Category popularity,0.25,1,1,1,1,1.0,210,-1.2110732112058962,0.7735087233146786,INE090A01021
Fund holdout,2026-02,uti:753,UTI,Binary factors,0.25,4,0,1,1,0.25,210,-3.1887586588780987,0.4036479273028132,INE090A01021
Fund holdout,2026-02,uti:753,UTI,Rank factors,0.25,1,1,1,1,1.0,210,-2.518232428310619,0.5290477302272008,INE090A01021
Fund holdout,2026-02,uti:753,UTI,Log holdings zero,0.25,3,0,1,1,0.3333333333333333,210,-2.189015853585235,0.5906168258240516,INE090A01021
Fund holdout,2026-02,uti:753,UTI,Log holdings minimum,0.25,1,1,1,1,1.0,210,-0.2607946640663314,0.9512269647527852,INE090A01021
Fund holdout,2026-02,uti:753,UTI,Word2Vec,0.5,1,1,1,1,1.0,210,-0.0009019802104077,0.9998313143685204,INE090A01021
Fund holdout,2026-03,absl:ABSLMCF,Aditya Birla SL,Popularity,0.25,1,1,1,1,1.0,175,-1.322992205090408,0.7438437503954545,INE090A01021
Fund holdout,2026-03,absl:ABSLMCF,Aditya Birla SL,Co-holding,0.25,1,1,1,1,1.0,175,-2.550993970580964,0.5060794419244716,INE090A01021
Fund holdout,2026-03,absl:ABSLMCF,Aditya Birla SL,Category popularity,0.25,1,1,1,1,1.0,175,-1.3172004901715226,0.7449651356664273,INE090A01021
Fund holdout,2026-03,absl:ABSLMCF,Aditya Birla SL,Binary factors,0.25,31,0,0,0,0.032258064516129,175,-4.951617478792474,0.041273442153713,INE090A01021
Fund holdout,2026-03,absl:ABSLMCF,Aditya Birla SL,Rank factors,0.25,1,1,1,1,1.0,175,-3.089612291398565,0.4017927737959119,INE090A01021
Fund holdout,2026-03,absl:ABSLMCF,Aditya Birla SL,Log holdings zero,0.25,1,1,1,1,1.0,175,-1.7312349840299484,0.6648002467535383,INE090A01021
Fund holdout,2026-03,absl:ABSLMCF,Aditya Birla SL,Log holdings minimum,0.25,1,1,1,1,1.0,175,-1.6530074600072204,0.679946571193252,INE090A01021
Fund holdout,2026-03,absl:ABSLMCF,Aditya Birla SL,Word2Vec,1.0,1,1,1,1,1.0,175,-1.1201955701421689,0.7831090047490983,INE090A01021
Fund holdout,2026-03,absl:BSLDAAF,Aditya Birla SL,Popularity,0.25,1,1,1,1,1.0,159,-0.978694049133491,0.806921967729275,INE040A01034
Fund holdout,2026-03,absl:BSLDAAF,Aditya Birla SL,Co-holding,0.25,1,1,1,1,1.0,159,-2.0561469890845268,0.5943606532978245,INE040A01034
Fund holdout,2026-03,absl:BSLDAAF,Aditya Birla SL,Category popularity,0.25,1,1,1,1,1.0,159,-1.6319185955391262,0.6780529813871153,INE040A01034
Fund holdout,2026-03,absl:BSLDAAF,Aditya Birla SL,Binary factors,0.25,28,0,0,0,0.0357142857142857,159,-4.751446134888684,0.0626285395554522,INE040A01034
Fund holdout,2026-03,absl:BSLDAAF,Aditya Birla SL,Rank factors,0.25,1,1,1,1,1.0,159,-2.8162579140696744,0.4444049834605031,INE040A01034
Fund holdout,2026-03,absl:BSLDAAF,Aditya Birla SL,Log holdings zero,0.25,1,1,1,1,1.0,159,-0.0173852133123002,0.9965702225532916,INE040A01034
Fund holdout,2026-03,absl:BSLDAAF,Aditya Birla SL,Log holdings minimum,0.25,2,0,1,1,0.5,159,-3.575571440310684,0.2946066254823779,INE040A01034
Fund holdout,2026-03,absl:BSLDAAF,Aditya Birla SL,Word2Vec,1.0,1,1,1,1,1.0,159,-0.0022549277864154,0.9995551449196006,INE040A01034
Fund holdout,2026-03,absl:BSLPHF,Aditya Birla SL,Popularity,0.25,39,0,0,0,0.0256410256410256,211,-5.70959324088747,-0.0668431596072693,INE437A01024
Fund holdout,2026-03,absl:BSLPHF,Aditya Birla SL,Co-holding,0.25,41,0,0,0,0.024390243902439,211,-4.855006437913191,0.0928372320736699,INE437A01024
Fund holdout,2026-03,absl:BSLPHF,Aditya Birla SL,Category popularity,0.25,24,0,0,0,0.0416666666666666,211,-4.80028274818156,0.1030624077728036,INE437A01024
Fund holdout,2026-03,absl:BSLPHF,Aditya Birla SL,Binary factors,0.25,6,0,0,1,0.1666666666666666,211,-3.860606109985109,0.2786419195537195,INE437A01024
Fund holdout,2026-03,absl:BSLPHF,Aditya Birla SL,Rank factors,0.25,167,0,0,0,0.0059880239520958,211,-6.104712023382532,-0.140671495979562,INE437A01024
Fund holdout,2026-03,absl:BSLPHF,Aditya Birla SL,Log holdings zero,0.25,22,0,0,0,0.0454545454545454,211,-7.50239873323903,-0.4018306438863268,INE437A01024
Fund holdout,2026-03,absl:BSLPHF,Aditya Birla SL,Log holdings minimum,0.25,156,0,0,0,0.0064102564102564,211,-12.821917252110426,-1.3957879548243008,INE437A01024
Fund holdout,2026-03,absl:BSLPHF,Aditya Birla SL,Word2Vec,1.0,6,0,0,1,0.1666666666666666,211,-3.097524147902617,0.4212245409631673,INE437A01024
Fund holdout,2026-03,absl:BSLR96,Aditya Birla SL,Popularity,0.25,1,1,1,1,1.0,192,-1.2460336012359612,0.7629986308945862,INE040A01034
Fund holdout,2026-03,absl:BSLR96,Aditya Birla SL,Co-holding,0.25,1,1,1,1,1.0,192,-2.5840409916213263,0.5085034205889032,INE040A01034
Fund holdout,2026-03,absl:BSLR96,Aditya Birla SL,Category popularity,0.25,1,1,1,1,1.0,192,-1.1181487349878978,0.7873229254871155,INE040A01034
Fund holdout,2026-03,absl:BSLR96,Aditya Birla SL,Binary factors,0.25,27,0,0,0,0.037037037037037,192,-4.802127026738178,0.0866131709240042,INE040A01034
Fund holdout,2026-03,absl:BSLR96,Aditya Birla SL,Rank factors,0.25,1,1,1,1,1.0,192,-3.086675782775805,0.4128999524757937,INE040A01034
Fund holdout,2026-03,absl:BSLR96,Aditya Birla SL,Log holdings zero,0.25,1,1,1,1,1.0,192,-0.0136156826987701,0.9974102340115768,INE040A01034
Fund holdout,2026-03,absl:BSLR96,Aditya Birla SL,Log holdings minimum,0.25,1,1,1,1,1.0,192,-1.554522786326455,0.7043225573536005,INE040A01034
Fund holdout,2026-03,absl:BSLR96,Aditya Birla SL,Word2Vec,1.0,1,1,1,1,1.0,192,-0.0024024062068477,0.999543051198936,INE040A01034
Fund holdout,2026-03,absl:MNC,Aditya Birla SL,Popularity,0.25,48,0,0,0,0.0208333333333333,194,-6.1466419543207,-0.1668199425122005,INE513A01022
Fund holdout,2026-03,absl:MNC,Aditya Birla SL,Co-holding,0.25,61,0,0,0,0.0163934426229508,194,-5.124366278220638,0.0272391314477238,INE513A01022
Fund holdout,2026-03,absl:MNC,Aditya Birla SL,Category popularity,0.25,25,0,0,0,0.04,194,-4.869331764317369,0.075652453561282,INE513A01022
Fund holdout,2026-03,absl:MNC,Aditya Birla SL,Binary factors,0.25,3,0,1,1,0.3333333333333333,194,-2.953193169653904,0.4393939471257503,INE513A01022
Fund holdout,2026-03,absl:MNC,Aditya Birla SL,Rank factors,0.25,62,0,0,0,0.0161290322580645,194,-5.421818720931064,-0.0292264061064073,INE513A01022
Fund holdout,2026-03,absl:MNC,Aditya Birla SL,Log holdings zero,0.25,118,0,0,0,0.0084745762711864,194,-8.177647379689109,-0.5523666607498723,INE513A01022
Fund holdout,2026-03,absl:MNC,Aditya Birla SL,Log holdings minimum,0.25,64,0,0,0,0.015625,194,-8.48770800737561,-0.6112256160072465,INE513A01022
Fund holdout,2026-03,absl:MNC,Aditya Birla SL,Word2Vec,1.0,96,0,0,0,0.0104166666666666,194,-7.835810013272054,-0.4874755121852654,INE513A01022
Fund holdout,2026-03,axis:AXISMLC,Axis,Popularity,0.25,1,1,1,1,1.0,142,-0.914080591475308,0.8155543805602964,INE090A01021
Fund holdout,2026-03,axis:AXISMLC,Axis,Co-holding,0.25,1,1,1,1,1.0,142,-2.1679404058617147,0.5625472033902955,INE090A01021
Fund holdout,2026-03,axis:AXISMLC,Axis,Category popularity,0.25,1,1,1,1,1.0,142,-1.0375064164128958,0.7906491884494706,INE090A01021
Fund holdout,2026-03,axis:AXISMLC,Axis,Binary factors,0.25,4,0,1,1,0.25,142,-3.3220022635616404,0.3296775240640521,INE090A01021
Fund holdout,2026-03,axis:AXISMLC,Axis,Rank factors,0.25,1,1,1,1,1.0,142,-2.9542722954727463,0.4038790576960357,INE090A01021
Fund holdout,2026-03,axis:AXISMLC,Axis,Log holdings zero,0.25,1,1,1,1,1.0,142,-0.0240475204859063,0.9951476271858556,INE090A01021
Fund holdout,2026-03,axis:AXISMLC,Axis,Log holdings minimum,0.25,1,1,1,1,1.0,142,-0.1510917424181848,0.969512305279814,INE090A01021
Fund holdout,2026-03,axis:AXISMLC,Axis,Word2Vec,1.0,1,1,1,1,1.0,142,-0.0094705965604902,0.9980889977696126,INE090A01021
Fund holdout,2026-03,hdfc:HDFCEQ,HDFC,Popularity,0.25,1,1,1,1,1.0,184,-1.342251722421743,0.7426139487023793,INE040A01034
Fund holdout,2026-03,hdfc:HDFCEQ,HDFC,Co-holding,0.25,1,1,1,1,1.0,184,-2.4317816007612274,0.5336890589278931,INE040A01034
Fund holdout,2026-03,hdfc:HDFCEQ,HDFC,Category popularity,0.25,1,1,1,1,1.0,184,-1.2173282837800397,0.7665688820799248,INE040A01034
Fund holdout,2026-03,hdfc:HDFCEQ,HDFC,Binary factors,0.25,3,0,1,1,0.3333333333333333,184,-3.411047182376758,0.3459081106800247,INE040A01034
Fund holdout,2026-03,hdfc:HDFCEQ,HDFC,Rank factors,0.25,1,1,1,1,1.0,184,-2.352678706396671,0.54885758602799,INE040A01034
Fund holdout,2026-03,hdfc:HDFCEQ,HDFC,Log holdings zero,0.25,1,1,1,1,1.0,184,-1.1587334656537998,0.777804843719672,INE040A01034
Fund holdout,2026-03,hdfc:HDFCEQ,HDFC,Log holdings minimum,0.25,1,1,1,1,1.0,184,-0.0278684787827501,0.9946560264444124,INE040A01034
Fund holdout,2026-03,hdfc:HDFCEQ,HDFC,Word2Vec,1.0,1,1,1,1,1.0,184,-0.0451015385439461,0.9913514680448096,INE040A01034
Fund holdout,2026-03,hdfc:HDFCMNCFND,HDFC,Popularity,0.25,111,0,0,0,0.009009009009009,206,-8.366083543845168,-0.5702473703974664,INE239A01024
Fund holdout,2026-03,hdfc:HDFCMNCFND,HDFC,Co-holding,0.25,65,0,0,0,0.0153846153846153,206,-5.471853886011455,-0.0270234728924982,INE239A01024
Fund holdout,2026-03,hdfc:HDFCMNCFND,HDFC,Category popularity,0.25,58,0,0,0,0.0172413793103448,206,-6.699330703117832,-0.2574111129613259,INE239A01024
Fund holdout,2026-03,hdfc:HDFCMNCFND,HDFC,Binary factors,0.25,83,0,0,0,0.0120481927710843,206,-6.061989821646572,-0.1377872964010293,INE239A01024
Fund holdout,2026-03,hdfc:HDFCMNCFND,HDFC,Rank factors,0.25,19,0,0,0,0.0526315789473684,206,-4.875726883896944,0.0848648261649367,INE239A01024
Fund holdout,2026-03,hdfc:HDFCMNCFND,HDFC,Log holdings zero,0.25,86,0,0,0,0.0116279069767441,206,-7.813135776341938,-0.4664634703994956,INE239A01024
Fund holdout,2026-03,hdfc:HDFCMNCFND,HDFC,Log holdings minimum,0.25,3,0,1,1,0.3333333333333333,206,-2.666416968785152,0.499534733107184,INE239A01024
Fund holdout,2026-03,hdfc:HDFCMNCFND,HDFC,Word2Vec,1.0,2,0,1,1,0.5,206,-2.31180071964501,0.5660933838538859,INE239A01024
Fund holdout,2026-03,icici:BHACON,ICICI Prudential,Popularity,0.25,15,0,0,0,0.0666666666666666,196,-4.644464158016888,0.1200524319996503,INE030A01027
Fund holdout,2026-03,icici:BHACON,ICICI Prudential,Co-holding,0.25,7,0,0,1,0.1428571428571428,196,-3.4987230146477915,0.3371263717189006,INE030A01027
Fund holdout,2026-03,icici:BHACON,ICICI Prudential,Category popularity,0.25,21,0,0,0,0.0476190476190476,196,-4.591998765502,0.1299926087298271,INE030A01027
Fund holdout,2026-03,icici:BHACON,ICICI Prudential,Binary factors,0.25,1,1,1,1,1.0,196,-2.3845613720083936,0.548217208991812,INE030A01027
Fund holdout,2026-03,icici:BHACON,ICICI Prudential,Rank factors,0.25,13,0,0,0,0.0769230769230769,196,-4.634373169912582,0.1219642866590898,INE030A01027
Fund holdout,2026-03,icici:BHACON,ICICI Prudential,Log holdings zero,0.25,23,0,0,0,0.0434782608695652,196,-5.2181613913324,0.0113588415123322,INE030A01027
Fund holdout,2026-03,icici:BHACON,ICICI Prudential,Log holdings minimum,0.25,25,0,0,0,0.04,196,-7.183723849700185,-0.3610397487551895,INE030A01027
Fund holdout,2026-03,icici:BHACON,ICICI Prudential,Word2Vec,1.0,9,0,0,1,0.1111111111111111,196,-3.345775584388281,0.3661040351715182,INE030A01027
Fund holdout,2026-03,icici:HOUSING,ICICI Prudential,Popularity,0.25,5,0,1,1,0.2,203,-2.823688307254791,0.4685528250941194,INE018A01030
Fund holdout,2026-03,icici:HOUSING,ICICI Prudential,Co-holding,0.25,1,1,1,1,1.0,203,-3.093790387371487,0.4177168362049012,INE018A01030
Fund holdout,2026-03,icici:HOUSING,ICICI Prudential,Category popularity,0.25,11,0,0,0,0.0909090909090909,203,-3.7145815375472377,0.300877558257746,INE018A01030
Fund holdout,2026-03,icici:HOUSING,ICICI Prudential,Binary factors,0.25,2,0,1,1,0.5,203,-2.509892553759274,0.5276124126074402,INE018A01030
Fund holdout,2026-03,icici:HOUSING,ICICI Prudential,Rank factors,0.25,1,1,1,1,1.0,203,-2.8629080733568117,0.4611712618238971,INE018A01030
Fund holdout,2026-03,icici:HOUSING,ICICI Prudential,Log holdings zero,0.25,5,0,1,1,0.2,203,-2.809579179174998,0.4712083080803705,INE018A01030
Fund holdout,2026-03,icici:HOUSING,ICICI Prudential,Log holdings minimum,0.25,1,1,1,1,1.0,203,-1.2328106852489729,0.7679723522649304,INE018A01030
Fund holdout,2026-03,icici:HOUSING,ICICI Prudential,Word2Vec,1.0,2,0,1,1,0.5,203,-2.0169652840985712,0.6203863934403082,INE018A01030
Fund holdout,2026-03,icici:LARGE & MIDCAP,ICICI Prudential,Popularity,0.25,31,0,0,0,0.032258064516129,172,-5.303560806121432,-0.0303188920378583,INE918I01026
Fund holdout,2026-03,icici:LARGE & MIDCAP,ICICI Prudential,Co-holding,0.25,26,0,0,0,0.0384615384615384,172,-4.623996243531664,0.1016996202016051,INE918I01026
Fund holdout,2026-03,icici:LARGE & MIDCAP,ICICI Prudential,Category popularity,0.25,124,0,0,0,0.0080645161290322,172,-8.440835578184112,-0.6397949752457814,INE918I01026
Fund holdout,2026-03,icici:LARGE & MIDCAP,ICICI Prudential,Binary factors,0.25,10,0,0,1,0.1,172,-3.840342804498439,0.2539394025973202,INE918I01026
Fund holdout,2026-03,icici:LARGE & MIDCAP,ICICI Prudential,Rank factors,0.25,4,0,1,1,0.25,172,-4.278763479562096,0.168767737617689,INE918I01026
Fund holdout,2026-03,icici:LARGE & MIDCAP,ICICI Prudential,Log holdings zero,0.25,1,1,1,1,1.0,172,-0.3512338547584539,0.9317660550505564,INE918I01026
Fund holdout,2026-03,icici:LARGE & MIDCAP,ICICI Prudential,Log holdings minimum,0.25,1,1,1,1,1.0,172,-0.422300454045696,0.9179599986074932,INE918I01026
Fund holdout,2026-03,icici:LARGE & MIDCAP,ICICI Prudential,Word2Vec,1.0,6,0,0,1,0.1666666666666666,172,-3.2023981923788503,0.3778724373957387,INE918I01026
Fund holdout,2026-03,icici:MIDCAP,ICICI Prudential,Popularity,0.25,59,0,0,0,0.0169491525423728,181,-6.907038893953985,-0.3286607364421503,INE745G01043
Fund holdout,2026-03,icici:MIDCAP,ICICI Prudential,Co-holding,0.25,17,0,0,0,0.0588235294117647,181,-4.190509251175102,0.1938998472112777,INE745G01043
Fund holdout,2026-03,icici:MIDCAP,ICICI Prudential,Category popularity,0.25,2,0,1,1,0.5,181,-2.538906973412147,0.511607497678242,INE745G01043
Fund holdout,2026-03,icici:MIDCAP,ICICI Prudential,Binary factors,0.25,1,1,1,1,1.0,181,-2.470295670852836,0.5248057936754611,INE745G01043
Fund holdout,2026-03,icici:MIDCAP,ICICI Prudential,Rank factors,0.25,22,0,0,0,0.0454545454545454,181,-4.554261029247113,0.1239273578774831,INE745G01043
Fund holdout,2026-03,icici:MIDCAP,ICICI Prudential,Log holdings zero,0.25,112,0,0,0,0.0089285714285714,181,-10.119282984376996,-0.9465785829087924,INE745G01043
Fund holdout,2026-03,icici:MIDCAP,ICICI Prudential,Log holdings minimum,0.25,13,0,0,0,0.0769230769230769,181,-4.576244177032868,0.1196986072109848,INE745G01043
Fund holdout,2026-03,icici:MIDCAP,ICICI Prudential,Word2Vec,1.0,84,0,0,0,0.0119047619047619,181,-7.640187876347817,-0.4696916878853046,INE745G01043
Fund holdout,2026-03,icici:MNCFUND,ICICI Prudential,Popularity,0.25,23,0,0,0,0.0434782608695652,200,-5.294445795269233,0.0007307171335653,INE205A01025
Fund holdout,2026-03,icici:MNCFUND,ICICI Prudential,Co-holding,0.25,21,0,0,0,0.0476190476190476,200,-4.369631218749012,0.175279448842092,INE205A01025
Fund holdout,2026-03,icici:MNCFUND,ICICI Prudential,Category popularity,0.25,19,0,0,0,0.0526315789473684,200,-4.4644173371303975,0.1573895959276864,INE205A01025
Fund holdout,2026-03,icici:MNCFUND,ICICI Prudential,Binary factors,0.25,15,0,0,0,0.0666666666666666,200,-4.253320928618989,0.1972317559772536,INE205A01025
Fund holdout,2026-03,icici:MNCFUND,ICICI Prudential,Rank factors,0.25,76,0,0,0,0.0131578947368421,200,-5.413447750503462,-0.0217296126280248,INE205A01025
Fund holdout,2026-03,icici:MNCFUND,ICICI Prudential,Log holdings zero,0.25,107,0,0,0,0.0093457943925233,200,-8.943889130669026,-0.6880621736889565,INE205A01025
Fund holdout,2026-03,icici:MNCFUND,ICICI Prudential,Log holdings minimum,0.25,160,0,0,0,0.00625,200,-10.127991990267324,-0.9115487596519574,INE205A01025
Fund holdout,2026-03,icici:MNCFUND,ICICI Prudential,Word2Vec,1.0,3,0,1,1,0.3333333333333333,200,-2.2918564884081167,0.5674369182038431,INE205A01025
Fund holdout,2026-03,icici:MULTICAP,ICICI Prudential,Popularity,0.25,3,0,1,1,0.3333333333333333,153,-2.191045663421285,0.5644423611503789,INE397D01024
Fund holdout,2026-03,icici:MULTICAP,ICICI Prudential,Co-holding,0.25,3,0,1,1,0.3333333333333333,153,-3.207036556850857,0.3624736838093922,INE397D01024
Fund holdout,2026-03,icici:MULTICAP,ICICI Prudential,Category popularity,0.25,5,0,1,1,0.2,153,-2.9903272837280888,0.4055532877144898,INE397D01024
Fund holdout,2026-03,icici:MULTICAP,ICICI Prudential,Binary factors,0.25,63,0,0,0,0.0158730158730158,153,-5.900531302615437,-0.1729657327690783,INE397D01024
Fund holdout,2026-03,icici:MULTICAP,ICICI Prudential,Rank factors,0.25,10,0,0,1,0.1,153,-4.274423618086505,0.1502879699779028,INE397D01024
Fund holdout,2026-03,icici:MULTICAP,ICICI Prudential,Log holdings zero,0.25,112,0,0,0,0.0089285714285714,153,-13.665281024457798,-1.716519165527287,INE397D01024
Fund holdout,2026-03,icici:MULTICAP,ICICI Prudential,Log holdings minimum,0.25,17,0,0,0,0.0588235294117647,153,-6.365910123366112,-0.2654783187552019,INE397D01024
Fund holdout,2026-03,icici:MULTICAP,ICICI Prudential,Word2Vec,1.0,93,0,0,0,0.010752688172043,153,-7.435218064568261,-0.4780458840271659,INE397D01024
Fund holdout,2026-03,icici:RURALOPP,ICICI Prudential,Popularity,0.25,10,0,0,1,0.1,195,-4.187366183288745,0.2058853529604135,INE030A01027
Fund holdout,2026-03,icici:RURALOPP,ICICI Prudential,Co-holding,0.25,10,0,0,1,0.1,195,-3.7130945380967706,0.2958287788842261,INE030A01027
Fund holdout,2026-03,icici:RURALOPP,ICICI Prudential,Category popularity,0.25,17,0,0,0,0.0588235294117647,195,-4.203970526180571,0.202736416058862,INE030A01027
Fund holdout,2026-03,icici:RURALOPP,ICICI Prudential,Binary factors,0.25,1,1,1,1,1.0,195,-2.632902369480034,0.5006822321454582,INE030A01027
Fund holdout,2026-03,icici:RURALOPP,ICICI Prudential,Rank factors,0.25,7,0,0,1,0.1428571428571428,195,-4.224724313173509,0.1988005562579198,INE030A01027
Fund holdout,2026-03,icici:RURALOPP,ICICI Prudential,Log holdings zero,0.25,45,0,0,0,0.0222222222222222,195,-6.482347391141791,-0.2293472281092783,INE030A01027
Fund holdout,2026-03,icici:RURALOPP,ICICI Prudential,Log holdings minimum,0.25,7,0,0,1,0.1428571428571428,195,-3.2877858060179106,0.3764866145914426,INE030A01027
Fund holdout,2026-03,icici:RURALOPP,ICICI Prudential,Word2Vec,1.0,47,0,0,0,0.0212765957446808,195,-7.078039165489843,-0.3423174204508659,INE030A01027
Fund holdout,2026-03,icici:TECH,ICICI Prudential,Popularity,0.25,3,0,1,1,0.3333333333333333,205,-2.334539579715109,0.5614249101796759,INE397D01024
Fund holdout,2026-03,icici:TECH,ICICI Prudential,Co-holding,0.25,3,0,1,1,0.3333333333333333,205,-3.215224170862101,0.3959763022306933,INE397D01024
Fund holdout,2026-03,icici:TECH,ICICI Prudential,Category popularity,0.25,1,1,1,1,1.0,205,-2.10511611665272,0.6045252357401258,INE397D01024
Fund holdout,2026-03,icici:TECH,ICICI Prudential,Binary factors,0.25,47,0,0,0,0.0212765957446808,205,-5.37914940651901,-0.0105465568542271,INE397D01024
Fund holdout,2026-03,icici:TECH,ICICI Prudential,Rank factors,0.25,1,1,1,1,1.0,205,-3.018982225238664,0.4328430273340721,INE397D01024
Fund holdout,2026-03,icici:TECH,ICICI Prudential,Log holdings zero,0.25,4,0,1,1,0.25,205,-7.066688691811753,-0.3275738199828772,INE397D01024
Fund holdout,2026-03,icici:TECH,ICICI Prudential,Log holdings minimum,0.25,1,1,1,1,1.0,205,-0.0684238273392523,0.9871456511245678,INE397D01024
Fund holdout,2026-03,icici:TECH,ICICI Prudential,Word2Vec,1.0,2,0,1,1,0.5,205,-1.967647364866577,0.6303506150508731,INE397D01024
Fund holdout,2026-03,kotak:EME,Kotak,Popularity,0.25,76,0,0,0,0.0131578947368421,183,-7.680020028325876,-0.4742375357187476,INE061F01013
Fund holdout,2026-03,kotak:EME,Kotak,Co-holding,0.25,13,0,0,0,0.0769230769230769,183,-3.979595175271081,0.2360868119208875,INE061F01013
Fund holdout,2026-03,kotak:EME,Kotak,Category popularity,0.25,26,0,0,0,0.0384615384615384,183,-4.628112608845913,0.1115990189701163,INE061F01013
Fund holdout,2026-03,kotak:EME,Kotak,Binary factors,0.25,5,0,1,1,0.2,183,-3.393947709210225,0.3485062423365772,INE061F01013
Fund holdout,2026-03,kotak:EME,Kotak,Rank factors,0.25,6,0,0,1,0.1666666666666666,183,-3.8078216061905135,0.2690600388459414,INE061F01013
Fund holdout,2026-03,kotak:EME,Kotak,Log holdings zero,0.25,13,0,0,0,0.0769230769230769,183,-6.552329759375883,-0.2577689175355677,INE061F01013
Fund holdout,2026-03,kotak:EME,Kotak,Log holdings minimum,0.25,1,1,1,1,1.0,183,-1.854923617272771,0.6439334777267742,INE061F01013
Fund holdout,2026-03,kotak:EME,Kotak,Word2Vec,1.0,5,0,1,1,0.2,183,-3.073926200232213,0.4099367749436103,INE061F01013
Fund holdout,2026-03,mirae:MAFF,Mirae Asset,Popularity,0.25,1,1,1,1,1.0,209,-1.8711345215623856,0.6497533787081522,INE090A01021
Fund holdout,2026-03,mirae:MAFF,Mirae Asset,Co-holding,0.25,1,1,1,1,1.0,209,-3.034309686917475,0.4320254885209564,INE090A01021
Fund holdout,2026-03,mirae:MAFF,Mirae Asset,Category popularity,0.25,1,1,1,1,1.0,209,-1.215835279377144,0.7724149740480984,INE090A01021
Fund holdout,2026-03,mirae:MAFF,Mirae Asset,Binary factors,0.25,8,0,0,1,0.125,209,-3.994275233568265,0.252335206824761,INE090A01021
Fund holdout,2026-03,mirae:MAFF,Mirae Asset,Rank factors,0.25,1,1,1,1,1.0,209,-3.150905785545807,0.4102005533654203,INE090A01021
Fund holdout,2026-03,mirae:MAFF,Mirae Asset,Log holdings zero,0.25,1,1,1,1,1.0,209,-2.240906091469236,0.5805380221866365,INE090A01021
Fund holdout,2026-03,mirae:MAFF,Mirae Asset,Log holdings minimum,0.25,1,1,1,1,1.0,209,-2.4187823850406147,0.5472424092238273,INE090A01021
Fund holdout,2026-03,mirae:MAFF,Mirae Asset,Word2Vec,1.0,1,1,1,1,1.0,209,-0.07621370206604,0.9857340071827198,INE090A01021
Fund holdout,2026-03,sbi:SBLUECHIP,SBI,Popularity,0.25,1,1,1,1,1.0,188,-1.4042793417065873,0.7318256648933301,INE090A01021
Fund holdout,2026-03,sbi:SBLUECHIP,SBI,Co-holding,0.25,1,1,1,1,1.0,188,-2.515268960530708,0.5196606821225281,INE090A01021
Fund holdout,2026-03,sbi:SBLUECHIP,SBI,Category popularity,0.25,1,1,1,1,1.0,188,-2.050522511774137,0.608413016638121,INE090A01021
Fund holdout,2026-03,sbi:SBLUECHIP,SBI,Binary factors,0.25,9,0,0,1,0.1111111111111111,188,-3.456756461249645,0.33986541132569,INE090A01021
Fund holdout,2026-03,sbi:SBLUECHIP,SBI,Rank factors,0.25,1,1,1,1,1.0,188,-2.592045619444118,0.5049986922717101,INE090A01021
Fund holdout,2026-03,sbi:SBLUECHIP,SBI,Log holdings zero,0.25,1,1,1,1,1.0,188,-0.0495725352427314,0.990533164390131,INE090A01021
Fund holdout,2026-03,sbi:SBLUECHIP,SBI,Log holdings minimum,0.25,1,1,1,1,1.0,188,-0.1028555748205057,0.9803577361210896,INE090A01021
Fund holdout,2026-03,sbi:SBLUECHIP,SBI,Word2Vec,1.0,1,1,1,1,1.0,188,-0.1218186064790245,0.9767363779941162,INE090A01021
Fund holdout,2026-03,sbi:SMAAF,SBI,Popularity,0.25,73,0,0,0,0.0136986301369863,190,-6.928696173473989,-0.3205001688930822,INE129A01019
Fund holdout,2026-03,sbi:SMAAF,SBI,Co-holding,0.25,19,0,0,0,0.0526315789473684,190,-4.401802838817149,0.1610858310766837,INE129A01019
Fund holdout,2026-03,sbi:SMAAF,SBI,Category popularity,0.25,52,0,0,0,0.0192307692307692,190,-6.29463749102501,-0.1996585882696673,INE129A01019
Fund holdout,2026-03,sbi:SMAAF,SBI,Binary factors,0.25,6,0,0,1,0.1666666666666666,190,-3.6020604107938965,0.3135041194292193,INE129A01019
Fund holdout,2026-03,sbi:SMAAF,SBI,Rank factors,0.25,15,0,0,0,0.0666666666666666,190,-4.646073645240059,0.1145316695055647,INE129A01019
Fund holdout,2026-03,sbi:SMAAF,SBI,Log holdings zero,0.25,18,0,0,0,0.0555555555555555,190,-4.705462255576906,0.103213137415737,INE129A01019
Fund holdout,2026-03,sbi:SMAAF,SBI,Log holdings minimum,0.25,19,0,0,0,0.0526315789473684,190,-5.244676105125079,0.0004474854704525,INE129A01019
Fund holdout,2026-03,sbi:SMAAF,SBI,Word2Vec,1.0,7,0,0,1,0.1428571428571428,190,-3.4388833425275767,0.3446030940140893,INE129A01019
Fund holdout,2026-03,uti:193,UTI,Popularity,0.25,1,1,1,1,1.0,184,-1.4389263887926411,0.7240759127870102,INE090A01021
Fund holdout,2026-03,uti:193,UTI,Co-holding,0.25,1,1,1,1,1.0,184,-2.508585717669848,0.5189613383041907,INE090A01021
Fund holdout,2026-03,uti:193,UTI,Category popularity,0.25,2,0,1,1,0.5,184,-1.7323165279208954,0.6678163244114149,INE090A01021
Fund holdout,2026-03,uti:193,UTI,Binary factors,0.25,11,0,0,0,0.0909090909090909,184,-3.9696568061349633,0.2387908517678413,INE090A01021
Fund holdout,2026-03,uti:193,UTI,Rank factors,0.25,1,1,1,1,1.0,184,-2.3824397459576923,0.543150700853499,INE090A01021
Fund holdout,2026-03,uti:193,UTI,Log holdings zero,0.25,1,1,1,1,1.0,184,-0.2532842438323399,0.951430994435017,INE090A01021
Fund holdout,2026-03,uti:193,UTI,Log holdings minimum,0.25,1,1,1,1,1.0,184,-0.4414207359386912,0.915354520850113,INE090A01021
Fund holdout,2026-03,uti:193,UTI,Word2Vec,1.0,1,1,1,1,1.0,184,-0.0289634317472415,0.9944460616403602,INE090A01021
Fund holdout,2026-03,uti:751,UTI,Popularity,0.25,165,0,0,0,0.006060606060606,200,-9.832149109761026,-0.855711621172077,INE036D01028
Fund holdout,2026-03,uti:751,UTI,Co-holding,0.25,30,0,0,0,0.0333333333333333,200,-4.653031492605802,0.1217907175618382,INE036D01028
Fund holdout,2026-03,uti:751,UTI,Category popularity,0.25,4,0,1,1,0.25,200,-3.006892642501125,0.4324815909507932,INE036D01028
Fund holdout,2026-03,uti:751,UTI,Binary factors,0.25,29,0,0,0,0.0344827586206896,200,-4.565255410628021,0.1383575020530755,INE036D01028
Fund holdout,2026-03,uti:751,UTI,Rank factors,0.25,42,0,0,0,0.0238095238095238,200,-5.162035485794116,0.0257217284895695,INE036D01028
Fund holdout,2026-03,uti:751,UTI,Log holdings zero,0.25,41,0,0,0,0.024390243902439,200,-5.572388322815902,-0.0517279236608714,INE036D01028
Fund holdout,2026-03,uti:751,UTI,Log holdings minimum,0.25,30,0,0,0,0.0333333333333333,200,-5.253323198010856,0.0084921618363709,INE036D01028
Fund holdout,2026-03,uti:751,UTI,Word2Vec,1.0,1,1,1,1,1.0,200,-1.364385029012138,0.7424871077700158,INE036D01028
Fund holdout,2026-03,uti:753,UTI,Popularity,0.25,1,1,1,1,1.0,205,-1.5691215905732037,0.7052191153646523,INE040A01034
Fund holdout,2026-03,uti:753,UTI,Co-holding,0.25,1,1,1,1,1.0,205,-2.7741517820444166,0.4788377641754026,INE040A01034
Fund holdout,2026-03,uti:753,UTI,Category popularity,0.25,1,1,1,1,1.0,205,-1.1585164010273488,0.7823568985277634,INE040A01034
Fund holdout,2026-03,uti:753,UTI,Binary factors,0.25,3,0,1,1,0.3333333333333333,205,-3.377183451059434,0.3655500432471347,INE040A01034
Fund holdout,2026-03,uti:753,UTI,Rank factors,0.25,1,1,1,1,1.0,205,-2.5019390519369558,0.5299766369512005,INE040A01034
Fund holdout,2026-03,uti:753,UTI,Log holdings zero,0.25,1,1,1,1,1.0,205,-0.5953746865381975,0.8881507476274606,INE040A01034
Fund holdout,2026-03,uti:753,UTI,Log holdings minimum,0.25,1,1,1,1,1.0,205,-0.888737295988868,0.8330385816536229,INE040A01034
Fund holdout,2026-03,uti:753,UTI,Word2Vec,1.0,1,1,1,1,1.0,205,-0.0824332688057296,0.9845137865364152,INE040A01034
Fund holdout,2026-04,absl:ABSLMCF,Aditya Birla SL,Popularity,0.25,2,0,1,1,0.5,177,-1.8921980773908835,0.6344390763112657,INE062A01020
Fund holdout,2026-04,absl:ABSLMCF,Aditya Birla SL,Co-holding,0.25,1,1,1,1,1.0,177,-2.888368846454013,0.4419850669548197,INE062A01020
Fund holdout,2026-04,absl:ABSLMCF,Aditya Birla SL,Category popularity,0.25,2,0,1,1,0.5,177,-2.5100628686160293,0.5150714337299693,INE062A01020
Fund holdout,2026-04,absl:ABSLMCF,Aditya Birla SL,Binary factors,0.25,21,0,0,0,0.0476190476190476,177,-4.457850192473807,0.1387710126659819,INE062A01020
Fund holdout,2026-04,absl:ABSLMCF,Aditya Birla SL,Rank factors,0.25,18,0,0,0,0.0555555555555555,177,-4.754752089954028,0.0814114089412675,INE062A01020
Fund holdout,2026-04,absl:ABSLMCF,Aditya Birla SL,Log holdings zero,0.5,1,1,1,1,1.0,177,-3.526686942253982,0.3186659728832177,INE062A01020
Fund holdout,2026-04,absl:ABSLMCF,Aditya Birla SL,Log holdings minimum,0.25,3,0,1,1,0.3333333333333333,177,-3.18733758073103,0.3842261631898092,INE062A01020
Fund holdout,2026-04,absl:ABSLMCF,Aditya Birla SL,Word2Vec,1.0,3,0,1,1,0.3333333333333333,177,-2.5532573262584397,0.5067265326212196,INE062A01020
Fund holdout,2026-04,absl:BSLDAAF,Aditya Birla SL,Popularity,0.25,1,1,1,1,1.0,164,-1.622375925542606,0.6818787416291656,INE002A01018
Fund holdout,2026-04,absl:BSLDAAF,Aditya Birla SL,Co-holding,0.25,1,1,1,1,1.0,164,-2.560492940100871,0.4979294112231726,INE002A01018
Fund holdout,2026-04,absl:BSLDAAF,Aditya Birla SL,Category popularity,0.25,2,0,1,1,0.5,164,-2.407853928756378,0.5278594130192422,INE002A01018
Fund holdout,2026-04,absl:BSLDAAF,Aditya Birla SL,Binary factors,0.25,1,1,1,1,1.0,164,-1.60201624558351,0.6858709402969614,INE002A01018
Fund holdout,2026-04,absl:BSLDAAF,Aditya Birla SL,Rank factors,0.25,2,0,1,1,0.5,164,-3.5855568535145967,0.2969312227566841,INE002A01018
Fund holdout,2026-04,absl:BSLDAAF,Aditya Birla SL,Log holdings zero,0.5,1,1,1,1,1.0,164,-1.2490310427424456,0.755085537941171,INE002A01018
Fund holdout,2026-04,absl:BSLDAAF,Aditya Birla SL,Log holdings minimum,0.25,2,0,1,1,0.5,164,-1.2403473184865588,0.7567882735674434,INE002A01018
Fund holdout,2026-04,absl:BSLDAAF,Aditya Birla SL,Word2Vec,1.0,1,1,1,1,1.0,164,-0.2168945138550402,0.9574705500772152,INE002A01018
Fund holdout,2026-04,absl:BSLPHF,Aditya Birla SL,Popularity,0.25,34,0,0,0,0.0294117647058823,214,-5.563917757444077,-0.0368883017494106,INE437A01024
Fund holdout,2026-04,absl:BSLPHF,Aditya Birla SL,Co-holding,0.25,32,0,0,0,0.03125,214,-4.685792246306278,0.1267586300817268,INE437A01024
Fund holdout,2026-04,absl:BSLPHF,Aditya Birla SL,Category popularity,0.25,23,0,0,0,0.0434782608695652,214,-4.679513735308671,0.1279286895415586,INE437A01024
Fund holdout,2026-04,absl:BSLPHF,Aditya Birla SL,Binary factors,0.25,5,0,1,1,0.2,214,-3.869629922345952,0.2788581403433288,INE437A01024
Fund holdout,2026-04,absl:BSLPHF,Aditya Birla SL,Rank factors,0.25,50,0,0,0,0.02,214,-5.344931656709829,0.003921813711636,INE437A01024
Fund holdout,2026-04,absl:BSLPHF,Aditya Birla SL,Log holdings zero,0.5,19,0,0,0,0.0526315789473684,214,-4.827541186220662,0.1003423845529426,INE437A01024
Fund holdout,2026-04,absl:BSLPHF,Aditya Birla SL,Log holdings minimum,0.25,172,0,0,0,0.005813953488372,214,-13.796245468658654,-1.5710598463423198,INE437A01024
Fund holdout,2026-04,absl:BSLPHF,Aditya Birla SL,Word2Vec,1.0,2,0,1,1,0.5,214,-1.7688111667106154,0.6703654355220944,INE437A01024
Fund holdout,2026-04,absl:BSLR96,Aditya Birla SL,Popularity,0.25,1,1,1,1,1.0,196,-1.3156273049767684,0.7507391578400135,INE040A01034
Fund holdout,2026-04,absl:BSLR96,Aditya Birla SL,Co-holding,0.25,1,1,1,1,1.0,196,-2.617458086395996,0.504092226981369,INE040A01034
Fund holdout,2026-04,absl:BSLR96,Aditya Birla SL,Category popularity,0.25,1,1,1,1,1.0,196,-1.1305447933766075,0.7858051849253637,INE040A01034
Fund holdout,2026-04,absl:BSLR96,Aditya Birla SL,Binary factors,0.25,35,0,0,0,0.0285714285714285,196,-4.784368371954463,0.0935459570611215,INE040A01034
Fund holdout,2026-04,absl:BSLR96,Aditya Birla SL,Rank factors,0.25,1,1,1,1,1.0,196,-3.424727298525214,0.3511457178111972,INE040A01034
Fund holdout,2026-04,absl:BSLR96,Aditya Birla SL,Log holdings zero,0.5,1,1,1,1,1.0,196,-2.052119933675893,0.6112020927610795,INE040A01034
Fund holdout,2026-04,absl:BSLR96,Aditya Birla SL,Log holdings minimum,0.25,1,1,1,1,1.0,196,-0.7125759852447038,0.8649942202376125,INE040A01034
Fund holdout,2026-04,absl:BSLR96,Aditya Birla SL,Word2Vec,1.0,1,1,1,1,1.0,196,-0.0199710072510779,0.9962162611954344,INE040A01034
Fund holdout,2026-04,absl:MNC,Aditya Birla SL,Popularity,0.25,21,0,0,0,0.0476190476190476,193,-4.844682483995438,0.0794285222775826,INE030A01027
Fund holdout,2026-04,absl:MNC,Aditya Birla SL,Co-holding,0.25,7,0,0,1,0.1428571428571428,193,-3.7920714060006433,0.2794424011515418,INE030A01027
Fund holdout,2026-04,absl:MNC,Aditya Birla SL,Category popularity,0.25,22,0,0,0,0.0454545454545454,193,-4.6347299632185575,0.1193230464164946,INE030A01027
Fund holdout,2026-04,absl:MNC,Aditya Birla SL,Binary factors,0.25,1,1,1,1,1.0,193,-1.9891497703372216,0.6220279554873162,INE030A01027
Fund holdout,2026-04,absl:MNC,Aditya Birla SL,Rank factors,0.25,13,0,0,0,0.0769230769230769,193,-4.564160694704142,0.1327323990443945,INE030A01027
Fund holdout,2026-04,absl:MNC,Aditya Birla SL,Log holdings zero,0.5,19,0,0,0,0.0526315789473684,193,-4.564462162762447,0.1326751150228231,INE030A01027
Fund holdout,2026-04,absl:MNC,Aditya Birla SL,Log holdings minimum,0.25,43,0,0,0,0.0232558139534883,193,-6.705261748997641,-0.2741129552209,INE030A01027
Fund holdout,2026-04,absl:MNC,Aditya Birla SL,Word2Vec,1.0,1,1,1,1,1.0,193,-1.7614784125530711,0.6652893578522399,INE030A01027
Fund holdout,2026-04,axis:AXISMLC,Axis,Popularity,0.25,1,1,1,1,1.0,145,-0.7905151740054244,0.8411578326428741,INE090A01021
Fund holdout,2026-04,axis:AXISMLC,Axis,Co-holding,0.25,1,1,1,1,1.0,145,-2.2481670296685774,0.5482645554240324,INE090A01021
Fund holdout,2026-04,axis:AXISMLC,Axis,Category popularity,0.25,1,1,1,1,1.0,145,-1.0336020672409312,0.7923131674835773,INE090A01021
Fund holdout,2026-04,axis:AXISMLC,Axis,Binary factors,0.25,3,0,1,1,0.3333333333333333,145,-2.864257778144874,0.4244703602021992,INE090A01021
Fund holdout,2026-04,axis:AXISMLC,Axis,Rank factors,0.25,1,1,1,1,1.0,145,-3.04407260285186,0.3883392682021824,INE090A01021
Fund holdout,2026-04,axis:AXISMLC,Axis,Log holdings zero,0.5,1,1,1,1,1.0,145,-0.651235859147584,0.8691439219268264,INE090A01021
Fund holdout,2026-04,axis:AXISMLC,Axis,Log holdings minimum,0.25,1,1,1,1,1.0,145,-0.2255010583264338,0.9546889445974752,INE090A01021
Fund holdout,2026-04,axis:AXISMLC,Axis,Word2Vec,1.0,1,1,1,1,1.0,145,-0.0276486886287212,0.994444410720017,INE090A01021
Fund holdout,2026-04,hdfc:HDFCEQ,HDFC,Popularity,0.25,1,1,1,1,1.0,182,-1.636380510993238,0.6855537263130558,INE238A01034
Fund holdout,2026-04,hdfc:HDFCEQ,HDFC,Co-holding,0.25,1,1,1,1,1.0,182,-2.522008224704614,0.5153718324444965,INE238A01034
Fund holdout,2026-04,hdfc:HDFCEQ,HDFC,Category popularity,0.25,1,1,1,1,1.0,182,-1.5352595993573104,0.7049850832878735,INE238A01034
Fund holdout,2026-04,hdfc:HDFCEQ,HDFC,Binary factors,0.25,32,0,0,0,0.03125,182,-4.753531179127464,0.0865632069743502,INE238A01034
Fund holdout,2026-04,hdfc:HDFCEQ,HDFC,Rank factors,0.25,2,0,1,1,0.5,182,-3.5914275570405465,0.3098726091265017,INE238A01034
Fund holdout,2026-04,hdfc:HDFCEQ,HDFC,Log holdings zero,0.5,2,0,1,1,0.5,182,-2.6036073249517133,0.4996917795249381,INE238A01034
Fund holdout,2026-04,hdfc:HDFCEQ,HDFC,Log holdings minimum,0.25,1,1,1,1,1.0,182,-0.3364124883254877,0.9353551006840736,INE238A01034
Fund holdout,2026-04,hdfc:HDFCEQ,HDFC,Word2Vec,1.0,1,1,1,1,1.0,182,-0.1413889162969184,0.9728307581448672,INE238A01034
Fund holdout,2026-04,hdfc:HDFCMNCFND,HDFC,Popularity,0.25,23,0,0,0,0.0434782608695652,208,-5.240043345201933,0.0182658620966392,INE216A01030
Fund holdout,2026-04,hdfc:HDFCMNCFND,HDFC,Co-holding,0.25,9,0,0,1,0.1111111111111111,208,-3.8898627717431222,0.2712252889517943,INE216A01030
Fund holdout,2026-04,hdfc:HDFCMNCFND,HDFC,Category popularity,0.25,13,0,0,0,0.0769230769230769,208,-3.823615980122163,0.2836367772881297,INE216A01030
Fund holdout,2026-04,hdfc:HDFCMNCFND,HDFC,Binary factors,0.25,9,0,0,1,0.1111111111111111,208,-4.183523569007247,0.2162072651214974,INE216A01030
Fund holdout,2026-04,hdfc:HDFCMNCFND,HDFC,Rank factors,0.25,4,0,1,1,0.25,208,-3.701448348408957,0.3065251632610206,INE216A01030
Fund holdout,2026-04,hdfc:HDFCMNCFND,HDFC,Log holdings zero,0.5,16,0,0,0,0.0625,208,-4.332738323874526,0.1882515385975511,INE216A01030
Fund holdout,2026-04,hdfc:HDFCMNCFND,HDFC,Log holdings minimum,0.25,3,0,1,1,0.3333333333333333,208,-1.97011968946775,0.630893558031909,INE216A01030
Fund holdout,2026-04,hdfc:HDFCMNCFND,HDFC,Word2Vec,1.0,1,1,1,1,1.0,208,-1.6464057156286938,0.6915421134155497,INE216A01030
Fund holdout,2026-04,icici:BHACON,ICICI Prudential,Popularity,0.25,3,0,1,1,0.3333333333333333,199,-2.327884416317172,0.5602209785002634,INE397D01024
Fund holdout,2026-04,icici:BHACON,ICICI Prudential,Co-holding,0.25,1,1,1,1,1.0,199,-3.095732146204257,0.415160802426415,INE397D01024
Fund holdout,2026-04,icici:BHACON,ICICI Prudential,Category popularity,0.25,1,1,1,1,1.0,199,-2.04921567395874,0.612866490441461,INE397D01024
Fund holdout,2026-04,icici:BHACON,ICICI Prudential,Binary factors,0.25,8,0,0,1,0.125,199,-3.967376880359597,0.2504915148985224,INE397D01024
Fund holdout,2026-04,icici:BHACON,ICICI Prudential,Rank factors,0.25,2,0,1,1,0.5,199,-3.2486541079015683,0.3862711074700566,INE397D01024
Fund holdout,2026-04,icici:BHACON,ICICI Prudential,Log holdings zero,0.5,2,0,1,1,0.5,199,-2.7057188568568087,0.4888412916976424,INE397D01024
Fund holdout,2026-04,icici:BHACON,ICICI Prudential,Log holdings minimum,0.25,17,0,0,0,0.0588235294117647,199,-5.9330818153304765,-0.1208653217206858,INE397D01024
Fund holdout,2026-04,icici:BHACON,ICICI Prudential,Word2Vec,1.0,1,1,1,1,1.0,199,-1.7809315181771597,0.6635501681560811,INE397D01024
Fund holdout,2026-04,icici:HOUSING,ICICI Prudential,Popularity,0.25,6,0,0,1,0.1666666666666666,205,-2.852829904890669,0.4640570060790243,INE018A01030
Fund holdout,2026-04,icici:HOUSING,ICICI Prudential,Co-holding,0.25,2,0,1,1,0.5,205,-3.180853122758977,0.4024333722414258,INE018A01030
Fund holdout,2026-04,icici:HOUSING,ICICI Prudential,Category popularity,0.25,10,0,0,1,0.1,205,-3.75353337956499,0.2948475779163307,INE018A01030
Fund holdout,2026-04,icici:HOUSING,ICICI Prudential,Binary factors,0.25,2,0,1,1,0.5,205,-2.551533824831375,0.5206595826738671,INE018A01030
Fund holdout,2026-04,icici:HOUSING,ICICI Prudential,Rank factors,0.25,1,1,1,1,1.0,205,-3.080209886402757,0.4213405763892021,INE018A01030
Fund holdout,2026-04,icici:HOUSING,ICICI Prudential,Log holdings zero,0.5,31,0,0,0,0.032258064516129,205,-4.888215042079939,0.0816821570431933,INE018A01030
Fund holdout,2026-04,icici:HOUSING,ICICI Prudential,Log holdings minimum,0.25,1,1,1,1,1.0,205,-1.6140787970104764,0.6967732911761826,INE018A01030
Fund holdout,2026-04,icici:HOUSING,ICICI Prudential,Word2Vec,1.0,2,0,1,1,0.5,205,-2.154294708941336,0.5952863666639163,INE018A01030
Fund holdout,2026-04,icici:LARGE & MIDCAP,ICICI Prudential,Popularity,0.25,148,0,0,0,0.0067567567567567,174,-9.127179231159506,-0.7691570843501381,INE018E01016
Fund holdout,2026-04,icici:LARGE & MIDCAP,ICICI Prudential,Co-holding,0.25,86,0,0,0,0.0116279069767441,174,-5.756579274835321,-0.1158204246641367,INE018E01016
Fund holdout,2026-04,icici:LARGE & MIDCAP,ICICI Prudential,Category popularity,0.25,121,0,0,0,0.0082644628099173,174,-8.162676509587,-0.5822037245520075,INE018E01016
Fund holdout,2026-04,icici:LARGE & MIDCAP,ICICI Prudential,Binary factors,0.25,12,0,0,0,0.0833333333333333,174,-4.06671039822975,0.2117335127520516,INE018E01016
Fund holdout,2026-04,icici:LARGE & MIDCAP,ICICI Prudential,Rank factors,0.25,22,0,0,0,0.0454545454545454,174,-4.681363206028265,0.0925929391101881,INE018E01016
Fund holdout,2026-04,icici:LARGE & MIDCAP,ICICI Prudential,Log holdings zero,0.5,9,0,0,1,0.1111111111111111,174,-4.149270960701131,0.1957304738848484,INE018E01016
Fund holdout,2026-04,icici:LARGE & MIDCAP,ICICI Prudential,Log holdings minimum,0.25,13,0,0,0,0.0769230769230769,174,-4.001296728370306,0.2244129019164599,INE018E01016
Fund holdout,2026-04,icici:LARGE & MIDCAP,ICICI Prudential,Word2Vec,1.0,77,0,0,0,0.0129870129870129,174,-6.249351032606054,-0.2113363145298177,INE018E01016
Fund holdout,2026-04,icici:MIDCAP,ICICI Prudential,Popularity,0.25,125,0,0,0,0.008,179,-9.0130075407785,-0.7374854846212273,INE118H01025
Fund holdout,2026-04,icici:MIDCAP,ICICI Prudential,Co-holding,0.25,81,0,0,0,0.0123456790123456,179,-5.639240518424549,-0.0871064404107029,INE118H01025
Fund holdout,2026-04,icici:MIDCAP,ICICI Prudential,Category popularity,0.25,68,0,0,0,0.0147058823529411,179,-6.396881818854519,-0.2331609905806364,INE118H01025
Fund holdout,2026-04,icici:MIDCAP,ICICI Prudential,Binary factors,0.25,52,0,0,0,0.0192307692307692,179,-5.230605083450138,-0.008331610415543,INE118H01025
Fund holdout,2026-04,icici:MIDCAP,ICICI Prudential,Rank factors,0.25,44,0,0,0,0.0227272727272727,179,-4.916173201717712,0.0522830987079601,INE118H01025
Fund holdout,2026-04,icici:MIDCAP,ICICI Prudential,Log holdings zero,0.5,43,0,0,0,0.0232558139534883,179,-5.667563863001224,-0.0925664824505265,INE118H01025
Fund holdout,2026-04,icici:MIDCAP,ICICI Prudential,Log holdings minimum,0.25,18,0,0,0,0.0555555555555555,179,-5.680986836426235,-0.0951541005547935,INE118H01025
Fund holdout,2026-04,icici:MIDCAP,ICICI Prudential,Word2Vec,1.0,14,0,0,0,0.0714285714285714,179,-4.328192987184523,0.1656311774013069,INE118H01025
Fund holdout,2026-04,icici:MNCFUND,ICICI Prudential,Popularity,0.25,10,0,0,1,0.1,200,-3.2344725556624425,0.3895283479838489,INE585B01010
Fund holdout,2026-04,icici:MNCFUND,ICICI Prudential,Co-holding,0.25,1,1,1,1,1.0,200,-3.3514926347192326,0.3674420758787426,INE585B01010
Fund holdout,2026-04,icici:MNCFUND,ICICI Prudential,Category popularity,0.25,5,0,1,1,0.2,200,-2.5154880325072817,0.5252288871200304,INE585B01010
Fund holdout,2026-04,icici:MNCFUND,ICICI Prudential,Binary factors,0.25,2,0,1,1,0.5,200,-2.786160690788849,0.474142355386293,INE585B01010
Fund holdout,2026-04,icici:MNCFUND,ICICI Prudential,Rank factors,0.25,2,0,1,1,0.5,200,-4.025988655453817,0.2401382595779021,INE585B01010
Fund holdout,2026-04,icici:MNCFUND,ICICI Prudential,Log holdings zero,0.5,8,0,0,1,0.125,200,-3.8956661056016335,0.2647352289242458,INE585B01010
Fund holdout,2026-04,icici:MNCFUND,ICICI Prudential,Log holdings minimum,0.25,19,0,0,0,0.0526315789473684,200,-4.771867705916047,0.0993616697927218,INE585B01010
Fund holdout,2026-04,icici:MNCFUND,ICICI Prudential,Word2Vec,1.0,1,1,1,1,1.0,200,-1.957149479173004,0.6306092399202339,INE585B01010
Fund holdout,2026-04,icici:MULTICAP,ICICI Prudential,Popularity,0.25,12,0,0,0,0.0833333333333333,142,-3.947551086738244,0.2034526142950288,INE481G01011
Fund holdout,2026-04,icici:MULTICAP,ICICI Prudential,Co-holding,0.25,10,0,0,1,0.1,142,-3.622428555290939,0.2690567057349492,INE481G01011
Fund holdout,2026-04,icici:MULTICAP,ICICI Prudential,Category popularity,0.25,22,0,0,0,0.0454545454545454,142,-4.749761859848777,0.0415803851420562,INE481G01011
Fund holdout,2026-04,icici:MULTICAP,ICICI Prudential,Binary factors,0.25,32,0,0,0,0.03125,142,-4.980378191134367,-0.0049539931978557,INE481G01011
Fund holdout,2026-04,icici:MULTICAP,ICICI Prudential,Rank factors,0.25,5,0,1,1,0.2,142,-3.5673164821848227,0.280177366820486,INE481G01011
Fund holdout,2026-04,icici:MULTICAP,ICICI Prudential,Log holdings zero,0.5,6,0,0,1,0.1666666666666666,142,-4.23458331337359,0.1455344861401943,INE481G01011
Fund holdout,2026-04,icici:MULTICAP,ICICI Prudential,Log holdings minimum,0.25,15,0,0,0,0.0666666666666666,142,-6.37272102938101,-0.28590464423219,INE481G01011
Fund holdout,2026-04,icici:MULTICAP,ICICI Prudential,Word2Vec,1.0,10,0,0,1,0.1,142,-3.5982653001284834,0.2739324318007718,INE481G01011
Fund holdout,2026-04,icici:RURALOPP,ICICI Prudential,Popularity,0.25,10,0,0,1,0.1,199,-4.136810673325819,0.2184824395520934,INE030A01027
Fund holdout,2026-04,icici:RURALOPP,ICICI Prudential,Co-holding,0.25,9,0,0,1,0.1111111111111111,199,-3.67773970429299,0.3052091602367883,INE030A01027
Fund holdout,2026-04,icici:RURALOPP,ICICI Prudential,Category popularity,0.25,13,0,0,0,0.0769230769230769,199,-3.9603284728531065,0.2518230852009859,INE030A01027
Fund holdout,2026-04,icici:RURALOPP,ICICI Prudential,Binary factors,0.25,1,1,1,1,1.0,199,-2.661992201928763,0.4971020392600731,INE030A01027
Fund holdout,2026-04,icici:RURALOPP,ICICI Prudential,Rank factors,0.25,7,0,0,1,0.1428571428571428,199,-4.325747855346382,0.1827888250188709,INE030A01027
Fund holdout,2026-04,icici:RURALOPP,ICICI Prudential,Log holdings zero,0.5,18,0,0,0,0.0555555555555555,199,-4.747697989835688,0.1030748942211546,INE030A01027
Fund holdout,2026-04,icici:RURALOPP,ICICI Prudential,Log holdings minimum,0.25,17,0,0,0,0.0588235294117647,199,-5.829289296630178,-0.101257057670693,INE030A01027
Fund holdout,2026-04,icici:RURALOPP,ICICI Prudential,Word2Vec,1.0,14,0,0,0,0.0714285714285714,199,-5.072288038122748,0.041754025872343,INE030A01027
Fund holdout,2026-04,icici:TECH,ICICI Prudential,Popularity,0.25,3,0,1,1,0.3333333333333333,210,-2.4350387049829934,0.5446063706416124,INE397D01024
Fund holdout,2026-04,icici:TECH,ICICI Prudential,Co-holding,0.25,4,0,1,1,0.25,210,-3.3115003579223234,0.3806931431809095,INE397D01024
Fund holdout,2026-04,icici:TECH,ICICI Prudential,Category popularity,0.25,1,1,1,1,1.0,210,-2.3265673845201054,0.5648923513965822,INE397D01024
Fund holdout,2026-04,icici:TECH,ICICI Prudential,Binary factors,0.25,20,0,0,0,0.05,210,-4.689777473951546,0.1229318941109312,INE397D01024
Fund holdout,2026-04,icici:TECH,ICICI Prudential,Rank factors,0.25,2,0,1,1,0.5,210,-3.2513571086825124,0.3919409531219491,INE397D01024
Fund holdout,2026-04,icici:TECH,ICICI Prudential,Log holdings zero,0.5,6,0,0,1,0.1666666666666666,210,-2.954530372065239,0.4474525984202895,INE397D01024
Fund holdout,2026-04,icici:TECH,ICICI Prudential,Log holdings minimum,0.25,2,0,1,1,0.5,210,-1.7275252178990526,0.6769234192551846,INE397D01024
Fund holdout,2026-04,icici:TECH,ICICI Prudential,Word2Vec,1.0,45,0,0,0,0.0222222222222222,210,-5.081531037922288,0.049667318502485,INE397D01024
Fund holdout,2026-04,kotak:EME,Kotak,Popularity,0.25,83,0,0,0,0.0120481927710843,187,-7.554238760640837,-0.4440990072928605,INE061F01013
Fund holdout,2026-04,kotak:EME,Kotak,Co-holding,0.25,6,0,0,1,0.1666666666666666,187,-3.6788378889757376,0.2967383859852281,INE061F01013
Fund holdout,2026-04,kotak:EME,Kotak,Category popularity,0.25,24,0,0,0,0.0416666666666666,187,-4.579696013631964,0.1245266827616189,INE061F01013
Fund holdout,2026-04,kotak:EME,Kotak,Binary factors,0.25,1,1,1,1,1.0,187,-3.0634769612586634,0.4143732838220626,INE061F01013
Fund holdout,2026-04,kotak:EME,Kotak,Rank factors,0.25,6,0,0,1,0.1666666666666666,187,-3.727095426357319,0.2875132788585866,INE061F01013
Fund holdout,2026-04,kotak:EME,Kotak,Log holdings zero,0.5,20,0,0,0,0.05,187,-4.734377067846123,0.0949572232945038,INE061F01013
Fund holdout,2026-04,kotak:EME,Kotak,Log holdings minimum,0.25,2,0,1,1,0.5,187,-1.976228731224993,0.6222160777052876,INE061F01013
Fund holdout,2026-04,kotak:EME,Kotak,Word2Vec,1.0,6,0,0,1,0.1666666666666666,187,-3.285368870259012,0.3719555239832754,INE061F01013
Fund holdout,2026-04,mirae:MAFF,Mirae Asset,Popularity,0.25,1,1,1,1,1.0,212,-1.819451713529148,0.6603337237127662,INE090A01021
Fund holdout,2026-04,mirae:MAFF,Mirae Asset,Co-holding,0.25,1,1,1,1,1.0,212,-2.990247317308282,0.4417625024640573,INE090A01021
Fund holdout,2026-04,mirae:MAFF,Mirae Asset,Category popularity,0.25,1,1,1,1,1.0,212,-1.194922273745032,0.7769246657343911,INE090A01021
Fund holdout,2026-04,mirae:MAFF,Mirae Asset,Binary factors,0.25,10,0,0,1,0.1,212,-3.826906897277555,0.285569819836071,INE090A01021
Fund holdout,2026-04,mirae:MAFF,Mirae Asset,Rank factors,0.25,1,1,1,1,1.0,212,-3.062875410350579,0.4282038497479216,INE090A01021
Fund holdout,2026-04,mirae:MAFF,Mirae Asset,Log holdings zero,0.5,1,1,1,1,1.0,212,-2.7676538120697485,0.4833176074926164,INE090A01021
Fund holdout,2026-04,mirae:MAFF,Mirae Asset,Log holdings minimum,0.25,2,0,1,1,0.5,212,-2.458929638591125,0.5409521078344459,INE090A01021
Fund holdout,2026-04,mirae:MAFF,Mirae Asset,Word2Vec,1.0,1,1,1,1,1.0,212,-0.1827728361578451,0.9658788588877836,INE090A01021
Fund holdout,2026-04,sbi:SBLUECHIP,SBI,Popularity,0.25,1,1,1,1,1.0,187,-1.390733647960829,0.7341416992413621,INE090A01021
Fund holdout,2026-04,sbi:SBLUECHIP,SBI,Co-holding,0.25,1,1,1,1,1.0,187,-2.516611583347828,0.5189142937618754,INE090A01021
Fund holdout,2026-04,sbi:SBLUECHIP,SBI,Category popularity,0.25,1,1,1,1,1.0,187,-2.018767276766013,0.6140842363200867,INE090A01021
Fund holdout,2026-04,sbi:SBLUECHIP,SBI,Binary factors,0.25,5,0,1,1,0.2,187,-3.314656596166613,0.3663567631750527,INE090A01021
Fund holdout,2026-04,sbi:SBLUECHIP,SBI,Rank factors,0.25,1,1,1,1,1.0,187,-2.612893379872067,0.5005086739255715,INE090A01021
Fund holdout,2026-04,sbi:SBLUECHIP,SBI,Log holdings zero,0.5,2,0,1,1,0.5,187,-2.638712247693719,0.4955730341381537,INE090A01021
Fund holdout,2026-04,sbi:SBLUECHIP,SBI,Log holdings minimum,0.25,1,1,1,1,1.0,187,-1.3813259175082138,0.7359401192593108,INE090A01021
Fund holdout,2026-04,sbi:SBLUECHIP,SBI,Word2Vec,1.0,1,1,1,1,1.0,187,-0.0733845073240573,0.9859715190987216,INE090A01021
Fund holdout,2026-04,sbi:SMAAF,SBI,Popularity,0.25,69,0,0,0,0.0144927536231884,190,-6.506910682515956,-0.2401145092968299,INE129A01019
Fund holdout,2026-04,sbi:SMAAF,SBI,Co-holding,0.25,18,0,0,0,0.0555555555555555,190,-4.274452162522579,0.185356860624702,INE129A01019
Fund holdout,2026-04,sbi:SMAAF,SBI,Category popularity,0.25,56,0,0,0,0.0178571428571428,190,-6.107741775524037,-0.1640392137574369,INE129A01019
Fund holdout,2026-04,sbi:SMAAF,SBI,Binary factors,0.25,13,0,0,0,0.0769230769230769,190,-4.091079319542221,0.220304831218794,INE129A01019
Fund holdout,2026-04,sbi:SMAAF,SBI,Rank factors,0.25,9,0,0,1,0.1111111111111111,190,-4.439418974184818,0.1539167891873484,INE129A01019
Fund holdout,2026-04,sbi:SMAAF,SBI,Log holdings zero,0.5,55,0,0,0,0.0181818181818181,190,-5.354280594779317,-0.0204414009053073,INE129A01019
Fund holdout,2026-04,sbi:SMAAF,SBI,Log holdings minimum,0.25,13,0,0,0,0.0769230769230769,190,-4.655279099087549,0.1127772552469505,INE129A01019
Fund holdout,2026-04,sbi:SMAAF,SBI,Word2Vec,1.0,99,0,0,0,0.0101010101010101,190,-6.562675539857777,-0.2507424112418004,INE129A01019
Fund holdout,2026-04,uti:193,UTI,Popularity,0.25,1,1,1,1,1.0,190,-1.4293791677770962,0.7275828835318183,INE090A01021
Fund holdout,2026-04,uti:193,UTI,Co-holding,0.25,1,1,1,1,1.0,190,-2.561445591497188,0.511828885045976,INE090A01021
Fund holdout,2026-04,uti:193,UTI,Category popularity,0.25,2,0,1,1,0.5,190,-1.764532194851636,0.6637080046547067,INE090A01021
Fund holdout,2026-04,uti:193,UTI,Binary factors,0.25,12,0,0,0,0.0833333333333333,190,-3.886008454966952,0.2593881023749773,INE090A01021
Fund holdout,2026-04,uti:193,UTI,Rank factors,0.25,1,1,1,1,1.0,190,-2.4857687246635463,0.5262517018260944,INE090A01021
Fund holdout,2026-04,uti:193,UTI,Log holdings zero,0.5,1,1,1,1,1.0,190,-2.234059351210649,0.5742235369065565,INE090A01021
Fund holdout,2026-04,uti:193,UTI,Log holdings minimum,0.25,1,1,1,1,1.0,190,-0.5703577196350524,0.8912988178077473,INE090A01021
Fund holdout,2026-04,uti:193,UTI,Word2Vec,1.0,1,1,1,1,1.0,190,-0.0181823606787858,0.996534728938017,INE090A01021
Fund holdout,2026-04,uti:751,UTI,Popularity,0.25,76,0,0,0,0.0131578947368421,202,-6.954514573915656,-0.3101288349343067,INE745G01043
Fund holdout,2026-04,uti:751,UTI,Co-holding,0.25,2,0,1,1,0.5,202,-3.7933519629426655,0.2853879685081073,INE745G01043
Fund holdout,2026-04,uti:751,UTI,Category popularity,0.25,4,0,1,1,0.25,202,-3.142097480187454,0.4080747883672584,INE745G01043
Fund holdout,2026-04,uti:751,UTI,Binary factors,0.25,6,0,0,1,0.1666666666666666,202,-3.78907436691887,0.286193805038524,INE745G01043
Fund holdout,2026-04,uti:751,UTI,Rank factors,0.25,31,0,0,0,0.032258064516129,202,-5.105833051417752,0.0381357266670179,INE745G01043
Fund holdout,2026-04,uti:751,UTI,Log holdings zero,0.5,42,0,0,0,0.0238095238095238,202,-5.059812667467153,0.0468052939484739,INE745G01043
Fund holdout,2026-04,uti:751,UTI,Log holdings minimum,0.25,41,0,0,0,0.024390243902439,202,-5.849080601212952,-0.1018812416104251,INE745G01043
Fund holdout,2026-04,uti:751,UTI,Word2Vec,1.0,2,0,1,1,0.5,202,-2.3579981168654687,0.5557876408494082,INE745G01043
Fund holdout,2026-04,uti:753,UTI,Popularity,0.25,1,1,1,1,1.0,208,-1.6320650299349886,0.6942288737682754,INE040A01034
Fund holdout,2026-04,uti:753,UTI,Co-holding,0.25,1,1,1,1,1.0,208,-2.793275484345688,0.4766734320887512,INE040A01034
Fund holdout,2026-04,uti:753,UTI,Category popularity,0.25,1,1,1,1,1.0,208,-1.176352037285037,0.7796077480442324,INE040A01034
Fund holdout,2026-04,uti:753,UTI,Binary factors,0.25,3,0,1,1,0.3333333333333333,208,-3.370134166886525,0.3685976349839711,INE040A01034
Fund holdout,2026-04,uti:753,UTI,Rank factors,0.25,1,1,1,1,1.0,208,-2.6094385566224783,0.5111157020975297,INE040A01034
Fund holdout,2026-04,uti:753,UTI,Log holdings zero,0.5,1,1,1,1,1.0,208,-2.9118246261061387,0.4544629785069223,INE040A01034
Fund holdout,2026-04,uti:753,UTI,Log holdings minimum,0.25,1,1,1,1,1.0,208,-1.2082992060652271,0.7736223727076731,INE040A01034
Fund holdout,2026-04,uti:753,UTI,Word2Vec,1.0,1,1,1,1,1.0,208,-0.2584875668013904,0.9515717615609302,INE040A01034
Fund holdout,2026-05,absl:ABSLMCF,Aditya Birla SL,Popularity,0.25,2,0,1,1,0.5,170,-1.9146691437233263,0.6271915326912608,INE062A01020
Fund holdout,2026-05,absl:ABSLMCF,Aditya Birla SL,Co-holding,0.25,1,1,1,1,1.0,170,-2.817027498276796,0.4514918112918094,INE062A01020
Fund holdout,2026-05,absl:ABSLMCF,Aditya Birla SL,Category popularity,0.25,2,0,1,1,0.5,170,-2.533660374135266,0.5066667033002817,INE062A01020
Fund holdout,2026-05,absl:ABSLMCF,Aditya Birla SL,Binary factors,0.25,18,0,0,0,0.0555555555555555,170,-4.224135155770389,0.1775114994200367,INE062A01020
Fund holdout,2026-05,absl:ABSLMCF,Aditya Birla SL,Rank factors,0.25,6,0,0,1,0.1666666666666666,170,-4.0142705555741305,0.2183745906742165,INE062A01020
Fund holdout,2026-05,absl:ABSLMCF,Aditya Birla SL,Log holdings zero,0.25,8,0,0,1,0.125,170,-3.4657788656152406,0.3251723353057045,INE062A01020
Fund holdout,2026-05,absl:ABSLMCF,Aditya Birla SL,Log holdings minimum,0.5,5,0,1,1,0.2,170,-3.9282022218325183,0.2351331015068661,INE062A01020
Fund holdout,2026-05,absl:ABSLMCF,Aditya Birla SL,Word2Vec,1.0,1,1,1,1,1.0,170,-2.176200240452574,0.576268370512128,INE062A01020
Fund holdout,2026-05,absl:BSLDAAF,Aditya Birla SL,Popularity,0.25,1,1,1,1,1.0,163,-1.057168167894151,0.792457791171873,INE040A01034
Fund holdout,2026-05,absl:BSLDAAF,Aditya Birla SL,Co-holding,0.25,1,1,1,1,1.0,163,-2.2753951483218278,0.5532966756081906,INE040A01034
Fund holdout,2026-05,absl:BSLDAAF,Aditya Birla SL,Category popularity,0.25,1,1,1,1,1.0,163,-1.6677558582850214,0.6725878198697538,INE040A01034
Fund holdout,2026-05,absl:BSLDAAF,Aditya Birla SL,Binary factors,0.25,19,0,0,0,0.0526315789473684,163,-4.490066849034278,0.1185145183752574,INE040A01034
Fund holdout,2026-05,absl:BSLDAAF,Aditya Birla SL,Rank factors,0.25,1,1,1,1,1.0,163,-2.801450732401197,0.4500219637866233,INE040A01034
Fund holdout,2026-05,absl:BSLDAAF,Aditya Birla SL,Log holdings zero,0.25,3,0,1,1,0.3333333333333333,163,-4.3539835524069925,0.1452302565372372,INE040A01034
Fund holdout,2026-05,absl:BSLDAAF,Aditya Birla SL,Log holdings minimum,0.5,3,0,1,1,0.3333333333333333,163,-1.9922850616100012,0.6088765677409038,INE040A01034
Fund holdout,2026-05,absl:BSLDAAF,Aditya Birla SL,Word2Vec,1.0,1,1,1,1,1.0,163,-0.0051509334348782,0.9989887738440604,INE040A01034
Fund holdout,2026-05,absl:BSLPHF,Aditya Birla SL,Popularity,0.25,33,0,0,0,0.0303030303030303,211,-5.510528469107975,-0.0296477095757488,INE437A01024
Fund holdout,2026-05,absl:BSLPHF,Aditya Birla SL,Co-holding,0.25,23,0,0,0,0.0434782608695652,211,-4.455993037211725,0.1673932817203567,INE437A01024
Fund holdout,2026-05,absl:BSLPHF,Aditya Birla SL,Category popularity,0.25,23,0,0,0,0.0434782608695652,211,-4.5536387655942665,0.1491480805309298,INE437A01024
Fund holdout,2026-05,absl:BSLPHF,Aditya Birla SL,Binary factors,0.25,4,0,1,1,0.25,211,-3.8397960246237104,0.2825303046421117,INE437A01024
Fund holdout,2026-05,absl:BSLPHF,Aditya Birla SL,Rank factors,0.25,26,0,0,0,0.0384615384615384,211,-4.942403347512999,0.0765070328381676,INE437A01024
Fund holdout,2026-05,absl:BSLPHF,Aditya Birla SL,Log holdings zero,0.25,18,0,0,0,0.0555555555555555,211,-6.300993296935783,-0.1773468466069458,INE437A01024
Fund holdout,2026-05,absl:BSLPHF,Aditya Birla SL,Log holdings minimum,0.5,35,0,0,0,0.0285714285714285,211,-5.340825857161608,0.0020613917707293,INE437A01024
Fund holdout,2026-05,absl:BSLPHF,Aditya Birla SL,Word2Vec,1.0,2,0,1,1,0.5,211,-1.9262809504282568,0.640072494003662,INE437A01024
Fund holdout,2026-05,absl:BSLR96,Aditya Birla SL,Popularity,0.25,1,1,1,1,1.0,192,-1.3036440872106638,0.7520408493088493,INE040A01034
Fund holdout,2026-05,absl:BSLR96,Aditya Birla SL,Co-holding,0.25,1,1,1,1,1.0,192,-2.660047940190956,0.4940465465088954,INE040A01034
Fund holdout,2026-05,absl:BSLR96,Aditya Birla SL,Category popularity,0.25,1,1,1,1,1.0,192,-1.0679179667568572,0.7968770505365241,INE040A01034
Fund holdout,2026-05,absl:BSLR96,Aditya Birla SL,Binary factors,0.25,20,0,0,0,0.05,192,-4.45497356347253,0.1526433694692391,INE040A01034
Fund holdout,2026-05,absl:BSLR96,Aditya Birla SL,Rank factors,0.25,1,1,1,1,1.0,192,-3.0640358947456865,0.4172061641655981,INE040A01034
Fund holdout,2026-05,absl:BSLR96,Aditya Birla SL,Log holdings zero,0.25,1,1,1,1,1.0,192,-0.0510753748461247,0.9902852268557631,INE040A01034
Fund holdout,2026-05,absl:BSLR96,Aditya Birla SL,Log holdings minimum,0.5,1,1,1,1,1.0,192,-2.318564351823101,0.558998308556029,INE040A01034
Fund holdout,2026-05,absl:BSLR96,Aditya Birla SL,Word2Vec,1.0,1,1,1,1,1.0,192,-0.0227307631838389,0.9956765034345486,INE040A01034
Fund holdout,2026-05,absl:MNC,Aditya Birla SL,Popularity,0.25,20,0,0,0,0.05,193,-4.865736061935593,0.0754279869649509,INE030A01027
Fund holdout,2026-05,absl:MNC,Aditya Birla SL,Co-holding,0.25,4,0,1,1,0.25,193,-3.6012054201461607,0.3157101613660567,INE030A01027
Fund holdout,2026-05,absl:MNC,Aditya Birla SL,Category popularity,0.25,20,0,0,0,0.05,193,-4.381943238813548,0.167356792529452,INE030A01027
Fund holdout,2026-05,absl:MNC,Aditya Birla SL,Binary factors,0.25,1,1,1,1,1.0,193,-1.4333218791988571,0.7276446403361021,INE030A01027
Fund holdout,2026-05,absl:MNC,Aditya Birla SL,Rank factors,0.25,4,0,1,1,0.25,193,-3.9735043380018658,0.2449670804526851,INE030A01027
Fund holdout,2026-05,absl:MNC,Aditya Birla SL,Log holdings zero,0.25,7,0,0,1,0.1428571428571428,193,-4.255154922120237,0.1914487136082594,INE030A01027
Fund holdout,2026-05,absl:MNC,Aditya Birla SL,Log holdings minimum,0.5,17,0,0,0,0.0588235294117647,193,-4.345422892573451,0.1742962749859894,INE030A01027
Fund holdout,2026-05,absl:MNC,Aditya Birla SL,Word2Vec,1.0,1,1,1,1,1.0,193,-1.4797293108159524,0.7188264447077646,INE030A01027
Fund holdout,2026-05,axis:AXISMLC,Axis,Popularity,0.25,1,1,1,1,1.0,147,-0.8675119788276469,0.8261649739291208,INE090A01021
Fund holdout,2026-05,axis:AXISMLC,Axis,Co-holding,0.25,1,1,1,1,1.0,147,-2.3366903820786216,0.5317659658865511,INE090A01021
Fund holdout,2026-05,axis:AXISMLC,Axis,Category popularity,0.25,1,1,1,1,1.0,147,-1.087405126245086,0.7821020307686407,INE090A01021
Fund holdout,2026-05,axis:AXISMLC,Axis,Binary factors,0.25,7,0,0,1,0.1428571428571428,147,-3.8466252403416417,0.2292000395852272,INE090A01021
Fund holdout,2026-05,axis:AXISMLC,Axis,Rank factors,0.25,1,1,1,1,1.0,147,-3.1810296219630017,0.3625743727326216,INE090A01021
Fund holdout,2026-05,axis:AXISMLC,Axis,Log holdings zero,0.25,1,1,1,1,1.0,147,-0.2630619838558568,0.94728673731556,INE090A01021
Fund holdout,2026-05,axis:AXISMLC,Axis,Log holdings minimum,0.5,1,1,1,1,1.0,147,-1.8629549084982184,0.6266947050975529,INE090A01021
Fund holdout,2026-05,axis:AXISMLC,Axis,Word2Vec,1.0,1,1,1,1,1.0,147,-0.1847611004631453,0.962976936918728,INE090A01021
Fund holdout,2026-05,hdfc:HDFCEQ,HDFC,Popularity,0.25,1,1,1,1,1.0,177,-1.5810563064431449,0.6945497352030874,INE238A01034
Fund holdout,2026-05,hdfc:HDFCEQ,HDFC,Co-holding,0.25,1,1,1,1,1.0,177,-2.524994650409515,0.5121867061689563,INE238A01034
Fund holdout,2026-05,hdfc:HDFCEQ,HDFC,Category popularity,0.25,1,1,1,1,1.0,177,-1.5468693997482408,0.7011544333785986,INE238A01034
Fund holdout,2026-05,hdfc:HDFCEQ,HDFC,Binary factors,0.25,40,0,0,0,0.025,177,-5.220749448095167,-0.0086163882085306,INE238A01034
Fund holdout,2026-05,hdfc:HDFCEQ,HDFC,Rank factors,0.25,3,0,1,1,0.3333333333333333,177,-3.747334650731707,0.2760382051644489,INE238A01034
Fund holdout,2026-05,hdfc:HDFCEQ,HDFC,Log holdings zero,0.25,1,1,1,1,1.0,177,-0.0219705440163409,0.9957554272670902,INE238A01034
Fund holdout,2026-05,hdfc:HDFCEQ,HDFC,Log holdings minimum,0.5,2,0,1,1,0.5,177,-2.548896565993717,0.5075690044371488,INE238A01034
Fund holdout,2026-05,hdfc:HDFCEQ,HDFC,Word2Vec,1.0,1,1,1,1,1.0,177,-0.0950575604330055,0.9816354693461044,INE238A01034
Fund holdout,2026-05,hdfc:HDFCMNCFND,HDFC,Popularity,0.25,118,0,0,0,0.0084745762711864,205,-8.296447312084723,-0.5586007436769074,INE239A01024
Fund holdout,2026-05,hdfc:HDFCMNCFND,HDFC,Co-holding,0.25,55,0,0,0,0.0181818181818181,205,-5.198851186591851,0.0233249219958543,INE239A01024
Fund holdout,2026-05,hdfc:HDFCMNCFND,HDFC,Category popularity,0.25,43,0,0,0,0.0232558139534883,205,-6.086076541369977,-0.1433524575798521,INE239A01024
Fund holdout,2026-05,hdfc:HDFCMNCFND,HDFC,Binary factors,0.25,85,0,0,0,0.0117647058823529,205,-5.811102337500928,-0.0916948043072281,INE239A01024
Fund holdout,2026-05,hdfc:HDFCMNCFND,HDFC,Rank factors,0.25,19,0,0,0,0.0526315789473684,205,-4.6779839099770735,0.1211769415592454,INE239A01024
Fund holdout,2026-05,hdfc:HDFCMNCFND,HDFC,Log holdings zero,0.25,10,0,0,1,0.1,205,-4.224318483256531,0.2064041773710357,INE239A01024
Fund holdout,2026-05,hdfc:HDFCMNCFND,HDFC,Log holdings minimum,0.5,7,0,0,1,0.1428571428571428,205,-3.724956393144844,0.3002161544420453,INE239A01024
Fund holdout,2026-05,hdfc:HDFCMNCFND,HDFC,Word2Vec,1.0,5,0,1,1,0.2,205,-3.4452967687389187,0.352754027844866,INE239A01024
Fund holdout,2026-05,icici:BHACON,ICICI Prudential,Popularity,0.25,3,0,1,1,0.3333333333333333,196,-2.321629366606892,0.5601404068502451,INE397D01024
Fund holdout,2026-05,icici:BHACON,ICICI Prudential,Co-holding,0.25,1,1,1,1,1.0,196,-2.994866898962752,0.4325877529535582,INE397D01024
Fund holdout,2026-05,icici:BHACON,ICICI Prudential,Category popularity,0.25,3,0,1,1,0.3333333333333333,196,-2.3358096833080038,0.557453781489367,INE397D01024
Fund holdout,2026-05,icici:BHACON,ICICI Prudential,Binary factors,0.25,1,1,1,1,1.0,196,-3.366549613182319,0.3621681546279406,INE397D01024
Fund holdout,2026-05,icici:BHACON,ICICI Prudential,Rank factors,0.25,4,0,1,1,0.25,196,-3.456474779088551,0.3451307896383475,INE397D01024
Fund holdout,2026-05,icici:BHACON,ICICI Prudential,Log holdings zero,0.25,2,0,1,1,0.5,196,-2.266179517699805,0.5706460234362953,INE397D01024
Fund holdout,2026-05,icici:BHACON,ICICI Prudential,Log holdings minimum,0.5,9,0,0,1,0.1111111111111111,196,-3.6484196464557215,0.3087646097124353,INE397D01024
Fund holdout,2026-05,icici:BHACON,ICICI Prudential,Word2Vec,1.0,1,1,1,1,1.0,196,-1.9772975872347496,0.6253780535485725,INE397D01024
Fund holdout,2026-05,icici:HOUSING,ICICI Prudential,Popularity,0.25,6,0,0,1,0.1666666666666666,202,-2.9048393422448093,0.452770751620732,INE018A01030
Fund holdout,2026-05,icici:HOUSING,ICICI Prudential,Co-holding,0.25,3,0,1,1,0.3333333333333333,202,-3.1718187155374205,0.4024757423047328,INE018A01030
Fund holdout,2026-05,icici:HOUSING,ICICI Prudential,Category popularity,0.25,12,0,0,0,0.0833333333333333,202,-3.724827443589385,0.2982969857731614,INE018A01030
Fund holdout,2026-05,icici:HOUSING,ICICI Prudential,Binary factors,0.25,6,0,0,1,0.1666666666666666,202,-3.365865490668444,0.3659201678324763,INE018A01030
Fund holdout,2026-05,icici:HOUSING,ICICI Prudential,Rank factors,0.25,2,0,1,1,0.5,202,-3.367105294226545,0.3656866069744381,INE018A01030
Fund holdout,2026-05,icici:HOUSING,ICICI Prudential,Log holdings zero,0.25,2,0,1,1,0.5,202,-1.6162707842025554,0.695518222452526,INE018A01030
Fund holdout,2026-05,icici:HOUSING,ICICI Prudential,Log holdings minimum,0.5,2,0,1,1,0.5,202,-2.0452387077033354,0.6147069393835143,INE018A01030
Fund holdout,2026-05,icici:HOUSING,ICICI Prudential,Word2Vec,1.0,2,0,1,1,0.5,202,-1.7584086127874166,0.6687415343336416,INE018A01030
Fund holdout,2026-05,icici:LARGE & MIDCAP,ICICI Prudential,Popularity,0.25,162,0,0,0,0.0061728395061728,174,-9.33496250886424,-0.8094325351165546,INE018E01016
Fund holdout,2026-05,icici:LARGE & MIDCAP,ICICI Prudential,Co-holding,0.25,92,0,0,0,0.0108695652173913,174,-5.852151896129754,-0.1343456421218725,INE018E01016
Fund holdout,2026-05,icici:LARGE & MIDCAP,ICICI Prudential,Category popularity,0.25,119,0,0,0,0.0084033613445378,174,-8.197128436155388,-0.5888816771170118,INE018E01016
Fund holdout,2026-05,icici:LARGE & MIDCAP,ICICI Prudential,Binary factors,0.25,8,0,0,1,0.125,174,-3.5741314937728106,0.3072120211006508,INE018E01016
Fund holdout,2026-05,icici:LARGE & MIDCAP,ICICI Prudential,Rank factors,0.25,14,0,0,0,0.0714285714285714,174,-4.551626425822881,0.1177403299949372,INE018E01016
Fund holdout,2026-05,icici:LARGE & MIDCAP,ICICI Prudential,Log holdings zero,0.25,37,0,0,0,0.027027027027027,174,-5.910407206613946,-0.1456374983059032,INE018E01016
Fund holdout,2026-05,icici:LARGE & MIDCAP,ICICI Prudential,Log holdings minimum,0.5,14,0,0,0,0.0714285714285714,174,-4.387972059436787,0.149462100143633,INE018E01016
Fund holdout,2026-05,icici:LARGE & MIDCAP,ICICI Prudential,Word2Vec,1.0,7,0,0,1,0.1428571428571428,174,-3.399313387599184,0.3410977028843376,INE018E01016
Fund holdout,2026-05,icici:MIDCAP,ICICI Prudential,Popularity,0.25,64,0,0,0,0.015625,180,-6.856286265973981,-0.320304878866581,INE745G01043
Fund holdout,2026-05,icici:MIDCAP,ICICI Prudential,Co-holding,0.25,20,0,0,0,0.05,180,-4.259784717862495,0.1796995738309948,INE745G01043
Fund holdout,2026-05,icici:MIDCAP,ICICI Prudential,Category popularity,0.25,1,1,1,1,1.0,180,-2.568445756506959,0.5053982094870171,INE745G01043
Fund holdout,2026-05,icici:MIDCAP,ICICI Prudential,Binary factors,0.25,3,0,1,1,0.3333333333333333,180,-2.953047116267344,0.4313360959737007,INE745G01043
Fund holdout,2026-05,icici:MIDCAP,ICICI Prudential,Rank factors,0.25,26,0,0,0,0.0384615384615384,180,-4.784830528200723,0.078592280738771,INE745G01043
Fund holdout,2026-05,icici:MIDCAP,ICICI Prudential,Log holdings zero,0.25,40,0,0,0,0.025,180,-7.138091387668302,-0.3745716732548325,INE745G01043
Fund holdout,2026-05,icici:MIDCAP,ICICI Prudential,Log holdings minimum,0.5,70,0,0,0,0.0142857142857142,180,-5.919329913389633,-0.1398765834872868,INE745G01043
Fund holdout,2026-05,icici:MIDCAP,ICICI Prudential,Word2Vec,1.0,4,0,1,1,0.25,180,-3.0319773598591624,0.4161366160130136,INE745G01043
Fund holdout,2026-05,icici:MNCFUND,ICICI Prudential,Popularity,0.25,10,0,0,1,0.1,198,-3.453275615884305,0.3469929570801631,INE585B01010
Fund holdout,2026-05,icici:MNCFUND,ICICI Prudential,Co-holding,0.25,2,0,1,1,0.5,198,-3.544551996202612,0.32973278852428,INE585B01010
Fund holdout,2026-05,icici:MNCFUND,ICICI Prudential,Category popularity,0.25,6,0,0,1,0.1666666666666666,198,-2.9126447918686207,0.4492250911380153,INE585B01010
Fund holdout,2026-05,icici:MNCFUND,ICICI Prudential,Binary factors,0.25,4,0,1,1,0.25,198,-3.1319292136140664,0.4077588753677716,INE585B01010
Fund holdout,2026-05,icici:MNCFUND,ICICI Prudential,Rank factors,0.25,18,0,0,0,0.0555555555555555,198,-4.833775135386536,0.0859434466281685,INE585B01010
Fund holdout,2026-05,icici:MNCFUND,ICICI Prudential,Log holdings zero,0.25,9,0,0,1,0.1111111111111111,198,-5.449581500685538,-0.0305042217147299,INE585B01010
Fund holdout,2026-05,icici:MNCFUND,ICICI Prudential,Log holdings minimum,0.5,30,0,0,0,0.0333333333333333,198,-4.642039306812591,0.1222002822722573,INE585B01010
Fund holdout,2026-05,icici:MNCFUND,ICICI Prudential,Word2Vec,1.0,13,0,0,0,0.0769230769230769,198,-3.986548683421952,0.2461521590564653,INE585B01010
Fund holdout,2026-05,icici:MULTICAP,ICICI Prudential,Popularity,0.25,12,0,0,0,0.0833333333333333,145,-3.911453880019728,0.2140520103216768,INE481G01011
Fund holdout,2026-05,icici:MULTICAP,ICICI Prudential,Co-holding,0.25,10,0,0,1,0.1,145,-3.631145451160089,0.2703757847824948,INE481G01011
Fund holdout,2026-05,icici:MULTICAP,ICICI Prudential,Category popularity,0.25,22,0,0,0,0.0454545454545454,145,-4.741822727864063,0.0472018449679518,INE481G01011
Fund holdout,2026-05,icici:MULTICAP,ICICI Prudential,Binary factors,0.25,33,0,0,0,0.0303030303030303,145,-5.015859656465415,-0.0078617655815782,INE481G01011
Fund holdout,2026-05,icici:MULTICAP,ICICI Prudential,Rank factors,0.25,9,0,0,1,0.1111111111111111,145,-4.269978811450997,0.142011802830711,INE481G01011
Fund holdout,2026-05,icici:MULTICAP,ICICI Prudential,Log holdings zero,0.25,7,0,0,1,0.1428571428571428,145,-5.470533378792739,-0.099221630476858,INE481G01011
Fund holdout,2026-05,icici:MULTICAP,ICICI Prudential,Log holdings minimum,0.5,7,0,0,1,0.1428571428571428,145,-3.570051059677908,0.2826517864020764,INE481G01011
Fund holdout,2026-05,icici:MULTICAP,ICICI Prudential,Word2Vec,1.0,1,1,1,1,1.0,145,-1.984019776835157,0.6013409839622698,INE481G01011
Fund holdout,2026-05,icici:RURALOPP,ICICI Prudential,Popularity,0.25,10,0,0,1,0.1,197,-4.15762302528363,0.2130488925368827,INE030A01027
Fund holdout,2026-05,icici:RURALOPP,ICICI Prudential,Co-holding,0.25,8,0,0,1,0.125,197,-3.5577128058317777,0.3265993536309043,INE030A01027
Fund holdout,2026-05,icici:RURALOPP,ICICI Prudential,Category popularity,0.25,10,0,0,1,0.1,197,-3.736126920612115,0.2928292921415368,INE030A01027
Fund holdout,2026-05,icici:RURALOPP,ICICI Prudential,Binary factors,0.25,2,0,1,1,0.5,197,-2.3254738150429057,0.5598364298553375,INE030A01027
Fund holdout,2026-05,icici:RURALOPP,ICICI Prudential,Rank factors,0.25,6,0,0,1,0.1666666666666666,197,-4.071964940034055,0.2292621770603695,INE030A01027
Fund holdout,2026-05,icici:RURALOPP,ICICI Prudential,Log holdings zero,0.25,9,0,0,1,0.1111111111111111,197,-4.863214414329843,0.0794951957130886,INE030A01027
Fund holdout,2026-05,icici:RURALOPP,ICICI Prudential,Log holdings minimum,0.5,28,0,0,0,0.0357142857142857,197,-4.575676687077563,0.1339200753913447,INE030A01027
Fund holdout,2026-05,icici:RURALOPP,ICICI Prudential,Word2Vec,1.0,16,0,0,0,0.0625,197,-5.394247331127328,-0.0210182321354215,INE030A01027
Fund holdout,2026-05,icici:TECH,ICICI Prudential,Popularity,0.25,3,0,1,1,0.3333333333333333,209,-2.43214173147923,0.5447417520562787,INE397D01024
Fund holdout,2026-05,icici:TECH,ICICI Prudential,Co-holding,0.25,5,0,1,1,0.2,209,-3.437963693422455,0.3564678787820069,INE397D01024
Fund holdout,2026-05,icici:TECH,ICICI Prudential,Category popularity,0.25,3,0,1,1,0.3333333333333333,209,-2.5870365332763967,0.5157479088237631,INE397D01024
Fund holdout,2026-05,icici:TECH,ICICI Prudential,Binary factors,0.25,48,0,0,0,0.0208333333333333,209,-5.280546395164492,0.0115657040323888,INE397D01024
Fund holdout,2026-05,icici:TECH,ICICI Prudential,Rank factors,0.25,3,0,1,1,0.3333333333333333,209,-3.6913602721633914,0.3090360696158656,INE397D01024
Fund holdout,2026-05,icici:TECH,ICICI Prudential,Log holdings zero,0.25,5,0,1,1,0.2,209,-4.208621050822814,0.2122130790908558,INE397D01024
Fund holdout,2026-05,icici:TECH,ICICI Prudential,Log holdings minimum,0.5,3,0,1,1,0.3333333333333333,209,-3.1968175160887604,0.4016066076522578,INE397D01024
Fund holdout,2026-05,icici:TECH,ICICI Prudential,Word2Vec,1.0,20,0,0,0,0.05,209,-4.283664900081747,0.1981660641120883,INE397D01024
Fund holdout,2026-05,kotak:EME,Kotak,Popularity,0.25,72,0,0,0,0.0138888888888888,185,-7.263453182273524,-0.391371283041716,INE061F01013
Fund holdout,2026-05,kotak:EME,Kotak,Co-holding,0.25,1,1,1,1,1.0,185,-3.4500881636581244,0.3391086203196962,INE061F01013
Fund holdout,2026-05,kotak:EME,Kotak,Category popularity,0.25,24,0,0,0,0.0416666666666666,185,-4.564353297438373,0.1256624164369311,INE061F01013
Fund holdout,2026-05,kotak:EME,Kotak,Binary factors,0.25,1,1,1,1,1.0,185,-2.2706134979190638,0.5650462202190987,INE061F01013
Fund holdout,2026-05,kotak:EME,Kotak,Rank factors,0.25,13,0,0,0,0.0769230769230769,185,-4.257526825924371,0.1844374275271757,INE061F01013
Fund holdout,2026-05,kotak:EME,Kotak,Log holdings zero,0.25,28,0,0,0,0.0357142857142857,185,-8.53019178548899,-0.6340249728783585,INE061F01013
Fund holdout,2026-05,kotak:EME,Kotak,Log holdings minimum,0.5,4,0,1,1,0.25,185,-3.665511226969491,0.2978426471696505,INE061F01013
Fund holdout,2026-05,kotak:EME,Kotak,Word2Vec,1.0,16,0,0,0,0.0625,185,-3.891895023924291,0.2544770597383755,INE061F01013
Fund holdout,2026-05,mirae:MAFF,Mirae Asset,Popularity,0.25,1,1,1,1,1.0,209,-1.741079573490854,0.6740975964110599,INE090A01021
Fund holdout,2026-05,mirae:MAFF,Mirae Asset,Co-holding,0.25,1,1,1,1,1.0,209,-2.953739569047714,0.4471069330861535,INE090A01021
Fund holdout,2026-05,mirae:MAFF,Mirae Asset,Category popularity,0.25,1,1,1,1,1.0,209,-1.048800124192617,0.8036812983375408,INE090A01021
Fund holdout,2026-05,mirae:MAFF,Mirae Asset,Binary factors,0.25,13,0,0,0,0.0769230769230769,209,-4.16997696768221,0.2194466368051436,INE090A01021
Fund holdout,2026-05,mirae:MAFF,Mirae Asset,Rank factors,0.25,1,1,1,1,1.0,209,-2.6137317433755727,0.510750990091215,INE090A01021
Fund holdout,2026-05,mirae:MAFF,Mirae Asset,Log holdings zero,0.25,12,0,0,0,0.0833333333333333,209,-4.290677498850431,0.1968534171607852,INE090A01021
Fund holdout,2026-05,mirae:MAFF,Mirae Asset,Log holdings minimum,0.5,1,1,1,1,1.0,209,-3.2914458676577043,0.3838936853404161,INE090A01021
Fund holdout,2026-05,mirae:MAFF,Mirae Asset,Word2Vec,1.0,1,1,1,1,1.0,209,-0.1305167036146937,0.9755693490038194,INE090A01021
Fund holdout,2026-05,sbi:SBLUECHIP,SBI,Popularity,0.25,1,1,1,1,1.0,184,-1.2698900983899613,0.756489790590978,INE090A01021
Fund holdout,2026-05,sbi:SBLUECHIP,SBI,Co-holding,0.25,1,1,1,1,1.0,184,-2.4748182874838216,0.5254364765907471,INE090A01021
Fund holdout,2026-05,sbi:SBLUECHIP,SBI,Category popularity,0.25,1,1,1,1,1.0,184,-1.9107667515741031,0.6335972597963169,INE090A01021
Fund holdout,2026-05,sbi:SBLUECHIP,SBI,Binary factors,0.25,11,0,0,0,0.0909090909090909,184,-3.868200391329937,0.2582458210178447,INE090A01021
Fund holdout,2026-05,sbi:SBLUECHIP,SBI,Rank factors,0.25,1,1,1,1,1.0,184,-2.4518472253556265,0.5298413366304281,INE090A01021
Fund holdout,2026-05,sbi:SBLUECHIP,SBI,Log holdings zero,0.25,2,0,1,1,0.5,184,-1.3236453441083178,0.7461818504327653,INE090A01021
Fund holdout,2026-05,sbi:SBLUECHIP,SBI,Log holdings minimum,0.5,2,0,1,1,0.5,184,-2.07720564849739,0.6016814501565835,INE090A01021
Fund holdout,2026-05,sbi:SBLUECHIP,SBI,Word2Vec,1.0,1,1,1,1,1.0,184,-0.1281670662164842,0.9754230786008288,INE090A01021
Fund holdout,2026-05,sbi:SMAAF,SBI,Popularity,0.25,100,0,0,0,0.01,189,-7.344426285429952,-0.4011409296040558,INE129A01019
Fund holdout,2026-05,sbi:SMAAF,SBI,Co-holding,0.25,21,0,0,0,0.0476190476190476,189,-4.489008334705924,0.1436045421862377,INE129A01019
Fund holdout,2026-05,sbi:SMAAF,SBI,Category popularity,0.25,59,0,0,0,0.0169491525423728,189,-6.272914205489837,-0.1967220446670987,INE129A01019
Fund holdout,2026-05,sbi:SMAAF,SBI,Binary factors,0.25,16,0,0,0,0.0625,189,-4.2651798315611344,0.186305668833847,INE129A01019
Fund holdout,2026-05,sbi:SMAAF,SBI,Rank factors,0.25,6,0,0,1,0.1666666666666666,189,-4.445339071856278,0.1519355934033575,INE129A01019
Fund holdout,2026-05,sbi:SMAAF,SBI,Log holdings zero,0.25,146,0,0,0,0.0068493150684931,189,-8.269139455320445,-0.5775540924739491,INE129A01019
Fund holdout,2026-05,sbi:SMAAF,SBI,Log holdings minimum,0.5,43,0,0,0,0.0232558139534883,189,-4.985969522898584,0.0487962298497437,INE129A01019
Fund holdout,2026-05,sbi:SMAAF,SBI,Word2Vec,1.0,82,0,0,0,0.0121951219512195,189,-6.321416912152194,-0.2059752013957634,INE129A01019
Fund holdout,2026-05,uti:193,UTI,Popularity,0.25,1,1,1,1,1.0,187,-1.3590295663813343,0.7402023804280125,INE090A01021
Fund holdout,2026-05,uti:193,UTI,Co-holding,0.25,1,1,1,1,1.0,187,-2.56558172627609,0.509552962060507,INE090A01021
Fund holdout,2026-05,uti:193,UTI,Category popularity,0.25,1,1,1,1,1.0,187,-1.3117880921642175,0.7492332527874401,INE090A01021
Fund holdout,2026-05,uti:193,UTI,Binary factors,0.25,7,0,0,1,0.1428571428571428,187,-3.7850951492729337,0.2764258159202831,INE090A01021
Fund holdout,2026-05,uti:193,UTI,Rank factors,0.25,1,1,1,1,1.0,187,-2.316020487536536,0.5572601035133666,INE090A01021
Fund holdout,2026-05,uti:193,UTI,Log holdings zero,0.25,1,1,1,1,1.0,187,-0.2498908296787032,0.9522298526026476,INE090A01021
Fund holdout,2026-05,uti:193,UTI,Log holdings minimum,0.5,1,1,1,1,1.0,187,-2.220499702819517,0.5755202452372932,INE090A01021
Fund holdout,2026-05,uti:193,UTI,Word2Vec,1.0,1,1,1,1,1.0,187,-0.0188920032805288,0.9963885278123152,INE090A01021
Fund holdout,2026-05,uti:751,UTI,Popularity,0.25,137,0,0,0,0.0072992700729927,195,-9.014793355484668,-0.709613902933856,INE036D01028
Fund holdout,2026-05,uti:751,UTI,Co-holding,0.25,12,0,0,0,0.0833333333333333,195,-4.228573063621443,0.1980706585203627,INE036D01028
Fund holdout,2026-05,uti:751,UTI,Category popularity,0.25,4,0,1,1,0.25,195,-2.7850798709477216,0.4718224721971495,INE036D01028
Fund holdout,2026-05,uti:751,UTI,Binary factors,0.25,52,0,0,0,0.0192307692307692,195,-5.192168289899811,0.0153292765846451,INE036D01028
Fund holdout,2026-05,uti:751,UTI,Rank factors,0.25,19,0,0,0,0.0526315789473684,195,-4.817755474450308,0.0863349368907281,INE036D01028
Fund holdout,2026-05,uti:751,UTI,Log holdings zero,0.25,23,0,0,0,0.0434782608695652,195,-5.556226624407094,-0.0537127042583125,INE036D01028
Fund holdout,2026-05,uti:751,UTI,Log holdings minimum,0.5,35,0,0,0,0.0285714285714285,195,-4.925133023331875,0.0659712809319148,INE036D01028
Fund holdout,2026-05,uti:751,UTI,Word2Vec,1.0,3,0,1,1,0.3333333333333333,195,-2.619556027817564,0.5032133041689321,INE036D01028
Fund holdout,2026-05,uti:753,UTI,Popularity,0.25,1,1,1,1,1.0,205,-1.6641069849447163,0.6873748139743161,INE040A01034
Fund holdout,2026-05,uti:753,UTI,Co-holding,0.25,1,1,1,1,1.0,205,-2.8194351696457907,0.4703306624080104,INE040A01034
Fund holdout,2026-05,uti:753,UTI,Category popularity,0.25,1,1,1,1,1.0,205,-1.1686643068149412,0.7804504760661555,INE040A01034
Fund holdout,2026-05,uti:753,UTI,Binary factors,0.25,7,0,0,1,0.1428571428571428,205,-3.769219653029099,0.2919006975750229,INE040A01034
Fund holdout,2026-05,uti:753,UTI,Rank factors,0.25,1,1,1,1,1.0,205,-2.675509514827547,0.4973690589885744,INE040A01034
Fund holdout,2026-05,uti:753,UTI,Log holdings zero,0.25,1,1,1,1,1.0,205,-1.3546895377806465,0.7455031001087999,INE040A01034
Fund holdout,2026-05,uti:753,UTI,Log holdings minimum,0.5,1,1,1,1,1.0,205,-3.064121650043875,0.4243629709407686,INE040A01034
Fund holdout,2026-05,uti:753,UTI,Word2Vec,1.0,1,1,1,1,1.0,205,-0.1686166067915646,0.968323071447847,INE040A01034
Fund holdout,2026-06,absl:ABSLMCF,Aditya Birla SL,Popularity,0.25,2,0,1,1,0.5,174,-2.074396008982397,0.5979116546205221,INE062A01020
Fund holdout,2026-06,absl:ABSLMCF,Aditya Birla SL,Co-holding,0.25,1,1,1,1,1.0,174,-2.9018791030695685,0.4375173486681986,INE062A01020
Fund holdout,2026-06,absl:ABSLMCF,Aditya Birla SL,Category popularity,0.25,3,0,1,1,0.3333333333333333,174,-2.7058857737363065,0.4755075073243971,INE062A01020
Fund holdout,2026-06,absl:ABSLMCF,Aditya Birla SL,Binary factors,0.25,35,0,0,0,0.0285714285714285,174,-4.97065593791214,0.0365181899350978,INE062A01020
Fund holdout,2026-06,absl:ABSLMCF,Aditya Birla SL,Rank factors,0.25,105,0,0,0,0.0095238095238095,174,-5.558686527032581,-0.0774620942479324,INE062A01020
Fund holdout,2026-06,absl:ABSLMCF,Aditya Birla SL,Log holdings zero,0.25,5,0,1,1,0.2,174,-2.8052104437425327,0.4562550154929278,INE062A01020
Fund holdout,2026-06,absl:ABSLMCF,Aditya Birla SL,Log holdings minimum,0.25,45,0,0,0,0.0222222222222222,174,-5.502326255786093,-0.0665375609801715,INE062A01020
Fund holdout,2026-06,absl:ABSLMCF,Aditya Birla SL,Word2Vec,1.0,3,0,1,1,0.3333333333333333,174,-2.2930335525402263,0.5555322787702348,INE062A01020
Fund holdout,2026-06,absl:BSLDAAF,Aditya Birla SL,Popularity,0.25,1,1,1,1,1.0,140,-0.8717975243529317,0.823581422977059,INE040A01034
Fund holdout,2026-06,absl:BSLDAAF,Aditya Birla SL,Co-holding,0.25,1,1,1,1,1.0,140,-1.9675659385017124,0.6018396779379291,INE040A01034
Fund holdout,2026-06,absl:BSLDAAF,Aditya Birla SL,Category popularity,0.25,1,1,1,1,1.0,140,-1.4084905055724857,0.7149752278456503,INE040A01034
Fund holdout,2026-06,absl:BSLDAAF,Aditya Birla SL,Binary factors,0.25,19,0,0,0,0.0526315789473684,140,-4.448166017970552,0.0998608078927298,INE040A01034
Fund holdout,2026-06,absl:BSLDAAF,Aditya Birla SL,Rank factors,0.25,1,1,1,1,1.0,140,-2.9872338579544264,0.3954977712901582,INE040A01034
Fund holdout,2026-06,absl:BSLDAAF,Aditya Birla SL,Log holdings zero,0.25,7,0,0,1,0.1428571428571428,140,-4.910827844766288,0.0062356955861538,INE040A01034
Fund holdout,2026-06,absl:BSLDAAF,Aditya Birla SL,Log holdings minimum,0.25,2,0,1,1,0.5,140,-3.0029013275293,0.3923272728536078,INE040A01034
Fund holdout,2026-06,absl:BSLDAAF,Aditya Birla SL,Word2Vec,1.0,1,1,1,1,1.0,140,-0.0020756235943277,0.9995799729286702,INE040A01034
Fund holdout,2026-06,absl:BSLPHF,Aditya Birla SL,Popularity,0.25,36,0,0,0,0.0277777777777777,217,-5.627737209874935,-0.0460677667337601,INE437A01024
Fund holdout,2026-06,absl:BSLPHF,Aditya Birla SL,Co-holding,0.25,14,0,0,0,0.0714285714285714,217,-4.238772283800623,0.2121090784360175,INE437A01024
Fund holdout,2026-06,absl:BSLPHF,Aditya Birla SL,Category popularity,0.25,29,0,0,0,0.0344827586206896,217,-4.876547757873038,0.0935611894781175,INE437A01024
Fund holdout,2026-06,absl:BSLPHF,Aditya Birla SL,Binary factors,0.25,13,0,0,0,0.0769230769230769,217,-4.454433112408221,0.1720226577414528,INE437A01024
Fund holdout,2026-06,absl:BSLPHF,Aditya Birla SL,Rank factors,0.25,25,0,0,0,0.04,217,-4.891221690735501,0.0908336406238989,INE437A01024
Fund holdout,2026-06,absl:BSLPHF,Aditya Birla SL,Log holdings zero,0.25,33,0,0,0,0.0303030303030303,217,-6.493245711690137,-0.2069460223840504,INE437A01024
Fund holdout,2026-06,absl:BSLPHF,Aditya Birla SL,Log holdings minimum,0.25,51,0,0,0,0.0196078431372549,217,-8.194050313338224,-0.5230867384385682,INE437A01024
Fund holdout,2026-06,absl:BSLPHF,Aditya Birla SL,Word2Vec,1.0,1,1,1,1,1.0,217,-1.49737103034873,0.7216729368705661,INE437A01024
Fund holdout,2026-06,absl:BSLR96,Aditya Birla SL,Popularity,0.25,1,1,1,1,1.0,197,-1.331903890325215,0.7478984421743339,INE040A01034
Fund holdout,2026-06,absl:BSLR96,Aditya Birla SL,Co-holding,0.25,1,1,1,1,1.0,197,-2.612157486437656,0.5055732050935638,INE040A01034
Fund holdout,2026-06,absl:BSLR96,Aditya Birla SL,Category popularity,0.25,1,1,1,1,1.0,197,-1.1052729979611815,0.7907949315016856,INE040A01034
Fund holdout,2026-06,absl:BSLR96,Aditya Birla SL,Binary factors,0.25,14,0,0,0,0.0714285714285714,197,-4.18075776124167,0.2086699707413445,INE040A01034
Fund holdout,2026-06,absl:BSLR96,Aditya Birla SL,Rank factors,0.25,2,0,1,1,0.5,197,-3.16564399356464,0.4008097820750091,INE040A01034
Fund holdout,2026-06,absl:BSLR96,Aditya Birla SL,Log holdings zero,0.25,1,1,1,1,1.0,197,-0.4763267452894908,0.9098413065734128,INE040A01034
Fund holdout,2026-06,absl:BSLR96,Aditya Birla SL,Log holdings minimum,0.25,1,1,1,1,1.0,197,-0.5230875014795311,0.9009904731414772,INE040A01034
Fund holdout,2026-06,absl:BSLR96,Aditya Birla SL,Word2Vec,1.0,1,1,1,1,1.0,197,-0.019728739055548,0.9962657622025376,INE040A01034
Fund holdout,2026-06,absl:MNC,Aditya Birla SL,Popularity,0.25,18,0,0,0,0.0555555555555555,202,-4.768675487444444,0.1016512807409716,INE030A01027
Fund holdout,2026-06,absl:MNC,Aditya Birla SL,Co-holding,0.25,3,0,1,1,0.3333333333333333,202,-3.601242590835051,0.321578564585556,INE030A01027
Fund holdout,2026-06,absl:MNC,Aditya Birla SL,Category popularity,0.25,15,0,0,0,0.0666666666666666,202,-4.072047657089346,0.2328857756961054,INE030A01027
Fund holdout,2026-06,absl:MNC,Aditya Birla SL,Binary factors,0.25,1,1,1,1,1.0,202,-0.9430033161191852,0.8223519668043765,INE030A01027
Fund holdout,2026-06,absl:MNC,Aditya Birla SL,Rank factors,0.25,4,0,1,1,0.25,202,-3.972778210616295,0.2515866875814745,INE030A01027
Fund holdout,2026-06,absl:MNC,Aditya Birla SL,Log holdings zero,0.25,11,0,0,0,0.0909090909090909,202,-5.962443749268664,-0.1232372007515234,INE030A01027
Fund holdout,2026-06,absl:MNC,Aditya Birla SL,Log holdings minimum,0.25,6,0,0,1,0.1666666666666666,202,-4.009346640377146,0.2446977302331565,INE030A01027
Fund holdout,2026-06,absl:MNC,Aditya Birla SL,Word2Vec,1.0,12,0,0,0,0.0833333333333333,202,-4.044293443320067,0.2381142636608075,INE030A01027
Fund holdout,2026-06,axis:AXISMLC,Axis,Popularity,0.25,1,1,1,1,1.0,159,-0.9651832329571164,0.8095873990803858,INE090A01021
Fund holdout,2026-06,axis:AXISMLC,Axis,Co-holding,0.25,1,1,1,1,1.0,159,-2.3342025397613946,0.5395054933689633,INE090A01021
Fund holdout,2026-06,axis:AXISMLC,Axis,Category popularity,0.25,1,1,1,1,1.0,159,-1.2398706867657625,0.755396701673177,INE090A01021
Fund holdout,2026-06,axis:AXISMLC,Axis,Binary factors,0.25,7,0,0,1,0.1428571428571428,159,-3.4933816288900963,0.3108211381544832,INE090A01021
Fund holdout,2026-06,axis:AXISMLC,Axis,Rank factors,0.25,1,1,1,1,1.0,159,-2.975268420876043,0.4130351842962735,INE090A01021
Fund holdout,2026-06,axis:AXISMLC,Axis,Log holdings zero,0.25,1,1,1,1,1.0,159,-0.7248946058516372,0.8569918513089819,INE090A01021
Fund holdout,2026-06,axis:AXISMLC,Axis,Log holdings minimum,0.25,1,1,1,1,1.0,159,-0.1585764953379334,0.9687158231815716,INE090A01021
Fund holdout,2026-06,axis:AXISMLC,Axis,Word2Vec,1.0,1,1,1,1,1.0,159,-0.1656347598397145,0.9673233595996616,INE090A01021
Fund holdout,2026-06,hdfc:HDFCEQ,HDFC,Popularity,0.25,1,1,1,1,1.0,181,-1.5711855714516574,0.6977615718539564,INE238A01034
Fund holdout,2026-06,hdfc:HDFCEQ,HDFC,Co-holding,0.25,1,1,1,1,1.0,181,-2.549329949306187,0.5096024997276127,INE238A01034
Fund holdout,2026-06,hdfc:HDFCEQ,HDFC,Category popularity,0.25,1,1,1,1,1.0,181,-1.5809697638018465,0.6958794524084045,INE238A01034
Fund holdout,2026-06,hdfc:HDFCEQ,HDFC,Binary factors,0.25,42,0,0,0,0.0238095238095238,181,-5.127311012840794,0.0136935768159318,INE238A01034
Fund holdout,2026-06,hdfc:HDFCEQ,HDFC,Rank factors,0.25,1,1,1,1,1.0,181,-3.142607345595826,0.3954777069805104,INE238A01034
Fund holdout,2026-06,hdfc:HDFCEQ,HDFC,Log holdings zero,0.25,1,1,1,1,1.0,181,-0.1966299317711399,0.9621756191090368,INE238A01034
Fund holdout,2026-06,hdfc:HDFCEQ,HDFC,Log holdings minimum,0.25,2,0,1,1,0.5,181,-1.258428345080178,0.757924581371983,INE238A01034
Fund holdout,2026-06,hdfc:HDFCEQ,HDFC,Word2Vec,1.0,1,1,1,1,1.0,181,-0.1538915224157637,0.9703969202078604,INE238A01034
Fund holdout,2026-06,hdfc:HDFCMNCFND,HDFC,Popularity,0.25,17,0,0,0,0.0588235294117647,210,-4.753484605823427,0.1110175775377364,INE030A01027
Fund holdout,2026-06,hdfc:HDFCMNCFND,HDFC,Co-holding,0.25,4,0,1,1,0.25,210,-3.57767464406793,0.3309140271604222,INE030A01027
Fund holdout,2026-06,hdfc:HDFCMNCFND,HDFC,Category popularity,0.25,15,0,0,0,0.0666666666666666,210,-4.058328200813303,0.2410236417540753,INE030A01027
Fund holdout,2026-06,hdfc:HDFCMNCFND,HDFC,Binary factors,0.25,1,1,1,1,1.0,210,-1.4832745161326644,0.7226024523330205,INE030A01027
Fund holdout,2026-06,hdfc:HDFCMNCFND,HDFC,Rank factors,0.25,8,0,0,1,0.125,210,-4.168027701179082,0.2205079704802904,INE030A01027
Fund holdout,2026-06,hdfc:HDFCMNCFND,HDFC,Log holdings zero,0.25,20,0,0,0,0.05,210,-5.29713511853026,0.0093456905252292,INE030A01027
Fund holdout,2026-06,hdfc:HDFCMNCFND,HDFC,Log holdings minimum,0.25,10,0,0,1,0.1,210,-4.1994167810010765,0.2146376789924768,INE030A01027
Fund holdout,2026-06,hdfc:HDFCMNCFND,HDFC,Word2Vec,1.0,1,1,1,1,1.0,210,-2.3314563180504173,0.5639780377228387,INE030A01027
Fund holdout,2026-06,icici:BHACON,ICICI Prudential,Popularity,0.25,6,0,0,1,0.1666666666666666,201,-2.771764154626186,0.4773515378280205,INE101A01026
Fund holdout,2026-06,icici:BHACON,ICICI Prudential,Co-holding,0.25,1,1,1,1,1.0,201,-3.085365471769105,0.4182183515263317,INE101A01026
Fund holdout,2026-06,icici:BHACON,ICICI Prudential,Category popularity,0.25,3,0,1,1,0.3333333333333333,201,-2.3588423422712896,0.5552127620105878,INE101A01026
Fund holdout,2026-06,icici:BHACON,ICICI Prudential,Binary factors,0.25,18,0,0,0,0.0555555555555555,201,-4.2805466418579154,0.1928530008989193,INE101A01026
Fund holdout,2026-06,icici:BHACON,ICICI Prudential,Rank factors,0.25,3,0,1,1,0.3333333333333333,201,-3.1768156126869016,0.40097436075016,INE101A01026
Fund holdout,2026-06,icici:BHACON,ICICI Prudential,Log holdings zero,0.25,1,1,1,1,1.0,201,-0.2916960308483816,0.9449973109399932,INE101A01026
Fund holdout,2026-06,icici:BHACON,ICICI Prudential,Log holdings minimum,0.25,2,0,1,1,0.5,201,-1.480322941048474,0.7208678424657562,INE101A01026
Fund holdout,2026-06,icici:BHACON,ICICI Prudential,Word2Vec,1.0,1,1,1,1,1.0,201,-0.6254288145797791,0.8820681017926468,INE101A01026
Fund holdout,2026-06,icici:HOUSING,ICICI Prudential,Popularity,0.25,1,1,1,1,1.0,207,-1.927872059635508,0.6384823324885993,INE040A01034
Fund holdout,2026-06,icici:HOUSING,ICICI Prudential,Co-holding,0.25,3,0,1,1,0.3333333333333333,207,-3.2115212839789007,0.3977703665839843,INE040A01034
Fund holdout,2026-06,icici:HOUSING,ICICI Prudential,Category popularity,0.25,1,1,1,1,1.0,207,-2.336597716169754,0.5618374403839526,INE040A01034
Fund holdout,2026-06,icici:HOUSING,ICICI Prudential,Binary factors,0.25,7,0,0,1,0.1428571428571428,207,-3.618782887462662,0.3214000160607039,INE040A01034
Fund holdout,2026-06,icici:HOUSING,ICICI Prudential,Rank factors,0.25,4,0,1,1,0.25,207,-4.069324098857481,0.2369138038936938,INE040A01034
Fund holdout,2026-06,icici:HOUSING,ICICI Prudential,Log holdings zero,0.25,2,0,1,1,0.5,207,-1.6627456966436371,0.688199254244664,INE040A01034
Fund holdout,2026-06,icici:HOUSING,ICICI Prudential,Log holdings minimum,0.25,10,0,0,1,0.1,207,-4.494989721954079,0.1570923020297354,INE040A01034
Fund holdout,2026-06,icici:HOUSING,ICICI Prudential,Word2Vec,1.0,4,0,1,1,0.25,207,-2.869921404332713,0.4618277251076684,INE040A01034
Fund holdout,2026-06,icici:LARGE & MIDCAP,ICICI Prudential,Popularity,0.25,1,1,1,1,1.0,160,-1.4575278752003342,0.7128122251054012,INE040A01034
Fund holdout,2026-06,icici:LARGE & MIDCAP,ICICI Prudential,Co-holding,0.25,1,1,1,1,1.0,160,-2.7767722194178988,0.4528715034186538,INE040A01034
Fund holdout,2026-06,icici:LARGE & MIDCAP,ICICI Prudential,Category popularity,0.25,2,0,1,1,0.5,160,-1.9803960010757908,0.6097875514861457,INE040A01034
Fund holdout,2026-06,icici:LARGE & MIDCAP,ICICI Prudential,Binary factors,0.25,24,0,0,0,0.0416666666666666,160,-4.766082790677103,0.0609025495105102,INE040A01034
Fund holdout,2026-06,icici:LARGE & MIDCAP,ICICI Prudential,Rank factors,0.25,4,0,1,1,0.25,160,-3.881703418264769,0.2351585266669474,INE040A01034
Fund holdout,2026-06,icici:LARGE & MIDCAP,ICICI Prudential,Log holdings zero,0.25,1,1,1,1,1.0,160,-0.0001474339389133,0.9999709499724974,INE040A01034
Fund holdout,2026-06,icici:LARGE & MIDCAP,ICICI Prudential,Log holdings minimum,0.25,5,0,1,1,0.2,160,-2.563023462254481,0.4949880426634421,INE040A01034
Fund holdout,2026-06,icici:LARGE & MIDCAP,ICICI Prudential,Word2Vec,1.0,128,0,0,0,0.0078125,160,-9.1215556767009,-0.7972893163424879,INE040A01034
Fund holdout,2026-06,icici:MIDCAP,ICICI Prudential,Popularity,0.25,120,0,0,0,0.0083333333333333,188,-8.60539786399607,-0.6433673714098462,INE118H01025
Fund holdout,2026-06,icici:MIDCAP,ICICI Prudential,Co-holding,0.25,62,0,0,0,0.0161290322580645,188,-5.271698575752971,-0.006732933005519,INE118H01025
Fund holdout,2026-06,icici:MIDCAP,ICICI Prudential,Category popularity,0.25,24,0,0,0,0.0416666666666666,188,-4.13820836546197,0.2097289734448727,INE118H01025
Fund holdout,2026-06,icici:MIDCAP,ICICI Prudential,Binary factors,0.25,42,0,0,0,0.0238095238095238,188,-5.182785743379286,0.0102466941926471,INE118H01025
Fund holdout,2026-06,icici:MIDCAP,ICICI Prudential,Rank factors,0.25,21,0,0,0,0.0476190476190476,188,-4.869750774317978,0.0700267836662508,INE118H01025
Fund holdout,2026-06,icici:MIDCAP,ICICI Prudential,Log holdings zero,0.25,7,0,0,1,0.1428571428571428,188,-4.86396546116693,0.0711316012488985,INE118H01025
Fund holdout,2026-06,icici:MIDCAP,ICICI Prudential,Log holdings minimum,0.25,13,0,0,0,0.0769230769230769,188,-5.812403972135529,-0.1099910995660706,INE118H01025
Fund holdout,2026-06,icici:MIDCAP,ICICI Prudential,Word2Vec,1.0,9,0,0,1,0.1111111111111111,188,-3.2198203693370413,0.3851129465021432,INE118H01025
Fund holdout,2026-06,icici:MNCFUND,ICICI Prudential,Popularity,0.25,10,0,0,1,0.1,205,-3.4730607739327795,0.3475381809269245,INE585B01010
Fund holdout,2026-06,icici:MNCFUND,ICICI Prudential,Co-holding,0.25,1,1,1,1,1.0,205,-3.445393356596812,0.3527358824988547,INE585B01010
Fund holdout,2026-06,icici:MNCFUND,ICICI Prudential,Category popularity,0.25,8,0,0,1,0.125,205,-3.1261885776403915,0.4127028523537727,INE585B01010
Fund holdout,2026-06,icici:MNCFUND,ICICI Prudential,Binary factors,0.25,1,1,1,1,1.0,205,-1.5947525185549445,0.7004039960839836,INE585B01010
Fund holdout,2026-06,icici:MNCFUND,ICICI Prudential,Rank factors,0.25,14,0,0,0,0.0714285714285714,205,-4.710323871004806,0.1151014389480391,INE585B01010
Fund holdout,2026-06,icici:MNCFUND,ICICI Prudential,Log holdings zero,0.25,8,0,0,1,0.125,205,-4.031318451776032,0.2426618647014919,INE585B01010
Fund holdout,2026-06,icici:MNCFUND,ICICI Prudential,Log holdings minimum,0.25,68,0,0,0,0.0147058823529411,205,-6.41103986953144,-0.2044012494166207,INE585B01010
Fund holdout,2026-06,icici:MNCFUND,ICICI Prudential,Word2Vec,1.0,24,0,0,0,0.0416666666666666,205,-4.667960382294008,0.1230599978981117,INE585B01010
Fund holdout,2026-06,icici:MULTICAP,ICICI Prudential,Popularity,0.25,16,0,0,0,0.0625,151,-4.78982817981802,0.0453336597508372,INE1CDF01017
Fund holdout,2026-06,icici:MULTICAP,ICICI Prudential,Co-holding,0.25,13,0,0,0,0.0769230769230769,151,-3.9318845533565536,0.2163314223564222,INE1CDF01017
Fund holdout,2026-06,icici:MULTICAP,ICICI Prudential,Category popularity,0.25,30,0,0,0,0.0333333333333333,151,-5.201295193366556,-0.0366763191483552,INE1CDF01017
Fund holdout,2026-06,icici:MULTICAP,ICICI Prudential,Binary factors,0.25,6,0,0,1,0.1666666666666666,151,-3.629309341501947,0.2766380470008008,INE1CDF01017
Fund holdout,2026-06,icici:MULTICAP,ICICI Prudential,Rank factors,0.25,64,0,0,0,0.015625,151,-5.392536129889836,-0.0747927772179299,INE1CDF01017
Fund holdout,2026-06,icici:MULTICAP,ICICI Prudential,Log holdings zero,0.25,126,0,0,0,0.0079365079365079,151,-13.620738066073557,-1.7147654723441317,INE1CDF01017
Fund holdout,2026-06,icici:MULTICAP,ICICI Prudential,Log holdings minimum,0.25,2,0,1,1,0.5,151,-1.542325406902087,0.692597292344533,INE1CDF01017
Fund holdout,2026-06,icici:MULTICAP,ICICI Prudential,Word2Vec,1.0,11,0,0,0,0.0909090909090909,151,-4.284859465712716,0.1459795735784919,INE1CDF01017
Fund holdout,2026-06,icici:RURALOPP,ICICI Prudential,Popularity,0.25,1,1,1,1,1.0,202,-1.956352726563708,0.6314517582597635,INE397D01024
Fund holdout,2026-06,icici:RURALOPP,ICICI Prudential,Co-holding,0.25,1,1,1,1,1.0,202,-2.932993773953092,0.4474668684495674,INE397D01024
Fund holdout,2026-06,icici:RURALOPP,ICICI Prudential,Category popularity,0.25,1,1,1,1,1.0,202,-2.102689835422346,0.6038839871523867,INE397D01024
Fund holdout,2026-06,icici:RURALOPP,ICICI Prudential,Binary factors,0.25,3,0,1,1,0.3333333333333333,202,-3.061996619303434,0.4231646190710181,INE397D01024
Fund holdout,2026-06,icici:RURALOPP,ICICI Prudential,Rank factors,0.25,6,0,0,1,0.1666666666666666,202,-4.338919365527504,0.1826110488640709,INE397D01024
Fund holdout,2026-06,icici:RURALOPP,ICICI Prudential,Log holdings zero,0.25,3,0,1,1,0.3333333333333333,202,-2.486123070739588,0.5316507733856883,INE397D01024
Fund holdout,2026-06,icici:RURALOPP,ICICI Prudential,Log holdings minimum,0.25,96,0,0,0,0.0104166666666666,202,-8.877166055098524,-0.672328254930429,INE397D01024
Fund holdout,2026-06,icici:RURALOPP,ICICI Prudential,Word2Vec,1.0,1,1,1,1,1.0,202,-1.1981803589230964,0.7742803439416411,INE397D01024
Fund holdout,2026-06,icici:TECH,ICICI Prudential,Popularity,0.25,7,0,0,1,0.1428571428571428,215,-3.0850845468880266,0.4255646106234488,INE009A01021
Fund holdout,2026-06,icici:TECH,ICICI Prudential,Co-holding,0.25,1,1,1,1,1.0,215,-3.1899310962046026,0.4060424330409228,INE009A01021
Fund holdout,2026-06,icici:TECH,ICICI Prudential,Category popularity,0.25,20,0,0,0,0.05,215,-4.250172495371437,0.2086280115859617,INE009A01021
Fund holdout,2026-06,icici:TECH,ICICI Prudential,Binary factors,0.25,4,0,1,1,0.25,215,-2.56912051482281,0.5216358836012508,INE009A01021
Fund holdout,2026-06,icici:TECH,ICICI Prudential,Rank factors,0.25,2,0,1,1,0.5,215,-3.4369062600780005,0.3600562461893952,INE009A01021
Fund holdout,2026-06,icici:TECH,ICICI Prudential,Log holdings zero,0.25,9,0,0,1,0.1111111111111111,215,-4.190444864527152,0.2197491540892312,INE009A01021
Fund holdout,2026-06,icici:TECH,ICICI Prudential,Log holdings minimum,0.25,3,0,1,1,0.3333333333333333,215,-2.4791207761242458,0.5383936204338595,INE009A01021
Fund holdout,2026-06,icici:TECH,ICICI Prudential,Word2Vec,1.0,29,0,0,0,0.0344827586206896,215,-4.868222733895618,0.0935485302864841,INE009A01021
Fund holdout,2026-06,kotak:EME,Kotak,Popularity,0.25,95,0,0,0,0.0105263157894736,192,-7.848489293480652,-0.4928190589074244,INE571A01038
Fund holdout,2026-06,kotak:EME,Kotak,Co-holding,0.25,10,0,0,1,0.1,192,-4.046727432144348,0.2302936767810123,INE571A01038
Fund holdout,2026-06,kotak:EME,Kotak,Category popularity,0.25,13,0,0,0,0.0769230769230769,192,-3.7600819626060495,0.2848149743295329,INE571A01038
Fund holdout,2026-06,kotak:EME,Kotak,Binary factors,0.25,5,0,1,1,0.2,192,-3.4470142039582194,0.3443619137930446,INE571A01038
Fund holdout,2026-06,kotak:EME,Kotak,Rank factors,0.25,32,0,0,0,0.03125,192,-4.995358724716472,0.0498596059077851,INE571A01038
Fund holdout,2026-06,kotak:EME,Kotak,Log holdings zero,0.25,84,0,0,0,0.0119047619047619,192,-8.634570468804732,-0.6423353436970187,INE571A01038
Fund holdout,2026-06,kotak:EME,Kotak,Log holdings minimum,0.25,25,0,0,0,0.04,192,-4.564747424519061,0.1317638720510241,INE571A01038
Fund holdout,2026-06,kotak:EME,Kotak,Word2Vec,1.0,23,0,0,0,0.0434782608695652,192,-4.48285357946996,0.1473404611403486,INE571A01038
Fund holdout,2026-06,mirae:MAFF,Mirae Asset,Popularity,0.25,1,1,1,1,1.0,217,-1.7025745021695755,0.6835302998766087,INE090A01021
Fund holdout,2026-06,mirae:MAFF,Mirae Asset,Co-holding,0.25,1,1,1,1,1.0,217,-2.9767899949994905,0.4466827525918327,INE090A01021
Fund holdout,2026-06,mirae:MAFF,Mirae Asset,Category popularity,0.25,1,1,1,1,1.0,217,-1.2007575458449384,0.7768066067181131,INE090A01021
Fund holdout,2026-06,mirae:MAFF,Mirae Asset,Binary factors,0.25,16,0,0,0,0.0625,217,-4.05447216712385,0.2463662593012782,INE090A01021
Fund holdout,2026-06,mirae:MAFF,Mirae Asset,Rank factors,0.25,1,1,1,1,1.0,217,-2.6877133516124285,0.5004154958749036,INE090A01021
Fund holdout,2026-06,mirae:MAFF,Mirae Asset,Log holdings zero,0.25,1,1,1,1,1.0,217,-2.0976598819416536,0.6100929545502939,INE090A01021
Fund holdout,2026-06,mirae:MAFF,Mirae Asset,Log holdings minimum,0.25,1,1,1,1,1.0,217,-1.652035133384638,0.6929244138278123,INE090A01021
Fund holdout,2026-06,mirae:MAFF,Mirae Asset,Word2Vec,1.0,2,0,1,1,0.5,217,-1.286424521192119,0.7608830732903231,INE090A01021
Fund holdout,2026-06,sbi:SBLUECHIP,SBI,Popularity,0.25,1,1,1,1,1.0,192,-1.2259761351605292,0.7668136539533124,INE090A01021
Fund holdout,2026-06,sbi:SBLUECHIP,SBI,Co-holding,0.25,1,1,1,1,1.0,192,-2.577288897631509,0.5097877001768114,INE090A01021
Fund holdout,2026-06,sbi:SBLUECHIP,SBI,Category popularity,0.25,1,1,1,1,1.0,192,-1.87977572937268,0.6424579393119536,INE090A01021
Fund holdout,2026-06,sbi:SBLUECHIP,SBI,Binary factors,0.25,10,0,0,1,0.1,192,-4.221833951006792,0.1969876048833385,INE090A01021
Fund holdout,2026-06,sbi:SBLUECHIP,SBI,Rank factors,0.25,1,1,1,1,1.0,192,-2.073692504051197,0.6055740695304905,INE090A01021
Fund holdout,2026-06,sbi:SBLUECHIP,SBI,Log holdings zero,0.25,1,1,1,1,1.0,192,-0.5496212244889866,0.895459494379545,INE090A01021
Fund holdout,2026-06,sbi:SBLUECHIP,SBI,Log holdings minimum,0.25,1,1,1,1,1.0,192,-0.6821455620938845,0.8702527508206278,INE090A01021
Fund holdout,2026-06,sbi:SBLUECHIP,SBI,Word2Vec,1.0,1,1,1,1,1.0,192,-0.0113057757703067,0.9978495890209512,INE090A01021
Fund holdout,2026-06,sbi:SMAAF,SBI,Popularity,0.25,81,0,0,0,0.0123456790123456,192,-6.813566428699312,-0.295971930845726,INE148O01028
Fund holdout,2026-06,sbi:SMAAF,SBI,Co-holding,0.25,46,0,0,0,0.0217391304347826,192,-5.084030495766751,0.0329938238622027,INE148O01028
Fund holdout,2026-06,sbi:SMAAF,SBI,Category popularity,0.25,34,0,0,0,0.0294117647058823,192,-5.201735618171589,0.0106057637545169,INE148O01028
Fund holdout,2026-06,sbi:SMAAF,SBI,Binary factors,0.25,47,0,0,0,0.0212765957446808,192,-5.079325467174817,0.0338887421187107,INE148O01028
Fund holdout,2026-06,sbi:SMAAF,SBI,Rank factors,0.25,25,0,0,0,0.04,192,-4.922766609666091,0.0636669628170472,INE148O01028
Fund holdout,2026-06,sbi:SMAAF,SBI,Log holdings zero,0.25,5,0,1,1,0.2,192,-5.048652051030779,0.0397229681091383,INE148O01028
Fund holdout,2026-06,sbi:SMAAF,SBI,Log holdings minimum,0.25,1,1,1,1,1.0,192,-0.6289358986499209,0.8803734755533709,INE148O01028
Fund holdout,2026-06,sbi:SMAAF,SBI,Word2Vec,1.0,114,0,0,0,0.0087719298245614,192,-7.2259350953587695,-0.3744063634946717,INE148O01028
Fund holdout,2026-06,uti:193,UTI,Popularity,0.25,1,1,1,1,1.0,191,-1.2975502798206977,0.752954544808748,INE090A01021
Fund holdout,2026-06,uti:193,UTI,Co-holding,0.25,1,1,1,1,1.0,191,-2.5285298744786977,0.5185837315748655,INE090A01021
Fund holdout,2026-06,uti:193,UTI,Category popularity,0.25,1,1,1,1,1.0,191,-1.349462385180841,0.7430708047347949,INE090A01021
Fund holdout,2026-06,uti:193,UTI,Binary factors,0.25,26,0,0,0,0.0384615384615384,191,-4.534254724085964,0.1367062689704072,INE090A01021
Fund holdout,2026-06,uti:193,UTI,Rank factors,0.25,1,1,1,1,1.0,191,-2.4883326400353343,0.526237033520022,INE090A01021
Fund holdout,2026-06,uti:193,UTI,Log holdings zero,0.25,1,1,1,1,1.0,191,-0.1986114590451091,0.9621856208047846,INE090A01021
Fund holdout,2026-06,uti:193,UTI,Log holdings minimum,0.25,1,1,1,1,1.0,191,-0.2871757523876352,0.9453235334523628,INE090A01021
Fund holdout,2026-06,uti:193,UTI,Word2Vec,1.0,1,1,1,1,1.0,191,-0.0798363748966437,0.9847996537136996,INE090A01021
Fund holdout,2026-06,uti:751,UTI,Popularity,0.25,144,0,0,0,0.0069444444444444,198,-9.163501381285396,-0.7327985383676638,INE419M01027
Fund holdout,2026-06,uti:751,UTI,Co-holding,0.25,54,0,0,0,0.0185185185185185,198,-5.04282993786421,0.0464116300114465,INE419M01027
Fund holdout,2026-06,uti:751,UTI,Category popularity,0.25,54,0,0,0,0.0185185185185185,198,-5.768508439621193,-0.0908126246536353,INE419M01027
Fund holdout,2026-06,uti:751,UTI,Binary factors,0.25,28,0,0,0,0.0357142857142857,198,-4.66569010014797,0.117727967769585,INE419M01027
Fund holdout,2026-06,uti:751,UTI,Rank factors,0.25,39,0,0,0,0.0256410256410256,198,-5.12749423630051,0.0304017920163365,INE419M01027
Fund holdout,2026-06,uti:751,UTI,Log holdings zero,0.25,36,0,0,0,0.0277777777777777,198,-5.790756130117126,-0.095019615406334,INE419M01027
Fund holdout,2026-06,uti:751,UTI,Log holdings minimum,0.25,86,0,0,0,0.0116279069767441,198,-7.646660270975007,-0.4459671243134504,INE419M01027
Fund holdout,2026-06,uti:751,UTI,Word2Vec,1.0,88,0,0,0,0.0113636363636363,198,-8.232655048970127,-0.5567774851734162,INE419M01027
Fund holdout,2026-06,uti:753,UTI,Popularity,0.25,1,1,1,1,1.0,214,-1.657784704571025,0.6910562589303199,INE040A01034
Fund holdout,2026-06,uti:753,UTI,Co-holding,0.25,1,1,1,1,1.0,214,-2.8058667616138324,0.4771003907287486,INE040A01034
Fund holdout,2026-06,uti:753,UTI,Category popularity,0.25,1,1,1,1,1.0,214,-1.153108618538571,0.7851073848801251,INE040A01034
Fund holdout,2026-06,uti:753,UTI,Binary factors,0.25,4,0,1,1,0.25,214,-3.492107554857128,0.3492129772699128,INE040A01034
Fund holdout,2026-06,uti:753,UTI,Rank factors,0.25,1,1,1,1,1.0,214,-2.5099543223788703,0.5322464514652421,INE040A01034
Fund holdout,2026-06,uti:753,UTI,Log holdings zero,0.25,1,1,1,1,1.0,214,-0.5379045239842828,0.8997564427275786,INE040A01034
Fund holdout,2026-06,uti:753,UTI,Log holdings minimum,0.25,1,1,1,1,1.0,214,-1.232917233825081,0.7702343002701513,INE040A01034
Fund holdout,2026-06,uti:753,UTI,Word2Vec,1.0,1,1,1,1,1.0,214,-0.2413186673222735,0.9550280011228692,INE040A01034
Fund holdout,2026-07,absl:ABSLMCF,Aditya Birla SL,Popularity,0.25,150,0,0,0,0.0066666666666666,176,-9.089195431903018,-0.7579003127416029,INE931S01010
Fund holdout,2026-07,absl:ABSLMCF,Aditya Birla SL,Co-holding,0.25,101,0,0,0,0.0099009900990099,176,-6.274507271583418,-0.2135241647793013,INE931S01010
Fund holdout,2026-07,absl:ABSLMCF,Aditya Birla SL,Category popularity,0.25,163,0,0,0,0.0061349693251533,176,-12.517132512244476,-1.420882169687891,INE931S01010
Fund holdout,2026-07,absl:ABSLMCF,Aditya Birla SL,Binary factors,0.25,15,0,0,0,0.0666666666666666,176,-4.380871944616153,0.1527153069576752,INE931S01010
Fund holdout,2026-07,absl:ABSLMCF,Aditya Birla SL,Rank factors,0.25,171,0,0,0,0.0058479532163742,176,-6.007988216016924,-0.1619779157584633,INE931S01010
Fund holdout,2026-07,absl:ABSLMCF,Aditya Birla SL,Log holdings zero,0.25,17,0,0,0,0.0588235294117647,176,-4.498939908814269,0.1298803142739304,INE931S01010
Fund holdout,2026-07,absl:ABSLMCF,Aditya Birla SL,Log holdings minimum,0.25,48,0,0,0,0.0208333333333333,176,-5.710881075390949,-0.1045157631029105,INE931S01010
Fund holdout,2026-07,absl:ABSLMCF,Aditya Birla SL,Word2Vec,1.0,22,0,0,0,0.0454545454545454,176,-5.144653284333005,0.00499580130795,INE931S01010
Fund holdout,2026-07,absl:BSLDAAF,Aditya Birla SL,Popularity,0.25,1,1,1,1,1.0,154,-1.120540554737801,0.7775360136998599,INE040A01034
Fund holdout,2026-07,absl:BSLDAAF,Aditya Birla SL,Co-holding,0.25,1,1,1,1,1.0,154,-2.164650193238621,0.5702460665996034,INE040A01034
Fund holdout,2026-07,absl:BSLDAAF,Aditya Birla SL,Category popularity,0.25,1,1,1,1,1.0,154,-1.612124428756669,0.6799405203884261,INE040A01034
Fund holdout,2026-07,absl:BSLDAAF,Aditya Birla SL,Binary factors,0.25,30,0,0,0,0.0333333333333333,154,-4.606385871425099,0.085481592735697,INE040A01034
Fund holdout,2026-07,absl:BSLDAAF,Aditya Birla SL,Rank factors,0.25,1,1,1,1,1.0,154,-2.22595872672595,0.5580743154781117,INE040A01034
Fund holdout,2026-07,absl:BSLDAAF,Aditya Birla SL,Log holdings zero,0.25,1,1,1,1,1.0,154,-0.4124462342633439,0.9181159191242526,INE040A01034
Fund holdout,2026-07,absl:BSLDAAF,Aditya Birla SL,Log holdings minimum,0.25,1,1,1,1,1.0,154,-0.0279109540699487,0.9944587618202771,INE040A01034
Fund holdout,2026-07,absl:BSLDAAF,Aditya Birla SL,Word2Vec,1.0,1,1,1,1,1.0,154,-0.0241547110712936,0.9952044990338564,INE040A01034
Fund holdout,2026-07,absl:BSLPHF,Aditya Birla SL,Popularity,0.25,12,0,0,0,0.0833333333333333,219,-3.582548293925086,0.3352197792982294,INE044A01036
Fund holdout,2026-07,absl:BSLPHF,Aditya Birla SL,Co-holding,0.25,1,1,1,1,1.0,219,-3.282162932365698,0.3909595015768223,INE044A01036
Fund holdout,2026-07,absl:BSLPHF,Aditya Birla SL,Category popularity,0.25,12,0,0,0,0.0833333333333333,219,-3.770181787469341,0.3004023741955804,INE044A01036
Fund holdout,2026-07,absl:BSLPHF,Aditya Birla SL,Binary factors,0.25,1,1,1,1,1.0,219,-1.5783897112846903,0.7071128776127025,INE044A01036
Fund holdout,2026-07,absl:BSLPHF,Aditya Birla SL,Rank factors,0.25,19,0,0,0,0.0526315789473684,219,-4.681388683129235,0.131318171693989,INE044A01036
Fund holdout,2026-07,absl:BSLPHF,Aditya Birla SL,Log holdings zero,0.25,8,0,0,1,0.125,219,-5.599193132407085,-0.0389902775700738,INE044A01036
Fund holdout,2026-07,absl:BSLPHF,Aditya Birla SL,Log holdings minimum,0.25,27,0,0,0,0.037037037037037,219,-7.656006490492338,-0.420654033631322,INE044A01036
Fund holdout,2026-07,absl:BSLPHF,Aditya Birla SL,Word2Vec,1.0,1,1,1,1,1.0,219,-1.335946091161798,0.7521008889582386,INE044A01036
Fund holdout,2026-07,absl:BSLR96,Aditya Birla SL,Popularity,0.25,1,1,1,1,1.0,197,-1.4262493250012689,0.7300408240471241,INE040A01034
Fund holdout,2026-07,absl:BSLR96,Aditya Birla SL,Co-holding,0.25,1,1,1,1,1.0,197,-2.597602760636598,0.5083281103647515,INE040A01034
Fund holdout,2026-07,absl:BSLR96,Aditya Birla SL,Category popularity,0.25,1,1,1,1,1.0,197,-1.1615239028495434,0.7801478113494973,INE040A01034
Fund holdout,2026-07,absl:BSLR96,Aditya Birla SL,Binary factors,0.25,16,0,0,0,0.0625,197,-4.436905085387599,0.1601866380330836,INE040A01034
Fund holdout,2026-07,absl:BSLR96,Aditya Birla SL,Rank factors,0.25,1,1,1,1,1.0,197,-2.7884692848985257,0.472201068126401,INE040A01034
Fund holdout,2026-07,absl:BSLR96,Aditya Birla SL,Log holdings zero,0.25,1,1,1,1,1.0,197,-0.4420073555117287,0.916337249478488,INE040A01034
Fund holdout,2026-07,absl:BSLR96,Aditya Birla SL,Log holdings minimum,0.25,1,1,1,1,1.0,197,-0.6772006041691521,0.8718200851340411,INE040A01034
Fund holdout,2026-07,absl:BSLR96,Aditya Birla SL,Word2Vec,1.0,1,1,1,1,1.0,197,-0.0143626916888432,0.9972814427710374,INE040A01034
Fund holdout,2026-07,absl:MNC,Aditya Birla SL,Popularity,0.25,39,0,0,0,0.0256410256410256,204,-5.7733203954434575,-0.085594232948136,INE854D01024
Fund holdout,2026-07,absl:MNC,Aditya Birla SL,Co-holding,0.25,19,0,0,0,0.0526315789473684,204,-4.196721692580928,0.2108636703499204,INE854D01024
Fund holdout,2026-07,absl:MNC,Aditya Birla SL,Category popularity,0.25,74,0,0,0,0.0135135135135135,204,-6.904262085524442,-0.2982524075267581,INE854D01024
Fund holdout,2026-07,absl:MNC,Aditya Birla SL,Binary factors,0.25,17,0,0,0,0.0588235294117647,204,-4.2350533969289685,0.2036559156560794,INE854D01024
Fund holdout,2026-07,absl:MNC,Aditya Birla SL,Rank factors,0.25,40,0,0,0,0.025,204,-5.077854122696428,0.0451787232002848,INE854D01024
Fund holdout,2026-07,absl:MNC,Aditya Birla SL,Log holdings zero,0.25,70,0,0,0,0.0142857142857142,204,-7.319791305133768,-0.3763870152622561,INE854D01024
Fund holdout,2026-07,absl:MNC,Aditya Birla SL,Log holdings minimum,0.25,67,0,0,0,0.0149253731343283,204,-5.803993364000626,-0.0913618667346383,INE854D01024
Fund holdout,2026-07,absl:MNC,Aditya Birla SL,Word2Vec,1.0,33,0,0,0,0.0303030303030303,204,-5.127009863358975,0.0359356559661033,INE854D01024
Fund holdout,2026-07,axis:AXISMLC,Axis,Popularity,0.25,1,1,1,1,1.0,154,-1.140929065418149,0.7734882268156675,INE040A01034
Fund holdout,2026-07,axis:AXISMLC,Axis,Co-holding,0.25,1,1,1,1,1.0,154,-2.535357355950686,0.4966485579523257,INE040A01034
Fund holdout,2026-07,axis:AXISMLC,Axis,Category popularity,0.25,1,1,1,1,1.0,154,-1.1365845058679618,0.7743507641260455,INE040A01034
Fund holdout,2026-07,axis:AXISMLC,Axis,Binary factors,0.25,7,0,0,1,0.1428571428571428,154,-3.5088351587224595,0.3033813427108526,INE040A01034
Fund holdout,2026-07,axis:AXISMLC,Axis,Rank factors,0.25,1,1,1,1,1.0,154,-2.017100650996551,0.5995394814654424,INE040A01034
Fund holdout,2026-07,axis:AXISMLC,Axis,Log holdings zero,0.25,1,1,1,1,1.0,154,-0.4675576565788235,0.9071744974620612,INE040A01034
Fund holdout,2026-07,axis:AXISMLC,Axis,Log holdings minimum,0.25,1,1,1,1,1.0,154,-0.2421103065501384,0.951933177526006,INE040A01034
Fund holdout,2026-07,axis:AXISMLC,Axis,Word2Vec,1.0,1,1,1,1,1.0,154,-0.9192932294318156,0.8174901965543007,INE040A01034
Fund holdout,2026-07,hdfc:HDFCEQ,HDFC,Popularity,0.25,1,1,1,1,1.0,177,-1.432502259311658,0.7232494550347273,INE040A01034
Fund holdout,2026-07,hdfc:HDFCEQ,HDFC,Co-holding,0.25,1,1,1,1,1.0,177,-2.472293227722949,0.5223682939145567,INE040A01034
Fund holdout,2026-07,hdfc:HDFCEQ,HDFC,Category popularity,0.25,1,1,1,1,1.0,177,-1.2860195206456595,0.7515490109274352,INE040A01034
Fund holdout,2026-07,hdfc:HDFCEQ,HDFC,Binary factors,0.25,45,0,0,0,0.0222222222222222,177,-5.302756796203919,-0.0244596988439775,INE040A01034
Fund holdout,2026-07,hdfc:HDFCEQ,HDFC,Rank factors,0.25,1,1,1,1,1.0,177,-2.6713530957569978,0.4839111629738977,INE040A01034
Fund holdout,2026-07,hdfc:HDFCEQ,HDFC,Log holdings zero,0.25,1,1,1,1,1.0,177,-0.9713228730290356,0.8123464499265852,INE040A01034
Fund holdout,2026-07,hdfc:HDFCEQ,HDFC,Log holdings minimum,0.25,1,1,1,1,1.0,177,-0.2093457440771864,0.9595557016521836,INE040A01034
Fund holdout,2026-07,hdfc:HDFCEQ,HDFC,Word2Vec,1.0,1,1,1,1,1.0,177,-0.1097004785726536,0.9788065484500376,INE040A01034
Fund holdout,2026-07,hdfc:HDFCMNCFND,HDFC,Popularity,0.25,25,0,0,0,0.04,206,-5.280397333452953,0.0089113999335713,INE216A01030
Fund holdout,2026-07,hdfc:HDFCMNCFND,HDFC,Co-holding,0.25,10,0,0,1,0.1,206,-3.764731204451325,0.2933898827257054,INE216A01030
Fund holdout,2026-07,hdfc:HDFCMNCFND,HDFC,Category popularity,0.25,15,0,0,0,0.0666666666666666,206,-4.131610945393758,0.2245294720630862,INE216A01030
Fund holdout,2026-07,hdfc:HDFCMNCFND,HDFC,Binary factors,0.25,62,0,0,0,0.0161290322580645,206,-5.45291582746169,-0.0234689498612195,INE216A01030
Fund holdout,2026-07,hdfc:HDFCMNCFND,HDFC,Rank factors,0.25,1,1,1,1,1.0,206,-3.738275306405865,0.2983554444631268,INE216A01030
Fund holdout,2026-07,hdfc:HDFCMNCFND,HDFC,Log holdings zero,0.25,133,0,0,0,0.0075187969924812,206,-8.649398948189418,-0.6234234194212589,INE216A01030
Fund holdout,2026-07,hdfc:HDFCMNCFND,HDFC,Log holdings minimum,0.25,4,0,1,1,0.25,206,-3.5142603629056044,0.3404012684281295,INE216A01030
Fund holdout,2026-07,hdfc:HDFCMNCFND,HDFC,Word2Vec,1.0,2,0,1,1,0.5,206,-2.524558545214916,0.5261604314297605,INE216A01030
Fund holdout,2026-07,icici:BHACON,ICICI Prudential,Popularity,0.25,6,0,0,1,0.1666666666666666,203,-2.7371967689972365,0.4848314219711697,INE101A01026
Fund holdout,2026-07,icici:BHACON,ICICI Prudential,Co-holding,0.25,1,1,1,1,1.0,203,-3.0335404229183416,0.4290564990545639,INE101A01026
Fund holdout,2026-07,icici:BHACON,ICICI Prudential,Category popularity,0.25,3,0,1,1,0.3333333333333333,203,-2.383603836865157,0.5513812477311429,INE101A01026
Fund holdout,2026-07,icici:BHACON,ICICI Prudential,Binary factors,0.25,7,0,0,1,0.1428571428571428,203,-3.5464785437653505,0.3325162702604385,INE101A01026
Fund holdout,2026-07,icici:BHACON,ICICI Prudential,Rank factors,0.25,1,1,1,1,1.0,203,-2.9165417440032906,0.4510768535028119,INE101A01026
Fund holdout,2026-07,icici:BHACON,ICICI Prudential,Log holdings zero,0.25,1,1,1,1,1.0,203,-1.3397439302884404,0.7478464159731188,INE101A01026
Fund holdout,2026-07,icici:BHACON,ICICI Prudential,Log holdings minimum,0.25,1,1,1,1,1.0,203,-0.3283449450247637,0.9382021050341476,INE101A01026
Fund holdout,2026-07,icici:BHACON,ICICI Prudential,Word2Vec,1.0,1,1,1,1,1.0,203,-1.83452814723304,0.6547229385667656,INE101A01026
Fund holdout,2026-07,icici:HOUSING,ICICI Prudential,Popularity,0.25,1,1,1,1,1.0,208,-2.0039231292538062,0.6245604060653478,INE040A01034
Fund holdout,2026-07,icici:HOUSING,ICICI Prudential,Co-holding,0.25,2,0,1,1,0.5,208,-2.9807624931486285,0.441547311018823,INE040A01034
Fund holdout,2026-07,icici:HOUSING,ICICI Prudential,Category popularity,0.25,4,0,1,1,0.25,208,-2.603543324357931,0.5122201873820407,INE040A01034
Fund holdout,2026-07,icici:HOUSING,ICICI Prudential,Binary factors,0.25,9,0,0,1,0.1111111111111111,208,-3.974999469963646,0.2552747332931285,INE040A01034
Fund holdout,2026-07,icici:HOUSING,ICICI Prudential,Rank factors,0.25,3,0,1,1,0.3333333333333333,208,-3.9467311609671136,0.2605708658123582,INE040A01034
Fund holdout,2026-07,icici:HOUSING,ICICI Prudential,Log holdings zero,0.25,5,0,1,1,0.2,208,-4.141027553725133,0.224168991042241,INE040A01034
Fund holdout,2026-07,icici:HOUSING,ICICI Prudential,Log holdings minimum,0.25,14,0,0,0,0.0714285714285714,208,-5.73052798406037,-0.0736275598395437,INE040A01034
Fund holdout,2026-07,icici:HOUSING,ICICI Prudential,Word2Vec,1.0,5,0,1,1,0.2,208,-2.9400743145187773,0.4491703345967884,INE040A01034
Fund holdout,2026-07,icici:LARGE & MIDCAP,ICICI Prudential,Popularity,0.25,6,0,0,1,0.1666666666666666,146,-3.074308010126021,0.3831158348786013,INE646L01027
Fund holdout,2026-07,icici:LARGE & MIDCAP,ICICI Prudential,Co-holding,0.25,5,0,1,1,0.2,146,-3.4102147716442883,0.3157134921545439,INE646L01027
Fund holdout,2026-07,icici:LARGE & MIDCAP,ICICI Prudential,Category popularity,0.25,5,0,1,1,0.2,146,-2.8618739447825714,0.4257424066505582,INE646L01027
Fund holdout,2026-07,icici:LARGE & MIDCAP,ICICI Prudential,Binary factors,0.25,1,1,1,1,1.0,146,-2.661368865844053,0.4659753331550557,INE646L01027
Fund holdout,2026-07,icici:LARGE & MIDCAP,ICICI Prudential,Rank factors,0.25,6,0,0,1,0.1666666666666666,146,-4.066548477884898,0.1840149541155155,INE646L01027
Fund holdout,2026-07,icici:LARGE & MIDCAP,ICICI Prudential,Log holdings zero,0.25,102,0,0,0,0.0098039215686274,146,-9.345705712466582,-0.8752896088862963,INE646L01027
Fund holdout,2026-07,icici:LARGE & MIDCAP,ICICI Prudential,Log holdings minimum,0.25,12,0,0,0,0.0833333333333333,146,-4.140339893177458,0.1692081242643934,INE646L01027
Fund holdout,2026-07,icici:LARGE & MIDCAP,ICICI Prudential,Word2Vec,1.0,11,0,0,0,0.0909090909090909,146,-3.689844461169288,0.25960358807284,INE646L01027
Fund holdout,2026-07,icici:MIDCAP,ICICI Prudential,Popularity,0.25,62,0,0,0,0.0161290322580645,193,-6.693720731623172,-0.2719199670418124,INE094A01015
Fund holdout,2026-07,icici:MIDCAP,ICICI Prudential,Co-holding,0.25,13,0,0,0,0.0769230769230769,193,-4.149734097232604,0.2114804504393365,INE094A01015
Fund holdout,2026-07,icici:MIDCAP,ICICI Prudential,Category popularity,0.25,12,0,0,0,0.0833333333333333,193,-3.787185471264028,0.2803708112538344,INE094A01015
Fund holdout,2026-07,icici:MIDCAP,ICICI Prudential,Binary factors,0.25,21,0,0,0,0.0476190476190476,193,-4.437975356096722,0.1567097441051872,INE094A01015
Fund holdout,2026-07,icici:MIDCAP,ICICI Prudential,Rank factors,0.25,46,0,0,0,0.0217391304347826,193,-5.266254871405772,-0.0006773498672603,INE094A01015
Fund holdout,2026-07,icici:MIDCAP,ICICI Prudential,Log holdings zero,0.25,43,0,0,0,0.0232558139534883,193,-10.407658289086122,-0.977630815324862,INE094A01015
Fund holdout,2026-07,icici:MIDCAP,ICICI Prudential,Log holdings minimum,0.25,64,0,0,0,0.015625,193,-8.850366253720917,-0.6817190326688396,INE094A01015
Fund holdout,2026-07,icici:MIDCAP,ICICI Prudential,Word2Vec,1.0,5,0,1,1,0.2,193,-3.1569104354238293,0.4001337106867103,INE094A01015
Fund holdout,2026-07,icici:MNCFUND,ICICI Prudential,Popularity,0.25,9,0,0,1,0.1111111111111111,207,-3.3130204007163115,0.3787370890622832,INE585B01010
Fund holdout,2026-07,icici:MNCFUND,ICICI Prudential,Co-holding,0.25,1,1,1,1,1.0,207,-3.46875290622057,0.3495338793035141,INE585B01010
Fund holdout,2026-07,icici:MNCFUND,ICICI Prudential,Category popularity,0.25,7,0,0,1,0.1428571428571428,207,-2.9437771082773363,0.4479781847872797,INE585B01010
Fund holdout,2026-07,icici:MNCFUND,ICICI Prudential,Binary factors,0.25,1,1,1,1,1.0,207,-2.5094707368815765,0.5294200136615568,INE585B01010
Fund holdout,2026-07,icici:MNCFUND,ICICI Prudential,Rank factors,0.25,5,0,1,1,0.2,207,-4.32096148731972,0.1897263563237922,INE585B01010
Fund holdout,2026-07,icici:MNCFUND,ICICI Prudential,Log holdings zero,0.25,14,0,0,0,0.0714285714285714,207,-6.24140484825279,-0.1703982696659329,INE585B01010
Fund holdout,2026-07,icici:MNCFUND,ICICI Prudential,Log holdings minimum,0.25,91,0,0,0,0.0109890109890109,207,-7.308089871182167,-0.3704247597700956,INE585B01010
Fund holdout,2026-07,icici:MNCFUND,ICICI Prudential,Word2Vec,1.0,7,0,0,1,0.1428571428571428,207,-3.557677863681727,0.3328585283411758,INE585B01010
Fund holdout,2026-07,icici:MULTICAP,ICICI Prudential,Popularity,0.25,97,0,0,0,0.0103092783505154,153,-8.381112050189449,-0.6660800075770621,INE118H01025
Fund holdout,2026-07,icici:MULTICAP,ICICI Prudential,Co-holding,0.25,76,0,0,0,0.0131578947368421,153,-5.671515700317757,-0.1274397555328283,INE118H01025
Fund holdout,2026-07,icici:MULTICAP,ICICI Prudential,Category popularity,0.25,85,0,0,0,0.0117647058823529,153,-8.277691843489892,-0.6455211201967503,INE118H01025
Fund holdout,2026-07,icici:MULTICAP,ICICI Prudential,Binary factors,0.25,122,0,0,0,0.0081967213114754,153,-7.11237981975051,-0.413868917754538,INE118H01025
Fund holdout,2026-07,icici:MULTICAP,ICICI Prudential,Rank factors,0.25,56,0,0,0,0.0178571428571428,153,-5.208930588444949,-0.0354825305155752,INE118H01025
Fund holdout,2026-07,icici:MULTICAP,ICICI Prudential,Log holdings zero,0.25,21,0,0,0,0.0476190476190476,153,-5.684042228861654,-0.1299299022635189,INE118H01025
Fund holdout,2026-07,icici:MULTICAP,ICICI Prudential,Log holdings minimum,0.25,27,0,0,0,0.037037037037037,153,-8.212674541947543,-0.6325963405735178,INE118H01025
Fund holdout,2026-07,icici:MULTICAP,ICICI Prudential,Word2Vec,1.0,140,0,0,0,0.0071428571428571,153,-8.923449041008112,-0.7738910966499082,INE118H01025
Fund holdout,2026-07,icici:RURALOPP,ICICI Prudential,Popularity,0.25,10,0,0,1,0.1,205,-4.150535664293788,0.2202652858889435,INE030A01027
Fund holdout,2026-07,icici:RURALOPP,ICICI Prudential,Co-holding,0.25,11,0,0,0,0.0909090909090909,205,-3.6807796518981695,0.3085153576033785,INE030A01027
Fund holdout,2026-07,icici:RURALOPP,ICICI Prudential,Category popularity,0.25,9,0,0,1,0.1111111111111111,205,-3.678430843177312,0.308956613345912,INE030A01027
Fund holdout,2026-07,icici:RURALOPP,ICICI Prudential,Binary factors,0.25,1,1,1,1,1.0,205,-1.5846622035610969,0.7022995993297776,INE030A01027
Fund holdout,2026-07,icici:RURALOPP,ICICI Prudential,Rank factors,0.25,6,0,0,1,0.1666666666666666,205,-3.96781237583852,0.2545923469260982,INE030A01027
Fund holdout,2026-07,icici:RURALOPP,ICICI Prudential,Log holdings zero,0.25,66,0,0,0,0.0151515151515151,205,-7.523101418161643,-0.4133171734874983,INE030A01027
Fund holdout,2026-07,icici:RURALOPP,ICICI Prudential,Log holdings minimum,0.25,14,0,0,0,0.0714285714285714,205,-5.217358114174036,0.0198481433208721,INE030A01027
Fund holdout,2026-07,icici:RURALOPP,ICICI Prudential,Word2Vec,1.0,71,0,0,0,0.0140845070422535,205,-8.189579740785067,-0.5385242133456694,INE030A01027
Fund holdout,2026-07,icici:TECH,ICICI Prudential,Popularity,0.25,5,0,1,1,0.2,216,-2.590454034638608,0.5180800252252135,INE397D01024
Fund holdout,2026-07,icici:TECH,ICICI Prudential,Co-holding,0.25,4,0,1,1,0.25,216,-3.441903949959563,0.3596789433196186,INE397D01024
Fund holdout,2026-07,icici:TECH,ICICI Prudential,Category popularity,0.25,5,0,1,1,0.2,216,-2.9205495361848683,0.4566700894953028,INE397D01024
Fund holdout,2026-07,icici:TECH,ICICI Prudential,Binary factors,0.25,61,0,0,0,0.0163934426229508,216,-5.574757478063623,-0.0371104629844465,INE397D01024
Fund holdout,2026-07,icici:TECH,ICICI Prudential,Rank factors,0.25,4,0,1,1,0.25,216,-3.784548563646176,0.2959344099766033,INE397D01024
Fund holdout,2026-07,icici:TECH,ICICI Prudential,Log holdings zero,0.25,1,1,1,1,1.0,216,-1.0170066428064164,0.8107992617921769,INE397D01024
Fund holdout,2026-07,icici:TECH,ICICI Prudential,Log holdings minimum,0.25,7,0,0,1,0.1428571428571428,216,-4.94028559355182,0.0809247040135645,INE397D01024
Fund holdout,2026-07,icici:TECH,ICICI Prudential,Word2Vec,1.0,58,0,0,0,0.0172413793103448,216,-5.853779865807101,-0.0890189161995589,INE397D01024
Fund holdout,2026-07,kotak:EME,Kotak,Popularity,0.25,8,0,0,1,0.125,193,-3.08075778792535,0.4146039996007392,INE758T01015
Fund holdout,2026-07,kotak:EME,Kotak,Co-holding,0.25,3,0,1,1,0.3333333333333333,193,-3.373681854431563,0.3589434807421956,INE758T01015
Fund holdout,2026-07,kotak:EME,Kotak,Category popularity,0.25,7,0,0,1,0.1428571428571428,193,-3.1364276265065074,0.4040257902471801,INE758T01015
Fund holdout,2026-07,kotak:EME,Kotak,Binary factors,0.25,38,0,0,0,0.0263157894736842,193,-5.079209749767959,0.034864381628193,INE758T01015
Fund holdout,2026-07,kotak:EME,Kotak,Rank factors,0.25,6,0,0,1,0.1666666666666666,193,-4.278342270917985,0.1870427258025108,INE758T01015
Fund holdout,2026-07,kotak:EME,Kotak,Log holdings zero,0.25,4,0,1,1,0.25,193,-3.4944390495272817,0.3359975746065264,INE758T01015
Fund holdout,2026-07,kotak:EME,Kotak,Log holdings minimum,0.25,6,0,0,1,0.1666666666666666,193,-3.3338270216872607,0.3665165719396076,INE758T01015
Fund holdout,2026-07,kotak:EME,Kotak,Word2Vec,1.0,41,0,0,0,0.024390243902439,193,-5.153838273025595,0.0206837020557999,INE758T01015
Fund holdout,2026-07,mirae:MAFF,Mirae Asset,Popularity,0.25,1,1,1,1,1.0,218,-1.9366143459081575,0.6403350131581289,INE040A01034
Fund holdout,2026-07,mirae:MAFF,Mirae Asset,Co-holding,0.25,1,1,1,1,1.0,218,-3.05570568628052,0.4324991200386189,INE040A01034
Fund holdout,2026-07,mirae:MAFF,Mirae Asset,Category popularity,0.25,1,1,1,1,1.0,218,-1.1641926694274094,0.7837879586011962,INE040A01034
Fund holdout,2026-07,mirae:MAFF,Mirae Asset,Binary factors,0.25,8,0,0,1,0.125,218,-3.5677535556884807,0.3374023907377422,INE040A01034
Fund holdout,2026-07,mirae:MAFF,Mirae Asset,Rank factors,0.25,1,1,1,1,1.0,218,-3.4903111994083984,0.3517848640016268,INE040A01034
Fund holdout,2026-07,mirae:MAFF,Mirae Asset,Log holdings zero,0.25,1,1,1,1,1.0,218,-0.306740325763096,0.9430326665386134,INE040A01034
Fund holdout,2026-07,mirae:MAFF,Mirae Asset,Log holdings minimum,0.25,1,1,1,1,1.0,218,-2.1878966011409746,0.5936672658015817,INE040A01034
Fund holdout,2026-07,mirae:MAFF,Mirae Asset,Word2Vec,1.0,1,1,1,1,1.0,218,-0.1582429479145215,0.970611367255567,INE040A01034
Fund holdout,2026-07,sbi:SBLUECHIP,SBI,Popularity,0.25,1,1,1,1,1.0,194,-1.4542445140161817,0.7239400777118192,INE040A01034
Fund holdout,2026-07,sbi:SBLUECHIP,SBI,Co-holding,0.25,1,1,1,1,1.0,194,-2.626743929314229,0.5013639604561244,INE040A01034
Fund holdout,2026-07,sbi:SBLUECHIP,SBI,Category popularity,0.25,1,1,1,1,1.0,194,-1.9912310791294523,0.6220036646765921,INE040A01034
Fund holdout,2026-07,sbi:SBLUECHIP,SBI,Binary factors,0.25,28,0,0,0,0.0357142857142857,194,-5.042737407458875,0.0427347785014168,INE040A01034
Fund holdout,2026-07,sbi:SBLUECHIP,SBI,Rank factors,0.25,2,0,1,1,0.5,194,-2.7125944556954584,0.4850669145241789,INE040A01034
Fund holdout,2026-07,sbi:SBLUECHIP,SBI,Log holdings zero,0.25,3,0,1,1,0.3333333333333333,194,-3.3771547989032147,0.3589131109969554,INE040A01034
Fund holdout,2026-07,sbi:SBLUECHIP,SBI,Log holdings minimum,0.25,1,1,1,1,1.0,194,-0.2614964593714575,0.9503600037291144,INE040A01034
Fund holdout,2026-07,sbi:SBLUECHIP,SBI,Word2Vec,1.0,1,1,1,1,1.0,194,-0.0379495023108216,0.9927960280696758,INE040A01034
Fund holdout,2026-07,sbi:SMAAF,SBI,Popularity,0.25,82,0,0,0,0.0121951219512195,198,-6.741497316016565,-0.2748027429188213,INE148O01028
Fund holdout,2026-07,sbi:SMAAF,SBI,Co-holding,0.25,65,0,0,0,0.0153846153846153,198,-5.409216548271503,-0.0228712954309877,INE148O01028
Fund holdout,2026-07,sbi:SMAAF,SBI,Category popularity,0.25,37,0,0,0,0.027027027027027,198,-5.24649542242364,0.0078989219017198,INE148O01028
Fund holdout,2026-07,sbi:SMAAF,SBI,Binary factors,0.25,42,0,0,0,0.0238095238095238,198,-5.166457975020497,0.0230338322492086,INE148O01028
Fund holdout,2026-07,sbi:SMAAF,SBI,Rank factors,0.25,34,0,0,0,0.0294117647058823,198,-5.057339710507354,0.04366786299686,INE148O01028
Fund holdout,2026-07,sbi:SMAAF,SBI,Log holdings zero,0.25,30,0,0,0,0.0333333333333333,198,-4.999116431769723,0.0546777606437994,INE148O01028
Fund holdout,2026-07,sbi:SMAAF,SBI,Log holdings minimum,0.25,30,0,0,0,0.0333333333333333,198,-5.676423503329394,-0.0733995598902046,INE148O01028
Fund holdout,2026-07,sbi:SMAAF,SBI,Word2Vec,1.0,9,0,0,1,0.1111111111111111,198,-3.814816407445545,0.2786263656310627,INE148O01028
Fund holdout,2026-07,uti:193,UTI,Popularity,0.25,1,1,1,1,1.0,191,-1.2467634755398826,0.7626240345976112,INE090A01021
Fund holdout,2026-07,uti:193,UTI,Co-holding,0.25,1,1,1,1,1.0,191,-2.439761721767282,0.5354846324756836,INE090A01021
Fund holdout,2026-07,uti:193,UTI,Category popularity,0.25,1,1,1,1,1.0,191,-1.2573068084703785,0.760616649971709,INE090A01021
Fund holdout,2026-07,uti:193,UTI,Binary factors,0.25,11,0,0,0,0.0909090909090909,191,-3.957446802301234,0.2465268884957793,INE090A01021
Fund holdout,2026-07,uti:193,UTI,Rank factors,0.25,1,1,1,1,1.0,191,-2.414366835440197,0.5403196599499729,INE090A01021
Fund holdout,2026-07,uti:193,UTI,Log holdings zero,0.25,1,1,1,1,1.0,191,-0.0804120971238422,0.9846900398036308,INE090A01021
Fund holdout,2026-07,uti:193,UTI,Log holdings minimum,0.25,1,1,1,1,1.0,191,-0.5264093094952393,0.8997749609370554,INE090A01021
Fund holdout,2026-07,uti:193,UTI,Word2Vec,1.0,1,1,1,1,1.0,191,-0.0268323500995553,0.9948912884168838,INE090A01021
Fund holdout,2026-07,uti:751,UTI,Popularity,0.25,128,0,0,0,0.0078125,199,-8.618839782570374,-0.6282530607934469,INE048G01026
Fund holdout,2026-07,uti:751,UTI,Co-holding,0.25,14,0,0,0,0.0714285714285714,199,-4.175026011735033,0.2112628782997895,INE048G01026
Fund holdout,2026-07,uti:751,UTI,Category popularity,0.25,4,0,1,1,0.25,199,-2.973479631515904,0.4382564900424626,INE048G01026
Fund holdout,2026-07,uti:751,UTI,Binary factors,0.25,5,0,1,1,0.2,199,-3.726599514701973,0.2959786677511178,INE048G01026
Fund holdout,2026-07,uti:751,UTI,Rank factors,0.25,66,0,0,0,0.0151515151515151,199,-5.512155434729296,-0.0413447963515296,INE048G01026
Fund holdout,2026-07,uti:751,UTI,Log holdings zero,0.25,46,0,0,0,0.0217391304347826,199,-7.345949638681971,-0.38778133546547,INE048G01026
Fund holdout,2026-07,uti:751,UTI,Log holdings minimum,0.25,49,0,0,0,0.0204081632653061,199,-6.827043324169404,-0.2897506473235727,INE048G01026
Fund holdout,2026-07,uti:751,UTI,Word2Vec,1.0,11,0,0,0,0.0909090909090909,199,-4.03398805912787,0.2379074712860822,INE048G01026
Fund holdout,2026-07,uti:753,UTI,Popularity,0.25,1,1,1,1,1.0,213,-1.7288047321700333,0.6775395410779164,INE040A01034
Fund holdout,2026-07,uti:753,UTI,Co-holding,0.25,1,1,1,1,1.0,213,-2.8762867735619357,0.4635086683097535,INE040A01034
Fund holdout,2026-07,uti:753,UTI,Category popularity,0.25,1,1,1,1,1.0,213,-0.9419082978910468,0.8243131937640988,INE040A01034
Fund holdout,2026-07,uti:753,UTI,Binary factors,0.25,5,0,1,1,0.2,213,-3.487052273521724,0.3495873446657603,INE040A01034
Fund holdout,2026-07,uti:753,UTI,Rank factors,0.25,1,1,1,1,1.0,213,-3.122133473207347,0.4176528014689505,INE040A01034
Fund holdout,2026-07,uti:753,UTI,Log holdings zero,0.25,1,1,1,1,1.0,213,-0.5930655940323168,0.8893801017177283,INE040A01034
Fund holdout,2026-07,uti:753,UTI,Log holdings minimum,0.25,1,1,1,1,1.0,213,-0.984308889590527,0.816404542194861,INE040A01034
Fund holdout,2026-07,uti:753,UTI,Word2Vec,1.0,1,1,1,1,1.0,213,-0.0838017351798861,0.9843691161403444,INE040A01034
Fund holdout,2026-02,absl:ABSLMCF,Aditya Birla SL,Portfolio transformer,0.5,1,1,1,1,1.0,179,-0.0415004497777857,0.9919997371834078,INE090A01021
Fund holdout,2026-02,absl:BSLDAAF,Aditya Birla SL,Portfolio transformer,0.5,1,1,1,1,1.0,171,-0.0541903474380465,0.98946054193501,INE040A01034
Fund holdout,2026-02,absl:BSLPHF,Aditya Birla SL,Portfolio transformer,0.5,137,0,0,0,0.0072992700729927,219,-6.78450864754323,-0.2589382713178776,INE437A01024
Fund holdout,2026-02,absl:BSLR96,Aditya Birla SL,Portfolio transformer,0.5,1,1,1,1,1.0,198,-0.0277166408348588,0.9947588424196464,INE040A01034
Fund holdout,2026-02,absl:MNC,Aditya Birla SL,Portfolio transformer,0.5,25,0,0,0,0.04,201,-4.720696838401007,0.1098575472763632,INE513A01022
Fund holdout,2026-02,axis:AXISMLC,Axis,Portfolio transformer,0.5,1,1,1,1,1.0,146,-0.0702183792788435,0.9859101280239544,INE090A01021
Fund holdout,2026-02,hdfc:HDFCEQ,HDFC,Portfolio transformer,0.5,1,1,1,1,1.0,192,-0.5298647531232321,0.8992172668487073,INE238A01034
Fund holdout,2026-02,hdfc:HDFCMNCFND,HDFC,Portfolio transformer,0.5,55,0,0,0,0.0181818181818181,212,-5.748338480587011,-0.0731346767935676,INE239A01024
Fund holdout,2026-02,icici:BHACON,ICICI Prudential,Portfolio transformer,0.5,27,0,0,0,0.037037037037037,199,-4.811403325421972,0.091039816383067,INE397D01024
Fund holdout,2026-02,icici:HOUSING,ICICI Prudential,Portfolio transformer,0.5,6,0,0,1,0.1666666666666666,210,-3.354929987366636,0.3725710642448077,INE733E01010
Fund holdout,2026-02,icici:LARGE & MIDCAP,ICICI Prudential,Portfolio transformer,0.5,2,0,1,1,0.5,177,-1.882520978481745,0.636308631754811,INE238A01034
Fund holdout,2026-02,icici:MIDCAP,ICICI Prudential,Portfolio transformer,0.5,76,0,0,0,0.0131578947368421,182,-8.840300455325321,-0.6987488654229828,INE702C01027
Fund holdout,2026-02,icici:MNCFUND,ICICI Prudential,Portfolio transformer,0.5,20,0,0,0,0.05,206,-4.913557044327618,0.0777644058037653,INE205A01025
Fund holdout,2026-02,icici:MULTICAP,ICICI Prudential,Portfolio transformer,0.5,4,0,1,1,0.25,160,-3.291691816050013,0.3514129888183235,INE397D01024
Fund holdout,2026-02,icici:RURALOPP,ICICI Prudential,Portfolio transformer,0.5,22,0,0,0,0.0454545454545454,202,-6.245556706415619,-0.1765715413096606,INE030A01027
Fund holdout,2026-02,icici:TECH,ICICI Prudential,Portfolio transformer,0.5,151,0,0,0,0.0066225165562913,212,-11.008339727425636,-1.0551035982519823,INE075A01022
Fund holdout,2026-02,kotak:EME,Kotak,Portfolio transformer,0.5,28,0,0,0,0.0357142857142857,190,-8.440803343617327,-0.6086839373202624,INE061F01013
Fund holdout,2026-02,mirae:MAFF,Mirae Asset,Portfolio transformer,0.5,1,1,1,1,1.0,214,-0.1804994480810631,0.966362233529229,INE090A01021
Fund holdout,2026-02,sbi:SBLUECHIP,SBI,Portfolio transformer,0.5,1,1,1,1,1.0,195,-0.0251834430746153,0.9952240763923988,INE040A01034
Fund holdout,2026-02,sbi:SMAAF,SBI,Portfolio transformer,0.5,54,0,0,0,0.0185185185185185,198,-6.42772729417478,-0.2154695019874202,INE213A01029
Fund holdout,2026-02,uti:193,UTI,Portfolio transformer,0.5,1,1,1,1,1.0,193,-0.0475118880912504,0.9909719389920734,INE090A01021
Fund holdout,2026-02,uti:751,UTI,Portfolio transformer,0.5,54,0,0,0,0.0185185185185185,208,-5.201605085541939,0.0254673581957818,INE878B01027
Fund holdout,2026-02,uti:753,UTI,Portfolio transformer,0.5,1,1,1,1,1.0,210,-0.2024633598412641,0.9621359101760764,INE090A01021
Fund holdout,2026-03,absl:ABSLMCF,Aditya Birla SL,Portfolio transformer,1.0,1,1,1,1,1.0,175,-0.1969004250743289,0.9618763631119548,INE090A01021
Fund holdout,2026-03,absl:BSLDAAF,Aditya Birla SL,Portfolio transformer,1.0,1,1,1,1,1.0,159,-0.4552969864768297,0.9101784195729316,INE040A01034
Fund holdout,2026-03,absl:BSLPHF,Aditya Birla SL,Portfolio transformer,1.0,13,0,0,0,0.0769230769230769,211,-4.58560927955227,0.1431743582907929,INE437A01024
Fund holdout,2026-03,absl:BSLR96,Aditya Birla SL,Portfolio transformer,1.0,1,1,1,1,1.0,192,-0.5248248202347678,0.9001758854554452,INE040A01034
Fund holdout,2026-03,absl:MNC,Aditya Birla SL,Portfolio transformer,1.0,46,0,0,0,0.0217391304347826,194,-5.02813653371839,0.0455064692530678,INE513A01022
Fund holdout,2026-03,axis:AXISMLC,Axis,Portfolio transformer,1.0,1,1,1,1,1.0,142,-0.1475868547746204,0.97021953085545,INE090A01021
Fund holdout,2026-03,hdfc:HDFCEQ,HDFC,Portfolio transformer,1.0,1,1,1,1,1.0,184,-0.5477316229443847,0.8949686729802562,INE040A01034
Fund holdout,2026-03,hdfc:HDFCMNCFND,HDFC,Portfolio transformer,1.0,61,0,0,0,0.0163934426229508,206,-5.23005320362928,0.0183605928631267,INE239A01024
Fund holdout,2026-03,icici:BHACON,ICICI Prudential,Portfolio transformer,1.0,13,0,0,0,0.0769230769230769,196,-4.349077298947982,0.1760168962335457,INE030A01027
Fund holdout,2026-03,icici:HOUSING,ICICI Prudential,Portfolio transformer,1.0,4,0,1,1,0.25,203,-3.199589895920972,0.3978042807785135,INE018A01030
Fund holdout,2026-03,icici:LARGE & MIDCAP,ICICI Prudential,Portfolio transformer,1.0,100,0,0,0,0.01,172,-6.616210414901911,-0.2853263747448766,INE918I01026
Fund holdout,2026-03,icici:MIDCAP,ICICI Prudential,Portfolio transformer,1.0,146,0,0,0,0.0068493150684931,181,-6.002801588301249,-0.1547186719926963,INE745G01043
Fund holdout,2026-03,icici:MNCFUND,ICICI Prudential,Portfolio transformer,1.0,6,0,0,1,0.1666666666666666,200,-3.810909332274365,0.2807321516194392,INE205A01025
Fund holdout,2026-03,icici:MULTICAP,ICICI Prudential,Portfolio transformer,1.0,35,0,0,0,0.0285714285714285,153,-4.735779701229198,0.0585750633975967,INE397D01024
Fund holdout,2026-03,icici:RURALOPP,ICICI Prudential,Portfolio transformer,1.0,13,0,0,0,0.0769230769230769,195,-4.528650425663315,0.141162373452422,INE030A01027
Fund holdout,2026-03,icici:TECH,ICICI Prudential,Portfolio transformer,1.0,8,0,0,1,0.125,205,-3.889221531658386,0.2693567085350642,INE397D01024
Fund holdout,2026-03,kotak:EME,Kotak,Portfolio transformer,1.0,27,0,0,0,0.037037037037037,183,-4.633056894928874,0.1106499261156773,INE061F01013
Fund holdout,2026-03,mirae:MAFF,Mirae Asset,Portfolio transformer,1.0,1,1,1,1,1.0,209,-0.7919157222746733,0.8517659725271923,INE090A01021
Fund holdout,2026-03,sbi:SBLUECHIP,SBI,Portfolio transformer,1.0,1,1,1,1,1.0,188,-0.5023043064086847,0.9040752652327264,INE090A01021
Fund holdout,2026-03,sbi:SMAAF,SBI,Portfolio transformer,1.0,49,0,0,0,0.0204081632653061,190,-5.458018982600766,-0.0402123008277721,INE129A01019
Fund holdout,2026-03,uti:193,UTI,Portfolio transformer,1.0,1,1,1,1,1.0,184,-0.4395148404849198,0.9157199894852712,INE090A01021
Fund holdout,2026-03,uti:751,UTI,Portfolio transformer,1.0,176,0,0,0,0.0056818181818181,200,-6.229669665857721,-0.1757826560541577,INE036D01028
Fund holdout,2026-03,uti:753,UTI,Portfolio transformer,1.0,1,1,1,1,1.0,205,-1.3328849784395302,0.7495993838705384,INE040A01034
Fund holdout,2026-04,absl:ABSLMCF,Aditya Birla SL,Portfolio transformer,1.0,2,0,1,1,0.5,177,-1.862554319295402,0.6401660663766674,INE062A01020
Fund holdout,2026-04,absl:BSLDAAF,Aditya Birla SL,Portfolio transformer,1.0,1,1,1,1,1.0,164,-0.6885837913373072,0.8649800340690327,INE002A01018
Fund holdout,2026-04,absl:BSLPHF,Aditya Birla SL,Portfolio transformer,1.0,19,0,0,0,0.0526315789473684,214,-4.517681146491327,0.1580877115655667,INE437A01024
Fund holdout,2026-04,absl:BSLR96,Aditya Birla SL,Portfolio transformer,1.0,1,1,1,1,1.0,196,-0.3070111608458505,0.9418331770589824,INE040A01034
Fund holdout,2026-04,absl:MNC,Aditya Birla SL,Portfolio transformer,1.0,1,1,1,1,1.0,193,-3.2560506822535675,0.3812953897384714,INE030A01027
Fund holdout,2026-04,axis:AXISMLC,Axis,Portfolio transformer,1.0,1,1,1,1,1.0,145,-0.1260946030749146,0.9746631807926328,INE090A01021
Fund holdout,2026-04,hdfc:HDFCEQ,HDFC,Portfolio transformer,1.0,1,1,1,1,1.0,182,-1.2534562686448971,0.7591363070770781,INE238A01034
Fund holdout,2026-04,hdfc:HDFCMNCFND,HDFC,Portfolio transformer,1.0,12,0,0,0,0.0833333333333333,208,-4.383485138705383,0.1787440064594954,INE216A01030
Fund holdout,2026-04,icici:BHACON,ICICI Prudential,Portfolio transformer,1.0,2,0,1,1,0.5,199,-2.953571924955442,0.442017412041036,INE397D01024
Fund holdout,2026-04,icici:HOUSING,ICICI Prudential,Portfolio transformer,1.0,2,0,1,1,0.5,205,-2.156279328366808,0.5949135288459806,INE018A01030
Fund holdout,2026-04,icici:LARGE & MIDCAP,ICICI Prudential,Portfolio transformer,1.0,116,0,0,0,0.0086206896551724,174,-6.909844430025386,-0.3393623501336409,INE018E01016
Fund holdout,2026-04,icici:MIDCAP,ICICI Prudential,Portfolio transformer,1.0,134,0,0,0,0.0074626865671641,179,-5.978792845222897,-0.1525637515704065,INE118H01025
Fund holdout,2026-04,icici:MNCFUND,ICICI Prudential,Portfolio transformer,1.0,3,0,1,1,0.3333333333333333,200,-3.0086767815136035,0.4321448540418749,INE585B01010
Fund holdout,2026-04,icici:MULTICAP,ICICI Prudential,Portfolio transformer,1.0,9,0,0,1,0.1111111111111111,142,-3.973621170695514,0.1981921232298121,INE481G01011
Fund holdout,2026-04,icici:RURALOPP,ICICI Prudential,Portfolio transformer,1.0,7,0,0,1,0.1428571428571428,199,-4.57622056521874,0.1354700481552327,INE030A01027
Fund holdout,2026-04,icici:TECH,ICICI Prudential,Portfolio transformer,1.0,5,0,1,1,0.2,210,-4.385390637018176,0.1798574066772602,INE397D01024
Fund holdout,2026-04,kotak:EME,Kotak,Portfolio transformer,1.0,11,0,0,0,0.0909090909090909,187,-4.194391913840469,0.1981829816482544,INE061F01013
Fund holdout,2026-04,mirae:MAFF,Mirae Asset,Portfolio transformer,1.0,1,1,1,1,1.0,212,-0.4053055713186371,0.9243350987857551,INE090A01021
Fund holdout,2026-04,sbi:SBLUECHIP,SBI,Portfolio transformer,1.0,1,1,1,1,1.0,187,-0.3200235021860029,0.9388230056713236,INE090A01021
Fund holdout,2026-04,sbi:SMAAF,SBI,Portfolio transformer,1.0,44,0,0,0,0.0227272727272727,190,-5.451626699301241,-0.0389940324890694,INE129A01019
Fund holdout,2026-04,uti:193,UTI,Portfolio transformer,1.0,1,1,1,1,1.0,190,-0.2515119033721209,0.952065799601228,INE090A01021
Fund holdout,2026-04,uti:751,UTI,Portfolio transformer,1.0,32,0,0,0,0.03125,202,-4.748832461798126,0.1053894165655896,INE745G01043
Fund holdout,2026-04,uti:753,UTI,Portfolio transformer,1.0,1,1,1,1,1.0,208,-0.431678911759783,0.9191239658970378,INE040A01034
Fund holdout,2026-05,absl:ABSLMCF,Aditya Birla SL,Portfolio transformer,0.5,1,1,1,1,1.0,170,-1.50522534153031,0.706915027920209,INE062A01020
Fund holdout,2026-05,absl:BSLDAAF,Aditya Birla SL,Portfolio transformer,0.5,1,1,1,1,1.0,163,-0.0020446279594672,0.9995986006618182,INE040A01034
Fund holdout,2026-05,absl:BSLPHF,Aditya Birla SL,Portfolio transformer,0.5,16,0,0,0,0.0625,211,-4.6578777670097455,0.1296709197363527,INE437A01024
Fund holdout,2026-05,absl:BSLR96,Aditya Birla SL,Portfolio transformer,0.5,1,1,1,1,1.0,192,-0.0027168058281361,0.999483250933022,INE040A01034
Fund holdout,2026-05,absl:MNC,Aditya Birla SL,Portfolio transformer,0.5,21,0,0,0,0.0476190476190476,193,-4.555693160759644,0.1343413734739268,INE030A01027
Fund holdout,2026-05,axis:AXISMLC,Axis,Portfolio transformer,0.5,1,1,1,1,1.0,147,-0.0048438678999271,0.9990293691347,INE090A01021
Fund holdout,2026-05,hdfc:HDFCEQ,HDFC,Portfolio transformer,0.5,1,1,1,1,1.0,177,-0.2258375909826053,0.9563695791948608,INE238A01034
Fund holdout,2026-05,hdfc:HDFCMNCFND,HDFC,Portfolio transformer,0.5,1,1,1,1,1.0,205,-2.3489265638406103,0.5587221190555025,INE239A01024
Fund holdout,2026-05,icici:BHACON,ICICI Prudential,Portfolio transformer,0.5,7,0,0,1,0.1428571428571428,196,-3.471548276277113,0.3422749408814052,INE397D01024
Fund holdout,2026-05,icici:HOUSING,ICICI Prudential,Portfolio transformer,0.5,2,0,1,1,0.5,202,-1.509948377736413,0.7155478088500236,INE018A01030
Fund holdout,2026-05,icici:LARGE & MIDCAP,ICICI Prudential,Portfolio transformer,0.5,151,0,0,0,0.0066225165562913,174,-10.553820833487418,-1.0456886428595262,INE018E01016
Fund holdout,2026-05,icici:MIDCAP,ICICI Prudential,Portfolio transformer,0.5,71,0,0,0,0.0140845070422535,180,-6.536433484373983,-0.2587113030321954,INE745G01043
Fund holdout,2026-05,icici:MNCFUND,ICICI Prudential,Portfolio transformer,0.5,4,0,1,1,0.25,198,-2.9830981227683058,0.4359025167500817,INE585B01010
Fund holdout,2026-05,icici:MULTICAP,ICICI Prudential,Portfolio transformer,0.5,7,0,0,1,0.1428571428571428,145,-3.305918062337695,0.3357253505127704,INE481G01011
Fund holdout,2026-05,icici:RURALOPP,ICICI Prudential,Portfolio transformer,0.5,9,0,0,1,0.1111111111111111,197,-4.294692334276831,0.187104538309615,INE030A01027
Fund holdout,2026-05,icici:TECH,ICICI Prudential,Portfolio transformer,0.5,12,0,0,0,0.0833333333333333,209,-7.153632142115136,-0.3390461556171187,INE397D01024
Fund holdout,2026-05,kotak:EME,Kotak,Portfolio transformer,0.5,2,0,1,1,0.5,185,-2.7703039042238373,0.469326613539361,INE061F01013
Fund holdout,2026-05,mirae:MAFF,Mirae Asset,Portfolio transformer,0.5,1,1,1,1,1.0,209,-0.0480565642887818,0.9910045755240592,INE090A01021
Fund holdout,2026-05,sbi:SBLUECHIP,SBI,Portfolio transformer,0.5,1,1,1,1,1.0,184,-0.0401683528941045,0.9922974405129544,INE090A01021
Fund holdout,2026-05,sbi:SMAAF,SBI,Portfolio transformer,0.5,115,0,0,0,0.008695652173913,189,-10.198134628036014,-0.94556024904227,INE129A01019
Fund holdout,2026-05,uti:193,UTI,Portfolio transformer,0.5,1,1,1,1,1.0,187,-0.0068853976289542,0.998683759383858,INE090A01021
Fund holdout,2026-05,uti:751,UTI,Portfolio transformer,0.5,29,0,0,0,0.0344827586206896,195,-5.054779792713269,0.0413843702103241,INE036D01028
Fund holdout,2026-05,uti:753,UTI,Portfolio transformer,0.5,1,1,1,1,1.0,205,-0.0259220626700553,0.995130187098719,INE040A01034
Fund holdout,2026-06,absl:ABSLMCF,Aditya Birla SL,Portfolio transformer,0.5,1,1,1,1,1.0,174,-0.5563582112760397,0.892158897509638,INE062A01020
Fund holdout,2026-06,absl:BSLDAAF,Aditya Birla SL,Portfolio transformer,0.5,1,1,1,1,1.0,140,-0.0003751692962445,0.99992408003976,INE040A01034
Fund holdout,2026-06,absl:BSLPHF,Aditya Birla SL,Portfolio transformer,0.5,37,0,0,0,0.027027027027027,217,-5.15768618950878,0.0413039783901163,INE437A01024
Fund holdout,2026-06,absl:BSLR96,Aditya Birla SL,Portfolio transformer,0.5,1,1,1,1,1.0,197,-0.0008309769771255,0.9998427134330244,INE040A01034
Fund holdout,2026-06,absl:MNC,Aditya Birla SL,Portfolio transformer,0.5,12,0,0,0,0.0833333333333333,202,-3.935868662501049,0.2585399066388548,INE030A01027
Fund holdout,2026-06,axis:AXISMLC,Axis,Portfolio transformer,0.5,1,1,1,1,1.0,159,-0.0179767982824028,0.9964535139025652,INE090A01021
Fund holdout,2026-06,hdfc:HDFCEQ,HDFC,Portfolio transformer,0.5,1,1,1,1,1.0,181,-0.0608936388862542,0.988286299189936,INE238A01034
Fund holdout,2026-06,hdfc:HDFCMNCFND,HDFC,Portfolio transformer,0.5,7,0,0,1,0.1428571428571428,210,-3.3873527002570043,0.3665074658031997,INE030A01027
Fund holdout,2026-06,icici:BHACON,ICICI Prudential,Portfolio transformer,0.5,4,0,1,1,0.25,201,-5.302888347175831,7.85474134462616e-05,INE101A01026
Fund holdout,2026-06,icici:HOUSING,ICICI Prudential,Portfolio transformer,0.5,1,1,1,1,1.0,207,-0.0855475950762016,0.9839579774609082,INE040A01034
Fund holdout,2026-06,icici:LARGE & MIDCAP,ICICI Prudential,Portfolio transformer,0.5,1,1,1,1,1.0,160,-0.0567564376853813,0.988816848495904,INE040A01034
Fund holdout,2026-06,icici:MIDCAP,ICICI Prudential,Portfolio transformer,0.5,8,0,0,1,0.125,188,-3.606331286553802,0.3113012018174227,INE118H01025
Fund holdout,2026-06,icici:MNCFUND,ICICI Prudential,Portfolio transformer,0.5,1,1,1,1,1.0,205,-1.3162341388194037,0.7527274711154212,INE585B01010
Fund holdout,2026-06,icici:MULTICAP,ICICI Prudential,Portfolio transformer,0.5,21,0,0,0,0.0476190476190476,151,-6.572912763054157,-0.3100550451311445,INE1CDF01017
Fund holdout,2026-06,icici:RURALOPP,ICICI Prudential,Portfolio transformer,0.5,3,0,1,1,0.3333333333333333,202,-2.145446320860664,0.5958292906156522,INE397D01024
Fund holdout,2026-06,icici:TECH,ICICI Prudential,Portfolio transformer,0.5,37,0,0,0,0.027027027027027,215,-6.050724052541092,-0.1266303967706654,INE009A01021
Fund holdout,2026-06,kotak:EME,Kotak,Portfolio transformer,0.5,94,0,0,0,0.0106382978723404,192,-7.001288640368151,-0.3316775660171052,INE571A01038
Fund holdout,2026-06,mirae:MAFF,Mirae Asset,Portfolio transformer,0.5,1,1,1,1,1.0,217,-0.6147253280137885,0.8857366065526802,INE090A01021
Fund holdout,2026-06,sbi:SBLUECHIP,SBI,Portfolio transformer,0.5,1,1,1,1,1.0,192,-0.012505575716883,0.9976213815073584,INE090A01021
Fund holdout,2026-06,sbi:SMAAF,SBI,Portfolio transformer,0.5,75,0,0,0,0.0133333333333333,192,-9.333795706993731,-0.7753312264721499,INE148O01028
Fund holdout,2026-06,uti:193,UTI,Portfolio transformer,0.5,1,1,1,1,1.0,191,-0.0154638040172354,0.9970557884639706,INE090A01021
Fund holdout,2026-06,uti:751,UTI,Portfolio transformer,0.5,35,0,0,0,0.0285714285714285,198,-5.110144766835935,0.0336825396343887,INE419M01027
Fund holdout,2026-06,uti:753,UTI,Portfolio transformer,0.5,1,1,1,1,1.0,214,-0.3771405464204829,0.9297163190135976,INE040A01034
Fund holdout,2026-07,absl:ABSLMCF,Aditya Birla SL,Portfolio transformer,0.5,74,0,0,0,0.0135135135135135,176,-6.932316893075583,-0.3407481581469302,INE931S01010
Fund holdout,2026-07,absl:BSLDAAF,Aditya Birla SL,Portfolio transformer,0.5,1,1,1,1,1.0,154,-0.0063808147216715,0.9987331993716568,INE040A01034
Fund holdout,2026-07,absl:BSLPHF,Aditya Birla SL,Portfolio transformer,0.5,52,0,0,0,0.0192307692307692,219,-5.193429753967499,0.0363034648001732,INE044A01036
Fund holdout,2026-07,absl:BSLR96,Aditya Birla SL,Portfolio transformer,0.5,1,1,1,1,1.0,197,-0.0027858359848877,0.9994726994967592,INE040A01034
Fund holdout,2026-07,absl:MNC,Aditya Birla SL,Portfolio transformer,0.5,114,0,0,0,0.0087719298245614,204,-6.853719597585257,-0.2887485813630597,INE854D01024
Fund holdout,2026-07,axis:AXISMLC,Axis,Portfolio transformer,0.5,1,1,1,1,1.0,154,-0.052706152093247,0.9895361032247968,INE040A01034
Fund holdout,2026-07,hdfc:HDFCEQ,HDFC,Portfolio transformer,0.5,1,1,1,1,1.0,177,-0.0115627663085415,0.9977661453192174,INE040A01034
Fund holdout,2026-07,hdfc:HDFCMNCFND,HDFC,Portfolio transformer,0.5,39,0,0,0,0.0256410256410256,206,-5.512766119926811,-0.0347023739441065,INE216A01030
Fund holdout,2026-07,icici:BHACON,ICICI Prudential,Portfolio transformer,0.5,3,0,1,1,0.3333333333333333,203,-3.0647496010408144,0.4231826108135321,INE101A01026
Fund holdout,2026-07,icici:HOUSING,ICICI Prudential,Portfolio transformer,0.5,1,1,1,1,1.0,208,-0.1814475733575982,0.9660053810112113,INE040A01034
Fund holdout,2026-07,icici:LARGE & MIDCAP,ICICI Prudential,Portfolio transformer,0.5,14,0,0,0,0.0714285714285714,146,-5.032195324188408,-0.009749706621791,INE646L01027
Fund holdout,2026-07,icici:MIDCAP,ICICI Prudential,Portfolio transformer,0.5,133,0,0,0,0.0075187969924812,193,-7.025836055806137,-0.3350274866300164,INE094A01015
Fund holdout,2026-07,icici:MNCFUND,ICICI Prudential,Portfolio transformer,0.5,21,0,0,0,0.0476190476190476,207,-4.521012757869373,0.152212420505107,INE585B01010
Fund holdout,2026-07,icici:MULTICAP,ICICI Prudential,Portfolio transformer,0.5,30,0,0,0,0.0333333333333333,153,-6.712362878527328,-0.3343496099976386,INE118H01025
Fund holdout,2026-07,icici:RURALOPP,ICICI Prudential,Portfolio transformer,0.5,58,0,0,0,0.0172413793103448,205,-9.152885007675865,-0.719494241706713,INE030A01027
Fund holdout,2026-07,icici:TECH,ICICI Prudential,Portfolio transformer,0.5,48,0,0,0,0.0208333333333333,216,-7.138008998956373,-0.3279328915786608,INE397D01024
Fund holdout,2026-07,kotak:EME,Kotak,Portfolio transformer,0.5,2,0,1,1,0.5,193,-1.9852851874107245,0.6227622914994655,INE758T01015
Fund holdout,2026-07,mirae:MAFF,Mirae Asset,Portfolio transformer,0.5,1,1,1,1,1.0,218,-0.0298353821829504,0.9944590194930004,INE040A01034
Fund holdout,2026-07,sbi:SBLUECHIP,SBI,Portfolio transformer,0.5,1,1,1,1,1.0,194,-0.0270199501536652,0.9948707901128322,INE040A01034
Fund holdout,2026-07,sbi:SMAAF,SBI,Portfolio transformer,0.5,64,0,0,0,0.015625,198,-7.878814527619515,-0.4898669983737092,INE148O01028
Fund holdout,2026-07,uti:193,UTI,Portfolio transformer,0.5,1,1,1,1,1.0,191,-0.0809735352812115,0.9845831454910896,INE090A01021
Fund holdout,2026-07,uti:751,UTI,Portfolio transformer,0.5,10,0,0,1,0.1,199,-3.883482660838146,0.2663406341726646,INE048G01026
Fund holdout,2026-07,uti:753,UTI,Portfolio transformer,0.5,1,1,1,1,1.0,213,-0.0045317936670379,0.999154719883385,INE040A01034
