embedding_month,return_month,lag_months,sample,model,variance_r2,r2,ridge_alpha,n_train,n_test,mse
2023-08,2023-09,1,All supplied returns,Mean only,0.0,-0.0630095874420688,,125,29,0.0019603617471791
2023-08,2023-09,1,All supplied returns,Industry,-0.2223266173828098,-0.3478212503072317,100.0,125,29,0.0024856005555843
2023-08,2023-09,1,All supplied returns,Ownership controls,-0.2056760810032805,-0.279861855574687,1.0,125,29,0.0023602724312014
2023-08,2023-09,1,All supplied returns,Binary factors,-0.0191389343510339,-0.0834974483403923,1000.0,125,29,0.0019981446790182
2023-08,2023-09,1,All supplied returns,Rank factors,-0.2238426381699023,-0.2807965909400298,100.0,125,29,0.0023619962345195
2023-08,2023-09,1,All supplied returns,Log holdings zero,-0.0278206196157806,-0.0789794186738306,1000.0,125,29,0.0019898127009856
2023-08,2023-09,1,All supplied returns,Log holdings minimum,-0.0312151035343177,-0.1144689351709566,100.0,125,29,0.0020552611140468
2023-08,2023-09,1,All supplied returns,Word2Vec,0.0789829566140092,0.0336917329552574,100.0,125,29,0.0017820288594534
2023-08,2023-09,1,All supplied returns,Rank factors 16,-0.1183014625821883,-0.1779171580491432,100.0,125,29,0.0021722699073129
2023-08,2023-09,1,All supplied returns,Rank factors 64,-0.0409432603164918,-0.1116163554420193,1000.0,125,29,0.0020500004952834
2023-08,2023-09,1,Exclude absolute returns above 50%,Mean only,0.0,-0.0630095874420688,,125,29,0.0019603617471791
2023-08,2023-09,1,Exclude absolute returns above 50%,Industry,-0.2223266173828098,-0.3478212503072317,100.0,125,29,0.0024856005555843
2023-08,2023-09,1,Exclude absolute returns above 50%,Ownership controls,-0.2056760810032805,-0.279861855574687,1.0,125,29,0.0023602724312014
2023-08,2023-09,1,Exclude absolute returns above 50%,Binary factors,-0.0191389343510339,-0.0834974483403923,1000.0,125,29,0.0019981446790182
2023-08,2023-09,1,Exclude absolute returns above 50%,Rank factors,-0.2238426381699023,-0.2807965909400298,100.0,125,29,0.0023619962345195
2023-08,2023-09,1,Exclude absolute returns above 50%,Log holdings zero,-0.0278206196157806,-0.0789794186738306,1000.0,125,29,0.0019898127009856
2023-08,2023-09,1,Exclude absolute returns above 50%,Log holdings minimum,-0.0312151035343177,-0.1144689351709566,100.0,125,29,0.0020552611140468
2023-08,2023-09,1,Exclude absolute returns above 50%,Word2Vec,0.0789829566140092,0.0336917329552574,100.0,125,29,0.0017820288594534
2023-08,2023-09,1,Exclude absolute returns above 50%,Rank factors 16,-0.1183014625821883,-0.1779171580491432,100.0,125,29,0.0021722699073129
2023-08,2023-09,1,Exclude absolute returns above 50%,Rank factors 64,-0.0409432603164918,-0.1116163554420193,1000.0,125,29,0.0020500004952834
2023-08,2023-10,2,All supplied returns,Mean only,0.0,-0.059107925637583,,125,29,0.0036923802353071
2023-08,2023-10,2,All supplied returns,Industry,0.0057179854390687,-0.0500542908079519,1000.0,125,29,0.0036608164432767
2023-08,2023-10,2,All supplied returns,Ownership controls,0.0070860060318852,-0.0510538436594447,1000.0,125,29,0.0036643011959668
2023-08,2023-10,2,All supplied returns,Binary factors,0.034828095247013,-0.0309343295345434,1000.0,125,29,0.0035941583007052
2023-08,2023-10,2,All supplied returns,Rank factors,0.0158455749509431,-0.0484322715003293,1000.0,125,29,0.0036551615785667
2023-08,2023-10,2,All supplied returns,Log holdings zero,-0.0159813716786896,-0.0741201949554444,1000.0,125,29,0.0037447176838094
2023-08,2023-10,2,All supplied returns,Log holdings minimum,0.0242936056408797,-0.0389022569958092,1000.0,125,29,0.0036219369785548
2023-08,2023-10,2,All supplied returns,Word2Vec,0.0542996572015865,0.0204027559191816,100.0,125,29,0.0034151812247348
2023-08,2023-10,2,All supplied returns,Rank factors 16,0.0182364751011008,-0.040199661301667,1000.0,125,29,0.0036264601342222
2023-08,2023-10,2,All supplied returns,Rank factors 64,0.0081904384062813,-0.0565565752179413,1000.0,125,29,0.0036834854327711
2023-08,2023-10,2,Exclude absolute returns above 50%,Mean only,0.0,-0.059107925637583,,125,29,0.0036923802353071
2023-08,2023-10,2,Exclude absolute returns above 50%,Industry,0.0057179854390687,-0.0500542908079519,1000.0,125,29,0.0036608164432767
2023-08,2023-10,2,Exclude absolute returns above 50%,Ownership controls,0.0070860060318852,-0.0510538436594447,1000.0,125,29,0.0036643011959668
2023-08,2023-10,2,Exclude absolute returns above 50%,Binary factors,0.034828095247013,-0.0309343295345434,1000.0,125,29,0.0035941583007052
2023-08,2023-10,2,Exclude absolute returns above 50%,Rank factors,0.0158455749509431,-0.0484322715003293,1000.0,125,29,0.0036551615785667
2023-08,2023-10,2,Exclude absolute returns above 50%,Log holdings zero,-0.0159813716786896,-0.0741201949554444,1000.0,125,29,0.0037447176838094
2023-08,2023-10,2,Exclude absolute returns above 50%,Log holdings minimum,0.0242936056408797,-0.0389022569958092,1000.0,125,29,0.0036219369785548
2023-08,2023-10,2,Exclude absolute returns above 50%,Word2Vec,0.0542996572015865,0.0204027559191816,100.0,125,29,0.0034151812247348
2023-08,2023-10,2,Exclude absolute returns above 50%,Rank factors 16,0.0182364751011008,-0.040199661301667,1000.0,125,29,0.0036264601342222
2023-08,2023-10,2,Exclude absolute returns above 50%,Rank factors 64,0.0081904384062813,-0.0565565752179413,1000.0,125,29,0.0036834854327711
2023-09,2023-10,1,All supplied returns,Mean only,0.0,-0.0280094507474208,,128,32,0.0036159023723135
2023-09,2023-10,1,All supplied returns,Industry,0.01409356516294,-0.0107466313269619,1000.0,128,32,0.0035551824347197
2023-09,2023-10,1,All supplied returns,Ownership controls,0.0046484174300853,-0.0225242086112154,1000.0,128,32,0.00359660867804
2023-09,2023-10,1,All supplied returns,Binary factors,0.0726213518193145,0.0255511572104967,100.0,128,32,0.0034275092313392
2023-09,2023-10,1,All supplied returns,Rank factors,0.0187094746418235,-0.0115938327567444,1000.0,128,32,0.0035581623661372
2023-09,2023-10,1,All supplied returns,Log holdings zero,-0.0051113647893847,-0.0298580974041597,1000.0,128,32,0.0036224047695695
2023-09,2023-10,1,All supplied returns,Log holdings minimum,0.0821006169017433,0.0405106628041639,100.0,128,32,0.0033748909293134
2023-09,2023-10,1,All supplied returns,Word2Vec,0.0419190753841598,0.019664795195274,1000.0,128,32,0.0034482138176245
2023-09,2023-10,1,All supplied returns,Rank factors 16,0.043771607785238,0.01295407620075,100.0,128,32,0.0034718179826588
2023-09,2023-10,1,All supplied returns,Rank factors 64,0.0315194200098479,0.0034956620052368,1000.0,128,32,0.0035050868424957
2023-09,2023-10,1,Exclude absolute returns above 50%,Mean only,0.0,-0.0280094507474208,,128,32,0.0036159023723135
2023-09,2023-10,1,Exclude absolute returns above 50%,Industry,0.01409356516294,-0.0107466313269619,1000.0,128,32,0.0035551824347197
2023-09,2023-10,1,Exclude absolute returns above 50%,Ownership controls,0.0046484174300853,-0.0225242086112154,1000.0,128,32,0.00359660867804
2023-09,2023-10,1,Exclude absolute returns above 50%,Binary factors,0.0726213518193145,0.0255511572104967,100.0,128,32,0.0034275092313392
2023-09,2023-10,1,Exclude absolute returns above 50%,Rank factors,0.0187094746418235,-0.0115938327567444,1000.0,128,32,0.0035581623661372
2023-09,2023-10,1,Exclude absolute returns above 50%,Log holdings zero,-0.0051113647893847,-0.0298580974041597,1000.0,128,32,0.0036224047695695
2023-09,2023-10,1,Exclude absolute returns above 50%,Log holdings minimum,0.0821006169017433,0.0405106628041639,100.0,128,32,0.0033748909293134
2023-09,2023-10,1,Exclude absolute returns above 50%,Word2Vec,0.0419190753841598,0.019664795195274,1000.0,128,32,0.0034482138176245
2023-09,2023-10,1,Exclude absolute returns above 50%,Rank factors 16,0.043771607785238,0.01295407620075,100.0,128,32,0.0034718179826588
2023-09,2023-10,1,Exclude absolute returns above 50%,Rank factors 64,0.0315194200098479,0.0034956620052368,1000.0,128,32,0.0035050868424957
2023-09,2023-11,2,All supplied returns,Mean only,1.1102230246251563e-16,-0.0432939886670158,,129,32,0.005832505637154
2023-09,2023-11,2,All supplied returns,Industry,0.156438265837795,0.1025359053319989,100.0,129,32,0.0050172477251425
2023-09,2023-11,2,All supplied returns,Ownership controls,0.0014335208472674,-0.040668002755497,1000.0,129,32,0.0058178251369322
2023-09,2023-11,2,All supplied returns,Binary factors,0.0695457494419536,0.0273725569496724,100.0,129,32,0.005437446305705
2023-09,2023-11,2,All supplied returns,Rank factors,0.0261013422620824,-0.0181300325225284,1000.0,129,32,0.0056918272496045
2023-09,2023-11,2,All supplied returns,Log holdings zero,0.0154458243964317,-0.0304440560844305,1000.0,129,32,0.0057606684512418
2023-09,2023-11,2,All supplied returns,Log holdings minimum,0.0004006298805303,-0.0425542723362537,100.0,129,32,0.0058283702738567
2023-09,2023-11,2,All supplied returns,Word2Vec,0.0306087548483856,0.0092741466648278,100.0,129,32,0.0055386249582771
2023-09,2023-11,2,All supplied returns,Rank factors 16,0.0563549164544843,0.0285483780635364,100.0,129,32,0.0054308729109099
2023-09,2023-11,2,All supplied returns,Rank factors 64,0.0633233339079955,0.0150139386906026,1000.0,129,32,0.0055065368127399
2023-09,2023-11,2,Exclude absolute returns above 50%,Mean only,1.1102230246251563e-16,-0.0432939886670158,,129,32,0.005832505637154
2023-09,2023-11,2,Exclude absolute returns above 50%,Industry,0.156438265837795,0.1025359053319989,100.0,129,32,0.0050172477251425
2023-09,2023-11,2,Exclude absolute returns above 50%,Ownership controls,0.0014335208472674,-0.040668002755497,1000.0,129,32,0.0058178251369322
2023-09,2023-11,2,Exclude absolute returns above 50%,Binary factors,0.0695457494419536,0.0273725569496724,100.0,129,32,0.005437446305705
2023-09,2023-11,2,Exclude absolute returns above 50%,Rank factors,0.0261013422620824,-0.0181300325225284,1000.0,129,32,0.0056918272496045
2023-09,2023-11,2,Exclude absolute returns above 50%,Log holdings zero,0.0154458243964317,-0.0304440560844305,1000.0,129,32,0.0057606684512418
2023-09,2023-11,2,Exclude absolute returns above 50%,Log holdings minimum,0.0004006298805303,-0.0425542723362537,100.0,129,32,0.0058283702738567
2023-09,2023-11,2,Exclude absolute returns above 50%,Word2Vec,0.0306087548483856,0.0092741466648278,100.0,129,32,0.0055386249582771
2023-09,2023-11,2,Exclude absolute returns above 50%,Rank factors 16,0.0563549164544843,0.0285483780635364,100.0,129,32,0.0054308729109099
2023-09,2023-11,2,Exclude absolute returns above 50%,Rank factors 64,0.0633233339079955,0.0150139386906026,1000.0,129,32,0.0055065368127399
2023-10,2023-11,1,All supplied returns,Mean only,0.0,-0.0601203693333198,,137,33,0.0059588043122564
2023-10,2023-11,1,All supplied returns,Industry,0.1321449949233072,0.0558371216487026,100.0,137,33,0.0053070217248351
2023-10,2023-11,1,All supplied returns,Ownership controls,-0.0009974204653291,-0.0604281599105258,1000.0,137,33,0.0059605343646842
2023-10,2023-11,1,All supplied returns,Binary factors,-0.0569640243235001,-0.1195451099405604,100.0,137,33,0.0062928233640815
2023-10,2023-11,1,All supplied returns,Rank factors,0.0278064604156654,-0.0334800540564705,1000.0,137,33,0.0058090624243127
2023-10,2023-11,1,All supplied returns,Log holdings zero,0.0080210549097419,-0.056724243875315,1000.0,137,33,0.0059397151148317
2023-10,2023-11,1,All supplied returns,Log holdings minimum,0.0288343292172607,-0.0314911418221162,1000.0,137,33,0.0057978829968235
2023-10,2023-11,1,All supplied returns,Word2Vec,-0.0494784933837622,-0.1158047661585233,100.0,137,33,0.0062717993584096
2023-10,2023-11,1,All supplied returns,Rank factors 16,0.0442257965334669,-0.0183819945522758,100.0,137,33,0.0057241981158032
2023-10,2023-11,1,All supplied returns,Rank factors 64,0.0540580612619605,-0.0180075118454652,1000.0,137,33,0.0057220931952369
2023-10,2023-11,1,Exclude absolute returns above 50%,Mean only,0.0,-0.0601203693333198,,137,33,0.0059588043122564
2023-10,2023-11,1,Exclude absolute returns above 50%,Industry,0.1321449949233072,0.0558371216487026,100.0,137,33,0.0053070217248351
2023-10,2023-11,1,Exclude absolute returns above 50%,Ownership controls,-0.0009974204653291,-0.0604281599105258,1000.0,137,33,0.0059605343646842
2023-10,2023-11,1,Exclude absolute returns above 50%,Binary factors,-0.0569640243235001,-0.1195451099405604,100.0,137,33,0.0062928233640815
2023-10,2023-11,1,Exclude absolute returns above 50%,Rank factors,0.0278064604156654,-0.0334800540564705,1000.0,137,33,0.0058090624243127
2023-10,2023-11,1,Exclude absolute returns above 50%,Log holdings zero,0.0080210549097419,-0.056724243875315,1000.0,137,33,0.0059397151148317
2023-10,2023-11,1,Exclude absolute returns above 50%,Log holdings minimum,0.0288343292172607,-0.0314911418221162,1000.0,137,33,0.0057978829968235
2023-10,2023-11,1,Exclude absolute returns above 50%,Word2Vec,-0.0494784933837622,-0.1158047661585233,100.0,137,33,0.0062717993584096
2023-10,2023-11,1,Exclude absolute returns above 50%,Rank factors 16,0.0442257965334669,-0.0183819945522758,100.0,137,33,0.0057241981158032
2023-10,2023-11,1,Exclude absolute returns above 50%,Rank factors 64,0.0540580612619605,-0.0180075118454652,1000.0,137,33,0.0057220931952369
2023-10,2023-12,2,All supplied returns,Mean only,0.0,-0.0481574442444159,,137,33,0.0039487654806986
2023-10,2023-12,2,All supplied returns,Industry,0.0679793344090794,0.030782301265932,1000.0,137,33,0.0036513726187406
2023-10,2023-12,2,All supplied returns,Ownership controls,0.0098307642925439,-0.0387116888382554,100.0,137,33,0.0039131801083943
2023-10,2023-12,2,All supplied returns,Binary factors,0.0129005694067304,0.0096091653064155,100.0,137,33,0.0037311390210633
2023-10,2023-12,2,All supplied returns,Rank factors,0.1837594393994177,0.1563906486077149,100.0,137,33,0.0031781632657046
2023-10,2023-12,2,All supplied returns,Log holdings zero,0.0490438103893252,0.0272656791620851,100.0,137,33,0.0036646209299067
2023-10,2023-12,2,All supplied returns,Log holdings minimum,-0.0039221019744493,-0.0495671177070782,100.0,137,33,0.0039540761999412
2023-10,2023-12,2,All supplied returns,Word2Vec,-0.0516197671231055,-0.0738901171956383,100.0,137,33,0.0040457092091755
2023-10,2023-12,2,All supplied returns,Rank factors 16,0.1005204993186081,0.0747832535346062,100.0,137,33,0.0034856060706037
2023-10,2023-12,2,All supplied returns,Rank factors 64,0.0357999156654759,-0.0063795908220993,1000.0,137,33,0.0037913741018007
2023-10,2023-12,2,Exclude absolute returns above 50%,Mean only,0.0,-0.0481574442444159,,137,33,0.0039487654806986
2023-10,2023-12,2,Exclude absolute returns above 50%,Industry,0.0679793344090794,0.030782301265932,1000.0,137,33,0.0036513726187406
2023-10,2023-12,2,Exclude absolute returns above 50%,Ownership controls,0.0098307642925439,-0.0387116888382554,100.0,137,33,0.0039131801083943
2023-10,2023-12,2,Exclude absolute returns above 50%,Binary factors,0.0129005694067304,0.0096091653064155,100.0,137,33,0.0037311390210633
2023-10,2023-12,2,Exclude absolute returns above 50%,Rank factors,0.1837594393994177,0.1563906486077149,100.0,137,33,0.0031781632657046
2023-10,2023-12,2,Exclude absolute returns above 50%,Log holdings zero,0.0490438103893252,0.0272656791620851,100.0,137,33,0.0036646209299067
2023-10,2023-12,2,Exclude absolute returns above 50%,Log holdings minimum,-0.0039221019744493,-0.0495671177070782,100.0,137,33,0.0039540761999412
2023-10,2023-12,2,Exclude absolute returns above 50%,Word2Vec,-0.0516197671231055,-0.0738901171956383,100.0,137,33,0.0040457092091755
2023-10,2023-12,2,Exclude absolute returns above 50%,Rank factors 16,0.1005204993186081,0.0747832535346062,100.0,137,33,0.0034856060706037
2023-10,2023-12,2,Exclude absolute returns above 50%,Rank factors 64,0.0357999156654759,-0.0063795908220993,1000.0,137,33,0.0037913741018007
2023-11,2023-12,1,All supplied returns,Mean only,0.0,-0.0765445442619325,,133,34,0.0046735498742466
2023-11,2023-12,1,All supplied returns,Industry,0.0572596617726247,-0.0038398672596191,1000.0,133,34,0.0043579206363554
2023-11,2023-12,1,All supplied returns,Ownership controls,0.0117580245420155,-0.0630865265018532,1000.0,133,34,0.0046151252437513
2023-11,2023-12,1,All supplied returns,Binary factors,0.0761828959994626,0.0403505152942955,100.0,133,34,0.0041660791023208
2023-11,2023-12,1,All supplied returns,Rank factors,0.1163147505123387,0.0377673448381382,100.0,133,34,0.0041772932931547
2023-11,2023-12,1,All supplied returns,Log holdings zero,0.002214328052483,-0.0696484297932031,1000.0,133,34,0.0046436121117268
2023-11,2023-12,1,All supplied returns,Log holdings minimum,0.0261607663027331,-0.0217438394297206,100.0,133,34,0.0044356462700323
2023-11,2023-12,1,All supplied returns,Word2Vec,-0.1416145586579511,-0.2078603175970617,100.0,133,34,0.0052436245815387
2023-11,2023-12,1,All supplied returns,Rank factors 16,0.1071190296945513,0.0453969615959634,100.0,133,34,0.0041441712132286
2023-11,2023-12,1,All supplied returns,Rank factors 64,0.0229029373285308,-0.0368465571203413,100.0,133,34,0.0045012109554324
2023-11,2023-12,1,Exclude absolute returns above 50%,Mean only,0.0,-0.0765445442619325,,133,34,0.0046735498742466
2023-11,2023-12,1,Exclude absolute returns above 50%,Industry,0.0572596617726247,-0.0038398672596191,1000.0,133,34,0.0043579206363554
2023-11,2023-12,1,Exclude absolute returns above 50%,Ownership controls,0.0117580245420155,-0.0630865265018532,1000.0,133,34,0.0046151252437513
2023-11,2023-12,1,Exclude absolute returns above 50%,Binary factors,0.0761828959994626,0.0403505152942955,100.0,133,34,0.0041660791023208
2023-11,2023-12,1,Exclude absolute returns above 50%,Rank factors,0.1163147505123387,0.0377673448381382,100.0,133,34,0.0041772932931547
2023-11,2023-12,1,Exclude absolute returns above 50%,Log holdings zero,0.002214328052483,-0.0696484297932031,1000.0,133,34,0.0046436121117268
2023-11,2023-12,1,Exclude absolute returns above 50%,Log holdings minimum,0.0261607663027331,-0.0217438394297206,100.0,133,34,0.0044356462700323
2023-11,2023-12,1,Exclude absolute returns above 50%,Word2Vec,-0.1416145586579511,-0.2078603175970617,100.0,133,34,0.0052436245815387
2023-11,2023-12,1,Exclude absolute returns above 50%,Rank factors 16,0.1071190296945513,0.0453969615959634,100.0,133,34,0.0041441712132286
2023-11,2023-12,1,Exclude absolute returns above 50%,Rank factors 64,0.0229029373285308,-0.0368465571203413,100.0,133,34,0.0045012109554324
2023-11,2024-01,2,All supplied returns,Mean only,1.1102230246251563e-16,-0.0155821235262387,,132,34,0.0068431337360597
2023-11,2024-01,2,All supplied returns,Industry,-0.0874533319639756,-0.1046341010879683,100.0,132,34,0.0074431783585464
2023-11,2024-01,2,All supplied returns,Ownership controls,0.0013785979851063,-0.0139198111845348,1000.0,132,34,0.0068319328440768
2023-11,2024-01,2,All supplied returns,Binary factors,-0.1083954844877648,-0.1276862575361328,100.0,132,34,0.0075985069979789
2023-11,2024-01,2,All supplied returns,Rank factors,-0.0930136712230036,-0.1130071292121377,100.0,132,34,0.0074995969877268
2023-11,2024-01,2,All supplied returns,Log holdings zero,0.005756765574668,-0.0082572867183716,1000.0,132,34,0.0067937779658961
2023-11,2024-01,2,All supplied returns,Log holdings minimum,-0.3068747790278834,-0.3183047964043906,100.0,132,34,0.0088829212504853
2023-11,2024-01,2,All supplied returns,Word2Vec,0.0834478608367157,0.0696244839146731,100.0,132,34,0.0062689997527935
2023-11,2024-01,2,All supplied returns,Rank factors 16,-0.1041527583369525,-0.1088767838916391,100.0,132,34,0.0074717661459371
2023-11,2024-01,2,All supplied returns,Rank factors 64,0.0059738997101599,-0.0109901794040478,1000.0,132,34,0.0068121925772812
2023-11,2024-01,2,Exclude absolute returns above 50%,Mean only,1.1102230246251563e-16,-0.0155821235262387,,132,34,0.0068431337360597
2023-11,2024-01,2,Exclude absolute returns above 50%,Industry,-0.0874533319639756,-0.1046341010879683,100.0,132,34,0.0074431783585464
2023-11,2024-01,2,Exclude absolute returns above 50%,Ownership controls,0.0013785979851063,-0.0139198111845348,1000.0,132,34,0.0068319328440768
2023-11,2024-01,2,Exclude absolute returns above 50%,Binary factors,-0.1083954844877648,-0.1276862575361328,100.0,132,34,0.0075985069979789
2023-11,2024-01,2,Exclude absolute returns above 50%,Rank factors,-0.0930136712230036,-0.1130071292121377,100.0,132,34,0.0074995969877268
2023-11,2024-01,2,Exclude absolute returns above 50%,Log holdings zero,0.005756765574668,-0.0082572867183716,1000.0,132,34,0.0067937779658961
2023-11,2024-01,2,Exclude absolute returns above 50%,Log holdings minimum,-0.3068747790278834,-0.3183047964043906,100.0,132,34,0.0088829212504853
2023-11,2024-01,2,Exclude absolute returns above 50%,Word2Vec,0.0834478608367157,0.0696244839146731,100.0,132,34,0.0062689997527935
2023-11,2024-01,2,Exclude absolute returns above 50%,Rank factors 16,-0.1041527583369525,-0.1088767838916391,100.0,132,34,0.0074717661459371
2023-11,2024-01,2,Exclude absolute returns above 50%,Rank factors 64,0.0059738997101599,-0.0109901794040478,1000.0,132,34,0.0068121925772812
2023-12,2024-01,1,All supplied returns,Mean only,-2.220446049250313e-16,-0.0406294161259308,,141,35,0.0081171136582189
2023-12,2024-01,1,All supplied returns,Industry,-0.0773230683755834,-0.1386127773112224,100.0,141,35,0.0088814031036549
2023-12,2024-01,1,All supplied returns,Ownership controls,0.0019790472040147,-0.0384929954954302,1000.0,141,35,0.0081004491580512
2023-12,2024-01,1,All supplied returns,Binary factors,-0.1926144848624484,-0.2460179467090535,100.0,141,35,0.0097191845020783
2023-12,2024-01,1,All supplied returns,Rank factors,-0.0391591171654854,-0.0880387853383466,100.0,141,35,0.0084869160416594
2023-12,2024-01,1,All supplied returns,Log holdings zero,0.0144550074843652,-0.0248946358839536,1000.0,141,35,0.0079943792845485
2023-12,2024-01,1,All supplied returns,Log holdings minimum,-0.200787462993311,-0.2430926573369807,100.0,141,35,0.0096963666709192
2023-12,2024-01,1,All supplied returns,Word2Vec,-0.025232546438912,-0.0745507674185896,1000.0,141,35,0.0083817068550054
2023-12,2024-01,1,All supplied returns,Rank factors 16,-0.0736644078283872,-0.0981943771852709,100.0,141,35,0.0085661316509921
2023-12,2024-01,1,All supplied returns,Rank factors 64,0.0119872781655026,-0.0297254610428443,1000.0,141,35,0.0080320606687858
2023-12,2024-01,1,Exclude absolute returns above 50%,Mean only,-2.220446049250313e-16,-0.0406294161259308,,141,35,0.0081171136582189
2023-12,2024-01,1,Exclude absolute returns above 50%,Industry,-0.0773230683755834,-0.1386127773112224,100.0,141,35,0.0088814031036549
2023-12,2024-01,1,Exclude absolute returns above 50%,Ownership controls,0.0019790472040147,-0.0384929954954302,1000.0,141,35,0.0081004491580512
2023-12,2024-01,1,Exclude absolute returns above 50%,Binary factors,-0.1926144848624484,-0.2460179467090535,100.0,141,35,0.0097191845020783
2023-12,2024-01,1,Exclude absolute returns above 50%,Rank factors,-0.0391591171654854,-0.0880387853383466,100.0,141,35,0.0084869160416594
2023-12,2024-01,1,Exclude absolute returns above 50%,Log holdings zero,0.0144550074843652,-0.0248946358839536,1000.0,141,35,0.0079943792845485
2023-12,2024-01,1,Exclude absolute returns above 50%,Log holdings minimum,-0.200787462993311,-0.2430926573369807,100.0,141,35,0.0096963666709192
2023-12,2024-01,1,Exclude absolute returns above 50%,Word2Vec,-0.025232546438912,-0.0745507674185896,1000.0,141,35,0.0083817068550054
2023-12,2024-01,1,Exclude absolute returns above 50%,Rank factors 16,-0.0736644078283872,-0.0981943771852709,100.0,141,35,0.0085661316509921
2023-12,2024-01,1,Exclude absolute returns above 50%,Rank factors 64,0.0119872781655026,-0.0297254610428443,1000.0,141,35,0.0080320606687858
2023-12,2024-02,2,All supplied returns,Mean only,0.0,-0.0183799292143229,,141,35,0.0081534967067491
2023-12,2024-02,2,All supplied returns,Industry,-0.0021885210459782,-0.0264215564791538,1000.0,141,35,0.0082178807146618
2023-12,2024-02,2,All supplied returns,Ownership controls,-0.0389148744590912,-0.05423173667577,10.0,141,35,0.0084405384931023
2023-12,2024-02,2,All supplied returns,Binary factors,-0.0222075381177881,-0.0457904959942561,100.0,141,35,0.008372955044015
2023-12,2024-02,2,All supplied returns,Rank factors,-0.0535101201197116,-0.0803077428340439,100.0,141,35,0.0086493118833052
2023-12,2024-02,2,All supplied returns,Log holdings zero,-0.0082309095460222,-0.027355597689068,1000.0,141,35,0.008225358966845
2023-12,2024-02,2,All supplied returns,Log holdings minimum,-0.0483252452279925,-0.0627474061672379,100.0,141,35,0.0085087178446023
2023-12,2024-02,2,All supplied returns,Word2Vec,-0.1374747750736948,-0.1837288935625256,100.0,141,35,0.009477336854814
2023-12,2024-02,2,All supplied returns,Rank factors 16,-0.0735446572702582,-0.0814085698297,100.0,141,35,0.0086581254793181
2023-12,2024-02,2,All supplied returns,Rank factors 64,-0.0063665970464403,-0.0252329081247282,1000.0,141,35,0.0082083639909271
2023-12,2024-02,2,Exclude absolute returns above 50%,Mean only,0.0,-0.0183799292143229,,141,35,0.0081534967067491
2023-12,2024-02,2,Exclude absolute returns above 50%,Industry,-0.0021885210459782,-0.0264215564791538,1000.0,141,35,0.0082178807146618
2023-12,2024-02,2,Exclude absolute returns above 50%,Ownership controls,-0.0389148744590912,-0.05423173667577,10.0,141,35,0.0084405384931023
2023-12,2024-02,2,Exclude absolute returns above 50%,Binary factors,-0.0222075381177881,-0.0457904959942561,100.0,141,35,0.008372955044015
2023-12,2024-02,2,Exclude absolute returns above 50%,Rank factors,-0.0535101201197116,-0.0803077428340439,100.0,141,35,0.0086493118833052
2023-12,2024-02,2,Exclude absolute returns above 50%,Log holdings zero,-0.0082309095460222,-0.027355597689068,1000.0,141,35,0.008225358966845
2023-12,2024-02,2,Exclude absolute returns above 50%,Log holdings minimum,-0.0483252452279925,-0.0627474061672379,100.0,141,35,0.0085087178446023
2023-12,2024-02,2,Exclude absolute returns above 50%,Word2Vec,-0.1374747750736948,-0.1837288935625256,100.0,141,35,0.009477336854814
2023-12,2024-02,2,Exclude absolute returns above 50%,Rank factors 16,-0.0735446572702582,-0.0814085698297,100.0,141,35,0.0086581254793181
2023-12,2024-02,2,Exclude absolute returns above 50%,Rank factors 64,-0.0063665970464403,-0.0252329081247282,1000.0,141,35,0.0082083639909271
2024-01,2024-02,1,All supplied returns,Mean only,-2.220446049250313e-16,-0.0471416189267819,,136,35,0.0084756513245365
2024-01,2024-02,1,All supplied returns,Industry,-0.0050007500802682,-0.055897800489493,1000.0,136,35,0.0085465245861073
2024-01,2024-02,1,All supplied returns,Ownership controls,-0.0229657341394531,-0.0741388184183413,100.0,136,35,0.0086941689018093
2024-01,2024-02,1,All supplied returns,Binary factors,0.0032394592160445,-0.0446027722953985,100.0,136,35,0.0084551016888185
2024-01,2024-02,1,All supplied returns,Rank factors,-0.114320393702564,-0.1616301818580505,100.0,136,35,0.009402331271655
2024-01,2024-02,1,All supplied returns,Log holdings zero,-0.0002196752993106,-0.0482669450422748,1000.0,136,35,0.0084847598076766
2024-01,2024-02,1,All supplied returns,Log holdings minimum,-0.0528757296345865,-0.0846029084229962,100.0,136,35,0.0087788661163073
2024-01,2024-02,1,All supplied returns,Word2Vec,0.0753993606498192,0.0279899447516382,1000.0,136,35,0.0078675302015711
2024-01,2024-02,1,All supplied returns,Rank factors 16,-0.0997804134021915,-0.1300163802175939,100.0,136,35,0.0091464465327577
2024-01,2024-02,1,All supplied returns,Rank factors 64,0.0045612860018623,-0.0450713842517911,1000.0,136,35,0.0084588946729547
2024-01,2024-02,1,Exclude absolute returns above 50%,Mean only,-2.220446049250313e-16,-0.0471416189267819,,136,35,0.0084756513245365
2024-01,2024-02,1,Exclude absolute returns above 50%,Industry,-0.0050007500802682,-0.055897800489493,1000.0,136,35,0.0085465245861073
2024-01,2024-02,1,Exclude absolute returns above 50%,Ownership controls,-0.0229657341394531,-0.0741388184183413,100.0,136,35,0.0086941689018093
2024-01,2024-02,1,Exclude absolute returns above 50%,Binary factors,0.0032394592160445,-0.0446027722953985,100.0,136,35,0.0084551016888185
2024-01,2024-02,1,Exclude absolute returns above 50%,Rank factors,-0.114320393702564,-0.1616301818580505,100.0,136,35,0.009402331271655
2024-01,2024-02,1,Exclude absolute returns above 50%,Log holdings zero,-0.0002196752993106,-0.0482669450422748,1000.0,136,35,0.0084847598076766
2024-01,2024-02,1,Exclude absolute returns above 50%,Log holdings minimum,-0.0528757296345865,-0.0846029084229962,100.0,136,35,0.0087788661163073
2024-01,2024-02,1,Exclude absolute returns above 50%,Word2Vec,0.0753993606498192,0.0279899447516382,1000.0,136,35,0.0078675302015711
2024-01,2024-02,1,Exclude absolute returns above 50%,Rank factors 16,-0.0997804134021915,-0.1300163802175939,100.0,136,35,0.0091464465327577
2024-01,2024-02,1,Exclude absolute returns above 50%,Rank factors 64,0.0045612860018623,-0.0450713842517911,1000.0,136,35,0.0084588946729547
2024-01,2024-03,2,All supplied returns,Mean only,0.0,-0.0029224843800019,,135,35,0.0036091342208031
2024-01,2024-03,2,All supplied returns,Industry,-0.2691512032134269,-0.2713346640876908,100.0,135,35,0.0045750469390351
2024-01,2024-03,2,All supplied returns,Ownership controls,0.0281803193377986,0.0244452566599554,100.0,135,35,0.0035106481939449
2024-01,2024-03,2,All supplied returns,Binary factors,0.1185111320264068,0.091242062620142,100.0,135,35,0.003270272051236
2024-01,2024-03,2,All supplied returns,Rank factors,0.1403724629183423,0.1367569124492722,100.0,135,35,0.0031064815244192
2024-01,2024-03,2,All supplied returns,Log holdings zero,0.0156127376586066,0.0116514693325638,1000.0,135,35,0.0035566881385828
2024-01,2024-03,2,All supplied returns,Log holdings minimum,0.1289365986404294,0.0994406851150863,100.0,135,35,0.0032407683463428
2024-01,2024-03,2,All supplied returns,Word2Vec,0.0696196787116745,0.061672903593919,1000.0,135,35,0.0033766801389836
2024-01,2024-03,2,All supplied returns,Rank factors 16,0.2054476422225977,0.1994711332958367,100.0,135,35,0.002880797043202
2024-01,2024-03,2,All supplied returns,Rank factors 64,0.0341602335046613,0.0316909697428817,1000.0,135,35,0.0034845736453641
2024-01,2024-03,2,Exclude absolute returns above 50%,Mean only,0.0,-0.0029224843800019,,135,35,0.0036091342208031
2024-01,2024-03,2,Exclude absolute returns above 50%,Industry,-0.2691512032134269,-0.2713346640876908,100.0,135,35,0.0045750469390351
2024-01,2024-03,2,Exclude absolute returns above 50%,Ownership controls,0.0281803193377986,0.0244452566599554,100.0,135,35,0.0035106481939449
2024-01,2024-03,2,Exclude absolute returns above 50%,Binary factors,0.1185111320264068,0.091242062620142,100.0,135,35,0.003270272051236
2024-01,2024-03,2,Exclude absolute returns above 50%,Rank factors,0.1403724629183423,0.1367569124492722,100.0,135,35,0.0031064815244192
2024-01,2024-03,2,Exclude absolute returns above 50%,Log holdings zero,0.0156127376586066,0.0116514693325638,1000.0,135,35,0.0035566881385828
2024-01,2024-03,2,Exclude absolute returns above 50%,Log holdings minimum,0.1289365986404294,0.0994406851150863,100.0,135,35,0.0032407683463428
2024-01,2024-03,2,Exclude absolute returns above 50%,Word2Vec,0.0696196787116745,0.061672903593919,1000.0,135,35,0.0033766801389836
2024-01,2024-03,2,Exclude absolute returns above 50%,Rank factors 16,0.2054476422225977,0.1994711332958367,100.0,135,35,0.002880797043202
2024-01,2024-03,2,Exclude absolute returns above 50%,Rank factors 64,0.0341602335046613,0.0316909697428817,1000.0,135,35,0.0034845736453641
2024-02,2024-03,1,All supplied returns,Mean only,0.0,-0.002984973859522,,137,34,0.003276417600284
2024-02,2024-03,1,All supplied returns,Industry,-0.3113597572302149,-0.3195231616807716,100.0,137,34,0.0043104423531661
2024-02,2024-03,1,All supplied returns,Ownership controls,0.0126665801904656,0.0094542462113543,100.0,137,34,0.0032357828144834
2024-02,2024-03,1,All supplied returns,Binary factors,0.1560803884352284,0.1415790486255004,100.0,137,34,0.002804175124093
2024-02,2024-03,1,All supplied returns,Rank factors,0.0630884970130801,0.0597545149555797,1000.0,137,34,0.0030714686022989
2024-02,2024-03,1,All supplied returns,Log holdings zero,-0.0037978754287315,-0.010292599329009,1000.0,137,34,0.0033002891769561
2024-02,2024-03,1,All supplied returns,Log holdings minimum,0.1380230735938364,0.131812551142201,100.0,137,34,0.0028360790160569
2024-02,2024-03,1,All supplied returns,Word2Vec,0.101460234989866,0.0924853925582878,1000.0,137,34,0.002964547734843
2024-02,2024-03,1,All supplied returns,Rank factors 16,0.2059123750132269,0.1997363150224519,100.0,137,34,0.0026141947194274
2024-02,2024-03,1,All supplied returns,Rank factors 64,0.0365612782447453,0.0343085562268085,1000.0,137,34,0.0031545920679618
2024-02,2024-03,1,Exclude absolute returns above 50%,Mean only,0.0,-0.002984973859522,,137,34,0.003276417600284
2024-02,2024-03,1,Exclude absolute returns above 50%,Industry,-0.3113597572302149,-0.3195231616807716,100.0,137,34,0.0043104423531661
2024-02,2024-03,1,Exclude absolute returns above 50%,Ownership controls,0.0126665801904656,0.0094542462113543,100.0,137,34,0.0032357828144834
2024-02,2024-03,1,Exclude absolute returns above 50%,Binary factors,0.1560803884352284,0.1415790486255004,100.0,137,34,0.002804175124093
2024-02,2024-03,1,Exclude absolute returns above 50%,Rank factors,0.0630884970130801,0.0597545149555797,1000.0,137,34,0.0030714686022989
2024-02,2024-03,1,Exclude absolute returns above 50%,Log holdings zero,-0.0037978754287315,-0.010292599329009,1000.0,137,34,0.0033002891769561
2024-02,2024-03,1,Exclude absolute returns above 50%,Log holdings minimum,0.1380230735938364,0.131812551142201,100.0,137,34,0.0028360790160569
2024-02,2024-03,1,Exclude absolute returns above 50%,Word2Vec,0.101460234989866,0.0924853925582878,1000.0,137,34,0.002964547734843
2024-02,2024-03,1,Exclude absolute returns above 50%,Rank factors 16,0.2059123750132269,0.1997363150224519,100.0,137,34,0.0026141947194274
2024-02,2024-03,1,Exclude absolute returns above 50%,Rank factors 64,0.0365612782447453,0.0343085562268085,1000.0,137,34,0.0031545920679618
2024-02,2024-04,2,All supplied returns,Mean only,0.0,-0.0035827602650271,,137,34,0.0064920978602917
2024-02,2024-04,2,All supplied returns,Industry,0.0572931787546081,0.0525293038727334,1000.0,137,34,0.0061291133352993
2024-02,2024-04,2,All supplied returns,Ownership controls,-0.004767910739043,-0.008563703859616,100.0,137,34,0.0065243191922366
2024-02,2024-04,2,All supplied returns,Binary factors,-0.1117048389114456,-0.1117172946933888,100.0,137,34,0.0071916116496683
2024-02,2024-04,2,All supplied returns,Rank factors,-0.0680812091200284,-0.0699703206579525,100.0,137,34,0.0069215537615301
2024-02,2024-04,2,All supplied returns,Log holdings zero,-0.0160114959343655,-0.019468553055133,1000.0,137,34,0.0065948618031024
2024-02,2024-04,2,All supplied returns,Log holdings minimum,0.0143793336363639,0.0112726361391445,1000.0,137,34,0.0063959994705746
2024-02,2024-04,2,All supplied returns,Word2Vec,0.0359766435580991,0.0328405334639787,1000.0,137,34,0.0062564784409023
2024-02,2024-04,2,All supplied returns,Rank factors 16,0.0076395895926203,0.0047836708693583,100.0,137,34,0.0064379760760041
2024-02,2024-04,2,All supplied returns,Rank factors 64,-0.0100503823422357,-0.0127811898850336,1000.0,137,34,0.0065516017772764
2024-02,2024-04,2,Exclude absolute returns above 50%,Mean only,0.0,-0.0002000457027147,,136,34,0.006470215346122
2024-02,2024-04,2,Exclude absolute returns above 50%,Industry,0.0532462329985962,0.0526861680422117,1000.0,136,34,0.0061280985933375
2024-02,2024-04,2,Exclude absolute returns above 50%,Ownership controls,0.000258225502702,3.672154081979517e-05,1000.0,136,34,0.0064686837174651
2024-02,2024-04,2,Exclude absolute returns above 50%,Binary factors,0.0173348029720764,0.0172361193408603,1000.0,136,34,0.0063574221672703
2024-02,2024-04,2,Exclude absolute returns above 50%,Rank factors,-0.0098183209736297,-0.010112591891094,1000.0,136,34,0.0065343388269624
2024-02,2024-04,2,Exclude absolute returns above 50%,Log holdings zero,-0.0113656875461387,-0.0116648604781235,1000.0,136,34,0.0065443803302359
2024-02,2024-04,2,Exclude absolute returns above 50%,Log holdings minimum,0.0180489734437667,0.01793214793005,1000.0,136,34,0.0063529196131278
2024-02,2024-04,2,Exclude absolute returns above 50%,Word2Vec,0.0365291944865606,0.036298321430188,1000.0,136,34,0.0062341102827936
2024-02,2024-04,2,Exclude absolute returns above 50%,Rank factors 16,0.0073213822290821,0.0071386305189555,1000.0,136,34,0.0064227420274457
2024-02,2024-04,2,Exclude absolute returns above 50%,Rank factors 64,-0.0006672398323044,-0.0007801551867161,1000.0,136,34,0.0064739680286998
2024-03,2024-04,1,All supplied returns,Mean only,0.0,-0.0005946055079026,,135,34,0.0064727677224366
2024-03,2024-04,1,All supplied returns,Industry,0.0530884502848364,0.0518674840296329,1000.0,135,34,0.0061333945957568
2024-03,2024-04,1,All supplied returns,Ownership controls,-0.0006473539124278,-0.0013072776176694,1000.0,135,34,0.0064773779422033
2024-03,2024-04,1,All supplied returns,Binary factors,-0.0619265934329122,-0.0756222862365836,100.0,135,34,0.0069581158818576
2024-03,2024-04,1,All supplied returns,Rank factors,-0.1842946895256172,-0.1846401032279616,100.0,135,34,0.0076633435565902
2024-03,2024-04,1,All supplied returns,Log holdings zero,-0.0099159821979886,-0.0105236947403841,1000.0,135,34,0.0065369982189268
2024-03,2024-04,1,All supplied returns,Log holdings minimum,-0.0015048366520238,-0.0016657981451011,1000.0,135,34,0.0064796971832676
2024-03,2024-04,1,All supplied returns,Word2Vec,0.0185375771779495,0.0162827830577836,1000.0,135,34,0.0063635892246257
2024-03,2024-04,1,All supplied returns,Rank factors 16,-0.006251548069917,-0.0077538586327854,100.0,135,34,0.0065190803672264
2024-03,2024-04,1,All supplied returns,Rank factors 64,-0.0238233384003743,-0.0238463289453454,1000.0,135,34,0.0066231812906573
2024-03,2024-04,1,Exclude absolute returns above 50%,Mean only,0.0,-0.0004961696563494,,134,34,0.0064721309486631
2024-03,2024-04,1,Exclude absolute returns above 50%,Industry,0.0496419234248245,0.0495278587673009,1000.0,134,34,0.0061485294473713
2024-03,2024-04,1,Exclude absolute returns above 50%,Ownership controls,-0.0058737716278474,-0.006343920971064,100.0,134,34,0.0065099595915024
2024-03,2024-04,1,Exclude absolute returns above 50%,Binary factors,0.029299798715096,0.0276989729021798,1000.0,134,34,0.0062897387913621
2024-03,2024-04,1,Exclude absolute returns above 50%,Rank factors,-0.0254296675725786,-0.0261724169819366,1000.0,134,34,0.0066382285710244
2024-03,2024-04,1,Exclude absolute returns above 50%,Log holdings zero,-0.0020112322331264,-0.0024615806303895,1000.0,134,34,0.0064848450375099
2024-03,2024-04,1,Exclude absolute returns above 50%,Log holdings minimum,0.0081934899086951,0.0070337731021495,1000.0,134,34,0.0064234203418192
2024-03,2024-04,1,Exclude absolute returns above 50%,Word2Vec,0.02073580430022,0.0206711181584632,1000.0,134,34,0.0063352014303696
2024-03,2024-04,1,Exclude absolute returns above 50%,Rank factors 16,-0.0132243993593053,-0.019787842222479,100.0,134,34,0.0065969272595871
2024-03,2024-04,1,Exclude absolute returns above 50%,Rank factors 64,-0.0098159853136992,-0.0112170763277383,1000.0,134,34,0.0065414836498228
2024-03,2024-05,2,All supplied returns,Mean only,0.0,-0.0007399701893207,,134,34,0.0069368041521254
2024-03,2024-05,2,All supplied returns,Industry,0.3201598164209112,0.3201045217549964,100.0,134,34,0.004712814434312
2024-03,2024-05,2,All supplied returns,Ownership controls,0.0022495562740552,0.0015877313396427,100.0,134,34,0.0069206692818174
2024-03,2024-05,2,All supplied returns,Binary factors,-0.020777659803731,-0.0251178003889724,100.0,134,34,0.0071057833463078
2024-03,2024-05,2,All supplied returns,Rank factors,0.0443205709948406,0.043614489224979,100.0,134,34,0.0066293534582432
2024-03,2024-05,2,All supplied returns,Log holdings zero,0.0182308765725434,0.0178877532515385,1000.0,134,34,0.0068076828287463
2024-03,2024-05,2,All supplied returns,Log holdings minimum,0.1885397230500296,0.1855504736334379,100.0,134,34,0.0056454993549696
2024-03,2024-05,2,All supplied returns,Word2Vec,-0.039154390285772,-0.0421750912172691,100.0,134,34,0.0072240189413339
2024-03,2024-05,2,All supplied returns,Rank factors 16,0.0044331180072135,-0.0002814757447457,100.0,134,34,0.0069336260176833
2024-03,2024-05,2,All supplied returns,Rank factors 64,0.0324527334265372,0.0317362069509532,1000.0,134,34,0.0067116898495667
2024-03,2024-05,2,Exclude absolute returns above 50%,Mean only,0.0,-0.0007399701893207,,134,34,0.0069368041521254
2024-03,2024-05,2,Exclude absolute returns above 50%,Industry,0.3201598164209112,0.3201045217549964,100.0,134,34,0.004712814434312
2024-03,2024-05,2,Exclude absolute returns above 50%,Ownership controls,0.0022495562740552,0.0015877313396427,100.0,134,34,0.0069206692818174
2024-03,2024-05,2,Exclude absolute returns above 50%,Binary factors,-0.020777659803731,-0.0251178003889724,100.0,134,34,0.0071057833463078
2024-03,2024-05,2,Exclude absolute returns above 50%,Rank factors,0.0443205709948406,0.043614489224979,100.0,134,34,0.0066293534582432
2024-03,2024-05,2,Exclude absolute returns above 50%,Log holdings zero,0.0182308765725434,0.0178877532515385,1000.0,134,34,0.0068076828287463
2024-03,2024-05,2,Exclude absolute returns above 50%,Log holdings minimum,0.1885397230500296,0.1855504736334379,100.0,134,34,0.0056454993549696
2024-03,2024-05,2,Exclude absolute returns above 50%,Word2Vec,-0.039154390285772,-0.0421750912172691,100.0,134,34,0.0072240189413339
2024-03,2024-05,2,Exclude absolute returns above 50%,Rank factors 16,0.0044331180072135,-0.0002814757447457,100.0,134,34,0.0069336260176833
2024-03,2024-05,2,Exclude absolute returns above 50%,Rank factors 64,0.0324527334265372,0.0317362069509532,1000.0,134,34,0.0067116898495667
2024-04,2024-05,1,All supplied returns,Mean only,0.0,-0.0002426160593218,,142,34,0.0069333566549765
2024-04,2024-05,1,All supplied returns,Industry,0.3284138938293262,0.3275012185091867,100.0,142,34,0.0046615429369352
2024-04,2024-05,1,All supplied returns,Ownership controls,-0.0012277622565166,-0.0014798185795168,1000.0,142,34,0.0069419325406558
2024-04,2024-05,1,All supplied returns,Binary factors,-0.0410444963949621,-0.0415771597009102,100.0,142,34,0.0072198742744385
2024-04,2024-05,1,All supplied returns,Rank factors,0.1598825057834513,0.1581797602225936,100.0,142,34,0.0058352242426435
2024-04,2024-05,1,All supplied returns,Log holdings zero,-0.0050070232961423,-0.0061553943999885,1000.0,142,34,0.006974342112304
2024-04,2024-05,1,All supplied returns,Log holdings minimum,0.1239660104036612,0.1231381506658561,100.0,142,34,0.0060781212887407
2024-04,2024-05,1,All supplied returns,Word2Vec,-0.2716210268072176,-0.2716220978681842,100.0,142,34,0.0088144710026498
2024-04,2024-05,1,All supplied returns,Rank factors 16,0.0034389853452129,0.0033093180186415,100.0,142,34,0.0069087358026131
2024-04,2024-05,1,All supplied returns,Rank factors 64,-0.0069135275659821,-0.0069137964202363,100.0,142,34,0.0069795991085665
2024-04,2024-05,1,Exclude absolute returns above 50%,Mean only,0.0,-0.0002426160593218,,142,34,0.0069333566549765
2024-04,2024-05,1,Exclude absolute returns above 50%,Industry,0.3284138938293262,0.3275012185091867,100.0,142,34,0.0046615429369352
2024-04,2024-05,1,Exclude absolute returns above 50%,Ownership controls,-0.0012277622565166,-0.0014798185795168,1000.0,142,34,0.0069419325406558
2024-04,2024-05,1,Exclude absolute returns above 50%,Binary factors,-0.0410444963949621,-0.0415771597009102,100.0,142,34,0.0072198742744385
2024-04,2024-05,1,Exclude absolute returns above 50%,Rank factors,0.1598825057834513,0.1581797602225936,100.0,142,34,0.0058352242426435
2024-04,2024-05,1,Exclude absolute returns above 50%,Log holdings zero,-0.0050070232961423,-0.0061553943999885,1000.0,142,34,0.006974342112304
2024-04,2024-05,1,Exclude absolute returns above 50%,Log holdings minimum,0.1239660104036612,0.1231381506658561,100.0,142,34,0.0060781212887407
2024-04,2024-05,1,Exclude absolute returns above 50%,Word2Vec,-0.2716210268072176,-0.2716220978681842,100.0,142,34,0.0088144710026498
2024-04,2024-05,1,Exclude absolute returns above 50%,Rank factors 16,0.0034389853452129,0.0033093180186415,100.0,142,34,0.0069087358026131
2024-04,2024-05,1,Exclude absolute returns above 50%,Rank factors 64,-0.0069135275659821,-0.0069137964202363,100.0,142,34,0.0069795991085665
2024-04,2024-06,2,All supplied returns,Mean only,0.0,-0.0137270501986925,,142,34,0.0051998613583603
2024-04,2024-06,2,All supplied returns,Industry,0.036411217954943,0.0053323395597792,100.0,142,34,0.0051020971877193
2024-04,2024-06,2,All supplied returns,Ownership controls,0.0037645403455651,-0.0098970162224019,1000.0,142,34,0.0051802153938271
2024-04,2024-06,2,All supplied returns,Binary factors,0.0072744237695194,-0.0047936987636223,1000.0,142,34,0.005154038186414
2024-04,2024-06,2,All supplied returns,Rank factors,0.0044514101259406,-0.0081914941794627,1000.0,142,34,0.0051714670052296
2024-04,2024-06,2,All supplied returns,Log holdings zero,0.0034626765287754,-0.0086739762664584,1000.0,142,34,0.0051739418725618
2024-04,2024-06,2,All supplied returns,Log holdings minimum,0.0131787547071695,0.0026464317583232,1000.0,142,34,0.0051158744152148
2024-04,2024-06,2,All supplied returns,Word2Vec,-0.0023122682345073,-0.0127866070714357,1000.0,142,34,0.0051950374031583
2024-04,2024-06,2,All supplied returns,Rank factors 16,0.009228288811974,-0.0040452259806054,1000.0,142,34,0.0051501989333315
2024-04,2024-06,2,All supplied returns,Rank factors 64,0.0183235860394567,0.0057638766915688,1000.0,142,34,0.0050998836399444
2024-04,2024-06,2,Exclude absolute returns above 50%,Mean only,0.0,-0.0137270501986925,,142,34,0.0051998613583603
2024-04,2024-06,2,Exclude absolute returns above 50%,Industry,0.036411217954943,0.0053323395597792,100.0,142,34,0.0051020971877193
2024-04,2024-06,2,Exclude absolute returns above 50%,Ownership controls,0.0037645403455651,-0.0098970162224019,1000.0,142,34,0.0051802153938271
2024-04,2024-06,2,Exclude absolute returns above 50%,Binary factors,0.0072744237695194,-0.0047936987636223,1000.0,142,34,0.005154038186414
2024-04,2024-06,2,Exclude absolute returns above 50%,Rank factors,0.0044514101259406,-0.0081914941794627,1000.0,142,34,0.0051714670052296
2024-04,2024-06,2,Exclude absolute returns above 50%,Log holdings zero,0.0034626765287754,-0.0086739762664584,1000.0,142,34,0.0051739418725618
2024-04,2024-06,2,Exclude absolute returns above 50%,Log holdings minimum,0.0131787547071695,0.0026464317583232,1000.0,142,34,0.0051158744152148
2024-04,2024-06,2,Exclude absolute returns above 50%,Word2Vec,-0.0023122682345073,-0.0127866070714357,1000.0,142,34,0.0051950374031583
2024-04,2024-06,2,Exclude absolute returns above 50%,Rank factors 16,0.009228288811974,-0.0040452259806054,1000.0,142,34,0.0051501989333315
2024-04,2024-06,2,Exclude absolute returns above 50%,Rank factors 64,0.0183235860394567,0.0057638766915688,1000.0,142,34,0.0050998836399444
2024-05,2024-06,1,All supplied returns,Mean only,2.220446049250313e-16,-0.0064056977109865,,139,35,0.0050214539026267
2024-05,2024-06,1,All supplied returns,Industry,0.0224616448753349,0.0145491988004048,1000.0,139,35,0.0049168995990237
2024-05,2024-06,1,All supplied returns,Ownership controls,0.0079898507260505,0.0018967458414349,1000.0,139,35,0.0049800289209593
2024-05,2024-06,1,All supplied returns,Binary factors,0.0271761446267221,0.0215540562413392,1000.0,139,35,0.0048819489138138
2024-05,2024-06,1,All supplied returns,Rank factors,0.007814828977309,0.0024135629122187,1000.0,139,35,0.0049774502659468
2024-05,2024-06,1,All supplied returns,Log holdings zero,-0.0025626812362897,-0.0073672815942131,1000.0,139,35,0.0050262517184122
2024-05,2024-06,1,All supplied returns,Log holdings minimum,0.0125003878741498,0.0073945175150036,1000.0,139,35,0.0049525978292149
2024-05,2024-06,1,All supplied returns,Word2Vec,-0.0198569015925533,-0.0260663034115349,1000.0,139,35,0.0051195503516507
2024-05,2024-06,1,All supplied returns,Rank factors 16,0.0415684776646362,0.0353281083146992,100.0,139,35,0.0048132233812616
2024-05,2024-06,1,All supplied returns,Rank factors 64,-0.0134428770635899,-0.0186351741896253,1000.0,139,35,0.0050824727864927
2024-05,2024-06,1,Exclude absolute returns above 50%,Mean only,2.220446049250313e-16,-0.0064056977109865,,139,35,0.0050214539026267
2024-05,2024-06,1,Exclude absolute returns above 50%,Industry,0.0224616448753349,0.0145491988004048,1000.0,139,35,0.0049168995990237
2024-05,2024-06,1,Exclude absolute returns above 50%,Ownership controls,0.0079898507260505,0.0018967458414349,1000.0,139,35,0.0049800289209593
2024-05,2024-06,1,Exclude absolute returns above 50%,Binary factors,0.0271761446267221,0.0215540562413392,1000.0,139,35,0.0048819489138138
2024-05,2024-06,1,Exclude absolute returns above 50%,Rank factors,0.007814828977309,0.0024135629122187,1000.0,139,35,0.0049774502659468
2024-05,2024-06,1,Exclude absolute returns above 50%,Log holdings zero,-0.0025626812362897,-0.0073672815942131,1000.0,139,35,0.0050262517184122
2024-05,2024-06,1,Exclude absolute returns above 50%,Log holdings minimum,0.0125003878741498,0.0073945175150036,1000.0,139,35,0.0049525978292149
2024-05,2024-06,1,Exclude absolute returns above 50%,Word2Vec,-0.0198569015925533,-0.0260663034115349,1000.0,139,35,0.0051195503516507
2024-05,2024-06,1,Exclude absolute returns above 50%,Rank factors 16,0.0415684776646362,0.0353281083146992,100.0,139,35,0.0048132233812616
2024-05,2024-06,1,Exclude absolute returns above 50%,Rank factors 64,-0.0134428770635899,-0.0186351741896253,1000.0,139,35,0.0050824727864927
2024-05,2024-07,2,All supplied returns,Mean only,0.0,-0.0199765119838102,,139,35,0.0060651424229842
2024-05,2024-07,2,All supplied returns,Industry,0.2395190675321012,0.2250154981157028,100.0,139,35,0.0046083329609146
2024-05,2024-07,2,All supplied returns,Ownership controls,0.057118201568568,0.0372886754553323,10.0,139,35,0.0057246232898311
2024-05,2024-07,2,All supplied returns,Binary factors,0.0329939536553279,0.011208840414512,1000.0,139,35,0.0058797032470968
2024-05,2024-07,2,All supplied returns,Rank factors,-0.0777226011643774,-0.1211922761151489,100.0,139,35,0.006667007287219
2024-05,2024-07,2,All supplied returns,Log holdings zero,0.0148578443615119,-0.0013249866274085,1000.0,139,35,0.0059542338320869
2024-05,2024-07,2,All supplied returns,Log holdings minimum,0.013267369156377,-0.0099851184820967,1000.0,139,35,0.0060057300503659
2024-05,2024-07,2,All supplied returns,Word2Vec,0.0505036536596498,0.0330318463051332,1000.0,139,35,0.0057499359070953
2024-05,2024-07,2,All supplied returns,Rank factors 16,-0.0791062931286989,-0.1267670452213689,100.0,139,35,0.0067001568433188
2024-05,2024-07,2,All supplied returns,Rank factors 64,-0.0063929986973518,-0.0286051823377386,1000.0,139,35,0.0061164515600111
2024-05,2024-07,2,Exclude absolute returns above 50%,Mean only,0.0,-0.0199765119838102,,139,35,0.0060651424229842
2024-05,2024-07,2,Exclude absolute returns above 50%,Industry,0.2395190675321012,0.2250154981157028,100.0,139,35,0.0046083329609146
2024-05,2024-07,2,Exclude absolute returns above 50%,Ownership controls,0.057118201568568,0.0372886754553323,10.0,139,35,0.0057246232898311
2024-05,2024-07,2,Exclude absolute returns above 50%,Binary factors,0.0329939536553279,0.011208840414512,1000.0,139,35,0.0058797032470968
2024-05,2024-07,2,Exclude absolute returns above 50%,Rank factors,-0.0777226011643774,-0.1211922761151489,100.0,139,35,0.006667007287219
2024-05,2024-07,2,Exclude absolute returns above 50%,Log holdings zero,0.0148578443615119,-0.0013249866274085,1000.0,139,35,0.0059542338320869
2024-05,2024-07,2,Exclude absolute returns above 50%,Log holdings minimum,0.013267369156377,-0.0099851184820967,1000.0,139,35,0.0060057300503659
2024-05,2024-07,2,Exclude absolute returns above 50%,Word2Vec,0.0505036536596498,0.0330318463051332,1000.0,139,35,0.0057499359070953
2024-05,2024-07,2,Exclude absolute returns above 50%,Rank factors 16,-0.0791062931286989,-0.1267670452213689,100.0,139,35,0.0067001568433188
2024-05,2024-07,2,Exclude absolute returns above 50%,Rank factors 64,-0.0063929986973518,-0.0286051823377386,1000.0,139,35,0.0061164515600111
2024-06,2024-07,1,All supplied returns,Mean only,0.0,-0.0219976449474608,,146,35,0.0060633574819139
2024-06,2024-07,1,All supplied returns,Industry,0.2434578593152965,0.2268959332643086,100.0,146,35,0.0045867095198452
2024-06,2024-07,1,All supplied returns,Ownership controls,0.0784640135455045,0.05784476350191,10.0,146,35,0.0055896645462806
2024-06,2024-07,1,All supplied returns,Binary factors,0.163368986256259,0.1361983409799674,100.0,146,35,0.0051248046196604
2024-06,2024-07,1,All supplied returns,Rank factors,0.0145186334878556,-0.0127608805898831,1000.0,146,35,0.0060085571557556
2024-06,2024-07,1,All supplied returns,Log holdings zero,0.0073200413261853,-0.011080201115043,1000.0,146,35,0.0059985859385822
2024-06,2024-07,1,All supplied returns,Log holdings minimum,0.0157039131080689,-0.0382180593914562,100.0,146,35,0.0061595907479738
2024-06,2024-07,1,All supplied returns,Word2Vec,0.075902082758462,0.0506422418052204,1000.0,146,35,0.0056323960183482
2024-06,2024-07,1,All supplied returns,Rank factors 16,-0.0425972185067553,-0.0979774409393383,100.0,146,35,0.0065141341219377
2024-06,2024-07,1,All supplied returns,Rank factors 64,0.0101971220136088,-0.0126941153044362,1000.0,146,35,0.0060081610474132
2024-06,2024-07,1,Exclude absolute returns above 50%,Mean only,0.0,-0.0219976449474608,,146,35,0.0060633574819139
2024-06,2024-07,1,Exclude absolute returns above 50%,Industry,0.2434578593152965,0.2268959332643086,100.0,146,35,0.0045867095198452
2024-06,2024-07,1,Exclude absolute returns above 50%,Ownership controls,0.0784640135455045,0.05784476350191,10.0,146,35,0.0055896645462806
2024-06,2024-07,1,Exclude absolute returns above 50%,Binary factors,0.163368986256259,0.1361983409799674,100.0,146,35,0.0051248046196604
2024-06,2024-07,1,Exclude absolute returns above 50%,Rank factors,0.0145186334878556,-0.0127608805898831,1000.0,146,35,0.0060085571557556
2024-06,2024-07,1,Exclude absolute returns above 50%,Log holdings zero,0.0073200413261853,-0.011080201115043,1000.0,146,35,0.0059985859385822
2024-06,2024-07,1,Exclude absolute returns above 50%,Log holdings minimum,0.0157039131080689,-0.0382180593914562,100.0,146,35,0.0061595907479738
2024-06,2024-07,1,Exclude absolute returns above 50%,Word2Vec,0.075902082758462,0.0506422418052204,1000.0,146,35,0.0056323960183482
2024-06,2024-07,1,Exclude absolute returns above 50%,Rank factors 16,-0.0425972185067553,-0.0979774409393383,100.0,146,35,0.0065141341219377
2024-06,2024-07,1,Exclude absolute returns above 50%,Rank factors 64,0.0101971220136088,-0.0126941153044362,1000.0,146,35,0.0060081610474132
2024-06,2024-08,2,All supplied returns,Mean only,0.0,-0.005062647553609,,146,35,0.0039364471381641
2024-06,2024-08,2,All supplied returns,Industry,0.0612192537501575,0.0361059617271626,100.0,146,35,0.0037752053940998
2024-06,2024-08,2,All supplied returns,Ownership controls,-0.0041232273819857,-0.0094145839740051,1000.0,146,35,0.0039534920136346
2024-06,2024-08,2,All supplied returns,Binary factors,-0.0847794378364705,-0.0877339708800415,100.0,146,35,0.0042602391872555
2024-06,2024-08,2,All supplied returns,Rank factors,-0.0816483393242109,-0.0820385094265427,100.0,146,35,0.0042379322365458
2024-06,2024-08,2,All supplied returns,Log holdings zero,0.0305648769603781,0.0264358830286063,1000.0,146,35,0.0038130794049502
2024-06,2024-08,2,All supplied returns,Log holdings minimum,-0.1675021123154398,-0.1729747336144074,100.0,146,35,0.0045940947507245
2024-06,2024-08,2,All supplied returns,Word2Vec,0.0181385422078818,0.0148153348352916,1000.0,146,35,0.0038585926610549
2024-06,2024-08,2,All supplied returns,Rank factors 16,0.0221905398643036,0.0215380274988052,100.0,146,35,0.0038322624374013
2024-06,2024-08,2,All supplied returns,Rank factors 64,-0.0313166484145173,-0.0347690978447707,1000.0,146,35,0.0040527959762374
2024-06,2024-08,2,Exclude absolute returns above 50%,Mean only,0.0,-0.005062647553609,,146,35,0.0039364471381641
2024-06,2024-08,2,Exclude absolute returns above 50%,Industry,0.0612192537501575,0.0361059617271626,100.0,146,35,0.0037752053940998
2024-06,2024-08,2,Exclude absolute returns above 50%,Ownership controls,-0.0041232273819857,-0.0094145839740051,1000.0,146,35,0.0039534920136346
2024-06,2024-08,2,Exclude absolute returns above 50%,Binary factors,-0.0847794378364705,-0.0877339708800415,100.0,146,35,0.0042602391872555
2024-06,2024-08,2,Exclude absolute returns above 50%,Rank factors,-0.0816483393242109,-0.0820385094265427,100.0,146,35,0.0042379322365458
2024-06,2024-08,2,Exclude absolute returns above 50%,Log holdings zero,0.0305648769603781,0.0264358830286063,1000.0,146,35,0.0038130794049502
2024-06,2024-08,2,Exclude absolute returns above 50%,Log holdings minimum,-0.1675021123154398,-0.1729747336144074,100.0,146,35,0.0045940947507245
2024-06,2024-08,2,Exclude absolute returns above 50%,Word2Vec,0.0181385422078818,0.0148153348352916,1000.0,146,35,0.0038585926610549
2024-06,2024-08,2,Exclude absolute returns above 50%,Rank factors 16,0.0221905398643036,0.0215380274988052,100.0,146,35,0.0038322624374013
2024-06,2024-08,2,Exclude absolute returns above 50%,Rank factors 64,-0.0313166484145173,-0.0347690978447707,1000.0,146,35,0.0040527959762374
2024-07,2024-08,1,All supplied returns,Mean only,0.0,-0.0016601120308248,,144,36,0.0041352045112548
2024-07,2024-08,1,All supplied returns,Industry,0.0711371686247231,0.0491824422284445,100.0,144,36,0.0039253086022419
2024-07,2024-08,1,All supplied returns,Ownership controls,0.000410964413072,-0.0012209198879096,1000.0,144,36,0.0041333913719385
2024-07,2024-08,1,All supplied returns,Binary factors,-0.0003913186611343,-0.0007108019707762,1000.0,144,36,0.0041312854261322
2024-07,2024-08,1,All supplied returns,Rank factors,0.0074826039611046,0.0071791738117388,1000.0,144,36,0.0040987128368301
2024-07,2024-08,1,All supplied returns,Log holdings zero,0.0317092153612388,0.0303610373966106,1000.0,144,36,0.0040030099674395
2024-07,2024-08,1,All supplied returns,Log holdings minimum,-0.0318424123613101,-0.0577374526391545,100.0,144,36,0.0043667114556539
2024-07,2024-08,1,All supplied returns,Word2Vec,0.043927765445019,0.0439167961212906,100.0,144,36,0.0039470470375409
2024-07,2024-08,1,All supplied returns,Rank factors 16,-0.0231187297352089,-0.0232352837698397,100.0,144,36,0.0042242743927791
2024-07,2024-08,1,All supplied returns,Rank factors 64,-0.0268881453540157,-0.0275810256544046,1000.0,144,36,0.0042422151405737
2024-07,2024-08,1,Exclude absolute returns above 50%,Mean only,0.0,-0.0016601120308248,,144,36,0.0041352045112548
2024-07,2024-08,1,Exclude absolute returns above 50%,Industry,0.0711371686247231,0.0491824422284445,100.0,144,36,0.0039253086022419
2024-07,2024-08,1,Exclude absolute returns above 50%,Ownership controls,0.000410964413072,-0.0012209198879096,1000.0,144,36,0.0041333913719385
2024-07,2024-08,1,Exclude absolute returns above 50%,Binary factors,-0.0003913186611343,-0.0007108019707762,1000.0,144,36,0.0041312854261322
2024-07,2024-08,1,Exclude absolute returns above 50%,Rank factors,0.0074826039611046,0.0071791738117388,1000.0,144,36,0.0040987128368301
2024-07,2024-08,1,Exclude absolute returns above 50%,Log holdings zero,0.0317092153612388,0.0303610373966106,1000.0,144,36,0.0040030099674395
2024-07,2024-08,1,Exclude absolute returns above 50%,Log holdings minimum,-0.0318424123613101,-0.0577374526391545,100.0,144,36,0.0043667114556539
2024-07,2024-08,1,Exclude absolute returns above 50%,Word2Vec,0.043927765445019,0.0439167961212906,100.0,144,36,0.0039470470375409
2024-07,2024-08,1,Exclude absolute returns above 50%,Rank factors 16,-0.0231187297352089,-0.0232352837698397,100.0,144,36,0.0042242743927791
2024-07,2024-08,1,Exclude absolute returns above 50%,Rank factors 64,-0.0268881453540157,-0.0275810256544046,1000.0,144,36,0.0042422151405737
2024-07,2024-09,2,All supplied returns,Mean only,0.0,-0.0085013363305415,,144,35,0.0041204066989303
2024-07,2024-09,2,All supplied returns,Industry,0.0300222353923556,0.0223719649630949,1000.0,144,35,0.003994268484844
2024-07,2024-09,2,All supplied returns,Ownership controls,0.0378308594066446,0.030592441098168,10.0,144,35,0.0039606823073
2024-07,2024-09,2,All supplied returns,Binary factors,0.0079545244581586,0.0007115228834249,1000.0,144,35,0.0040827659686169
2024-07,2024-09,2,All supplied returns,Rank factors,-0.1236523223946968,-0.1266754831484775,100.0,144,35,0.0046032276220643
2024-07,2024-09,2,All supplied returns,Log holdings zero,0.0081877493238031,-0.0013997349191978,1000.0,144,35,0.0040913918776561
2024-07,2024-09,2,All supplied returns,Log holdings minimum,-0.0135175560350733,-0.0214142017274163,1000.0,144,35,0.0041731644446733
2024-07,2024-09,2,All supplied returns,Word2Vec,-0.0346548063511193,-0.0387781091486236,100.0,144,35,0.0042441076927193
2024-07,2024-09,2,All supplied returns,Rank factors 16,-0.0070500010472176,-0.0180694454153136,1000.0,144,35,0.0041594988640557
2024-07,2024-09,2,All supplied returns,Rank factors 64,0.0077501319509204,0.0028882392780874,1000.0,144,35,0.0040738726171743
2024-07,2024-09,2,Exclude absolute returns above 50%,Mean only,0.0,-0.0085013363305415,,144,35,0.0041204066989303
2024-07,2024-09,2,Exclude absolute returns above 50%,Industry,0.0300222353923556,0.0223719649630949,1000.0,144,35,0.003994268484844
2024-07,2024-09,2,Exclude absolute returns above 50%,Ownership controls,0.0378308594066446,0.030592441098168,10.0,144,35,0.0039606823073
2024-07,2024-09,2,Exclude absolute returns above 50%,Binary factors,0.0079545244581586,0.0007115228834249,1000.0,144,35,0.0040827659686169
2024-07,2024-09,2,Exclude absolute returns above 50%,Rank factors,-0.1236523223946968,-0.1266754831484775,100.0,144,35,0.0046032276220643
2024-07,2024-09,2,Exclude absolute returns above 50%,Log holdings zero,0.0081877493238031,-0.0013997349191978,1000.0,144,35,0.0040913918776561
2024-07,2024-09,2,Exclude absolute returns above 50%,Log holdings minimum,-0.0135175560350733,-0.0214142017274163,1000.0,144,35,0.0041731644446733
2024-07,2024-09,2,Exclude absolute returns above 50%,Word2Vec,-0.0346548063511193,-0.0387781091486236,100.0,144,35,0.0042441076927193
2024-07,2024-09,2,Exclude absolute returns above 50%,Rank factors 16,-0.0070500010472176,-0.0180694454153136,1000.0,144,35,0.0041594988640557
2024-07,2024-09,2,Exclude absolute returns above 50%,Rank factors 64,0.0077501319509204,0.0028882392780874,1000.0,144,35,0.0040738726171743
2024-08,2024-09,1,All supplied returns,Mean only,-2.220446049250313e-16,-0.0259570317003032,,146,36,0.0040773605848835
2024-08,2024-09,1,All supplied returns,Industry,0.0330835991851347,0.0099441638452815,1000.0,146,36,0.003934681978329
2024-08,2024-09,1,All supplied returns,Ownership controls,0.001704855684795,-0.0246016951068794,1000.0,146,36,0.0040719742033543
2024-08,2024-09,1,All supplied returns,Binary factors,0.0039031262178736,-0.0218382498831186,1000.0,146,36,0.0040609917135563
2024-08,2024-09,1,All supplied returns,Rank factors,-0.013311484712466,-0.0379510078701852,1000.0,146,36,0.0041250270701066
2024-08,2024-09,1,All supplied returns,Log holdings zero,-0.0121757382547522,-0.0386669736799814,1000.0,146,36,0.0041278724629279
2024-08,2024-09,1,All supplied returns,Log holdings minimum,-0.0222721675601247,-0.0479201760211163,1000.0,146,36,0.0041646465590586
2024-08,2024-09,1,All supplied returns,Word2Vec,-0.0278344732408302,-0.0519502738807715,1000.0,146,36,0.004180662982416
2024-08,2024-09,1,All supplied returns,Rank factors 16,-0.0782432580792524,-0.12236099538351,100.0,146,36,0.0044604894193309
2024-08,2024-09,1,All supplied returns,Rank factors 64,-0.0246220113304678,-0.0447164601573113,1000.0,146,36,0.0041519143447605
2024-08,2024-09,1,Exclude absolute returns above 50%,Mean only,-2.220446049250313e-16,-0.0259570317003032,,146,36,0.0040773605848835
2024-08,2024-09,1,Exclude absolute returns above 50%,Industry,0.0330835991851347,0.0099441638452815,1000.0,146,36,0.003934681978329
2024-08,2024-09,1,Exclude absolute returns above 50%,Ownership controls,0.001704855684795,-0.0246016951068794,1000.0,146,36,0.0040719742033543
2024-08,2024-09,1,Exclude absolute returns above 50%,Binary factors,0.0039031262178736,-0.0218382498831186,1000.0,146,36,0.0040609917135563
2024-08,2024-09,1,Exclude absolute returns above 50%,Rank factors,-0.013311484712466,-0.0379510078701852,1000.0,146,36,0.0041250270701066
2024-08,2024-09,1,Exclude absolute returns above 50%,Log holdings zero,-0.0121757382547522,-0.0386669736799814,1000.0,146,36,0.0041278724629279
2024-08,2024-09,1,Exclude absolute returns above 50%,Log holdings minimum,-0.0222721675601247,-0.0479201760211163,1000.0,146,36,0.0041646465590586
2024-08,2024-09,1,Exclude absolute returns above 50%,Word2Vec,-0.0278344732408302,-0.0519502738807715,1000.0,146,36,0.004180662982416
2024-08,2024-09,1,Exclude absolute returns above 50%,Rank factors 16,-0.0782432580792524,-0.12236099538351,100.0,146,36,0.0044604894193309
2024-08,2024-09,1,Exclude absolute returns above 50%,Rank factors 64,-0.0246220113304678,-0.0447164601573113,1000.0,146,36,0.0041519143447605
2024-08,2024-10,2,All supplied returns,Mean only,0.0,-0.0067207157393756,,145,37,0.0074786407232672
2024-08,2024-10,2,All supplied returns,Industry,0.0598375462123482,0.0582071385274569,100.0,145,37,0.0069963102343812
2024-08,2024-10,2,All supplied returns,Ownership controls,0.0374746431751314,0.0318437552316089,10.0,145,37,0.0071921562806946
2024-08,2024-10,2,All supplied returns,Binary factors,0.0056767726287678,0.0001322843233931,1000.0,145,37,0.0074277317427082
2024-08,2024-10,2,All supplied returns,Rank factors,0.0009240620363637,-0.0040976605168852,1000.0,145,37,0.0074591547950454
2024-08,2024-10,2,All supplied returns,Log holdings zero,-0.0073865029811774,-0.0135141919529726,1000.0,145,37,0.0075291075181481
2024-08,2024-10,2,All supplied returns,Log holdings minimum,0.0075028556195009,0.0025608205343851,1000.0,145,37,0.0074096908406769
2024-08,2024-10,2,All supplied returns,Word2Vec,-0.0064609444036427,-0.0121524577128551,1000.0,145,37,0.0075189915833281
2024-08,2024-10,2,All supplied returns,Rank factors 16,0.0115776304767325,0.0063906864736595,1000.0,145,37,0.0073812398602508
2024-08,2024-10,2,All supplied returns,Rank factors 64,-0.0043639291021291,-0.0088178680516037,1000.0,145,37,0.0074942198689428
2024-08,2024-10,2,Exclude absolute returns above 50%,Mean only,0.0,-0.0067207157393756,,145,37,0.0074786407232672
2024-08,2024-10,2,Exclude absolute returns above 50%,Industry,0.0598375462123482,0.0582071385274569,100.0,145,37,0.0069963102343812
2024-08,2024-10,2,Exclude absolute returns above 50%,Ownership controls,0.0374746431751314,0.0318437552316089,10.0,145,37,0.0071921562806946
2024-08,2024-10,2,Exclude absolute returns above 50%,Binary factors,0.0056767726287678,0.0001322843233931,1000.0,145,37,0.0074277317427082
2024-08,2024-10,2,Exclude absolute returns above 50%,Rank factors,0.0009240620363637,-0.0040976605168852,1000.0,145,37,0.0074591547950454
2024-08,2024-10,2,Exclude absolute returns above 50%,Log holdings zero,-0.0073865029811774,-0.0135141919529726,1000.0,145,37,0.0075291075181481
2024-08,2024-10,2,Exclude absolute returns above 50%,Log holdings minimum,0.0075028556195009,0.0025608205343851,1000.0,145,37,0.0074096908406769
2024-08,2024-10,2,Exclude absolute returns above 50%,Word2Vec,-0.0064609444036427,-0.0121524577128551,1000.0,145,37,0.0075189915833281
2024-08,2024-10,2,Exclude absolute returns above 50%,Rank factors 16,0.0115776304767325,0.0063906864736595,1000.0,145,37,0.0073812398602508
2024-08,2024-10,2,Exclude absolute returns above 50%,Rank factors 64,-0.0043639291021291,-0.0088178680516037,1000.0,145,37,0.0074942198689428
2024-09,2024-10,1,All supplied returns,Mean only,0.0,-0.0052148058894729,,163,40,0.0070408318006539
2024-09,2024-10,1,All supplied returns,Industry,0.0960152841725998,0.0950067739798877,100.0,163,40,0.0063388492169099
2024-09,2024-10,1,All supplied returns,Ownership controls,0.0382761236451489,0.0333498350543097,10.0,163,40,0.0067707132660412
2024-09,2024-10,1,All supplied returns,Binary factors,0.0187898155154941,0.0145554095774237,1000.0,163,40,0.0069023551676501
2024-09,2024-10,1,All supplied returns,Rank factors,0.0056820378414317,0.0012073633684147,1000.0,163,40,0.0069958489638759
2024-09,2024-10,1,All supplied returns,Log holdings zero,-0.052164481843778,-0.0526148352410835,100.0,163,40,0.0073728360967062
2024-09,2024-10,1,All supplied returns,Log holdings minimum,0.0107935529087123,0.0067286160646722,1000.0,163,40,0.0069571764221112
2024-09,2024-10,1,All supplied returns,Word2Vec,-0.0045113575616653,-0.0088379658547048,1000.0,163,40,0.0070662095206721
2024-09,2024-10,1,All supplied returns,Rank factors 16,0.0429274121232199,0.0420307288005268,100.0,163,40,0.0067099096324414
2024-09,2024-10,1,All supplied returns,Rank factors 64,-0.0024031256714205,-0.0056755385968949,1000.0,163,40,0.0070440589133854
2024-09,2024-10,1,Exclude absolute returns above 50%,Mean only,0.0,-0.0052148058894729,,163,40,0.0070408318006539
2024-09,2024-10,1,Exclude absolute returns above 50%,Industry,0.0960152841725998,0.0950067739798877,100.0,163,40,0.0063388492169099
2024-09,2024-10,1,Exclude absolute returns above 50%,Ownership controls,0.0382761236451489,0.0333498350543097,10.0,163,40,0.0067707132660412
2024-09,2024-10,1,Exclude absolute returns above 50%,Binary factors,0.0187898155154941,0.0145554095774237,1000.0,163,40,0.0069023551676501
2024-09,2024-10,1,Exclude absolute returns above 50%,Rank factors,0.0056820378414317,0.0012073633684147,1000.0,163,40,0.0069958489638759
2024-09,2024-10,1,Exclude absolute returns above 50%,Log holdings zero,-0.052164481843778,-0.0526148352410835,100.0,163,40,0.0073728360967062
2024-09,2024-10,1,Exclude absolute returns above 50%,Log holdings minimum,0.0107935529087123,0.0067286160646722,1000.0,163,40,0.0069571764221112
2024-09,2024-10,1,Exclude absolute returns above 50%,Word2Vec,-0.0045113575616653,-0.0088379658547048,1000.0,163,40,0.0070662095206721
2024-09,2024-10,1,Exclude absolute returns above 50%,Rank factors 16,0.0429274121232199,0.0420307288005268,100.0,163,40,0.0067099096324414
2024-09,2024-10,1,Exclude absolute returns above 50%,Rank factors 64,-0.0024031256714205,-0.0056755385968949,1000.0,163,40,0.0070440589133854
2024-09,2024-11,2,All supplied returns,Mean only,0.0,-0.063288735600435,,163,40,0.0044908754794828
2024-09,2024-11,2,All supplied returns,Industry,0.0256943191429283,-0.0334082739137613,1000.0,163,40,0.0043646732277223
2024-09,2024-11,2,All supplied returns,Ownership controls,-0.0025348504801685,-0.067551634617772,1000.0,163,40,0.0045088801361931
2024-09,2024-11,2,All supplied returns,Binary factors,-0.0075966745759312,-0.0752254399874943,100.0,163,40,0.004541290998093
2024-09,2024-11,2,All supplied returns,Rank factors,-0.1096538692558324,-0.2470068553233717,100.0,163,40,0.0052668220040498
2024-09,2024-11,2,All supplied returns,Log holdings zero,-0.02017894906105,-0.0755371794716215,1000.0,163,40,0.004542607651941
2024-09,2024-11,2,All supplied returns,Log holdings minimum,-0.0392052681245014,-0.1424079777758613,100.0,163,40,0.0048250412171083
2024-09,2024-11,2,All supplied returns,Word2Vec,-0.0289477342900386,-0.0896670227919065,1000.0,163,40,0.0046022860485715
2024-09,2024-11,2,All supplied returns,Rank factors 16,0.0406624862461572,-0.0309244657895582,100.0,163,40,0.0043541826877333
2024-09,2024-11,2,All supplied returns,Rank factors 64,-0.035541799242049,-0.1142143783722968,1000.0,163,40,0.0047059635479855
2024-09,2024-11,2,Exclude absolute returns above 50%,Mean only,0.0,-0.063288735600435,,163,40,0.0044908754794828
2024-09,2024-11,2,Exclude absolute returns above 50%,Industry,0.0256943191429283,-0.0334082739137613,1000.0,163,40,0.0043646732277223
2024-09,2024-11,2,Exclude absolute returns above 50%,Ownership controls,-0.0025348504801685,-0.067551634617772,1000.0,163,40,0.0045088801361931
2024-09,2024-11,2,Exclude absolute returns above 50%,Binary factors,-0.0075966745759312,-0.0752254399874943,100.0,163,40,0.004541290998093
2024-09,2024-11,2,Exclude absolute returns above 50%,Rank factors,-0.1096538692558324,-0.2470068553233717,100.0,163,40,0.0052668220040498
2024-09,2024-11,2,Exclude absolute returns above 50%,Log holdings zero,-0.02017894906105,-0.0755371794716215,1000.0,163,40,0.004542607651941
2024-09,2024-11,2,Exclude absolute returns above 50%,Log holdings minimum,-0.0392052681245014,-0.1424079777758613,100.0,163,40,0.0048250412171083
2024-09,2024-11,2,Exclude absolute returns above 50%,Word2Vec,-0.0289477342900386,-0.0896670227919065,1000.0,163,40,0.0046022860485715
2024-09,2024-11,2,Exclude absolute returns above 50%,Rank factors 16,0.0406624862461572,-0.0309244657895582,100.0,163,40,0.0043541826877333
2024-09,2024-11,2,Exclude absolute returns above 50%,Rank factors 64,-0.035541799242049,-0.1142143783722968,1000.0,163,40,0.0047059635479855
2024-10,2024-11,1,All supplied returns,Mean only,0.0,-0.0534657654942301,,165,42,0.0043585715169199
2024-10,2024-11,1,All supplied returns,Industry,0.0305935083703584,-0.0192576718872261,1000.0,165,42,0.004217040175962
2024-10,2024-11,1,All supplied returns,Ownership controls,-0.0020762321074294,-0.0573329937617235,1000.0,165,42,0.0043745716486074
2024-10,2024-11,1,All supplied returns,Binary factors,0.0291321558042703,-0.038621189126081,100.0,165,42,0.0042971540984729
2024-10,2024-11,1,All supplied returns,Rank factors,-0.0470137816126399,-0.1789695311454309,100.0,165,42,0.0048778263006545
2024-10,2024-11,1,All supplied returns,Log holdings zero,-0.0076001460306582,-0.0542046634232837,1000.0,165,42,0.00436162860674
2024-10,2024-11,1,All supplied returns,Log holdings minimum,0.0220132668942434,-0.0789527448744551,100.0,165,42,0.0044640204323167
2024-10,2024-11,1,All supplied returns,Word2Vec,-0.0072786068105155,-0.0561715150558468,1000.0,165,42,0.0043697661882206
2024-10,2024-11,1,All supplied returns,Rank factors 16,0.1000960624319893,0.0326887470373135,100.0,165,42,0.0040021189233248
2024-10,2024-11,1,All supplied returns,Rank factors 64,-0.0163632846876033,-0.0871818618435706,1000.0,165,42,0.0044980672860501
2024-10,2024-11,1,Exclude absolute returns above 50%,Mean only,0.0,-0.0534657654942301,,165,42,0.0043585715169199
2024-10,2024-11,1,Exclude absolute returns above 50%,Industry,0.0305935083703584,-0.0192576718872261,1000.0,165,42,0.004217040175962
2024-10,2024-11,1,Exclude absolute returns above 50%,Ownership controls,-0.0020762321074294,-0.0573329937617235,1000.0,165,42,0.0043745716486074
2024-10,2024-11,1,Exclude absolute returns above 50%,Binary factors,0.0291321558042703,-0.038621189126081,100.0,165,42,0.0042971540984729
2024-10,2024-11,1,Exclude absolute returns above 50%,Rank factors,-0.0470137816126399,-0.1789695311454309,100.0,165,42,0.0048778263006545
2024-10,2024-11,1,Exclude absolute returns above 50%,Log holdings zero,-0.0076001460306582,-0.0542046634232837,1000.0,165,42,0.00436162860674
2024-10,2024-11,1,Exclude absolute returns above 50%,Log holdings minimum,0.0220132668942434,-0.0789527448744551,100.0,165,42,0.0044640204323167
2024-10,2024-11,1,Exclude absolute returns above 50%,Word2Vec,-0.0072786068105155,-0.0561715150558468,1000.0,165,42,0.0043697661882206
2024-10,2024-11,1,Exclude absolute returns above 50%,Rank factors 16,0.1000960624319893,0.0326887470373135,100.0,165,42,0.0040021189233248
2024-10,2024-11,1,Exclude absolute returns above 50%,Rank factors 64,-0.0163632846876033,-0.0871818618435706,1000.0,165,42,0.0044980672860501
2024-10,2024-12,2,All supplied returns,Mean only,0.0,-0.017125155966513,,165,42,0.0057381331761054
2024-10,2024-12,2,All supplied returns,Industry,0.1763964460486031,0.1612633589097488,100.0,165,42,0.0047317505795851
2024-10,2024-12,2,All supplied returns,Ownership controls,0.0026124524990241,-0.0143629326917442,1000.0,165,42,0.0057225500348176
2024-10,2024-12,2,All supplied returns,Binary factors,0.0060490469402497,-0.0065609267385235,1000.0,165,42,0.0056785348524797
2024-10,2024-12,2,All supplied returns,Rank factors,0.0216108635053381,0.0194192468445794,100.0,165,42,0.0055319671512645
2024-10,2024-12,2,All supplied returns,Log holdings zero,0.0111514452117308,-0.0045865477560529,1000.0,165,42,0.0056673963515046
2024-10,2024-12,2,All supplied returns,Log holdings minimum,0.0263469886637852,0.0137269918683645,1000.0,165,42,0.0055640801286442
2024-10,2024-12,2,All supplied returns,Word2Vec,0.0443751830922437,0.0244417802713486,1000.0,165,42,0.0055036324222341
2024-10,2024-12,2,All supplied returns,Rank factors 16,0.0045024451219225,-0.0092700812491695,1000.0,165,42,0.0056938186052072
2024-10,2024-12,2,All supplied returns,Rank factors 64,0.0129440371192182,0.0004895197767607,1000.0,165,42,0.0056387596086777
2024-10,2024-12,2,Exclude absolute returns above 50%,Mean only,0.0,-0.017125155966513,,165,42,0.0057381331761054
2024-10,2024-12,2,Exclude absolute returns above 50%,Industry,0.1763964460486031,0.1612633589097488,100.0,165,42,0.0047317505795851
2024-10,2024-12,2,Exclude absolute returns above 50%,Ownership controls,0.0026124524990241,-0.0143629326917442,1000.0,165,42,0.0057225500348176
2024-10,2024-12,2,Exclude absolute returns above 50%,Binary factors,0.0060490469402497,-0.0065609267385235,1000.0,165,42,0.0056785348524797
2024-10,2024-12,2,Exclude absolute returns above 50%,Rank factors,0.0216108635053381,0.0194192468445794,100.0,165,42,0.0055319671512645
2024-10,2024-12,2,Exclude absolute returns above 50%,Log holdings zero,0.0111514452117308,-0.0045865477560529,1000.0,165,42,0.0056673963515046
2024-10,2024-12,2,Exclude absolute returns above 50%,Log holdings minimum,0.0263469886637852,0.0137269918683645,1000.0,165,42,0.0055640801286442
2024-10,2024-12,2,Exclude absolute returns above 50%,Word2Vec,0.0443751830922437,0.0244417802713486,1000.0,165,42,0.0055036324222341
2024-10,2024-12,2,Exclude absolute returns above 50%,Rank factors 16,0.0045024451219225,-0.0092700812491695,1000.0,165,42,0.0056938186052072
2024-10,2024-12,2,Exclude absolute returns above 50%,Rank factors 64,0.0129440371192182,0.0004895197767607,1000.0,165,42,0.0056387596086777
2024-11,2024-12,1,All supplied returns,Mean only,0.0,-0.0322564869326718,,175,43,0.0055774445262104
2024-11,2024-12,1,All supplied returns,Industry,0.1374517828400904,0.1053702260082171,100.0,175,43,0.0048338257003957
2024-11,2024-12,1,All supplied returns,Ownership controls,0.0504046806552478,0.0203652647528778,10.0,175,43,0.005293120906438
2024-11,2024-12,1,All supplied returns,Binary factors,0.0086901026466602,-0.0167055508114504,1000.0,175,43,0.0054934203668617
2024-11,2024-12,1,All supplied returns,Rank factors,0.0214542356737947,-0.0062728804978431,1000.0,175,43,0.0054370510045269
2024-11,2024-12,1,All supplied returns,Log holdings zero,0.0233137657488531,0.0003447769452225,100.0,175,43,0.0054012947581391
2024-11,2024-12,1,All supplied returns,Log holdings minimum,0.0284836264682519,0.0020853898793984,1000.0,175,43,0.0053918899520614
2024-11,2024-12,1,All supplied returns,Word2Vec,0.0379685924981123,0.006161779872974,1000.0,175,43,0.0053698645743146
2024-11,2024-12,1,All supplied returns,Rank factors 16,0.0052253402336969,-0.0229583454732649,1000.0,175,43,0.0055272052021246
2024-11,2024-12,1,All supplied returns,Rank factors 64,0.038740806436502,0.0111768749962305,1000.0,175,43,0.0053427672247723
2024-11,2024-12,1,Exclude absolute returns above 50%,Mean only,0.0,-0.0322564869326718,,175,43,0.0055774445262104
2024-11,2024-12,1,Exclude absolute returns above 50%,Industry,0.1374517828400904,0.1053702260082171,100.0,175,43,0.0048338257003957
2024-11,2024-12,1,Exclude absolute returns above 50%,Ownership controls,0.0504046806552478,0.0203652647528778,10.0,175,43,0.005293120906438
2024-11,2024-12,1,Exclude absolute returns above 50%,Binary factors,0.0086901026466602,-0.0167055508114504,1000.0,175,43,0.0054934203668617
2024-11,2024-12,1,Exclude absolute returns above 50%,Rank factors,0.0214542356737947,-0.0062728804978431,1000.0,175,43,0.0054370510045269
2024-11,2024-12,1,Exclude absolute returns above 50%,Log holdings zero,0.0233137657488531,0.0003447769452225,100.0,175,43,0.0054012947581391
2024-11,2024-12,1,Exclude absolute returns above 50%,Log holdings minimum,0.0284836264682519,0.0020853898793984,1000.0,175,43,0.0053918899520614
2024-11,2024-12,1,Exclude absolute returns above 50%,Word2Vec,0.0379685924981123,0.006161779872974,1000.0,175,43,0.0053698645743146
2024-11,2024-12,1,Exclude absolute returns above 50%,Rank factors 16,0.0052253402336969,-0.0229583454732649,1000.0,175,43,0.0055272052021246
2024-11,2024-12,1,Exclude absolute returns above 50%,Rank factors 64,0.038740806436502,0.0111768749962305,1000.0,175,43,0.0053427672247723
2024-11,2025-01,2,All supplied returns,Mean only,-2.220446049250313e-16,-0.0108034503903948,,175,42,0.0115034047309866
2024-11,2025-01,2,All supplied returns,Industry,0.2832548543006595,0.2722517938692439,100.0,175,42,0.0082821068271366
2024-11,2025-01,2,All supplied returns,Ownership controls,0.0255762565163766,0.0177414426064621,100.0,175,42,0.0111785508169851
2024-11,2025-01,2,All supplied returns,Binary factors,0.0744947404996684,0.0670298442024613,1000.0,175,42,0.0106176263050207
2024-11,2025-01,2,All supplied returns,Rank factors,0.223584174731949,0.2169312693145932,100.0,175,42,0.0089116796522362
2024-11,2025-01,2,All supplied returns,Log holdings zero,0.0846863615912503,0.0798503965330503,100.0,175,42,0.0104717225664881
2024-11,2025-01,2,All supplied returns,Log holdings minimum,0.2254822982384882,0.2202429402890843,100.0,175,42,0.008873991324658
2024-11,2025-01,2,All supplied returns,Word2Vec,0.0737563612783126,0.0651597006304894,1000.0,175,42,0.0106389093926528
2024-11,2025-01,2,All supplied returns,Rank factors 16,0.1832275061890206,0.1817497225667688,100.0,175,42,0.0093120617157778
2024-11,2025-01,2,All supplied returns,Rank factors 64,0.0850202138335872,0.0778133841309962,100.0,175,42,0.0104949046975877
2024-11,2025-01,2,Exclude absolute returns above 50%,Mean only,-2.220446049250313e-16,-0.0108034503903948,,175,42,0.0115034047309866
2024-11,2025-01,2,Exclude absolute returns above 50%,Industry,0.2832548543006595,0.2722517938692439,100.0,175,42,0.0082821068271366
2024-11,2025-01,2,Exclude absolute returns above 50%,Ownership controls,0.0255762565163766,0.0177414426064621,100.0,175,42,0.0111785508169851
2024-11,2025-01,2,Exclude absolute returns above 50%,Binary factors,0.0744947404996684,0.0670298442024613,1000.0,175,42,0.0106176263050207
2024-11,2025-01,2,Exclude absolute returns above 50%,Rank factors,0.223584174731949,0.2169312693145932,100.0,175,42,0.0089116796522362
2024-11,2025-01,2,Exclude absolute returns above 50%,Log holdings zero,0.0846863615912503,0.0798503965330503,100.0,175,42,0.0104717225664881
2024-11,2025-01,2,Exclude absolute returns above 50%,Log holdings minimum,0.2254822982384882,0.2202429402890843,100.0,175,42,0.008873991324658
2024-11,2025-01,2,Exclude absolute returns above 50%,Word2Vec,0.0737563612783126,0.0651597006304894,1000.0,175,42,0.0106389093926528
2024-11,2025-01,2,Exclude absolute returns above 50%,Rank factors 16,0.1832275061890206,0.1817497225667688,100.0,175,42,0.0093120617157778
2024-11,2025-01,2,Exclude absolute returns above 50%,Rank factors 64,0.0850202138335872,0.0778133841309962,100.0,175,42,0.0104949046975877
2024-12,2025-01,1,All supplied returns,Mean only,-2.220446049250313e-16,-0.0235876067938924,,169,44,0.0112085173625619
2024-12,2025-01,1,All supplied returns,Industry,0.2725541993198552,0.2499654568831599,100.0,169,44,0.008213049027995
2024-12,2025-01,1,All supplied returns,Ownership controls,0.0225957601276143,0.0066182929639471,100.0,169,44,0.0108777558824107
2024-12,2025-01,1,All supplied returns,Binary factors,0.2247812330344386,0.208603048568374,100.0,169,44,0.008665976817152
2024-12,2025-01,1,All supplied returns,Rank factors,0.2187782105755591,0.1945066511483753,100.0,169,44,0.0088203355786131
2024-12,2025-01,1,All supplied returns,Log holdings zero,0.0353871938676986,0.0125622198412872,100.0,169,44,0.0108126685296876
2024-12,2025-01,1,All supplied returns,Log holdings minimum,0.225792099418511,0.2072323933599391,100.0,169,44,0.0086809858037789
2024-12,2025-01,1,All supplied returns,Word2Vec,0.0912592386544463,0.0699562096259224,1000.0,169,44,0.0101841912730874
2024-12,2025-01,1,All supplied returns,Rank factors 16,0.1920019751770136,0.185084185119476,100.0,169,44,0.0089235137270999
2024-12,2025-01,1,All supplied returns,Rank factors 64,0.152951916966285,0.1182313629968884,100.0,169,44,0.0096555673515516
2024-12,2025-01,1,Exclude absolute returns above 50%,Mean only,-2.220446049250313e-16,-0.0235876067938924,,169,44,0.0112085173625619
2024-12,2025-01,1,Exclude absolute returns above 50%,Industry,0.2725541993198552,0.2499654568831599,100.0,169,44,0.008213049027995
2024-12,2025-01,1,Exclude absolute returns above 50%,Ownership controls,0.0225957601276143,0.0066182929639471,100.0,169,44,0.0108777558824107
2024-12,2025-01,1,Exclude absolute returns above 50%,Binary factors,0.2247812330344386,0.208603048568374,100.0,169,44,0.008665976817152
2024-12,2025-01,1,Exclude absolute returns above 50%,Rank factors,0.2187782105755591,0.1945066511483753,100.0,169,44,0.0088203355786131
2024-12,2025-01,1,Exclude absolute returns above 50%,Log holdings zero,0.0353871938676986,0.0125622198412872,100.0,169,44,0.0108126685296876
2024-12,2025-01,1,Exclude absolute returns above 50%,Log holdings minimum,0.225792099418511,0.2072323933599391,100.0,169,44,0.0086809858037789
2024-12,2025-01,1,Exclude absolute returns above 50%,Word2Vec,0.0912592386544463,0.0699562096259224,1000.0,169,44,0.0101841912730874
2024-12,2025-01,1,Exclude absolute returns above 50%,Rank factors 16,0.1920019751770136,0.185084185119476,100.0,169,44,0.0089235137270999
2024-12,2025-01,1,Exclude absolute returns above 50%,Rank factors 64,0.152951916966285,0.1182313629968884,100.0,169,44,0.0096555673515516
2024-12,2025-02,2,All supplied returns,Mean only,0.0,-0.1353314515841377,,169,44,0.0082318447741017
2024-12,2025-02,2,All supplied returns,Industry,0.134214703451275,0.007198020073326,100.0,169,44,0.0071984192622991
2024-12,2025-02,2,All supplied returns,Ownership controls,-0.1186143539079831,-0.2913632807412682,1.0,169,44,0.0093631706046761
2024-12,2025-02,2,All supplied returns,Binary factors,0.1336797654865764,-0.0305059372432805,100.0,169,44,0.007471795925622
2024-12,2025-02,2,All supplied returns,Rank factors,0.0257773565622412,-0.1115806123073439,1000.0,169,44,0.0080596367181121
2024-12,2025-02,2,All supplied returns,Log holdings zero,-0.0826015172058791,-0.2372955462048063,100.0,169,44,0.0089711465861655
2024-12,2025-02,2,All supplied returns,Log holdings minimum,0.1007602570306394,-0.0435156764908577,100.0,169,44,0.007566124461917
2024-12,2025-02,2,All supplied returns,Word2Vec,0.0050559999113374,-0.1324420960720214,1000.0,169,44,0.0082108951861732
2024-12,2025-02,2,All supplied returns,Rank factors 16,0.0537942641770325,-0.0832967612720698,100.0,169,44,0.0078545615649387
2024-12,2025-02,2,All supplied returns,Rank factors 64,-0.0104990798353126,-0.1510101451332504,1000.0,169,44,0.0083455248552594
2024-12,2025-02,2,Exclude absolute returns above 50%,Mean only,0.0,-0.1353314515841377,,169,44,0.0082318447741017
2024-12,2025-02,2,Exclude absolute returns above 50%,Industry,0.134214703451275,0.007198020073326,100.0,169,44,0.0071984192622991
2024-12,2025-02,2,Exclude absolute returns above 50%,Ownership controls,-0.1186143539079831,-0.2913632807412682,1.0,169,44,0.0093631706046761
2024-12,2025-02,2,Exclude absolute returns above 50%,Binary factors,0.1336797654865764,-0.0305059372432805,100.0,169,44,0.007471795925622
2024-12,2025-02,2,Exclude absolute returns above 50%,Rank factors,0.0257773565622412,-0.1115806123073439,1000.0,169,44,0.0080596367181121
2024-12,2025-02,2,Exclude absolute returns above 50%,Log holdings zero,-0.0826015172058791,-0.2372955462048063,100.0,169,44,0.0089711465861655
2024-12,2025-02,2,Exclude absolute returns above 50%,Log holdings minimum,0.1007602570306394,-0.0435156764908577,100.0,169,44,0.007566124461917
2024-12,2025-02,2,Exclude absolute returns above 50%,Word2Vec,0.0050559999113374,-0.1324420960720214,1000.0,169,44,0.0082108951861732
2024-12,2025-02,2,Exclude absolute returns above 50%,Rank factors 16,0.0537942641770325,-0.0832967612720698,100.0,169,44,0.0078545615649387
2024-12,2025-02,2,Exclude absolute returns above 50%,Rank factors 64,-0.0104990798353126,-0.1510101451332504,1000.0,169,44,0.0083455248552594
2025-01,2025-02,1,All supplied returns,Mean only,2.220446049250313e-16,-0.0939807403863111,,166,45,0.0079546707840383
2025-01,2025-02,1,All supplied returns,Industry,0.1263215199784934,0.0353281533423486,100.0,166,45,0.0070144260054178
2025-01,2025-02,1,All supplied returns,Ownership controls,0.0270389861549683,-0.104725551083938,100.0,166,45,0.008032799610791
2025-01,2025-02,1,All supplied returns,Binary factors,0.1392719747882793,0.0198733338498479,100.0,166,45,0.0071268027562609
2025-01,2025-02,1,All supplied returns,Rank factors,0.0236781815235148,-0.0717954391256612,1000.0,166,45,0.007793354628042
2025-01,2025-02,1,All supplied returns,Log holdings zero,-0.0478179502804239,-0.1666807503305647,100.0,166,45,0.0084832949396141
2025-01,2025-02,1,All supplied returns,Log holdings minimum,0.0763460896629472,-0.0492621030323694,100.0,166,45,0.0076295078036226
2025-01,2025-02,1,All supplied returns,Word2Vec,0.0545106214548342,-0.1088888974180857,100.0,166,45,0.0080630725838201
2025-01,2025-02,1,All supplied returns,Rank factors 16,0.0496588238865022,-0.0410150934503485,100.0,166,45,0.007569541257818
2025-01,2025-02,1,All supplied returns,Rank factors 64,0.0161099867349929,-0.0828570851258372,1000.0,166,45,0.0078737872618285
2025-01,2025-02,1,Exclude absolute returns above 50%,Mean only,2.220446049250313e-16,-0.0939807403863111,,166,45,0.0079546707840383
2025-01,2025-02,1,Exclude absolute returns above 50%,Industry,0.1263215199784934,0.0353281533423486,100.0,166,45,0.0070144260054178
2025-01,2025-02,1,Exclude absolute returns above 50%,Ownership controls,0.0270389861549683,-0.104725551083938,100.0,166,45,0.008032799610791
2025-01,2025-02,1,Exclude absolute returns above 50%,Binary factors,0.1392719747882793,0.0198733338498479,100.0,166,45,0.0071268027562609
2025-01,2025-02,1,Exclude absolute returns above 50%,Rank factors,0.0236781815235148,-0.0717954391256612,1000.0,166,45,0.007793354628042
2025-01,2025-02,1,Exclude absolute returns above 50%,Log holdings zero,-0.0478179502804239,-0.1666807503305647,100.0,166,45,0.0084832949396141
2025-01,2025-02,1,Exclude absolute returns above 50%,Log holdings minimum,0.0763460896629472,-0.0492621030323694,100.0,166,45,0.0076295078036226
2025-01,2025-02,1,Exclude absolute returns above 50%,Word2Vec,0.0545106214548342,-0.1088888974180857,100.0,166,45,0.0080630725838201
2025-01,2025-02,1,Exclude absolute returns above 50%,Rank factors 16,0.0496588238865022,-0.0410150934503485,100.0,166,45,0.007569541257818
2025-01,2025-02,1,Exclude absolute returns above 50%,Rank factors 64,0.0161099867349929,-0.0828570851258372,1000.0,166,45,0.0078737872618285
2025-01,2025-03,2,All supplied returns,Mean only,-2.220446049250313e-16,-0.040234763903044,,166,45,0.004262825928667
2025-01,2025-03,2,All supplied returns,Industry,0.0942890822201933,0.0816075495288327,100.0,166,45,0.0037635227031553
2025-01,2025-03,2,All supplied returns,Ownership controls,-0.0031989160506018,-0.0419153847677102,1000.0,166,45,0.0042697130222797
2025-01,2025-03,2,All supplied returns,Binary factors,-0.0009747074493495,-0.0355010378773423,1000.0,166,45,0.004243427374858
2025-01,2025-03,2,All supplied returns,Rank factors,0.0114388369473409,-0.0194906688232125,1000.0,166,45,0.0041778177464359
2025-01,2025-03,2,All supplied returns,Log holdings zero,0.0159737996202483,-0.0275473283874525,1000.0,166,45,0.0042108335025715
2025-01,2025-03,2,All supplied returns,Log holdings minimum,0.0193386192594253,-0.0131925290166021,1000.0,166,45,0.0041520083093726
2025-01,2025-03,2,All supplied returns,Word2Vec,0.0247266189137972,-0.0016560837007404,1000.0,166,45,0.0041047325790051
2025-01,2025-03,2,All supplied returns,Rank factors 16,-0.001522370215381,-0.0192899106617581,100.0,166,45,0.0041769950503237
2025-01,2025-03,2,All supplied returns,Rank factors 64,0.0107070067927689,-0.0228738757638673,1000.0,166,45,0.0041916819459119
2025-01,2025-03,2,Exclude absolute returns above 50%,Mean only,-2.220446049250313e-16,-0.040234763903044,,166,45,0.004262825928667
2025-01,2025-03,2,Exclude absolute returns above 50%,Industry,0.0942890822201933,0.0816075495288327,100.0,166,45,0.0037635227031553
2025-01,2025-03,2,Exclude absolute returns above 50%,Ownership controls,-0.0031989160506018,-0.0419153847677102,1000.0,166,45,0.0042697130222797
2025-01,2025-03,2,Exclude absolute returns above 50%,Binary factors,-0.0009747074493495,-0.0355010378773423,1000.0,166,45,0.004243427374858
2025-01,2025-03,2,Exclude absolute returns above 50%,Rank factors,0.0114388369473409,-0.0194906688232125,1000.0,166,45,0.0041778177464359
2025-01,2025-03,2,Exclude absolute returns above 50%,Log holdings zero,0.0159737996202483,-0.0275473283874525,1000.0,166,45,0.0042108335025715
2025-01,2025-03,2,Exclude absolute returns above 50%,Log holdings minimum,0.0193386192594253,-0.0131925290166021,1000.0,166,45,0.0041520083093726
2025-01,2025-03,2,Exclude absolute returns above 50%,Word2Vec,0.0247266189137972,-0.0016560837007404,1000.0,166,45,0.0041047325790051
2025-01,2025-03,2,Exclude absolute returns above 50%,Rank factors 16,-0.001522370215381,-0.0192899106617581,100.0,166,45,0.0041769950503237
2025-01,2025-03,2,Exclude absolute returns above 50%,Rank factors 64,0.0107070067927689,-0.0228738757638673,1000.0,166,45,0.0041916819459119
2025-02,2025-03,1,All supplied returns,Mean only,-2.220446049250313e-16,-0.0352437823600393,,163,45,0.0042423731556303
2025-02,2025-03,1,All supplied returns,Industry,0.0772495796071744,0.0675869692161196,100.0,163,45,0.0038209782846894
2025-02,2025-03,1,All supplied returns,Ownership controls,-0.0063327394467334,-0.0388020093292524,1000.0,163,45,0.0042569545777388
2025-02,2025-03,1,All supplied returns,Binary factors,0.0109365713725108,-0.0180570721805106,1000.0,163,45,0.0041719429447547
2025-02,2025-03,1,All supplied returns,Rank factors,-0.0064449373181545,-0.0124485544236228,100.0,163,45,0.0041489595416374
2025-02,2025-03,1,All supplied returns,Log holdings zero,0.021602064767726,-0.0108644712382681,1000.0,163,45,0.0041424680542251
2025-02,2025-03,1,All supplied returns,Log holdings minimum,0.0429051934821862,0.015672830578617,1000.0,163,45,0.0040337196234022
2025-02,2025-03,1,All supplied returns,Word2Vec,-0.0564758071239486,-0.0628062589693096,100.0,163,45,0.0043553226974312
2025-02,2025-03,1,All supplied returns,Rank factors 16,-0.0151222456539774,-0.0276235085478959,100.0,163,45,0.0042111456847582
2025-02,2025-03,1,All supplied returns,Rank factors 64,0.0112143787423347,-0.0197196732252686,1000.0,163,45,0.0041787561941178
2025-02,2025-03,1,Exclude absolute returns above 50%,Mean only,-2.220446049250313e-16,-0.0352437823600393,,163,45,0.0042423731556303
2025-02,2025-03,1,Exclude absolute returns above 50%,Industry,0.0772495796071744,0.0675869692161196,100.0,163,45,0.0038209782846894
2025-02,2025-03,1,Exclude absolute returns above 50%,Ownership controls,-0.0063327394467334,-0.0388020093292524,1000.0,163,45,0.0042569545777388
2025-02,2025-03,1,Exclude absolute returns above 50%,Binary factors,0.0109365713725108,-0.0180570721805106,1000.0,163,45,0.0041719429447547
2025-02,2025-03,1,Exclude absolute returns above 50%,Rank factors,-0.0064449373181545,-0.0124485544236228,100.0,163,45,0.0041489595416374
2025-02,2025-03,1,Exclude absolute returns above 50%,Log holdings zero,0.021602064767726,-0.0108644712382681,1000.0,163,45,0.0041424680542251
2025-02,2025-03,1,Exclude absolute returns above 50%,Log holdings minimum,0.0429051934821862,0.015672830578617,1000.0,163,45,0.0040337196234022
2025-02,2025-03,1,Exclude absolute returns above 50%,Word2Vec,-0.0564758071239486,-0.0628062589693096,100.0,163,45,0.0043553226974312
2025-02,2025-03,1,Exclude absolute returns above 50%,Rank factors 16,-0.0151222456539774,-0.0276235085478959,100.0,163,45,0.0042111456847582
2025-02,2025-03,1,Exclude absolute returns above 50%,Rank factors 64,0.0112143787423347,-0.0197196732252686,1000.0,163,45,0.0041787561941178
2025-02,2025-04,2,All supplied returns,Mean only,0.0,-0.0865729720061168,,163,45,0.0057513106193583
2025-02,2025-04,2,All supplied returns,Industry,0.0383518652680905,-0.0489180412030045,1000.0,163,45,0.0055520003024457
2025-02,2025-04,2,All supplied returns,Ownership controls,-0.1072806912383932,-0.1956853328766781,1.0,163,45,0.0063288503667528
2025-02,2025-04,2,All supplied returns,Binary factors,0.0336355856788253,-0.0554455278307253,1000.0,163,45,0.0055865507690291
2025-02,2025-04,2,All supplied returns,Rank factors,0.0057775367116925,-0.0818651039695468,1000.0,163,45,0.0057263915277456
2025-02,2025-04,2,All supplied returns,Log holdings zero,-0.0085419695987598,-0.0870538857723881,1000.0,163,45,0.0057538561312771
2025-02,2025-04,2,All supplied returns,Log holdings minimum,0.0093780846091492,-0.0801782932632293,1000.0,163,45,0.0057174631146726
2025-02,2025-04,2,All supplied returns,Word2Vec,-0.0021081158731843,-0.0755659203879635,1000.0,163,45,0.0056930494859689
2025-02,2025-04,2,All supplied returns,Rank factors 16,0.0026263290543891,-0.0830617421827732,1000.0,163,45,0.0057327254217781
2025-02,2025-04,2,All supplied returns,Rank factors 64,0.0301781344832799,-0.0569089595484582,1000.0,163,45,0.0055942968206941
2025-02,2025-04,2,Exclude absolute returns above 50%,Mean only,0.0,-0.0865729720061168,,163,45,0.0057513106193583
2025-02,2025-04,2,Exclude absolute returns above 50%,Industry,0.0383518652680905,-0.0489180412030045,1000.0,163,45,0.0055520003024457
2025-02,2025-04,2,Exclude absolute returns above 50%,Ownership controls,-0.1072806912383932,-0.1956853328766781,1.0,163,45,0.0063288503667528
2025-02,2025-04,2,Exclude absolute returns above 50%,Binary factors,0.0336355856788253,-0.0554455278307253,1000.0,163,45,0.0055865507690291
2025-02,2025-04,2,Exclude absolute returns above 50%,Rank factors,0.0057775367116925,-0.0818651039695468,1000.0,163,45,0.0057263915277456
2025-02,2025-04,2,Exclude absolute returns above 50%,Log holdings zero,-0.0085419695987598,-0.0870538857723881,1000.0,163,45,0.0057538561312771
2025-02,2025-04,2,Exclude absolute returns above 50%,Log holdings minimum,0.0093780846091492,-0.0801782932632293,1000.0,163,45,0.0057174631146726
2025-02,2025-04,2,Exclude absolute returns above 50%,Word2Vec,-0.0021081158731843,-0.0755659203879635,1000.0,163,45,0.0056930494859689
2025-02,2025-04,2,Exclude absolute returns above 50%,Rank factors 16,0.0026263290543891,-0.0830617421827732,1000.0,163,45,0.0057327254217781
2025-02,2025-04,2,Exclude absolute returns above 50%,Rank factors 64,0.0301781344832799,-0.0569089595484582,1000.0,163,45,0.0055942968206941
2025-03,2025-04,1,All supplied returns,Mean only,0.0,-0.0430678884793465,,158,43,0.0060250532925502
2025-03,2025-04,1,All supplied returns,Industry,0.1073769988073298,0.0671387855809968,100.0,158,43,0.0053884685680638
2025-03,2025-04,1,All supplied returns,Ownership controls,0.0026018717247927,-0.0389898549417537,1000.0,158,43,0.0060014974246492
2025-03,2025-04,1,All supplied returns,Binary factors,0.0352109766549971,-0.0129578296759833,1000.0,158,43,0.0058511291300525
2025-03,2025-04,1,All supplied returns,Rank factors,0.0064270752452485,-0.040802673125404,1000.0,158,43,0.0060119687719957
2025-03,2025-04,1,All supplied returns,Log holdings zero,0.0015669227696996,-0.0339333685227649,1000.0,158,43,0.0059722897378975
2025-03,2025-04,1,All supplied returns,Log holdings minimum,0.0107271304200131,-0.0350438782451438,1000.0,158,43,0.0059787043541781
2025-03,2025-04,1,All supplied returns,Word2Vec,0.0052913954409611,-0.035488850758288,1000.0,158,43,0.0059812746404798
2025-03,2025-04,1,All supplied returns,Rank factors 16,0.0130229282529046,-0.0314036889311146,1000.0,158,43,0.0059576775975746
2025-03,2025-04,1,All supplied returns,Rank factors 64,-0.0109616210554119,-0.0569860293805195,1000.0,158,43,0.0061054483862819
2025-03,2025-04,1,Exclude absolute returns above 50%,Mean only,0.0,-0.0430678884793465,,158,43,0.0060250532925502
2025-03,2025-04,1,Exclude absolute returns above 50%,Industry,0.1073769988073298,0.0671387855809968,100.0,158,43,0.0053884685680638
2025-03,2025-04,1,Exclude absolute returns above 50%,Ownership controls,0.0026018717247927,-0.0389898549417537,1000.0,158,43,0.0060014974246492
2025-03,2025-04,1,Exclude absolute returns above 50%,Binary factors,0.0352109766549971,-0.0129578296759833,1000.0,158,43,0.0058511291300525
2025-03,2025-04,1,Exclude absolute returns above 50%,Rank factors,0.0064270752452485,-0.040802673125404,1000.0,158,43,0.0060119687719957
2025-03,2025-04,1,Exclude absolute returns above 50%,Log holdings zero,0.0015669227696996,-0.0339333685227649,1000.0,158,43,0.0059722897378975
2025-03,2025-04,1,Exclude absolute returns above 50%,Log holdings minimum,0.0107271304200131,-0.0350438782451438,1000.0,158,43,0.0059787043541781
2025-03,2025-04,1,Exclude absolute returns above 50%,Word2Vec,0.0052913954409611,-0.035488850758288,1000.0,158,43,0.0059812746404798
2025-03,2025-04,1,Exclude absolute returns above 50%,Rank factors 16,0.0130229282529046,-0.0314036889311146,1000.0,158,43,0.0059576775975746
2025-03,2025-04,1,Exclude absolute returns above 50%,Rank factors 64,-0.0109616210554119,-0.0569860293805195,1000.0,158,43,0.0061054483862819
2025-03,2025-05,2,All supplied returns,Mean only,0.0,-0.0247759457267695,,157,43,0.0098829837088828
2025-03,2025-05,2,All supplied returns,Industry,0.1734098533982218,0.1625327182334535,100.0,157,43,0.008076570822075
2025-03,2025-05,2,All supplied returns,Ownership controls,0.0633635476420035,0.050591288475523,100.0,157,43,0.0091561388303405
2025-03,2025-05,2,All supplied returns,Binary factors,0.2839685941403083,0.2415788037567054,100.0,157,43,0.0073142469416845
2025-03,2025-05,2,All supplied returns,Rank factors,0.1177088229510505,0.0735748082657403,100.0,157,43,0.0089344847677069
2025-03,2025-05,2,All supplied returns,Log holdings zero,0.0148097791454107,-0.0035676216165096,1000.0,157,43,0.0096784497104527
2025-03,2025-05,2,All supplied returns,Log holdings minimum,0.2405103718556257,0.196008230120619,100.0,157,43,0.0077537315321727
2025-03,2025-05,2,All supplied returns,Word2Vec,0.3134312441391568,0.3049466672653889,100.0,157,43,0.0067031245150365
2025-03,2025-05,2,All supplied returns,Rank factors 16,0.1202029955690627,0.0973080802595536,100.0,157,43,0.0087056000622731
2025-03,2025-05,2,All supplied returns,Rank factors 64,0.0363117907275389,0.0121915308291572,1000.0,157,43,0.0095264677601193
2025-03,2025-05,2,Exclude absolute returns above 50%,Mean only,0.0,-0.0247759457267695,,157,43,0.0098829837088828
2025-03,2025-05,2,Exclude absolute returns above 50%,Industry,0.1734098533982218,0.1625327182334535,100.0,157,43,0.008076570822075
2025-03,2025-05,2,Exclude absolute returns above 50%,Ownership controls,0.0633635476420035,0.050591288475523,100.0,157,43,0.0091561388303405
2025-03,2025-05,2,Exclude absolute returns above 50%,Binary factors,0.2839685941403083,0.2415788037567054,100.0,157,43,0.0073142469416845
2025-03,2025-05,2,Exclude absolute returns above 50%,Rank factors,0.1177088229510505,0.0735748082657403,100.0,157,43,0.0089344847677069
2025-03,2025-05,2,Exclude absolute returns above 50%,Log holdings zero,0.0148097791454107,-0.0035676216165096,1000.0,157,43,0.0096784497104527
2025-03,2025-05,2,Exclude absolute returns above 50%,Log holdings minimum,0.2405103718556257,0.196008230120619,100.0,157,43,0.0077537315321727
2025-03,2025-05,2,Exclude absolute returns above 50%,Word2Vec,0.3134312441391568,0.3049466672653889,100.0,157,43,0.0067031245150365
2025-03,2025-05,2,Exclude absolute returns above 50%,Rank factors 16,0.1202029955690627,0.0973080802595536,100.0,157,43,0.0087056000622731
2025-03,2025-05,2,Exclude absolute returns above 50%,Rank factors 64,0.0363117907275389,0.0121915308291572,1000.0,157,43,0.0095264677601193
2025-04,2025-05,1,All supplied returns,Mean only,0.0,-0.0143633862395282,,158,44,0.0100349062524156
2025-04,2025-05,1,All supplied returns,Industry,0.1866858945774053,0.1818881940683376,100.0,158,44,0.0080934262690156
2025-04,2025-05,1,All supplied returns,Ownership controls,0.0525582166529094,0.0483660811454589,100.0,158,44,0.0094143354264063
2025-04,2025-05,1,All supplied returns,Binary factors,0.2422512642308543,0.2098090679094501,100.0,158,44,0.0078172103139822
2025-04,2025-05,1,All supplied returns,Rank factors,0.0537692084867694,0.0240474497147722,100.0,158,44,0.009654915074592
2025-04,2025-05,1,All supplied returns,Log holdings zero,-0.0010340774478379,-0.010004533001984,1000.0,158,44,0.0099917849369185
2025-04,2025-05,1,All supplied returns,Log holdings minimum,0.1985676574791353,0.1745808440412851,100.0,158,44,0.0081657165088545
2025-04,2025-05,1,All supplied returns,Word2Vec,0.3102685589041165,0.301557537706584,100.0,158,44,0.006909559953464
2025-04,2025-05,1,All supplied returns,Rank factors 16,0.1076050496831572,0.0927779072746659,100.0,158,44,0.0089749775811301
2025-04,2025-05,1,All supplied returns,Rank factors 64,0.1072158558602531,0.0908996548091678,100.0,158,44,0.0089935587796092
2025-04,2025-05,1,Exclude absolute returns above 50%,Mean only,0.0,-0.0143633862395282,,158,44,0.0100349062524156
2025-04,2025-05,1,Exclude absolute returns above 50%,Industry,0.1866858945774053,0.1818881940683376,100.0,158,44,0.0080934262690156
2025-04,2025-05,1,Exclude absolute returns above 50%,Ownership controls,0.0525582166529094,0.0483660811454589,100.0,158,44,0.0094143354264063
2025-04,2025-05,1,Exclude absolute returns above 50%,Binary factors,0.2422512642308543,0.2098090679094501,100.0,158,44,0.0078172103139822
2025-04,2025-05,1,Exclude absolute returns above 50%,Rank factors,0.0537692084867694,0.0240474497147722,100.0,158,44,0.009654915074592
2025-04,2025-05,1,Exclude absolute returns above 50%,Log holdings zero,-0.0010340774478379,-0.010004533001984,1000.0,158,44,0.0099917849369185
2025-04,2025-05,1,Exclude absolute returns above 50%,Log holdings minimum,0.1985676574791353,0.1745808440412851,100.0,158,44,0.0081657165088545
2025-04,2025-05,1,Exclude absolute returns above 50%,Word2Vec,0.3102685589041165,0.301557537706584,100.0,158,44,0.006909559953464
2025-04,2025-05,1,Exclude absolute returns above 50%,Rank factors 16,0.1076050496831572,0.0927779072746659,100.0,158,44,0.0089749775811301
2025-04,2025-05,1,Exclude absolute returns above 50%,Rank factors 64,0.1072158558602531,0.0908996548091678,100.0,158,44,0.0089935587796092
2025-04,2025-06,2,All supplied returns,Mean only,0.0,-0.0325053214733868,,156,44,0.003180404358692
2025-04,2025-06,2,All supplied returns,Industry,-0.3478132506931848,-0.408606644789891,100.0,156,44,0.0043389013301931
2025-04,2025-06,2,All supplied returns,Ownership controls,-0.0073833783123036,-0.0506460858699295,1.0,156,44,0.0032362829725421
2025-04,2025-06,2,All supplied returns,Binary factors,0.0503920336722564,0.0144631730577569,1000.0,156,44,0.0030357282958947
2025-04,2025-06,2,All supplied returns,Rank factors,0.0374493723208492,0.0026801369861949,1000.0,156,44,0.0030720233333161
2025-04,2025-06,2,All supplied returns,Log holdings zero,0.0134511166611674,-0.0208186297772752,1000.0,156,44,0.0031444060888178
2025-04,2025-06,2,All supplied returns,Log holdings minimum,0.0491699623338447,0.0108984759770522,1000.0,156,44,0.003046708557107
2025-04,2025-06,2,All supplied returns,Word2Vec,-0.0369870648915262,-0.0754037080729868,100.0,156,44,0.003312543353896
2025-04,2025-06,2,All supplied returns,Rank factors 16,0.1046695075051414,0.0620487824758722,100.0,156,44,0.0028891513471305
2025-04,2025-06,2,All supplied returns,Rank factors 64,0.0549460521783586,0.0226551544153255,1000.0,156,44,0.0030104947085474
2025-04,2025-06,2,Exclude absolute returns above 50%,Mean only,0.0,-0.0325053214733868,,156,44,0.003180404358692
2025-04,2025-06,2,Exclude absolute returns above 50%,Industry,-0.3478132506931848,-0.408606644789891,100.0,156,44,0.0043389013301931
2025-04,2025-06,2,Exclude absolute returns above 50%,Ownership controls,-0.0073833783123036,-0.0506460858699295,1.0,156,44,0.0032362829725421
2025-04,2025-06,2,Exclude absolute returns above 50%,Binary factors,0.0503920336722564,0.0144631730577569,1000.0,156,44,0.0030357282958947
2025-04,2025-06,2,Exclude absolute returns above 50%,Rank factors,0.0374493723208492,0.0026801369861949,1000.0,156,44,0.0030720233333161
2025-04,2025-06,2,Exclude absolute returns above 50%,Log holdings zero,0.0134511166611674,-0.0208186297772752,1000.0,156,44,0.0031444060888178
2025-04,2025-06,2,Exclude absolute returns above 50%,Log holdings minimum,0.0491699623338447,0.0108984759770522,1000.0,156,44,0.003046708557107
2025-04,2025-06,2,Exclude absolute returns above 50%,Word2Vec,-0.0369870648915262,-0.0754037080729868,100.0,156,44,0.003312543353896
2025-04,2025-06,2,Exclude absolute returns above 50%,Rank factors 16,0.1046695075051414,0.0620487824758722,100.0,156,44,0.0028891513471305
2025-04,2025-06,2,Exclude absolute returns above 50%,Rank factors 64,0.0549460521783586,0.0226551544153255,1000.0,156,44,0.0030104947085474
2025-05,2025-06,1,All supplied returns,Mean only,0.0,-0.0393872491191902,,154,43,0.0031669975807066
2025-05,2025-06,1,All supplied returns,Industry,-0.2813398526819459,-0.3133461353772748,100.0,154,43,0.0040017462566479
2025-05,2025-06,1,All supplied returns,Ownership controls,0.0022334720758716,-0.03623911592741,1000.0,154,43,0.0031574052654165
2025-05,2025-06,1,All supplied returns,Binary factors,0.0492926506572697,0.0015856167673875,1000.0,154,43,0.0030421538641348
2025-05,2025-06,1,All supplied returns,Rank factors,0.0404257606439213,-0.0030306815549434,1000.0,154,43,0.0030562196568709
2025-05,2025-06,1,All supplied returns,Log holdings zero,0.0318209636127182,-0.0054757289774822,1000.0,154,43,0.0030636696802173
2025-05,2025-06,1,All supplied returns,Log holdings minimum,0.0478995897550965,0.0002845344059877,1000.0,154,43,0.0030461182428535
2025-05,2025-06,1,All supplied returns,Word2Vec,0.0331217140055049,-0.0077593652288332,1000.0,154,43,0.0030706278861116
2025-05,2025-06,1,All supplied returns,Rank factors 16,0.0304519858395848,-0.0106283088401419,1000.0,154,43,0.0030793695148778
2025-05,2025-06,1,All supplied returns,Rank factors 64,0.0499557230297091,0.0134601074258859,1000.0,154,43,0.0030059724666629
2025-05,2025-06,1,Exclude absolute returns above 50%,Mean only,0.0,-0.0393872491191902,,154,43,0.0031669975807066
2025-05,2025-06,1,Exclude absolute returns above 50%,Industry,-0.2813398526819459,-0.3133461353772748,100.0,154,43,0.0040017462566479
2025-05,2025-06,1,Exclude absolute returns above 50%,Ownership controls,0.0022334720758716,-0.03623911592741,1000.0,154,43,0.0031574052654165
2025-05,2025-06,1,Exclude absolute returns above 50%,Binary factors,0.0492926506572697,0.0015856167673875,1000.0,154,43,0.0030421538641348
2025-05,2025-06,1,Exclude absolute returns above 50%,Rank factors,0.0404257606439213,-0.0030306815549434,1000.0,154,43,0.0030562196568709
2025-05,2025-06,1,Exclude absolute returns above 50%,Log holdings zero,0.0318209636127182,-0.0054757289774822,1000.0,154,43,0.0030636696802173
2025-05,2025-06,1,Exclude absolute returns above 50%,Log holdings minimum,0.0478995897550965,0.0002845344059877,1000.0,154,43,0.0030461182428535
2025-05,2025-06,1,Exclude absolute returns above 50%,Word2Vec,0.0331217140055049,-0.0077593652288332,1000.0,154,43,0.0030706278861116
2025-05,2025-06,1,Exclude absolute returns above 50%,Rank factors 16,0.0304519858395848,-0.0106283088401419,1000.0,154,43,0.0030793695148778
2025-05,2025-06,1,Exclude absolute returns above 50%,Rank factors 64,0.0499557230297091,0.0134601074258859,1000.0,154,43,0.0030059724666629
2025-05,2025-07,2,All supplied returns,Mean only,0.0,-0.0034470692845256,,155,43,0.0065022368463945
2025-05,2025-07,2,All supplied returns,Industry,0.2272675207335769,0.2272478391840156,100.0,155,43,0.0050073568671353
2025-05,2025-07,2,All supplied returns,Ownership controls,0.0015825767628496,-0.0016188573778048,1000.0,155,43,0.0064903902157283
2025-05,2025-07,2,All supplied returns,Binary factors,0.031824558352913,0.027990330335452,1000.0,155,43,0.0062985256348907
2025-05,2025-07,2,All supplied returns,Rank factors,0.0136171562468707,0.0100628609399672,1000.0,155,43,0.0064146938470806
2025-05,2025-07,2,All supplied returns,Log holdings zero,-0.018701598593275,-0.0199095430833604,1000.0,155,43,0.0066089120333517
2025-05,2025-07,2,All supplied returns,Log holdings minimum,0.03055409078082,0.0272637852537808,1000.0,155,43,0.0063032335744973
2025-05,2025-07,2,All supplied returns,Word2Vec,0.0285582697274839,0.0249744273544123,1000.0,155,43,0.006318068385165
2025-05,2025-07,2,All supplied returns,Rank factors 16,0.0078817670913649,0.0050261068468517,1000.0,155,43,0.0064473315108428
2025-05,2025-07,2,All supplied returns,Rank factors 64,0.0266158724771961,0.0231469327816674,1000.0,155,43,0.0063299103675786
2025-05,2025-07,2,Exclude absolute returns above 50%,Mean only,0.0,-0.0034470692845256,,155,43,0.0065022368463945
2025-05,2025-07,2,Exclude absolute returns above 50%,Industry,0.2272675207335769,0.2272478391840156,100.0,155,43,0.0050073568671353
2025-05,2025-07,2,Exclude absolute returns above 50%,Ownership controls,0.0015825767628496,-0.0016188573778048,1000.0,155,43,0.0064903902157283
2025-05,2025-07,2,Exclude absolute returns above 50%,Binary factors,0.031824558352913,0.027990330335452,1000.0,155,43,0.0062985256348907
2025-05,2025-07,2,Exclude absolute returns above 50%,Rank factors,0.0136171562468707,0.0100628609399672,1000.0,155,43,0.0064146938470806
2025-05,2025-07,2,Exclude absolute returns above 50%,Log holdings zero,-0.018701598593275,-0.0199095430833604,1000.0,155,43,0.0066089120333517
2025-05,2025-07,2,Exclude absolute returns above 50%,Log holdings minimum,0.03055409078082,0.0272637852537808,1000.0,155,43,0.0063032335744973
2025-05,2025-07,2,Exclude absolute returns above 50%,Word2Vec,0.0285582697274839,0.0249744273544123,1000.0,155,43,0.006318068385165
2025-05,2025-07,2,Exclude absolute returns above 50%,Rank factors 16,0.0078817670913649,0.0050261068468517,1000.0,155,43,0.0064473315108428
2025-05,2025-07,2,Exclude absolute returns above 50%,Rank factors 64,0.0266158724771961,0.0231469327816674,1000.0,155,43,0.0063299103675786
2025-06,2025-07,1,All supplied returns,Mean only,0.0,-0.0019694428864658,,165,41,0.0068057671441651
2025-06,2025-07,1,All supplied returns,Industry,0.0801743613157107,0.0791388355894439,1000.0,165,41,0.0062548480910042
2025-06,2025-07,1,All supplied returns,Ownership controls,0.0003726622105166,-0.0013519070710346,1000.0,165,41,0.006801572600117
2025-06,2025-07,1,All supplied returns,Binary factors,0.0255274610799207,0.0235116410857336,1000.0,165,41,0.0066326896862377
2025-06,2025-07,1,All supplied returns,Rank factors,0.008174650144979,0.0064518734289624,1000.0,165,41,0.0067485662801097
2025-06,2025-07,1,All supplied returns,Log holdings zero,0.0090775435151599,0.0081799971969015,100.0,165,41,0.0067368281896476
2025-06,2025-07,1,All supplied returns,Log holdings minimum,0.0121089619182379,0.0101993046606658,1000.0,165,41,0.0067231122659851
2025-06,2025-07,1,All supplied returns,Word2Vec,0.034583938433184,0.0339979834514225,1000.0,165,41,0.0065614623600537
2025-06,2025-07,1,All supplied returns,Rank factors 16,0.00525674488182,0.0038210123578472,1000.0,165,41,0.0067664361143305
2025-06,2025-07,1,All supplied returns,Rank factors 64,0.0167776122793043,0.0150487722924158,1000.0,165,41,0.006690172790925
2025-06,2025-07,1,Exclude absolute returns above 50%,Mean only,0.0,-0.0019694428864658,,165,41,0.0068057671441651
2025-06,2025-07,1,Exclude absolute returns above 50%,Industry,0.0801743613157107,0.0791388355894439,1000.0,165,41,0.0062548480910042
2025-06,2025-07,1,Exclude absolute returns above 50%,Ownership controls,0.0003726622105166,-0.0013519070710346,1000.0,165,41,0.006801572600117
2025-06,2025-07,1,Exclude absolute returns above 50%,Binary factors,0.0255274610799207,0.0235116410857336,1000.0,165,41,0.0066326896862377
2025-06,2025-07,1,Exclude absolute returns above 50%,Rank factors,0.008174650144979,0.0064518734289624,1000.0,165,41,0.0067485662801097
2025-06,2025-07,1,Exclude absolute returns above 50%,Log holdings zero,0.0090775435151599,0.0081799971969015,100.0,165,41,0.0067368281896476
2025-06,2025-07,1,Exclude absolute returns above 50%,Log holdings minimum,0.0121089619182379,0.0101993046606658,1000.0,165,41,0.0067231122659851
2025-06,2025-07,1,Exclude absolute returns above 50%,Word2Vec,0.034583938433184,0.0339979834514225,1000.0,165,41,0.0065614623600537
2025-06,2025-07,1,Exclude absolute returns above 50%,Rank factors 16,0.00525674488182,0.0038210123578472,1000.0,165,41,0.0067664361143305
2025-06,2025-07,1,Exclude absolute returns above 50%,Rank factors 64,0.0167776122793043,0.0150487722924158,1000.0,165,41,0.006690172790925
2025-06,2025-08,2,All supplied returns,Mean only,0.0,-0.0056216314971302,,165,41,0.0038918548697042
2025-06,2025-08,2,All supplied returns,Industry,0.0024935504628831,-0.0501925316556268,100.0,165,41,0.0040643486480756
2025-06,2025-08,2,All supplied returns,Ownership controls,-0.0024025858219123,-0.0091413948037755,1000.0,165,41,0.0039054767007549
2025-06,2025-08,2,All supplied returns,Binary factors,-0.1119402705878764,-0.1262408187805146,100.0,165,41,0.0043586630177248
2025-06,2025-08,2,All supplied returns,Rank factors,-0.0826751794338105,-0.0981051639642482,100.0,165,41,0.0042497752593678
2025-06,2025-08,2,All supplied returns,Log holdings zero,-0.0034236732477403,-0.003986567596746,100.0,165,41,0.0038855270111899
2025-06,2025-08,2,All supplied returns,Log holdings minimum,-0.1241026363208648,-0.1325169259457492,100.0,165,41,0.0043829521712879
2025-06,2025-08,2,All supplied returns,Word2Vec,0.0756304195724553,0.0635249357339654,100.0,165,41,0.003624250836564
2025-06,2025-08,2,All supplied returns,Rank factors 16,-0.0533123204719105,-0.071848545146842,100.0,165,41,0.0041481595556022
2025-06,2025-08,2,All supplied returns,Rank factors 64,0.0008830552661508,-0.0054693830825645,1000.0,165,41,0.0038912656533279
2025-06,2025-08,2,Exclude absolute returns above 50%,Mean only,0.0,-0.0056216314971302,,165,41,0.0038918548697042
2025-06,2025-08,2,Exclude absolute returns above 50%,Industry,0.0024935504628831,-0.0501925316556268,100.0,165,41,0.0040643486480756
2025-06,2025-08,2,Exclude absolute returns above 50%,Ownership controls,-0.0024025858219123,-0.0091413948037755,1000.0,165,41,0.0039054767007549
2025-06,2025-08,2,Exclude absolute returns above 50%,Binary factors,-0.1119402705878764,-0.1262408187805146,100.0,165,41,0.0043586630177248
2025-06,2025-08,2,Exclude absolute returns above 50%,Rank factors,-0.0826751794338105,-0.0981051639642482,100.0,165,41,0.0042497752593678
2025-06,2025-08,2,Exclude absolute returns above 50%,Log holdings zero,-0.0034236732477403,-0.003986567596746,100.0,165,41,0.0038855270111899
2025-06,2025-08,2,Exclude absolute returns above 50%,Log holdings minimum,-0.1241026363208648,-0.1325169259457492,100.0,165,41,0.0043829521712879
2025-06,2025-08,2,Exclude absolute returns above 50%,Word2Vec,0.0756304195724553,0.0635249357339654,100.0,165,41,0.003624250836564
2025-06,2025-08,2,Exclude absolute returns above 50%,Rank factors 16,-0.0533123204719105,-0.071848545146842,100.0,165,41,0.0041481595556022
2025-06,2025-08,2,Exclude absolute returns above 50%,Rank factors 64,0.0008830552661508,-0.0054693830825645,1000.0,165,41,0.0038912656533279
2025-07,2025-08,1,All supplied returns,Mean only,0.0,-0.0010054219109119,,171,42,0.0042857153862314
2025-07,2025-08,1,All supplied returns,Industry,-0.0391240453131431,-0.0692888598322818,100.0,171,42,0.0045780648322171
2025-07,2025-08,1,All supplied returns,Ownership controls,-0.003431074886699,-0.005524264842766,100.0,171,42,0.0043050624089918
2025-07,2025-08,1,All supplied returns,Binary factors,-0.1123329437586684,-0.1144086659331558,100.0,171,42,0.0047712412556386
2025-07,2025-08,1,All supplied returns,Rank factors,-0.1284848286294602,-0.1369876413496882,100.0,171,42,0.0048679111239829
2025-07,2025-08,1,All supplied returns,Log holdings zero,-0.0494649366511164,-0.0496607363888959,100.0,171,42,0.0044940287732679
2025-07,2025-08,1,All supplied returns,Log holdings minimum,-0.1793648605024611,-0.1837062742648243,100.0,171,42,0.0050679327817336
2025-07,2025-08,1,All supplied returns,Word2Vec,-0.010942309561184,-0.0149640891533904,100.0,171,42,0.0043454781743871
2025-07,2025-08,1,All supplied returns,Rank factors 16,-0.0565000666234651,-0.0655194980463074,100.0,171,42,0.0045619266461006
2025-07,2025-08,1,All supplied returns,Rank factors 64,-0.2392248159171215,-0.2432724881655323,100.0,171,42,0.0053229602109822
2025-07,2025-08,1,Exclude absolute returns above 50%,Mean only,0.0,-0.0010054219109119,,171,42,0.0042857153862314
2025-07,2025-08,1,Exclude absolute returns above 50%,Industry,-0.0391240453131431,-0.0692888598322818,100.0,171,42,0.0045780648322171
2025-07,2025-08,1,Exclude absolute returns above 50%,Ownership controls,-0.003431074886699,-0.005524264842766,100.0,171,42,0.0043050624089918
2025-07,2025-08,1,Exclude absolute returns above 50%,Binary factors,-0.1123329437586684,-0.1144086659331558,100.0,171,42,0.0047712412556386
2025-07,2025-08,1,Exclude absolute returns above 50%,Rank factors,-0.1284848286294602,-0.1369876413496882,100.0,171,42,0.0048679111239829
2025-07,2025-08,1,Exclude absolute returns above 50%,Log holdings zero,-0.0494649366511164,-0.0496607363888959,100.0,171,42,0.0044940287732679
2025-07,2025-08,1,Exclude absolute returns above 50%,Log holdings minimum,-0.1793648605024611,-0.1837062742648243,100.0,171,42,0.0050679327817336
2025-07,2025-08,1,Exclude absolute returns above 50%,Word2Vec,-0.010942309561184,-0.0149640891533904,100.0,171,42,0.0043454781743871
2025-07,2025-08,1,Exclude absolute returns above 50%,Rank factors 16,-0.0565000666234651,-0.0655194980463074,100.0,171,42,0.0045619266461006
2025-07,2025-08,1,Exclude absolute returns above 50%,Rank factors 64,-0.2392248159171215,-0.2432724881655323,100.0,171,42,0.0053229602109822
2025-07,2025-09,2,All supplied returns,Mean only,0.0,-0.0904216905026424,,171,42,0.0034567550874327
2025-07,2025-09,2,All supplied returns,Industry,0.389392112178296,0.302606690262981,100.0,171,42,0.0022108124704156
2025-07,2025-09,2,All supplied returns,Ownership controls,-0.0413367517699203,-0.1480073348851536,10.0,171,42,0.003639307829107
2025-07,2025-09,2,All supplied returns,Binary factors,-0.077452400662799,-0.1590051757060349,100.0,171,42,0.0036741721779543
2025-07,2025-09,2,All supplied returns,Rank factors,-0.0824208959004599,-0.1724053368042875,100.0,171,42,0.0037166521427718
2025-07,2025-09,2,All supplied returns,Log holdings zero,-0.0025993285075336,-0.1027348153620728,1000.0,171,42,0.003495789029412
2025-07,2025-09,2,All supplied returns,Log holdings minimum,-0.0270862548973458,-0.1516214224913505,100.0,171,42,0.0036507648790061
2025-07,2025-09,2,All supplied returns,Word2Vec,0.0807431110250318,0.0004529650209151,100.0,171,42,0.0031686725680406
2025-07,2025-09,2,All supplied returns,Rank factors 16,-0.1221695863687286,-0.2240275223181425,100.0,171,42,0.0038803000726998
2025-07,2025-09,2,All supplied returns,Rank factors 64,0.0710277578082143,-0.0284505920459712,100.0,171,42,0.0032602999804501
2025-07,2025-09,2,Exclude absolute returns above 50%,Mean only,0.0,-0.0904216905026424,,171,42,0.0034567550874327
2025-07,2025-09,2,Exclude absolute returns above 50%,Industry,0.389392112178296,0.302606690262981,100.0,171,42,0.0022108124704156
2025-07,2025-09,2,Exclude absolute returns above 50%,Ownership controls,-0.0413367517699203,-0.1480073348851536,10.0,171,42,0.003639307829107
2025-07,2025-09,2,Exclude absolute returns above 50%,Binary factors,-0.077452400662799,-0.1590051757060349,100.0,171,42,0.0036741721779543
2025-07,2025-09,2,Exclude absolute returns above 50%,Rank factors,-0.0824208959004599,-0.1724053368042875,100.0,171,42,0.0037166521427718
2025-07,2025-09,2,Exclude absolute returns above 50%,Log holdings zero,-0.0025993285075336,-0.1027348153620728,1000.0,171,42,0.003495789029412
2025-07,2025-09,2,Exclude absolute returns above 50%,Log holdings minimum,-0.0270862548973458,-0.1516214224913505,100.0,171,42,0.0036507648790061
2025-07,2025-09,2,Exclude absolute returns above 50%,Word2Vec,0.0807431110250318,0.0004529650209151,100.0,171,42,0.0031686725680406
2025-07,2025-09,2,Exclude absolute returns above 50%,Rank factors 16,-0.1221695863687286,-0.2240275223181425,100.0,171,42,0.0038803000726998
2025-07,2025-09,2,Exclude absolute returns above 50%,Rank factors 64,0.0710277578082143,-0.0284505920459712,100.0,171,42,0.0032602999804501
2025-08,2025-09,1,All supplied returns,Mean only,0.0,-0.1050723207508304,,172,41,0.0035288156381707
2025-08,2025-09,1,All supplied returns,Industry,0.4178108263646165,0.3029420164591341,100.0,172,41,0.0022259078133089
2025-08,2025-09,1,All supplied returns,Ownership controls,-0.0621320431669709,-0.1748765955141489,10.0,172,41,0.0037517208831673
2025-08,2025-09,1,All supplied returns,Binary factors,-0.0232257679591068,-0.097138285446336,100.0,172,41,0.0035034799679792
2025-08,2025-09,1,All supplied returns,Rank factors,0.0088396888641101,-0.0764852846382206,100.0,172,41,0.0034375289611009
2025-08,2025-09,1,All supplied returns,Log holdings zero,-0.0065901606914537,-0.129786628556938,1000.0,172,41,0.0036077355733053
2025-08,2025-09,1,All supplied returns,Log holdings minimum,-0.0030295800924142,-0.0931952997559781,100.0,172,41,0.0034908888738906
2025-08,2025-09,1,All supplied returns,Word2Vec,-0.1041015525230768,-0.2459398868608131,100.0,172,41,0.0039786465323715
2025-08,2025-09,1,All supplied returns,Rank factors 16,-0.0960665501761679,-0.2033957776651311,100.0,172,41,0.0038427908829062
2025-08,2025-09,1,All supplied returns,Rank factors 64,0.0371890228931395,-0.0643405659412805,1000.0,172,41,0.0033987473606082
2025-08,2025-09,1,Exclude absolute returns above 50%,Mean only,0.0,-0.1050723207508304,,172,41,0.0035288156381707
2025-08,2025-09,1,Exclude absolute returns above 50%,Industry,0.4178108263646165,0.3029420164591341,100.0,172,41,0.0022259078133089
2025-08,2025-09,1,Exclude absolute returns above 50%,Ownership controls,-0.0621320431669709,-0.1748765955141489,10.0,172,41,0.0037517208831673
2025-08,2025-09,1,Exclude absolute returns above 50%,Binary factors,-0.0232257679591068,-0.097138285446336,100.0,172,41,0.0035034799679792
2025-08,2025-09,1,Exclude absolute returns above 50%,Rank factors,0.0088396888641101,-0.0764852846382206,100.0,172,41,0.0034375289611009
2025-08,2025-09,1,Exclude absolute returns above 50%,Log holdings zero,-0.0065901606914537,-0.129786628556938,1000.0,172,41,0.0036077355733053
2025-08,2025-09,1,Exclude absolute returns above 50%,Log holdings minimum,-0.0030295800924142,-0.0931952997559781,100.0,172,41,0.0034908888738906
2025-08,2025-09,1,Exclude absolute returns above 50%,Word2Vec,-0.1041015525230768,-0.2459398868608131,100.0,172,41,0.0039786465323715
2025-08,2025-09,1,Exclude absolute returns above 50%,Rank factors 16,-0.0960665501761679,-0.2033957776651311,100.0,172,41,0.0038427908829062
2025-08,2025-09,1,Exclude absolute returns above 50%,Rank factors 64,0.0371890228931395,-0.0643405659412805,1000.0,172,41,0.0033987473606082
2025-08,2025-10,2,All supplied returns,Mean only,-2.220446049250313e-16,-0.0215185862472122,,172,41,0.0046903945100882
2025-08,2025-10,2,All supplied returns,Industry,0.0376640116245642,0.0148971517995923,1000.0,172,41,0.0045231883719767
2025-08,2025-10,2,All supplied returns,Ownership controls,-0.0015937289778804,-0.0230124025748394,1000.0,172,41,0.0046972535021775
2025-08,2025-10,2,All supplied returns,Binary factors,-0.4164445809625443,-0.4236039604384871,100.0,172,41,0.0065366056873336
2025-08,2025-10,2,All supplied returns,Rank factors,-0.003840693909753,-0.0242175703323983,1000.0,172,41,0.0047027871383834
2025-08,2025-10,2,All supplied returns,Log holdings zero,0.0011463791181683,-0.0220306209127081,1000.0,172,41,0.0046927455633303
2025-08,2025-10,2,All supplied returns,Log holdings minimum,-0.028372756888547,-0.0558367315474457,100.0,172,41,0.004847969362352
2025-08,2025-10,2,All supplied returns,Word2Vec,0.0245844959621445,0.0061154410213543,1000.0,172,41,0.0045635103872371
2025-08,2025-10,2,All supplied returns,Rank factors 16,-0.0453332686176655,-0.0700294148237559,100.0,172,41,0.0049131363447436
2025-08,2025-10,2,All supplied returns,Rank factors 64,-0.033121997567638,-0.0531781086249649,1000.0,172,41,0.0048357620559673
2025-08,2025-10,2,Exclude absolute returns above 50%,Mean only,0.0,-0.0094151085905207,,171,41,0.0046348203032963
2025-08,2025-10,2,Exclude absolute returns above 50%,Industry,0.1518449886012312,0.1460282064675453,100.0,171,41,0.0039210883346428
2025-08,2025-10,2,Exclude absolute returns above 50%,Ownership controls,-0.0044970201939342,-0.0136617925642017,1000.0,171,41,0.0046543193348992
2025-08,2025-10,2,Exclude absolute returns above 50%,Binary factors,-0.2452612884201435,-0.246000132672282,100.0,171,41,0.0057211217304674
2025-08,2025-10,2,Exclude absolute returns above 50%,Rank factors,-0.0105447812007022,-0.013105218989085,100.0,171,41,0.0046517637772458
2025-08,2025-10,2,Exclude absolute returns above 50%,Log holdings zero,0.0013274934101862,-0.0084843726633001,1000.0,171,41,0.0046305467455342
2025-08,2025-10,2,Exclude absolute returns above 50%,Log holdings minimum,0.0648486082716278,0.0587655626998635,100.0,171,41,0.0043217626158298
2025-08,2025-10,2,Exclude absolute returns above 50%,Word2Vec,0.0123232266247711,0.00371120111203,1000.0,171,41,0.0045745496711262
2025-08,2025-10,2,Exclude absolute returns above 50%,Rank factors 16,-0.007641699363253,-0.0179486768224264,100.0,171,41,0.0046740029497261
2025-08,2025-10,2,Exclude absolute returns above 50%,Rank factors 64,0.0048826789057616,-0.0024338116870512,1000.0,171,41,0.0046027650503521
2025-09,2025-10,1,All supplied returns,Mean only,0.0,-0.0207708815588112,,180,42,0.0046257305913498
2025-09,2025-10,1,All supplied returns,Industry,0.0415479661518874,0.021337921424166,1000.0,180,42,0.0044349101225821
2025-09,2025-10,1,All supplied returns,Ownership controls,0.0021490646357015,-0.0187670391277228,1000.0,180,42,0.0046166499686546
2025-09,2025-10,1,All supplied returns,Binary factors,0.0082484971650261,-0.0106620406479529,1000.0,180,42,0.0045799213157433
2025-09,2025-10,1,All supplied returns,Rank factors,-0.0908579257749575,-0.1172654310961758,100.0,180,42,0.00506300578969
2025-09,2025-10,1,All supplied returns,Log holdings zero,0.0174243151501189,-0.0039810460516744,1000.0,180,42,0.0045496456861746
2025-09,2025-10,1,All supplied returns,Log holdings minimum,-0.0728644449987943,-0.0795206304622619,100.0,180,42,0.004891961256474
2025-09,2025-10,1,All supplied returns,Word2Vec,0.0144604134035796,-0.0068506817572393,1000.0,180,42,0.0045626497421376
2025-09,2025-10,1,All supplied returns,Rank factors 16,0.0227590765362936,0.004232362036316,100.0,180,42,0.0045124257637236
2025-09,2025-10,1,All supplied returns,Rank factors 64,-0.0167365889539166,-0.0343032432983774,1000.0,180,42,0.0046870539116001
2025-09,2025-10,1,Exclude absolute returns above 50%,Mean only,0.0,-0.0093003230567239,,179,42,0.004573750549284
2025-09,2025-10,1,Exclude absolute returns above 50%,Industry,0.1566419215843517,0.1532217337873274,100.0,179,42,0.0038372647583056
2025-09,2025-10,1,Exclude absolute returns above 50%,Ownership controls,0.000449132795591,-0.0088415588799206,1000.0,179,42,0.0045716716111744
2025-09,2025-10,1,Exclude absolute returns above 50%,Binary factors,0.0313266648697139,0.0233586939787816,1000.0,179,42,0.0044257527792518
2025-09,2025-10,1,Exclude absolute returns above 50%,Rank factors,0.028816707302843,0.0199615683862222,1000.0,179,42,0.0044411472111072
2025-09,2025-10,1,Exclude absolute returns above 50%,Log holdings zero,0.0149757606841858,0.0055372307328831,1000.0,179,42,0.0045065126140085
2025-09,2025-10,1,Exclude absolute returns above 50%,Log holdings minimum,0.0231650241579479,0.0226233007274607,100.0,179,42,0.0044290852911022
2025-09,2025-10,1,Exclude absolute returns above 50%,Word2Vec,0.0313867363709426,0.021970920803442,1000.0,179,42,0.0044320416193304
2025-09,2025-10,1,Exclude absolute returns above 50%,Rank factors 16,0.0581757866573973,0.050452029566558,100.0,179,42,0.0043029764799723
2025-09,2025-10,1,Exclude absolute returns above 50%,Rank factors 64,0.0174201075462276,0.0095390251626614,1000.0,179,42,0.0044883780617319
2025-09,2025-11,2,All supplied returns,Mean only,0.0,-0.0742966537305966,,180,42,0.0061627833473337
2025-09,2025-11,2,All supplied returns,Industry,0.0161906280463334,-0.0608872885136795,1000.0,180,42,0.0060858595178028
2025-09,2025-11,2,All supplied returns,Ownership controls,-0.0218344242413555,-0.1015500163547116,100.0,180,42,0.0063191243065608
2025-09,2025-11,2,All supplied returns,Binary factors,0.0060686400645715,-0.0708752153513447,100.0,180,42,0.0061431560093965
2025-09,2025-11,2,All supplied returns,Rank factors,0.0301738339686864,-0.0483880071831839,1000.0,180,42,0.0060141564527605
2025-09,2025-11,2,All supplied returns,Log holdings zero,0.0282020389705676,-0.0410306656629468,1000.0,180,42,0.0059719505111855
2025-09,2025-11,2,All supplied returns,Log holdings minimum,0.0230568297110852,-0.0545732112057559,1000.0,180,42,0.006049638339647
2025-09,2025-11,2,All supplied returns,Word2Vec,0.0064996856935011,-0.0682074774863634,1000.0,180,42,0.0061278523310016
2025-09,2025-11,2,All supplied returns,Rank factors 16,0.0696077056800409,-0.0235628537767538,100.0,180,42,0.0058717450978737
2025-09,2025-11,2,All supplied returns,Rank factors 64,0.0205942343819613,-0.0552680522908737,1000.0,180,42,0.0060536243476584
2025-09,2025-11,2,Exclude absolute returns above 50%,Mean only,0.0,-0.0742966537305966,,180,42,0.0061627833473337
2025-09,2025-11,2,Exclude absolute returns above 50%,Industry,0.0161906280463334,-0.0608872885136795,1000.0,180,42,0.0060858595178028
2025-09,2025-11,2,Exclude absolute returns above 50%,Ownership controls,-0.0218344242413555,-0.1015500163547116,100.0,180,42,0.0063191243065608
2025-09,2025-11,2,Exclude absolute returns above 50%,Binary factors,0.0060686400645715,-0.0708752153513447,100.0,180,42,0.0061431560093965
2025-09,2025-11,2,Exclude absolute returns above 50%,Rank factors,0.0301738339686864,-0.0483880071831839,1000.0,180,42,0.0060141564527605
2025-09,2025-11,2,Exclude absolute returns above 50%,Log holdings zero,0.0282020389705676,-0.0410306656629468,1000.0,180,42,0.0059719505111855
2025-09,2025-11,2,Exclude absolute returns above 50%,Log holdings minimum,0.0230568297110852,-0.0545732112057559,1000.0,180,42,0.006049638339647
2025-09,2025-11,2,Exclude absolute returns above 50%,Word2Vec,0.0064996856935011,-0.0682074774863634,1000.0,180,42,0.0061278523310016
2025-09,2025-11,2,Exclude absolute returns above 50%,Rank factors 16,0.0696077056800409,-0.0235628537767538,100.0,180,42,0.0058717450978737
2025-09,2025-11,2,Exclude absolute returns above 50%,Rank factors 64,0.0205942343819613,-0.0552680522908737,1000.0,180,42,0.0060536243476584
2025-10,2025-11,1,All supplied returns,Mean only,0.0,-0.1053528577732532,,154,39,0.0062364954299805
2025-10,2025-11,1,All supplied returns,Industry,0.0170528452054516,-0.0932696372349808,1000.0,154,39,0.0061683208655086
2025-10,2025-11,1,All supplied returns,Ownership controls,-0.0413065802780725,-0.1621164716208667,100.0,154,39,0.0065567605976691
2025-10,2025-11,1,All supplied returns,Binary factors,0.0097467003936814,-0.1031728901166804,1000.0,154,39,0.0062241958658801
2025-10,2025-11,1,All supplied returns,Rank factors,0.0116016316721213,-0.1040678241365398,1000.0,154,39,0.006229245160217
2025-10,2025-11,1,All supplied returns,Log holdings zero,-0.0031878414268127,-0.1043920620820071,1000.0,154,39,0.0062310745384566
2025-10,2025-11,1,All supplied returns,Log holdings minimum,-0.0029407680279582,-0.1205406128131638,1000.0,154,39,0.0063221860438256
2025-10,2025-11,1,All supplied returns,Word2Vec,-0.0195753225442048,-0.1311769677811751,1000.0,154,39,0.0063821972689138
2025-10,2025-11,1,All supplied returns,Rank factors 16,0.032803641379998,-0.105173399895333,100.0,154,39,0.0062354829132736
2025-10,2025-11,1,All supplied returns,Rank factors 64,0.0052226607834889,-0.1093817609879839,1000.0,154,39,0.0062592268467492
2025-10,2025-11,1,Exclude absolute returns above 50%,Mean only,0.0,-0.1053528577732532,,154,39,0.0062364954299805
2025-10,2025-11,1,Exclude absolute returns above 50%,Industry,0.0170528452054516,-0.0932696372349808,1000.0,154,39,0.0061683208655086
2025-10,2025-11,1,Exclude absolute returns above 50%,Ownership controls,-0.0413065802780725,-0.1621164716208667,100.0,154,39,0.0065567605976691
2025-10,2025-11,1,Exclude absolute returns above 50%,Binary factors,0.0097467003936814,-0.1031728901166804,1000.0,154,39,0.0062241958658801
2025-10,2025-11,1,Exclude absolute returns above 50%,Rank factors,0.0116016316721213,-0.1040678241365398,1000.0,154,39,0.006229245160217
2025-10,2025-11,1,Exclude absolute returns above 50%,Log holdings zero,-0.0031878414268127,-0.1043920620820071,1000.0,154,39,0.0062310745384566
2025-10,2025-11,1,Exclude absolute returns above 50%,Log holdings minimum,-0.0029407680279582,-0.1205406128131638,1000.0,154,39,0.0063221860438256
2025-10,2025-11,1,Exclude absolute returns above 50%,Word2Vec,-0.0195753225442048,-0.1311769677811751,1000.0,154,39,0.0063821972689138
2025-10,2025-11,1,Exclude absolute returns above 50%,Rank factors 16,0.032803641379998,-0.105173399895333,100.0,154,39,0.0062354829132736
2025-10,2025-11,1,Exclude absolute returns above 50%,Rank factors 64,0.0052226607834889,-0.1093817609879839,1000.0,154,39,0.0062592268467492
2025-10,2025-12,2,All supplied returns,Mean only,0.0,-0.015075591951829,,156,39,0.002125036426426
2025-10,2025-12,2,All supplied returns,Industry,0.0030411796983191,0.0014606921564317,100.0,156,39,0.0020904181119217
2025-10,2025-12,2,All supplied returns,Ownership controls,-0.0020255694758744,-0.0168836981440476,1000.0,156,39,0.0021288216534099
2025-10,2025-12,2,All supplied returns,Binary factors,0.0090997945959329,0.0009395254737413,1000.0,156,39,0.0020915091618827
2025-10,2025-12,2,All supplied returns,Rank factors,0.0025026554647086,-0.0069662162152146,1000.0,156,39,0.0021080596426549
2025-10,2025-12,2,All supplied returns,Log holdings zero,-0.0303615524781244,-0.0472886686043396,1000.0,156,39,0.0021924737304422
2025-10,2025-12,2,All supplied returns,Log holdings minimum,-0.0481154892778525,-0.0497748340528565,100.0,156,39,0.00219767845823
2025-10,2025-12,2,All supplied returns,Word2Vec,-0.0001633266047065,-0.0130748117722432,1000.0,156,39,0.0021208478410668
2025-10,2025-12,2,All supplied returns,Rank factors 16,0.0166221189404658,0.0059192754263084,1000.0,156,39,0.002081084174692
2025-10,2025-12,2,All supplied returns,Rank factors 64,-0.0304626473472466,-0.0492222404990239,1000.0,156,39,0.0021965216168675
2025-10,2025-12,2,Exclude absolute returns above 50%,Mean only,0.0,-0.015075591951829,,156,39,0.002125036426426
2025-10,2025-12,2,Exclude absolute returns above 50%,Industry,0.0030411796983191,0.0014606921564317,100.0,156,39,0.0020904181119217
2025-10,2025-12,2,Exclude absolute returns above 50%,Ownership controls,-0.0020255694758744,-0.0168836981440476,1000.0,156,39,0.0021288216534099
2025-10,2025-12,2,Exclude absolute returns above 50%,Binary factors,0.0090997945959329,0.0009395254737413,1000.0,156,39,0.0020915091618827
2025-10,2025-12,2,Exclude absolute returns above 50%,Rank factors,0.0025026554647086,-0.0069662162152146,1000.0,156,39,0.0021080596426549
2025-10,2025-12,2,Exclude absolute returns above 50%,Log holdings zero,-0.0303615524781244,-0.0472886686043396,1000.0,156,39,0.0021924737304422
2025-10,2025-12,2,Exclude absolute returns above 50%,Log holdings minimum,-0.0481154892778525,-0.0497748340528565,100.0,156,39,0.00219767845823
2025-10,2025-12,2,Exclude absolute returns above 50%,Word2Vec,-0.0001633266047065,-0.0130748117722432,1000.0,156,39,0.0021208478410668
2025-10,2025-12,2,Exclude absolute returns above 50%,Rank factors 16,0.0166221189404658,0.0059192754263084,1000.0,156,39,0.002081084174692
2025-10,2025-12,2,Exclude absolute returns above 50%,Rank factors 64,-0.0304626473472466,-0.0492222404990239,1000.0,156,39,0.0021965216168675
2025-11,2025-12,1,All supplied returns,Mean only,0.0,-1.384314561581057e-05,,185,47,0.003036246660304
2025-11,2025-12,1,All supplied returns,Industry,0.0016949190301922,0.0016095381367963,1000.0,185,47,0.0030313177425386
2025-11,2025-12,1,All supplied returns,Ownership controls,-0.0096147637010257,-0.0096646495100574,1000.0,185,47,0.0030655484832679
2025-11,2025-12,1,All supplied returns,Binary factors,0.0107838176731582,0.010053460524552,1000.0,185,47,0.0030056802662922
2025-11,2025-12,1,All supplied returns,Rank factors,0.0100883059555314,0.0096770132108339,1000.0,185,47,0.003006823237369
2025-11,2025-12,1,All supplied returns,Log holdings zero,-0.030236422403149,-0.0302815126246323,1000.0,185,47,0.0031281454985058
2025-11,2025-12,1,All supplied returns,Log holdings minimum,0.0364201493401091,0.036247352404067,1000.0,185,47,0.0029261502504983
2025-11,2025-12,1,All supplied returns,Word2Vec,0.01137683879739,0.0112835793565964,1000.0,185,47,0.0030019453737993
2025-11,2025-12,1,All supplied returns,Rank factors 16,0.0099472483012227,0.0098131904439717,1000.0,185,47,0.0030064097754232
2025-11,2025-12,1,All supplied returns,Rank factors 64,0.0073006383495323,0.0072996660160485,1000.0,185,47,0.0030140413499281
2025-11,2025-12,1,Exclude absolute returns above 50%,Mean only,0.0,-1.384314561581057e-05,,185,47,0.003036246660304
2025-11,2025-12,1,Exclude absolute returns above 50%,Industry,0.0016949190301922,0.0016095381367963,1000.0,185,47,0.0030313177425386
2025-11,2025-12,1,Exclude absolute returns above 50%,Ownership controls,-0.0096147637010257,-0.0096646495100574,1000.0,185,47,0.0030655484832679
2025-11,2025-12,1,Exclude absolute returns above 50%,Binary factors,0.0107838176731582,0.010053460524552,1000.0,185,47,0.0030056802662922
2025-11,2025-12,1,Exclude absolute returns above 50%,Rank factors,0.0100883059555314,0.0096770132108339,1000.0,185,47,0.003006823237369
2025-11,2025-12,1,Exclude absolute returns above 50%,Log holdings zero,-0.030236422403149,-0.0302815126246323,1000.0,185,47,0.0031281454985058
2025-11,2025-12,1,Exclude absolute returns above 50%,Log holdings minimum,0.0364201493401091,0.036247352404067,1000.0,185,47,0.0029261502504983
2025-11,2025-12,1,Exclude absolute returns above 50%,Word2Vec,0.01137683879739,0.0112835793565964,1000.0,185,47,0.0030019453737993
2025-11,2025-12,1,Exclude absolute returns above 50%,Rank factors 16,0.0099472483012227,0.0098131904439717,1000.0,185,47,0.0030064097754232
2025-11,2025-12,1,Exclude absolute returns above 50%,Rank factors 64,0.0073006383495323,0.0072996660160485,1000.0,185,47,0.0030140413499281
2025-11,2026-01,2,All supplied returns,Mean only,0.0,-2.3765027534761174e-06,,184,47,0.0050359323525499
2025-11,2026-01,2,All supplied returns,Industry,0.1184012699539629,0.1174797050354397,100.0,184,47,0.0044443019432981
2025-11,2026-01,2,All supplied returns,Ownership controls,0.0050969612662694,0.0050883309281456,1000.0,184,47,0.0050102959552262
2025-11,2026-01,2,All supplied returns,Binary factors,0.0202249444679326,0.0201412614835502,1000.0,184,47,0.0049344905953932
2025-11,2026-01,2,All supplied returns,Rank factors,0.013625445235828,0.0136021566229924,1000.0,184,47,0.004967421006858
2025-11,2026-01,2,All supplied returns,Log holdings zero,-0.0047609039747742,-0.0047836834584835,1000.0,184,47,0.0050600106337136
2025-11,2026-01,2,All supplied returns,Log holdings minimum,0.0133372330075169,0.0133282401976693,1000.0,184,47,0.004968800428168
2025-11,2026-01,2,All supplied returns,Word2Vec,-0.0030518268047525,-0.0044360166932433,100.0,184,47,0.0050582598115635
2025-11,2026-01,2,All supplied returns,Rank factors 16,0.0124377207954098,0.0124089859546496,1000.0,184,47,0.0049734297193491
2025-11,2026-01,2,All supplied returns,Rank factors 64,0.0090409848294444,0.0090363393350014,1000.0,184,47,0.0049904140992113
2025-11,2026-01,2,Exclude absolute returns above 50%,Mean only,0.0,-2.3765027534761174e-06,,184,47,0.0050359323525499
2025-11,2026-01,2,Exclude absolute returns above 50%,Industry,0.1184012699539629,0.1174797050354397,100.0,184,47,0.0044443019432981
2025-11,2026-01,2,Exclude absolute returns above 50%,Ownership controls,0.0050969612662694,0.0050883309281456,1000.0,184,47,0.0050102959552262
2025-11,2026-01,2,Exclude absolute returns above 50%,Binary factors,0.0202249444679326,0.0201412614835502,1000.0,184,47,0.0049344905953932
2025-11,2026-01,2,Exclude absolute returns above 50%,Rank factors,0.013625445235828,0.0136021566229924,1000.0,184,47,0.004967421006858
2025-11,2026-01,2,Exclude absolute returns above 50%,Log holdings zero,-0.0047609039747742,-0.0047836834584835,1000.0,184,47,0.0050600106337136
2025-11,2026-01,2,Exclude absolute returns above 50%,Log holdings minimum,0.0133372330075169,0.0133282401976693,1000.0,184,47,0.004968800428168
2025-11,2026-01,2,Exclude absolute returns above 50%,Word2Vec,-0.0030518268047525,-0.0044360166932433,100.0,184,47,0.0050582598115635
2025-11,2026-01,2,Exclude absolute returns above 50%,Rank factors 16,0.0124377207954098,0.0124089859546496,1000.0,184,47,0.0049734297193491
2025-11,2026-01,2,Exclude absolute returns above 50%,Rank factors 64,0.0090409848294444,0.0090363393350014,1000.0,184,47,0.0049904140992113
2025-12,2026-01,1,All supplied returns,Mean only,0.0,-0.0018109631451892,,185,47,0.0050719283846413
2025-12,2026-01,1,All supplied returns,Industry,0.1610321905363052,0.1607390149092273,100.0,185,47,0.0042489768718842
2025-12,2026-01,1,All supplied returns,Ownership controls,0.0052470418581296,0.0036872065206646,1000.0,185,47,0.005044092471662
2025-12,2026-01,1,All supplied returns,Binary factors,0.0276255815514644,0.0263855102535434,1000.0,185,47,0.0049291764094295
2025-12,2026-01,1,All supplied returns,Rank factors,0.0122531623951951,0.0109022274431767,1000.0,185,47,0.0050075645529639
2025-12,2026-01,1,All supplied returns,Log holdings zero,0.0014982318356752,0.0005352082789005,1000.0,185,47,0.0050600502820064
2025-12,2026-01,1,All supplied returns,Log holdings minimum,0.0367979932148089,0.0350211288192587,1000.0,185,47,0.0048854563459309
2025-12,2026-01,1,All supplied returns,Word2Vec,0.0318669912500131,0.0305563393419977,1000.0,185,47,0.0049080605031164
2025-12,2026-01,1,All supplied returns,Rank factors 16,0.0143284668997655,0.0122769046164684,1000.0,185,47,0.0050006048924776
2025-12,2026-01,1,All supplied returns,Rank factors 64,0.0076891780444551,0.0066650844158671,1000.0,185,47,0.0050290161908283
2025-12,2026-01,1,Exclude absolute returns above 50%,Mean only,0.0,-0.0018109631451892,,185,47,0.0050719283846413
2025-12,2026-01,1,Exclude absolute returns above 50%,Industry,0.1610321905363052,0.1607390149092273,100.0,185,47,0.0042489768718842
2025-12,2026-01,1,Exclude absolute returns above 50%,Ownership controls,0.0052470418581296,0.0036872065206646,1000.0,185,47,0.005044092471662
2025-12,2026-01,1,Exclude absolute returns above 50%,Binary factors,0.0276255815514644,0.0263855102535434,1000.0,185,47,0.0049291764094295
2025-12,2026-01,1,Exclude absolute returns above 50%,Rank factors,0.0122531623951951,0.0109022274431767,1000.0,185,47,0.0050075645529639
2025-12,2026-01,1,Exclude absolute returns above 50%,Log holdings zero,0.0014982318356752,0.0005352082789005,1000.0,185,47,0.0050600502820064
2025-12,2026-01,1,Exclude absolute returns above 50%,Log holdings minimum,0.0367979932148089,0.0350211288192587,1000.0,185,47,0.0048854563459309
2025-12,2026-01,1,Exclude absolute returns above 50%,Word2Vec,0.0318669912500131,0.0305563393419977,1000.0,185,47,0.0049080605031164
2025-12,2026-01,1,Exclude absolute returns above 50%,Rank factors 16,0.0143284668997655,0.0122769046164684,1000.0,185,47,0.0050006048924776
2025-12,2026-01,1,Exclude absolute returns above 50%,Rank factors 64,0.0076891780444551,0.0066650844158671,1000.0,185,47,0.0050290161908283
2025-12,2026-02,2,All supplied returns,Mean only,3.3306690738754696e-16,-0.0049250727510188,,185,46,0.011242100697317
2025-12,2026-02,2,All supplied returns,Industry,0.2913464383424897,0.2871464818105084,10.0,185,46,0.0079746950804844
2025-12,2026-02,2,All supplied returns,Ownership controls,-0.0057465597741073,-0.0104342817638056,1000.0,185,46,0.01130373223997
2025-12,2026-02,2,All supplied returns,Binary factors,0.0699693283000992,0.0698841180280134,100.0,185,46,0.0104052099891169
2025-12,2026-02,2,All supplied returns,Rank factors,0.0080457750357797,0.0077372965628255,100.0,185,46,0.0111004467225553
2025-12,2026-02,2,All supplied returns,Log holdings zero,0.0190215592817735,0.0144393444959882,1000.0,185,46,0.0110254708862608
2025-12,2026-02,2,All supplied returns,Log holdings minimum,0.0135878151887768,0.0132159202480038,100.0,185,46,0.0110391573380812
2025-12,2026-02,2,All supplied returns,Word2Vec,-0.0665646678348164,-0.0665905507783619,100.0,185,46,0.0119319526398442
2025-12,2026-02,2,All supplied returns,Rank factors 16,-0.0367095394911438,-0.0367384200633398,100.0,185,46,0.0115979967374315
2025-12,2026-02,2,All supplied returns,Rank factors 64,-0.042253731187775,-0.0422544016920862,100.0,185,46,0.0116597040453655
2025-12,2026-02,2,Exclude absolute returns above 50%,Mean only,3.3306690738754696e-16,-0.0049250727510188,,185,46,0.011242100697317
2025-12,2026-02,2,Exclude absolute returns above 50%,Industry,0.2913464383424897,0.2871464818105084,10.0,185,46,0.0079746950804844
2025-12,2026-02,2,Exclude absolute returns above 50%,Ownership controls,-0.0057465597741073,-0.0104342817638056,1000.0,185,46,0.01130373223997
2025-12,2026-02,2,Exclude absolute returns above 50%,Binary factors,0.0699693283000992,0.0698841180280134,100.0,185,46,0.0104052099891169
2025-12,2026-02,2,Exclude absolute returns above 50%,Rank factors,0.0080457750357797,0.0077372965628255,100.0,185,46,0.0111004467225553
2025-12,2026-02,2,Exclude absolute returns above 50%,Log holdings zero,0.0190215592817735,0.0144393444959882,1000.0,185,46,0.0110254708862608
2025-12,2026-02,2,Exclude absolute returns above 50%,Log holdings minimum,0.0135878151887768,0.0132159202480038,100.0,185,46,0.0110391573380812
2025-12,2026-02,2,Exclude absolute returns above 50%,Word2Vec,-0.0665646678348164,-0.0665905507783619,100.0,185,46,0.0119319526398442
2025-12,2026-02,2,Exclude absolute returns above 50%,Rank factors 16,-0.0367095394911438,-0.0367384200633398,100.0,185,46,0.0115979967374315
2025-12,2026-02,2,Exclude absolute returns above 50%,Rank factors 64,-0.042253731187775,-0.0422544016920862,100.0,185,46,0.0116597040453655
2026-01,2026-02,1,All supplied returns,Mean only,0.0,-0.0015229714978464,,179,47,0.0110614078300808
2026-01,2026-02,1,All supplied returns,Industry,0.2925538466071712,0.2842574131336713,10.0,179,47,0.0079050814409627
2026-01,2026-02,1,All supplied returns,Ownership controls,-0.007773802068177,-0.0091010132708542,1000.0,179,47,0.0111451041735399
2026-01,2026-02,1,All supplied returns,Binary factors,0.0075032937081451,0.0070041062409483,100.0,179,47,0.0109672297761051
2026-01,2026-02,1,All supplied returns,Rank factors,-0.1001376825516962,-0.1001891959478027,100.0,179,47,0.0121511355535129
2026-01,2026-02,1,All supplied returns,Log holdings zero,-0.0062049629514009,-0.0075239630728025,1000.0,179,47,0.011127686305048
2026-01,2026-02,1,All supplied returns,Log holdings minimum,-0.1156169517340321,-0.1160170110063849,100.0,179,47,0.0123259472377224
2026-01,2026-02,1,All supplied returns,Word2Vec,0.0211161249948312,0.0205318210618056,1000.0,179,47,0.0108178217496285
2026-01,2026-02,1,All supplied returns,Rank factors 16,-0.0828331147455776,-0.0835889251147203,100.0,179,47,0.011967792414114
2026-01,2026-02,1,All supplied returns,Rank factors 64,-0.1252032131880305,-0.1290198243660125,100.0,179,47,0.0124695579442189
2026-01,2026-02,1,Exclude absolute returns above 50%,Mean only,0.0,-0.0015229714978464,,179,47,0.0110614078300808
2026-01,2026-02,1,Exclude absolute returns above 50%,Industry,0.2925538466071712,0.2842574131336713,10.0,179,47,0.0079050814409627
2026-01,2026-02,1,Exclude absolute returns above 50%,Ownership controls,-0.007773802068177,-0.0091010132708542,1000.0,179,47,0.0111451041735399
2026-01,2026-02,1,Exclude absolute returns above 50%,Binary factors,0.0075032937081451,0.0070041062409483,100.0,179,47,0.0109672297761051
2026-01,2026-02,1,Exclude absolute returns above 50%,Rank factors,-0.1001376825516962,-0.1001891959478027,100.0,179,47,0.0121511355535129
2026-01,2026-02,1,Exclude absolute returns above 50%,Log holdings zero,-0.0062049629514009,-0.0075239630728025,1000.0,179,47,0.011127686305048
2026-01,2026-02,1,Exclude absolute returns above 50%,Log holdings minimum,-0.1156169517340321,-0.1160170110063849,100.0,179,47,0.0123259472377224
2026-01,2026-02,1,Exclude absolute returns above 50%,Word2Vec,0.0211161249948312,0.0205318210618056,1000.0,179,47,0.0108178217496285
2026-01,2026-02,1,Exclude absolute returns above 50%,Rank factors 16,-0.0828331147455776,-0.0835889251147203,100.0,179,47,0.011967792414114
2026-01,2026-02,1,Exclude absolute returns above 50%,Rank factors 64,-0.1252032131880305,-0.1290198243660125,100.0,179,47,0.0124695579442189
2026-01,2026-03,2,All supplied returns,Mean only,0.0,-0.0001044715236808,,180,47,0.0042752342468495
2026-01,2026-03,2,All supplied returns,Industry,0.1593371350049663,0.158507534775637,100.0,180,47,0.0035972016006608
2026-01,2026-03,2,All supplied returns,Ownership controls,-0.0005441166907691,-0.0006628199914511,1000.0,180,47,0.0042776210679857
2026-01,2026-03,2,All supplied returns,Binary factors,0.0963722310036226,0.0962608010333819,100.0,180,47,0.0038632931695185
2026-01,2026-03,2,All supplied returns,Rank factors,0.0470656560761509,0.0454876581820519,100.0,180,47,0.0040803375736971
2026-01,2026-03,2,All supplied returns,Log holdings zero,-0.0273312570504415,-0.0275620750727578,1000.0,180,47,0.0043926096714894
2026-01,2026-03,2,All supplied returns,Log holdings minimum,0.0540916275827393,0.0530794692456035,100.0,180,47,0.0040478841934967
2026-01,2026-03,2,All supplied returns,Word2Vec,-0.0300406200668683,-0.0391824255359116,100.0,180,47,0.004442284202176
2026-01,2026-03,2,All supplied returns,Rank factors 16,0.0192043809487246,0.0185470964582179,100.0,180,47,0.0041955027543263
2026-01,2026-03,2,All supplied returns,Rank factors 64,0.0103348262018776,0.0067122704640705,100.0,180,47,0.0042460941223647
2026-01,2026-03,2,Exclude absolute returns above 50%,Mean only,0.0,-0.0001044715236808,,180,47,0.0042752342468495
2026-01,2026-03,2,Exclude absolute returns above 50%,Industry,0.1593371350049663,0.158507534775637,100.0,180,47,0.0035972016006608
2026-01,2026-03,2,Exclude absolute returns above 50%,Ownership controls,-0.0005441166907691,-0.0006628199914511,1000.0,180,47,0.0042776210679857
2026-01,2026-03,2,Exclude absolute returns above 50%,Binary factors,0.0963722310036226,0.0962608010333819,100.0,180,47,0.0038632931695185
2026-01,2026-03,2,Exclude absolute returns above 50%,Rank factors,0.0470656560761509,0.0454876581820519,100.0,180,47,0.0040803375736971
2026-01,2026-03,2,Exclude absolute returns above 50%,Log holdings zero,-0.0273312570504415,-0.0275620750727578,1000.0,180,47,0.0043926096714894
2026-01,2026-03,2,Exclude absolute returns above 50%,Log holdings minimum,0.0540916275827393,0.0530794692456035,100.0,180,47,0.0040478841934967
2026-01,2026-03,2,Exclude absolute returns above 50%,Word2Vec,-0.0300406200668683,-0.0391824255359116,100.0,180,47,0.004442284202176
2026-01,2026-03,2,Exclude absolute returns above 50%,Rank factors 16,0.0192043809487246,0.0185470964582179,100.0,180,47,0.0041955027543263
2026-01,2026-03,2,Exclude absolute returns above 50%,Rank factors 64,0.0103348262018776,0.0067122704640705,100.0,180,47,0.0042460941223647
2026-02,2026-03,1,All supplied returns,Mean only,0.0,-0.0001828465235764,,191,47,0.0042755692833313
2026-02,2026-03,1,All supplied returns,Industry,0.181002462483239,0.1805476650353222,100.0,191,47,0.0035029847239502
2026-02,2026-03,1,All supplied returns,Ownership controls,0.0009363776648588,0.0007590361363201,1000.0,191,47,0.004271542934966
2026-02,2026-03,1,All supplied returns,Binary factors,0.0725999168962604,0.0725035828048394,100.0,191,47,0.003964850232678
2026-02,2026-03,1,All supplied returns,Rank factors,0.0132248884403214,0.0117433870410234,100.0,191,47,0.0042245871673394
2026-02,2026-03,1,All supplied returns,Log holdings zero,-0.0152485100842625,-0.0154903117448965,1000.0,191,47,0.0043410054466623
2026-02,2026-03,1,All supplied returns,Log holdings minimum,0.0301008855800177,0.0298216046498212,100.0,191,47,0.0041473066259122
2026-02,2026-03,1,All supplied returns,Word2Vec,0.0281249817937682,0.0259314696515496,100.0,191,47,0.0041639361269723
2026-02,2026-03,1,All supplied returns,Rank factors 16,0.0922958799983458,0.0903747914778702,100.0,191,47,0.0038884546104935
2026-02,2026-03,1,All supplied returns,Rank factors 64,0.0800460642378541,0.0770557741117392,100.0,191,47,0.0039453905814839
2026-02,2026-03,1,Exclude absolute returns above 50%,Mean only,0.0,-0.0001828465235764,,191,47,0.0042755692833313
2026-02,2026-03,1,Exclude absolute returns above 50%,Industry,0.181002462483239,0.1805476650353222,100.0,191,47,0.0035029847239502
2026-02,2026-03,1,Exclude absolute returns above 50%,Ownership controls,0.0009363776648588,0.0007590361363201,1000.0,191,47,0.004271542934966
2026-02,2026-03,1,Exclude absolute returns above 50%,Binary factors,0.0725999168962604,0.0725035828048394,100.0,191,47,0.003964850232678
2026-02,2026-03,1,Exclude absolute returns above 50%,Rank factors,0.0132248884403214,0.0117433870410234,100.0,191,47,0.0042245871673394
2026-02,2026-03,1,Exclude absolute returns above 50%,Log holdings zero,-0.0152485100842625,-0.0154903117448965,1000.0,191,47,0.0043410054466623
2026-02,2026-03,1,Exclude absolute returns above 50%,Log holdings minimum,0.0301008855800177,0.0298216046498212,100.0,191,47,0.0041473066259122
2026-02,2026-03,1,Exclude absolute returns above 50%,Word2Vec,0.0281249817937682,0.0259314696515496,100.0,191,47,0.0041639361269723
2026-02,2026-03,1,Exclude absolute returns above 50%,Rank factors 16,0.0922958799983458,0.0903747914778702,100.0,191,47,0.0038884546104935
2026-02,2026-03,1,Exclude absolute returns above 50%,Rank factors 64,0.0800460642378541,0.0770557741117392,100.0,191,47,0.0039453905814839
2026-02,2026-04,2,All supplied returns,Mean only,0.0,-8.888681417973388e-05,,191,47,0.013920799666156
2026-02,2026-04,2,All supplied returns,Industry,0.0619972076861355,0.0569123554844677,100.0,191,47,0.0131273673170683
2026-02,2026-04,2,All supplied returns,Ownership controls,0.0398411481022789,0.0397491457685517,100.0,191,47,0.0133662716857036
2026-02,2026-04,2,All supplied returns,Binary factors,0.0296523082310987,0.0289620755363781,100.0,191,47,0.01351642298292
2026-02,2026-04,2,All supplied returns,Rank factors,-0.0022758845715089,-0.0023401386554799,100.0,191,47,0.0139521361066405
2026-02,2026-04,2,All supplied returns,Log holdings zero,-0.0184618354905821,-0.0184781714825377,1000.0,191,47,0.0141767704615996
2026-02,2026-04,2,All supplied returns,Log holdings minimum,0.0222680961385181,0.0221403257281602,100.0,191,47,0.0136113787550568
2026-02,2026-04,2,All supplied returns,Word2Vec,-0.0877057028654755,-0.089100938708873,100.0,191,47,0.0151598084769096
2026-02,2026-04,2,All supplied returns,Rank factors 16,-0.0190984162981517,-0.0192132599120846,100.0,191,47,0.0141870025708647
2026-02,2026-04,2,All supplied returns,Rank factors 64,0.0036968942534473,0.0036423392104056,1000.0,191,47,0.0138688626326761
2026-02,2026-04,2,Exclude absolute returns above 50%,Mean only,0.0,-0.0183846653680141,,190,46,0.0093454967181166
2026-02,2026-04,2,Exclude absolute returns above 50%,Industry,0.2214645917491652,0.1726766134223387,100.0,190,46,0.0075921685164894
2026-02,2026-04,2,Exclude absolute returns above 50%,Ownership controls,-0.0050296616974472,-0.0185483689821064,10.0,190,46,0.009346998990922
2026-02,2026-04,2,Exclude absolute returns above 50%,Binary factors,0.1440487685865844,0.1124750362338581,100.0,190,46,0.0081446254231702
2026-02,2026-04,2,Exclude absolute returns above 50%,Rank factors,0.1184598484687522,0.0818821550382054,100.0,190,46,0.008425369704319
2026-02,2026-04,2,Exclude absolute returns above 50%,Log holdings zero,-0.0003487304851657,-0.0260010903888114,1000.0,190,46,0.0094153910099851
2026-02,2026-04,2,Exclude absolute returns above 50%,Log holdings minimum,0.1767497664924446,0.1470935031453961,100.0,190,46,0.0078269392090017
2026-02,2026-04,2,Exclude absolute returns above 50%,Word2Vec,-0.0583901867581242,-0.0702391213040993,100.0,190,46,0.0098213538910005
2026-02,2026-04,2,Exclude absolute returns above 50%,Rank factors 16,0.1010877856310207,0.0702004463075286,100.0,190,46,0.0085325702291473
2026-02,2026-04,2,Exclude absolute returns above 50%,Rank factors 64,0.0398728826680168,0.013553132354405,100.0,190,46,0.0090524104276912
2026-03,2026-04,1,All supplied returns,Mean only,0.0,-0.0008059095430115,,184,47,0.0139307803087727
2026-03,2026-04,1,All supplied returns,Industry,0.0457099817220876,0.042799038363177,100.0,184,47,0.0133238185154176
2026-03,2026-04,1,All supplied returns,Ownership controls,0.0336089364718358,0.0333887356920635,100.0,184,47,0.0134548058106567
2026-03,2026-04,1,All supplied returns,Binary factors,-0.0744257343741274,-0.0757014688285584,100.0,184,47,0.0149732937197756
2026-03,2026-04,1,All supplied returns,Rank factors,-0.0685892749982461,-0.0686165385245338,100.0,184,47,0.0148746745903049
2026-03,2026-04,1,All supplied returns,Log holdings zero,-0.0084279860988396,-0.0087275284004801,1000.0,184,47,0.014041045776773
2026-03,2026-04,1,All supplied returns,Log holdings minimum,-0.099233256889659,-0.0992576141542209,100.0,184,47,0.0153011849545538
2026-03,2026-04,1,All supplied returns,Word2Vec,-0.0872797421575208,-0.0904678205600855,100.0,184,47,0.0151788348741318
2026-03,2026-04,1,All supplied returns,Rank factors 16,0.0279563219220057,0.0279338026273666,100.0,184,47,0.0135307360918418
2026-03,2026-04,1,All supplied returns,Rank factors 64,0.0024578677469535,0.0020290017824472,1000.0,184,47,0.0138913195836778
2026-03,2026-04,1,Exclude absolute returns above 50%,Mean only,0.0,-0.0129059294998699,,183,46,0.0092952195391523
2026-03,2026-04,1,Exclude absolute returns above 50%,Industry,0.1917049139269596,0.1517456988423147,100.0,183,46,0.0077842470111553
2026-03,2026-04,1,Exclude absolute returns above 50%,Ownership controls,0.0006744853133781,-0.0110035366861822,10.0,183,46,0.0092777616900689
2026-03,2026-04,1,Exclude absolute returns above 50%,Binary factors,0.0425267267441675,0.0290171047722107,100.0,183,46,0.0089105008836906
2026-03,2026-04,1,Exclude absolute returns above 50%,Rank factors,0.0979629569494197,0.0698298986666272,100.0,183,46,0.0085359706650334
2026-03,2026-04,1,Exclude absolute returns above 50%,Log holdings zero,0.0034083615521292,-0.0122084578499594,1000.0,183,46,0.0092888189920537
2026-03,2026-04,1,Exclude absolute returns above 50%,Log holdings minimum,0.110191137574362,0.0791855032458898,100.0,183,46,0.0084501162969691
2026-03,2026-04,1,Exclude absolute returns above 50%,Word2Vec,-0.0525909525387091,-0.0723463181987935,100.0,183,46,0.0098406911830214
2026-03,2026-04,1,Exclude absolute returns above 50%,Rank factors 16,0.1454266909291862,0.1150923201134954,100.0,183,46,0.0081206071727592
2026-03,2026-04,1,Exclude absolute returns above 50%,Rank factors 64,0.0935874401767501,0.0647806736967347,100.0,183,46,0.0085823063149993
2026-03,2026-05,2,All supplied returns,Mean only,0.0,-1.715117795764165e-05,,183,47,0.0050783655682021
2026-03,2026-05,2,All supplied returns,Industry,0.1191796994113705,0.1180715042222935,100.0,183,47,0.0044786784919619
2026-03,2026-05,2,All supplied returns,Ownership controls,-0.0009667659128711,-0.0010527252733587,100.0,183,47,0.0050836245018346
2026-03,2026-05,2,All supplied returns,Binary factors,0.0319266760591647,0.0316030078560666,1000.0,183,47,0.0049177895953697
2026-03,2026-05,2,All supplied returns,Rank factors,0.0414280889625894,0.0413873328037251,1000.0,183,47,0.004868102068647
2026-03,2026-05,2,All supplied returns,Log holdings zero,-0.0073637389893244,-0.0073891820369393,1000.0,183,47,0.0051158027937916
2026-03,2026-05,2,All supplied returns,Log holdings minimum,0.0365003805717705,0.0363599953856526,1000.0,183,47,0.0048936322880174
2026-03,2026-05,2,All supplied returns,Word2Vec,0.0352256695256443,0.0352150009854301,1000.0,183,47,0.004899446888428
2026-03,2026-05,2,All supplied returns,Rank factors 16,0.0160357817913643,0.0159670083192273,1000.0,183,47,0.0049971935551706
2026-03,2026-05,2,All supplied returns,Rank factors 64,0.0116500487044506,0.011636169440457,1000.0,183,47,0.0050191867610046
2026-03,2026-05,2,Exclude absolute returns above 50%,Mean only,0.0,-1.715117795764165e-05,,183,47,0.0050783655682021
2026-03,2026-05,2,Exclude absolute returns above 50%,Industry,0.1191796994113705,0.1180715042222935,100.0,183,47,0.0044786784919619
2026-03,2026-05,2,Exclude absolute returns above 50%,Ownership controls,-0.0009667659128711,-0.0010527252733587,100.0,183,47,0.0050836245018346
2026-03,2026-05,2,Exclude absolute returns above 50%,Binary factors,0.0319266760591647,0.0316030078560666,1000.0,183,47,0.0049177895953697
2026-03,2026-05,2,Exclude absolute returns above 50%,Rank factors,0.0414280889625894,0.0413873328037251,1000.0,183,47,0.004868102068647
2026-03,2026-05,2,Exclude absolute returns above 50%,Log holdings zero,-0.0073637389893244,-0.0073891820369393,1000.0,183,47,0.0051158027937916
2026-03,2026-05,2,Exclude absolute returns above 50%,Log holdings minimum,0.0365003805717705,0.0363599953856526,1000.0,183,47,0.0048936322880174
2026-03,2026-05,2,Exclude absolute returns above 50%,Word2Vec,0.0352256695256443,0.0352150009854301,1000.0,183,47,0.004899446888428
2026-03,2026-05,2,Exclude absolute returns above 50%,Rank factors 16,0.0160357817913643,0.0159670083192273,1000.0,183,47,0.0049971935551706
2026-03,2026-05,2,Exclude absolute returns above 50%,Rank factors 64,0.0116500487044506,0.011636169440457,1000.0,183,47,0.0050191867610046
2026-04,2026-05,1,All supplied returns,Mean only,0.0,-0.0019301488042584,,184,46,0.0048817468249761
2026-04,2026-05,1,All supplied returns,Industry,0.0836449057092447,0.0823592834555825,100.0,184,46,0.0044710598436485
2026-04,2026-05,1,All supplied returns,Ownership controls,-0.001494288852478,-0.0031896891858342,1000.0,184,46,0.0048878837370813
2026-04,2026-05,1,All supplied returns,Binary factors,0.0513747323649987,0.0510896953352013,1000.0,184,46,0.0046234159861473
2026-04,2026-05,1,All supplied returns,Rank factors,0.0291277155002374,0.0282199146106508,1000.0,184,46,0.0047348453902561
2026-04,2026-05,1,All supplied returns,Log holdings zero,-0.0242611398631924,-0.0250599765031072,1000.0,184,46,0.0049944432670044
2026-04,2026-05,1,All supplied returns,Log holdings minimum,0.0430176921283397,0.0420012964591759,1000.0,184,46,0.0046676977780567
2026-04,2026-05,1,All supplied returns,Word2Vec,0.0216507278878065,0.0215416129911169,1000.0,184,46,0.0047673843629243
2026-04,2026-05,1,All supplied returns,Rank factors 16,0.0014104179697966,0.0008465786367058,1000.0,184,46,0.004868217657913
2026-04,2026-05,1,All supplied returns,Rank factors 64,0.0151324182346108,0.0139013373197603,1000.0,184,46,0.0048046104026289
2026-04,2026-05,1,Exclude absolute returns above 50%,Mean only,0.0,-0.0019301488042584,,184,46,0.0048817468249761
2026-04,2026-05,1,Exclude absolute returns above 50%,Industry,0.0836449057092447,0.0823592834555825,100.0,184,46,0.0044710598436485
2026-04,2026-05,1,Exclude absolute returns above 50%,Ownership controls,-0.001494288852478,-0.0031896891858342,1000.0,184,46,0.0048878837370813
2026-04,2026-05,1,Exclude absolute returns above 50%,Binary factors,0.0513747323649987,0.0510896953352013,1000.0,184,46,0.0046234159861473
2026-04,2026-05,1,Exclude absolute returns above 50%,Rank factors,0.0291277155002374,0.0282199146106508,1000.0,184,46,0.0047348453902561
2026-04,2026-05,1,Exclude absolute returns above 50%,Log holdings zero,-0.0242611398631924,-0.0250599765031072,1000.0,184,46,0.0049944432670044
2026-04,2026-05,1,Exclude absolute returns above 50%,Log holdings minimum,0.0430176921283397,0.0420012964591759,1000.0,184,46,0.0046676977780567
2026-04,2026-05,1,Exclude absolute returns above 50%,Word2Vec,0.0216507278878065,0.0215416129911169,1000.0,184,46,0.0047673843629243
2026-04,2026-05,1,Exclude absolute returns above 50%,Rank factors 16,0.0014104179697966,0.0008465786367058,1000.0,184,46,0.004868217657913
2026-04,2026-05,1,Exclude absolute returns above 50%,Rank factors 64,0.0151324182346108,0.0139013373197603,1000.0,184,46,0.0048046104026289
2026-04,2026-06,2,All supplied returns,Mean only,0.0,-0.0507452589827279,,184,46,0.0064147354117114
2026-04,2026-06,2,All supplied returns,Industry,-0.3800478523400561,-0.3843862943366389,100.0,184,46,0.0084515934855293
2026-04,2026-06,2,All supplied returns,Ownership controls,-0.0515592381920282,-0.0972865316558617,100.0,184,46,0.0066988670291231
2026-04,2026-06,2,All supplied returns,Binary factors,0.0050836343802557,-0.0138931004891651,100.0,184,46,0.0061897552425736
2026-04,2026-06,2,All supplied returns,Rank factors,0.1051434680187041,0.0772960271088071,100.0,184,46,0.0056330512070664
2026-04,2026-06,2,All supplied returns,Log holdings zero,0.0318365910957401,-0.0199699580871974,1000.0,184,46,0.0062268540857925
2026-04,2026-06,2,All supplied returns,Log holdings minimum,-0.0587428710681225,-0.0880862556131691,100.0,184,46,0.0066426999077166
2026-04,2026-06,2,All supplied returns,Word2Vec,-0.0020296663525554,-0.0409302716336048,1000.0,184,46,0.0063548155154514
2026-04,2026-06,2,All supplied returns,Rank factors 16,-0.0124093538872991,-0.0395525918800798,100.0,184,46,0.0063464048649865
2026-04,2026-06,2,All supplied returns,Rank factors 64,-0.1377780707846996,-0.181697442336735,100.0,184,46,0.007214190465751
2026-04,2026-06,2,Exclude absolute returns above 50%,Mean only,0.0,-0.0507452589827279,,184,46,0.0064147354117114
2026-04,2026-06,2,Exclude absolute returns above 50%,Industry,-0.3800478523400561,-0.3843862943366389,100.0,184,46,0.0084515934855293
2026-04,2026-06,2,Exclude absolute returns above 50%,Ownership controls,-0.0515592381920282,-0.0972865316558617,100.0,184,46,0.0066988670291231
2026-04,2026-06,2,Exclude absolute returns above 50%,Binary factors,0.0050836343802557,-0.0138931004891651,100.0,184,46,0.0061897552425736
2026-04,2026-06,2,Exclude absolute returns above 50%,Rank factors,0.1051434680187041,0.0772960271088071,100.0,184,46,0.0056330512070664
2026-04,2026-06,2,Exclude absolute returns above 50%,Log holdings zero,0.0318365910957401,-0.0199699580871974,1000.0,184,46,0.0062268540857925
2026-04,2026-06,2,Exclude absolute returns above 50%,Log holdings minimum,-0.0587428710681225,-0.0880862556131691,100.0,184,46,0.0066426999077166
2026-04,2026-06,2,Exclude absolute returns above 50%,Word2Vec,-0.0020296663525554,-0.0409302716336048,1000.0,184,46,0.0063548155154514
2026-04,2026-06,2,Exclude absolute returns above 50%,Rank factors 16,-0.0124093538872991,-0.0395525918800798,100.0,184,46,0.0063464048649865
2026-04,2026-06,2,Exclude absolute returns above 50%,Rank factors 64,-0.1377780707846996,-0.181697442336735,100.0,184,46,0.007214190465751
2026-05,2026-06,1,All supplied returns,Mean only,0.0,-0.0802047522510307,,183,45,0.0064264066831308
2026-05,2026-06,1,All supplied returns,Industry,-0.1037452229933493,-0.1077093627225376,100.0,183,45,0.006590038450333
2026-05,2026-06,1,All supplied returns,Ownership controls,-0.0996353697505902,-0.1553546465955619,10.0,183,45,0.0068734920919349
2026-05,2026-06,1,All supplied returns,Binary factors,0.0167750641207666,-0.0535576980407217,1000.0,183,45,0.0062678767313731
2026-05,2026-06,1,All supplied returns,Rank factors,0.1285081854612797,0.0763747961869534,100.0,183,45,0.0054948760132032
2026-05,2026-06,1,All supplied returns,Log holdings zero,0.0131466687920592,-0.0712621600412666,1000.0,183,45,0.0063732049783415
2026-05,2026-06,1,All supplied returns,Log holdings minimum,0.0114471485890009,-0.0594934613594448,1000.0,183,45,0.0063031900633885
2026-05,2026-06,1,All supplied returns,Word2Vec,0.0337275829364555,-0.0369012791213771,1000.0,183,45,0.0061687835533091
2026-05,2026-06,1,All supplied returns,Rank factors 16,0.0744772501853148,0.0251650077683226,100.0,183,45,0.0057995357787239
2026-05,2026-06,1,All supplied returns,Rank factors 64,-0.0112450791130456,-0.0900354324055734,1000.0,183,45,0.0064848918439425
2026-05,2026-06,1,Exclude absolute returns above 50%,Mean only,0.0,-0.0802047522510307,,183,45,0.0064264066831308
2026-05,2026-06,1,Exclude absolute returns above 50%,Industry,-0.1037452229933493,-0.1077093627225376,100.0,183,45,0.006590038450333
2026-05,2026-06,1,Exclude absolute returns above 50%,Ownership controls,-0.0996353697505902,-0.1553546465955619,10.0,183,45,0.0068734920919349
2026-05,2026-06,1,Exclude absolute returns above 50%,Binary factors,0.0167750641207666,-0.0535576980407217,1000.0,183,45,0.0062678767313731
2026-05,2026-06,1,Exclude absolute returns above 50%,Rank factors,0.1285081854612797,0.0763747961869534,100.0,183,45,0.0054948760132032
2026-05,2026-06,1,Exclude absolute returns above 50%,Log holdings zero,0.0131466687920592,-0.0712621600412666,1000.0,183,45,0.0063732049783415
2026-05,2026-06,1,Exclude absolute returns above 50%,Log holdings minimum,0.0114471485890009,-0.0594934613594448,1000.0,183,45,0.0063031900633885
2026-05,2026-06,1,Exclude absolute returns above 50%,Word2Vec,0.0337275829364555,-0.0369012791213771,1000.0,183,45,0.0061687835533091
2026-05,2026-06,1,Exclude absolute returns above 50%,Rank factors 16,0.0744772501853148,0.0251650077683226,100.0,183,45,0.0057995357787239
2026-05,2026-06,1,Exclude absolute returns above 50%,Rank factors 64,-0.0112450791130456,-0.0900354324055734,1000.0,183,45,0.0064848918439425
2026-05,2026-07,2,All supplied returns,Mean only,0.0,-3.3209621864704886e-05,,186,45,0.0055626852611813
2026-05,2026-07,2,All supplied returns,Industry,-0.0226100096302592,-0.037139301935912,100.0,186,45,0.0057690879194425
2026-05,2026-07,2,All supplied returns,Ownership controls,-0.1159351774086441,-0.1167189597064015,100.0,186,45,0.0062117498081783
2026-05,2026-07,2,All supplied returns,Binary factors,0.0042864591381823,0.0038923755572294,1000.0,186,45,0.0055408491915317
2026-05,2026-07,2,All supplied returns,Rank factors,0.0227548961716884,0.0199381448367736,100.0,186,45,0.0054515945913676
2026-05,2026-07,2,All supplied returns,Log holdings zero,-0.0128882235073601,-0.0130125699370735,1000.0,186,45,0.0056348829598481
2026-05,2026-07,2,All supplied returns,Log holdings minimum,-0.0085365795854888,-0.009151773324374,1000.0,186,45,0.0056134072766335
2026-05,2026-07,2,All supplied returns,Word2Vec,-0.0551904991402369,-0.0553245662093617,1000.0,186,45,0.0058702434616498
2026-05,2026-07,2,All supplied returns,Rank factors 16,0.0119167217323384,0.0118740722266161,100.0,186,45,0.0054964509995569
2026-05,2026-07,2,All supplied returns,Rank factors 64,0.0477876261440334,0.0475100894153568,1000.0,186,45,0.0052982256349632
2026-05,2026-07,2,Exclude absolute returns above 50%,Mean only,0.0,-3.3209621864704886e-05,,186,45,0.0055626852611813
2026-05,2026-07,2,Exclude absolute returns above 50%,Industry,-0.0226100096302592,-0.037139301935912,100.0,186,45,0.0057690879194425
2026-05,2026-07,2,Exclude absolute returns above 50%,Ownership controls,-0.1159351774086441,-0.1167189597064015,100.0,186,45,0.0062117498081783
2026-05,2026-07,2,Exclude absolute returns above 50%,Binary factors,0.0042864591381823,0.0038923755572294,1000.0,186,45,0.0055408491915317
2026-05,2026-07,2,Exclude absolute returns above 50%,Rank factors,0.0227548961716884,0.0199381448367736,100.0,186,45,0.0054515945913676
2026-05,2026-07,2,Exclude absolute returns above 50%,Log holdings zero,-0.0128882235073601,-0.0130125699370735,1000.0,186,45,0.0056348829598481
2026-05,2026-07,2,Exclude absolute returns above 50%,Log holdings minimum,-0.0085365795854888,-0.009151773324374,1000.0,186,45,0.0056134072766335
2026-05,2026-07,2,Exclude absolute returns above 50%,Word2Vec,-0.0551904991402369,-0.0553245662093617,1000.0,186,45,0.0058702434616498
2026-05,2026-07,2,Exclude absolute returns above 50%,Rank factors 16,0.0119167217323384,0.0118740722266161,100.0,186,45,0.0054964509995569
2026-05,2026-07,2,Exclude absolute returns above 50%,Rank factors 64,0.0477876261440334,0.0475100894153568,1000.0,186,45,0.0052982256349632
2026-06,2026-07,1,All supplied returns,Mean only,0.0,-6.202398934673781e-06,,190,48,0.0058463023502608
2026-06,2026-07,1,All supplied returns,Industry,-0.0589415533096331,-0.0660514410339192,100.0,190,48,0.0062324203892579
2026-06,2026-07,1,All supplied returns,Ownership controls,-0.1119454430735471,-0.1127412448861795,100.0,190,48,0.0065053814062395
2026-06,2026-07,1,All supplied returns,Binary factors,0.0169762295683769,0.0114610120316238,100.0,190,48,0.0057792619633957
2026-06,2026-07,1,All supplied returns,Rank factors,-0.0215460262535147,-0.0216417369927899,100.0,190,48,0.0059727894424826
2026-06,2026-07,1,All supplied returns,Log holdings zero,0.031967253782714,0.0314956567048423,1000.0,190,48,0.0056621340996298
2026-06,2026-07,1,All supplied returns,Log holdings minimum,-0.1332560201516051,-0.1344893064829182,100.0,190,48,0.0066325263612624
2026-06,2026-07,1,All supplied returns,Word2Vec,-0.0105549400872342,-0.0105574682914821,1000.0,190,48,0.0059079878582485
2026-06,2026-07,1,All supplied returns,Rank factors 16,0.0134986086569808,0.0134712166936705,100.0,190,48,0.0057675097720473
2026-06,2026-07,1,All supplied returns,Rank factors 64,-0.0599315153813788,-0.0609145879859609,100.0,190,48,0.0062023889794775
2026-06,2026-07,1,Exclude absolute returns above 50%,Mean only,0.0,-6.202398934673781e-06,,190,48,0.0058463023502608
2026-06,2026-07,1,Exclude absolute returns above 50%,Industry,-0.0589415533096331,-0.0660514410339192,100.0,190,48,0.0062324203892579
2026-06,2026-07,1,Exclude absolute returns above 50%,Ownership controls,-0.1119454430735471,-0.1127412448861795,100.0,190,48,0.0065053814062395
2026-06,2026-07,1,Exclude absolute returns above 50%,Binary factors,0.0169762295683769,0.0114610120316238,100.0,190,48,0.0057792619633957
2026-06,2026-07,1,Exclude absolute returns above 50%,Rank factors,-0.0215460262535147,-0.0216417369927899,100.0,190,48,0.0059727894424826
2026-06,2026-07,1,Exclude absolute returns above 50%,Log holdings zero,0.031967253782714,0.0314956567048423,1000.0,190,48,0.0056621340996298
2026-06,2026-07,1,Exclude absolute returns above 50%,Log holdings minimum,-0.1332560201516051,-0.1344893064829182,100.0,190,48,0.0066325263612624
2026-06,2026-07,1,Exclude absolute returns above 50%,Word2Vec,-0.0105549400872342,-0.0105574682914821,1000.0,190,48,0.0059079878582485
2026-06,2026-07,1,Exclude absolute returns above 50%,Rank factors 16,0.0134986086569808,0.0134712166936705,100.0,190,48,0.0057675097720473
2026-06,2026-07,1,Exclude absolute returns above 50%,Rank factors 64,-0.0599315153813788,-0.0609145879859609,100.0,190,48,0.0062023889794775
2026-02,2026-03,1,All supplied returns,Ownership transformer,0.003792670581335,0.0024220927561807,1000.0,191,47,0.0042644337210607
2026-02,2026-03,1,Exclude absolute returns above 50%,Ownership transformer,0.003792670581335,0.0024220927561807,1000.0,191,47,0.0042644337210607
2026-02,2026-04,2,All supplied returns,Ownership transformer,0.0020235510304202,-6.276726925769083e-05,10.0,191,47,0.0139204360935206
2026-02,2026-04,2,Exclude absolute returns above 50%,Ownership transformer,-0.0128777538835809,-0.0500166358448639,10.0,190,46,0.0096357764977833
2026-03,2026-04,1,All supplied returns,Ownership transformer,0.0243014260610507,0.0242729089047311,1000.0,184,47,0.013581694130456
2026-03,2026-04,1,Exclude absolute returns above 50%,Ownership transformer,0.0639708402743435,0.0326294642045775,100.0,183,46,0.0088773510392675
2026-03,2026-05,2,All supplied returns,Ownership transformer,0.0418257159897945,0.0406920468883007,1000.0,183,47,0.0048716329241417
2026-03,2026-05,2,Exclude absolute returns above 50%,Ownership transformer,0.0418257159897945,0.0406920468883007,1000.0,183,47,0.0048716329241417
2026-04,2026-05,1,All supplied returns,Ownership transformer,0.0347558068063201,0.0344610381360124,1000.0,184,46,0.004704436498987
2026-04,2026-05,1,Exclude absolute returns above 50%,Ownership transformer,0.0347558068063201,0.0344610381360124,1000.0,184,46,0.004704436498987
2026-04,2026-06,2,All supplied returns,Ownership transformer,-0.008011630626131,-0.0517086142805669,1000.0,184,46,0.006420616636766
2026-04,2026-06,2,Exclude absolute returns above 50%,Ownership transformer,-0.008011630626131,-0.0517086142805669,1000.0,184,46,0.006420616636766
2026-05,2026-06,1,All supplied returns,Ownership transformer,-0.0124714898008633,-0.068842231524659,1000.0,183,45,0.0063588082218382
2026-05,2026-06,1,Exclude absolute returns above 50%,Ownership transformer,-0.0124714898008633,-0.068842231524659,1000.0,183,45,0.0063588082218382
2026-05,2026-07,2,All supplied returns,Ownership transformer,-0.1034949804781877,-0.1038534588877111,1000.0,186,45,0.0061401854530217
2026-05,2026-07,2,Exclude absolute returns above 50%,Ownership transformer,-0.1034949804781877,-0.1038534588877111,1000.0,186,45,0.0061401854530217
2026-06,2026-07,1,All supplied returns,Ownership transformer,-0.0133041754521243,-0.0140092122418657,1000.0,190,48,0.0059281676718549
2026-06,2026-07,1,Exclude absolute returns above 50%,Ownership transformer,-0.0133041754521243,-0.0140092122418657,1000.0,190,48,0.0059281676718549
